2026-10-02 03:04:27,912 INFO engine up: VERSION v31-r23 | v31, v32, v33 | one data connection | orphan mode adopt | baseline last_equity | quote-confirm on | odd-lot filter on | stop-ref bid | book every 120s | no entries after 19:00 | exposure cap 95% | position cap 25% | min stop 1% | session 04:00-20:00 ET | flatten 19:00 ET | dead exit 10 min  || resource=srv-daqp02flot8c73ffv6eg instance=srv-daqp02flot8c73ffv6eg-w4zf9
2026-10-02 03:04:32,990 CRITICAL [v31] DAILY HALT at equity 20263.54 (baseline 22649.31, limit 20384.38)  || resource=srv-daqp02flot8c73ffv6eg instance=srv-daqp02flot8c73ffv6eg-w4zf9
2026-10-02 04:00:04,226 CRITICAL [v31] DAILY HALT at equity 20263.54 (baseline 22649.31, limit 21516.84)  || resource=srv-daqp02flot8c73ffv6eg instance=srv-daqp02flot8c73ffv6eg-w4zf9
2026-10-02 08:00:17,766 INFO [v32] ENTER SORA 74 @ 2.9800 = $221 | stop 2.9700 (0.34% away) | day level 2.9800, re-entry at 3.0000  || resource=srv-daqp02flot8c73ffv6eg instance=srv-daqp02flot8c73ffv6eg-w4zf9
2026-10-02 08:00:18,274 INFO [v33] ENTER SORA 157 @ 2.9800 = $468 | stop 2.9700 (0.34% away) | first entry, stop from the bid  || resource=srv-daqp02flot8c73ffv6eg instance=srv-daqp02flot8c73ffv6eg-w4zf9
2026-10-02 08:01:48,617 CRITICAL [v32] SORA STILL HOLDING 148 share(s) after 8 chase attempts - the exit did not complete. This position is unprotected until the next pass.  || resource=srv-daqp02flot8c73ffv6eg instance=srv-daqp02flot8c73ffv6eg-w4zf9
2026-10-02 08:01:48,691 INFO [v32] EXIT stop SORA 0 @ 2.9600 | entry 2.9800 peak 2.9800 stop 2.9700 | held 91s | P/L -0.00 (-0.67% of the trade, -0.00% of the account)  || resource=srv-daqp02flot8c73ffv6eg instance=srv-daqp02flot8c73ffv6eg-w4zf9
2026-10-02 08:01:49,637 CRITICAL [v33] SORA STILL HOLDING 314 share(s) after 8 chase attempts - the exit did not complete. This position is unprotected until the next pass.  || resource=srv-daqp02flot8c73ffv6eg instance=srv-daqp02flot8c73ffv6eg-w4zf9
2026-10-02 08:01:49,711 INFO [v33] EXIT half-back SORA 0 @ 2.9600 | entry 2.9800 peak 2.9800 stop 2.9700 | held 91s | P/L -0.00 (-0.67% of the trade, -0.00% of the account)  || resource=srv-daqp02flot8c73ffv6eg instance=srv-daqp02flot8c73ffv6eg-w4zf9
2026-10-02 08:02:13,992 INFO [v32] ENTER AMOD 102 @ 2.1000 = $214 | stop 2.0300 (3.33% away) | day level 2.1000, re-entry at 2.1200  || resource=srv-daqp02flot8c73ffv6eg instance=srv-daqp02flot8c73ffv6eg-w4zf9
2026-10-02 08:02:14,319 INFO [v33] ENTER AMOD 223 @ 2.1000 = $468 | stop 2.0300 (3.33% away) | first entry, stop from the bid  || resource=srv-daqp02flot8c73ffv6eg instance=srv-daqp02flot8c73ffv6eg-w4zf9
2026-10-02 08:02:15,125 INFO [v32] ENTER SGRX 112 @ 1.9600 = $220 | stop 1.9500 (0.51% away) | day level 1.9600, re-entry at 1.9800  || resource=srv-daqp02flot8c73ffv6eg instance=srv-daqp02flot8c73ffv6eg-w4zf9
2026-10-02 08:02:15,404 INFO [v33] ENTER SGRX 239 @ 1.9600 = $468 | stop 1.9500 (0.51% away) | first entry, stop from the bid  || resource=srv-daqp02flot8c73ffv6eg instance=srv-daqp02flot8c73ffv6eg-w4zf9
2026-10-02 08:02:16,358 CRITICAL [v32] SORA STILL HOLDING 296 share(s) after 8 chase attempts - the exit did not complete. This position is unprotected until the next pass.  || resource=srv-daqp02flot8c73ffv6eg instance=srv-daqp02flot8c73ffv6eg-w4zf9
2026-10-02 08:02:16,359 INFO [v32] EXIT stop SORA 74 @ 2.9700 | entry 2.9800 peak 2.9800 stop 2.9700 | held 119s | P/L -0.74 (-0.34% of the trade, -0.01% of the account)  || resource=srv-daqp02flot8c73ffv6eg instance=srv-daqp02flot8c73ffv6eg-w4zf9
2026-10-02 08:02:17,117 INFO [v33] ENTER SSM 306 @ 2.3000 = $704 | stop 2.2700 (1.30% away) | first entry, stop from the bid  || resource=srv-daqp02flot8c73ffv6eg instance=srv-daqp02flot8c73ffv6eg-w4zf9
2026-10-02 08:02:17,166 INFO [v32] ENTER SDEV 49 @ 4.4900 = $220 | stop 4.4700 (0.45% away) | day level 4.4900, re-entry at 4.5100  || resource=srv-daqp02flot8c73ffv6eg instance=srv-daqp02flot8c73ffv6eg-w4zf9
2026-10-02 08:02:17,996 INFO [v32] ENTER SMX 23 @ 9.3900 = $216 | stop 8.2600 (12.03% away) | day level 9.3900, re-entry at 9.4100  || resource=srv-daqp02flot8c73ffv6eg instance=srv-daqp02flot8c73ffv6eg-w4zf9
2026-10-02 08:02:18,113 INFO [v33] EXIT half-back SGRX 239 @ 1.9700 | entry 1.9600 peak 1.9800 stop 1.9700 | held 3s | P/L +2.39 (+0.51% of the trade, +0.01% of the account)  || resource=srv-daqp02flot8c73ffv6eg instance=srv-daqp02flot8c73ffv6eg-w4zf9
2026-10-02 08:02:19,566 INFO [v32] ENTER SSM 125 @ 2.2800 = $285 | stop 2.2700 (0.44% away) | day level 2.2800, re-entry at 2.3000  || resource=srv-daqp02flot8c73ffv6eg instance=srv-daqp02flot8c73ffv6eg-w4zf9
2026-10-02 08:02:19,694 INFO [v33] ENTER SDEV 167 @ 4.6000 = $768 | stop 4.4700 (2.83% away) | first entry, stop from the bid  || resource=srv-daqp02flot8c73ffv6eg instance=srv-daqp02flot8c73ffv6eg-w4zf9
2026-10-02 08:02:20,282 INFO [v32] RE-ENTER SORA 73 @ 3.0100 = $220 | stop 2.9700 (1.33% away) | day level 2.9800, re-entry at 3.0000  || resource=srv-daqp02flot8c73ffv6eg instance=srv-daqp02flot8c73ffv6eg-w4zf9
2026-10-02 08:02:24,508 CRITICAL [v33] SSM STILL HOLDING 5 share(s) after 8 chase attempts - the exit did not complete. This position is unprotected until the next pass.  || resource=srv-daqp02flot8c73ffv6eg instance=srv-daqp02flot8c73ffv6eg-w4zf9
2026-10-02 08:02:24,583 INFO [v33] EXIT half-back SSM 306 @ 2.2600 | entry 2.3000 peak 2.3000 stop 2.2700 | held 7s | P/L -12.24 (-1.74% of the trade, -0.05% of the account)  || resource=srv-daqp02flot8c73ffv6eg instance=srv-daqp02flot8c73ffv6eg-w4zf9
2026-10-02 08:02:25,090 CRITICAL [v32] SSM STILL HOLDING 5 share(s) after 8 chase attempts - the exit did not complete. This position is unprotected until the next pass.  || resource=srv-daqp02flot8c73ffv6eg instance=srv-daqp02flot8c73ffv6eg-w4zf9
2026-10-02 08:02:25,163 INFO [v32] EXIT stop SSM 125 @ 2.2700 | entry 2.2800 peak 2.2800 stop 2.2700 | held 6s | P/L -1.25 (-0.44% of the trade, -0.01% of the account)  || resource=srv-daqp02flot8c73ffv6eg instance=srv-daqp02flot8c73ffv6eg-w4zf9
2026-10-02 08:02:27,125 INFO [v33] EXIT half-back SDEV 167 @ 4.5600 | entry 4.6000 peak 4.7500 stop 4.6750 | held 7s | P/L -6.68 (-0.87% of the trade, -0.03% of the account)  || resource=srv-daqp02flot8c73ffv6eg instance=srv-daqp02flot8c73ffv6eg-w4zf9
2026-10-02 08:02:28,657 INFO [v32] EXIT stop SDEV 49 @ 4.4700 | entry 4.4900 peak 4.4900 stop 4.4700 | held 11s | P/L -0.98 (-0.45% of the trade, -0.01% of the account)  || resource=srv-daqp02flot8c73ffv6eg instance=srv-daqp02flot8c73ffv6eg-w4zf9
2026-10-02 08:02:29,596 INFO [v33] EXIT half-back AMOD 223 @ 2.0500 | entry 2.1000 peak 2.2200 stop 2.1600 | held 15s | P/L -11.15 (-2.38% of the trade, -0.05% of the account)  || resource=srv-daqp02flot8c73ffv6eg instance=srv-daqp02flot8c73ffv6eg-w4zf9
2026-10-02 08:02:30,729 INFO [v32] RE-ENTER SDEV 53 @ 4.5100 = $239 | stop 4.4700 (0.89% away) | day level 4.4900, re-entry at 4.5100  || resource=srv-daqp02flot8c73ffv6eg instance=srv-daqp02flot8c73ffv6eg-w4zf9
2026-10-02 08:02:31,132 INFO [v33] RE-ENTER SDEV 113 @ 4.6300 = $523 | stop 4.5500 (1.73% away) | back above the 4.5600 that threw us out  || resource=srv-daqp02flot8c73ffv6eg instance=srv-daqp02flot8c73ffv6eg-w4zf9
2026-10-02 08:02:32,937 INFO [v33] EXIT half-back SDEV 113 @ 4.5200 | entry 4.6300 peak 4.6300 stop 4.5500 | held 2s | P/L -12.43 (-2.38% of the trade, -0.05% of the account)  || resource=srv-daqp02flot8c73ffv6eg instance=srv-daqp02flot8c73ffv6eg-w4zf9
2026-10-02 08:02:34,398 CRITICAL [v32] AMOD STILL HOLDING 3 share(s) after 8 chase attempts - the exit did not complete. This position is unprotected until the next pass.  || resource=srv-daqp02flot8c73ffv6eg instance=srv-daqp02flot8c73ffv6eg-w4zf9
2026-10-02 08:02:34,442 INFO [v33] RE-ENTER SDEV 153 @ 4.8000 = $734 | stop 4.5100 (6.04% away) | back above the 4.5200 that threw us out  || resource=srv-daqp02flot8c73ffv6eg instance=srv-daqp02flot8c73ffv6eg-w4zf9
2026-10-02 08:02:34,484 INFO [v32] EXIT stop AMOD 102 @ 1.9300 | entry 2.1000 peak 2.1000 stop 2.0300 | held 20s | P/L -17.34 (-8.10% of the trade, -0.16% of the account)  || resource=srv-daqp02flot8c73ffv6eg instance=srv-daqp02flot8c73ffv6eg-w4zf9
2026-10-02 08:02:35,761 INFO [v33] EXIT half-back SDEV 153 @ 4.5100 | entry 4.8000 peak 4.8000 stop 4.5100 | held 1s | P/L -44.37 (-6.04% of the trade, -0.19% of the account)  || resource=srv-daqp02flot8c73ffv6eg instance=srv-daqp02flot8c73ffv6eg-w4zf9
2026-10-02 08:02:35,990 INFO [v32] RE-ENTER SSM 138 @ 2.3000 = $317 | stop 2.2700 (1.30% away) | day level 2.2800, re-entry at 2.3000  || resource=srv-daqp02flot8c73ffv6eg instance=srv-daqp02flot8c73ffv6eg-w4zf9
2026-10-02 08:02:36,487 INFO [v33] RE-ENTER SSM 205 @ 2.2900 = $469 | stop 2.2500 (1.75% away) | back above the 2.2600 that threw us out  || resource=srv-daqp02flot8c73ffv6eg instance=srv-daqp02flot8c73ffv6eg-w4zf9
2026-10-02 08:02:36,996 INFO [v32] RE-ENTER AMOD 101 @ 2.1700 = $219 | stop 2.0300 (6.45% away) | day level 2.1000, re-entry at 2.1200  || resource=srv-daqp02flot8c73ffv6eg instance=srv-daqp02flot8c73ffv6eg-w4zf9
2026-10-02 08:02:41,391 CRITICAL [v32] AMOD STILL HOLDING 3 share(s) after 8 chase attempts - the exit did not complete. This position is unprotected until the next pass.  || resource=srv-daqp02flot8c73ffv6eg instance=srv-daqp02flot8c73ffv6eg-w4zf9
2026-10-02 08:02:41,478 INFO [v32] EXIT stop AMOD 101 @ 1.9200 | entry 2.1700 peak 2.1700 stop 2.0300 | held 4s | P/L -25.25 (-11.52% of the trade, -0.23% of the account)  || resource=srv-daqp02flot8c73ffv6eg instance=srv-daqp02flot8c73ffv6eg-w4zf9
2026-10-02 08:02:41,907 INFO [v33] RE-ENTER SDEV 120 @ 4.7300 = $568 | stop 4.5000 (4.86% away) | back above the 4.5100 that threw us out  || resource=srv-daqp02flot8c73ffv6eg instance=srv-daqp02flot8c73ffv6eg-w4zf9
2026-10-02 08:02:46,724 INFO [v32] EXIT stop AMOD 3 @ 1.9200 | entry 2.1700 peak 2.1700 stop 2.0300 | held 10s | P/L -0.75 (-11.52% of the trade, -0.01% of the account)  || resource=srv-daqp02flot8c73ffv6eg instance=srv-daqp02flot8c73ffv6eg-w4zf9
2026-10-02 08:02:46,760 INFO [v33] RE-ENTER AMOD 371 @ 2.1100 = $783 | stop 2.0400 (3.32% away) | back above the 2.0500 that threw us out  || resource=srv-daqp02flot8c73ffv6eg instance=srv-daqp02flot8c73ffv6eg-w4zf9
2026-10-02 08:02:49,618 INFO [v33] EXIT half-back AMOD 371 @ 1.9600 | entry 2.1100 peak 2.1100 stop 2.0400 | held 3s | P/L -55.65 (-7.11% of the trade, -0.24% of the account)  || resource=srv-daqp02flot8c73ffv6eg instance=srv-daqp02flot8c73ffv6eg-w4zf9
2026-10-02 08:02:52,095 INFO [v32] RE-ENTER AMOD 189 @ 2.2100 = $418 | stop 2.0300 (8.14% away) | day level 2.1000, re-entry at 2.1200  || resource=srv-daqp02flot8c73ffv6eg instance=srv-daqp02flot8c73ffv6eg-w4zf9
2026-10-02 08:02:53,415 INFO [v33] RE-ENTER AMOD 231 @ 2.0300 = $469 | stop 1.9500 (3.94% away) | back above the 1.9600 that threw us out  || resource=srv-daqp02flot8c73ffv6eg instance=srv-daqp02flot8c73ffv6eg-w4zf9
2026-10-02 08:02:55,838 CRITICAL [v33] SDEV STILL HOLDING 3 share(s) after 8 chase attempts - the exit did not complete. This position is unprotected until the next pass.  || resource=srv-daqp02flot8c73ffv6eg instance=srv-daqp02flot8c73ffv6eg-w4zf9
2026-10-02 08:02:55,913 INFO [v33] EXIT half-back SDEV 120 @ 4.7300 | entry 4.7300 peak 4.7500 stop 4.7400 | held 14s | P/L +0.00 (+0.00% of the trade, +0.00% of the account)  || resource=srv-daqp02flot8c73ffv6eg instance=srv-daqp02flot8c73ffv6eg-w4zf9
2026-10-02 08:02:59,370 INFO [v32] EXIT stop AMOD 189 @ 1.9500 | entry 2.2100 peak 2.2100 stop 2.0300 | held 7s | P/L -49.14 (-11.76% of the trade, -0.44% of the account)  || resource=srv-daqp02flot8c73ffv6eg instance=srv-daqp02flot8c73ffv6eg-w4zf9
2026-10-02 08:03:00,303 INFO [v33] EXIT half-back AMOD 231 @ 2.0900 | entry 2.0300 peak 2.1900 stop 2.1100 | held 7s | P/L +13.86 (+2.96% of the trade, +0.06% of the account)  || resource=srv-daqp02flot8c73ffv6eg instance=srv-daqp02flot8c73ffv6eg-w4zf9
2026-10-02 08:03:00,868 INFO [v32] RE-ENTER AMOD 201 @ 2.1600 = $434 | stop 2.0300 (6.02% away) | day level 2.1000, re-entry at 2.1200  || resource=srv-daqp02flot8c73ffv6eg instance=srv-daqp02flot8c73ffv6eg-w4zf9
2026-10-02 08:03:04,882 INFO [v33] RE-ENTER AMOD 273 @ 2.1600 = $590 | stop 2.0800 (3.70% away) | back above the 2.0900 that threw us out  || resource=srv-daqp02flot8c73ffv6eg instance=srv-daqp02flot8c73ffv6eg-w4zf9
2026-10-02 08:03:06,790 INFO [v32] EXIT stop AMOD 201 @ 2.0100 | entry 2.1600 peak 2.1600 stop 2.0300 | held 6s | P/L -30.15 (-6.94% of the trade, -0.27% of the account)  || resource=srv-daqp02flot8c73ffv6eg instance=srv-daqp02flot8c73ffv6eg-w4zf9
2026-10-02 08:03:07,317 INFO [v33] EXIT half-back AMOD 273 @ 1.9500 | entry 2.1600 peak 2.1900 stop 2.1750 | held 2s | P/L -57.33 (-9.72% of the trade, -0.25% of the account)  || resource=srv-daqp02flot8c73ffv6eg instance=srv-daqp02flot8c73ffv6eg-w4zf9
2026-10-02 08:03:11,368 INFO [v32] RE-ENTER AMOD 127 @ 2.2100 = $281 | stop 2.0300 (8.14% away) | day level 2.1000, re-entry at 2.1200  || resource=srv-daqp02flot8c73ffv6eg instance=srv-daqp02flot8c73ffv6eg-w4zf9
2026-10-02 08:03:11,388 INFO [v33] RE-ENTER SDEV 98 @ 4.7500 = $466 | stop 4.7200 (0.63% away) | back above the 4.7300 that threw us out  || resource=srv-daqp02flot8c73ffv6eg instance=srv-daqp02flot8c73ffv6eg-w4zf9
2026-10-02 08:03:12,772 CRITICAL [v32] AMOD STILL HOLDING 19 share(s) after 8 chase attempts - the exit did not complete. This position is unprotected until the next pass.  || resource=srv-daqp02flot8c73ffv6eg instance=srv-daqp02flot8c73ffv6eg-w4zf9
2026-10-02 08:03:12,849 INFO [v32] EXIT stop AMOD 127 @ 1.9800 | entry 2.2100 peak 2.2100 stop 2.0300 | held 1s | P/L -29.21 (-10.41% of the trade, -0.26% of the account)  || resource=srv-daqp02flot8c73ffv6eg instance=srv-daqp02flot8c73ffv6eg-w4zf9
2026-10-02 08:03:13,162 INFO [v33] RE-ENTER AMOD 382 @ 2.1600 = $825 | stop 1.9400 (10.19% away) | back above the 1.9500 that threw us out  || resource=srv-daqp02flot8c73ffv6eg instance=srv-daqp02flot8c73ffv6eg-w4zf9
2026-10-02 08:03:17,485 INFO [v32] RE-ENTER AMOD 152 @ 2.2300 = $339 | stop 2.0300 (8.97% away) | day level 2.1000, re-entry at 2.1200  || resource=srv-daqp02flot8c73ffv6eg instance=srv-daqp02flot8c73ffv6eg-w4zf9
2026-10-02 08:03:22,344 CRITICAL [v32] AMOD STILL HOLDING 19 share(s) after 8 chase attempts - the exit did not complete. This position is unprotected until the next pass.  || resource=srv-daqp02flot8c73ffv6eg instance=srv-daqp02flot8c73ffv6eg-w4zf9
2026-10-02 08:03:22,420 INFO [v32] EXIT stop AMOD 152 @ 1.9900 | entry 2.2300 peak 2.2300 stop 2.0300 | held 5s | P/L -36.48 (-10.76% of the trade, -0.33% of the account)  || resource=srv-daqp02flot8c73ffv6eg instance=srv-daqp02flot8c73ffv6eg-w4zf9
2026-10-02 08:03:22,571 CRITICAL [v33] SDEV STILL HOLDING 3 share(s) after 8 chase attempts - the exit did not complete. This position is unprotected until the next pass.  || resource=srv-daqp02flot8c73ffv6eg instance=srv-daqp02flot8c73ffv6eg-w4zf9
2026-10-02 08:03:23,143 INFO [v32] RE-ENTER AMOD 100 @ 2.2100 = $221 | stop 2.0300 (8.14% away) | day level 2.1000, re-entry at 2.1200  || resource=srv-daqp02flot8c73ffv6eg instance=srv-daqp02flot8c73ffv6eg-w4zf9
2026-10-02 08:03:25,785 INFO [v33] EXIT half-back SDEV 98 @ 4.7100 | entry 4.7500 peak 4.7500 stop 4.7200 | held 11s | P/L -3.92 (-0.84% of the trade, -0.02% of the account)  || resource=srv-daqp02flot8c73ffv6eg instance=srv-daqp02flot8c73ffv6eg-w4zf9
2026-10-02 08:03:26,961 INFO [v33] RE-ENTER SDEV 98 @ 4.7500 = $466 | stop 4.7000 (1.05% away) | back above the 4.7100 that threw us out  || resource=srv-daqp02flot8c73ffv6eg instance=srv-daqp02flot8c73ffv6eg-w4zf9
2026-10-02 08:03:28,362 CRITICAL [v33] SDEV STILL HOLDING 3 share(s) after 8 chase attempts - the exit did not complete. This position is unprotected until the next pass.  || resource=srv-daqp02flot8c73ffv6eg instance=srv-daqp02flot8c73ffv6eg-w4zf9
2026-10-02 08:03:28,444 INFO [v33] EXIT half-back SDEV 98 @ 4.6400 | entry 4.7500 peak 4.7500 stop 4.7000 | held 1s | P/L -10.78 (-2.32% of the trade, -0.05% of the account)  || resource=srv-daqp02flot8c73ffv6eg instance=srv-daqp02flot8c73ffv6eg-w4zf9
2026-10-02 08:03:28,942 INFO [v32] EXIT stop SSM 182 @ 2.2700 | entry 2.3000 peak 2.3000 stop 2.2700 | held 53s | P/L -5.46 (-1.30% of the trade, -0.05% of the account)  || resource=srv-daqp02flot8c73ffv6eg instance=srv-daqp02flot8c73ffv6eg-w4zf9
2026-10-02 08:03:33,023 INFO [v33] RE-ENTER SDEV 121 @ 4.7400 = $574 | stop 4.6300 (2.32% away) | back above the 4.6400 that threw us out  || resource=srv-daqp02flot8c73ffv6eg instance=srv-daqp02flot8c73ffv6eg-w4zf9
2026-10-02 08:03:34,431 CRITICAL [v32] AMOD STILL HOLDING 19 share(s) after 8 chase attempts - the exit did not complete. This position is unprotected until the next pass.  || resource=srv-daqp02flot8c73ffv6eg instance=srv-daqp02flot8c73ffv6eg-w4zf9
2026-10-02 08:03:34,507 INFO [v32] EXIT stop AMOD 100 @ 1.9900 | entry 2.2100 peak 2.2100 stop 2.0300 | held 11s | P/L -22.00 (-9.95% of the trade, -0.20% of the account)  || resource=srv-daqp02flot8c73ffv6eg instance=srv-daqp02flot8c73ffv6eg-w4zf9
2026-10-02 08:03:36,291 INFO [v32] RE-ENTER AMOD 145 @ 2.2600 = $328 | stop 2.0300 (10.18% away) | day level 2.1000, re-entry at 2.1200  || resource=srv-daqp02flot8c73ffv6eg instance=srv-daqp02flot8c73ffv6eg-w4zf9
2026-10-02 08:03:37,413 INFO [v33] EXIT half-back AMOD 382 @ 2.0300 | entry 2.1600 peak 2.2600 stop 2.2100 | held 24s | P/L -49.66 (-6.02% of the trade, -0.21% of the account)  || resource=srv-daqp02flot8c73ffv6eg instance=srv-daqp02flot8c73ffv6eg-w4zf9
2026-10-02 08:03:38,499 INFO [v33] ENTER GOW 143 @ 3.2800 = $469 | stop 3.1000 (5.49% away) | first entry, stop from the bid  || resource=srv-daqp02flot8c73ffv6eg instance=srv-daqp02flot8c73ffv6eg-w4zf9
2026-10-02 08:03:40,071 INFO [v33] RE-ENTER AMOD 215 @ 2.1800 = $469 | stop 2.0200 (7.34% away) | back above the 2.0300 that threw us out  || resource=srv-daqp02flot8c73ffv6eg instance=srv-daqp02flot8c73ffv6eg-w4zf9
2026-10-02 08:03:41,589 CRITICAL [v32] AMOD STILL HOLDING 19 share(s) after 8 chase attempts - the exit did not complete. This position is unprotected until the next pass.  || resource=srv-daqp02flot8c73ffv6eg instance=srv-daqp02flot8c73ffv6eg-w4zf9
2026-10-02 08:03:41,664 INFO [v32] EXIT stop AMOD 145 @ 1.9795 | entry 2.2600 peak 2.2600 stop 2.0300 | held 5s | P/L -40.67 (-12.41% of the trade, -0.37% of the account)  || resource=srv-daqp02flot8c73ffv6eg instance=srv-daqp02flot8c73ffv6eg-w4zf9
2026-10-02 08:03:45,692 INFO [v32] EXIT stop AMOD 19 @ 1.9800 | entry 2.2600 peak 2.2600 stop 2.0300 | held 9s | P/L -5.32 (-12.39% of the trade, -0.05% of the account)  || resource=srv-daqp02flot8c73ffv6eg instance=srv-daqp02flot8c73ffv6eg-w4zf9
2026-10-02 08:03:47,196 INFO [v32] RE-ENTER AMOD 126 @ 2.2000 = $277 | stop 2.0300 (7.73% away) | day level 2.1000, re-entry at 2.1200  || resource=srv-daqp02flot8c73ffv6eg instance=srv-daqp02flot8c73ffv6eg-w4zf9
2026-10-02 08:03:52,149 INFO [v32] ENTER GOW 89 @ 3.2700 = $291 | stop 3.1000 (5.20% away) | day level 3.2700, re-entry at 3.2900  || resource=srv-daqp02flot8c73ffv6eg instance=srv-daqp02flot8c73ffv6eg-w4zf9
2026-10-02 08:03:52,694 INFO [v33] EXIT half-back SDEV 156 @ 4.4900 | entry 4.7400 peak 4.7400 stop 4.6300 | held 20s | P/L -39.00 (-5.27% of the trade, -0.17% of the account)  || resource=srv-daqp02flot8c73ffv6eg instance=srv-daqp02flot8c73ffv6eg-w4zf9
2026-10-02 08:03:56,281 CRITICAL [v33] AMOD STILL HOLDING 3 share(s) after 8 chase attempts - the exit did not complete. This position is unprotected until the next pass.  || resource=srv-daqp02flot8c73ffv6eg instance=srv-daqp02flot8c73ffv6eg-w4zf9
2026-10-02 08:03:56,281 INFO [v33] EXIT half-back AMOD 215 @ 1.9795 | entry 2.1800 peak 2.1800 stop 2.0200 | held 16s | P/L -43.11 (-9.20% of the trade, -0.18% of the account)  || resource=srv-daqp02flot8c73ffv6eg instance=srv-daqp02flot8c73ffv6eg-w4zf9
2026-10-02 08:03:58,379 CRITICAL [v32] AMOD STILL HOLDING 52 share(s) after 8 chase attempts - the exit did not complete. This position is unprotected until the next pass.  || resource=srv-daqp02flot8c73ffv6eg instance=srv-daqp02flot8c73ffv6eg-w4zf9
2026-10-02 08:03:58,454 INFO [v32] EXIT stop AMOD 126 @ 2.0100 | entry 2.2000 peak 2.2000 stop 2.0300 | held 11s | P/L -23.94 (-8.64% of the trade, -0.22% of the account)  || resource=srv-daqp02flot8c73ffv6eg instance=srv-daqp02flot8c73ffv6eg-w4zf9
2026-10-02 08:03:59,958 INFO [v32] RE-ENTER AMOD 128 @ 2.2100 = $283 | stop 2.0300 (8.14% away) | day level 2.1000, re-entry at 2.1200  || resource=srv-daqp02flot8c73ffv6eg instance=srv-daqp02flot8c73ffv6eg-w4zf9
2026-10-02 08:04:01,036 INFO [v32] ENTER HTCR 111 @ 1.9800 = $220 | stop 1.8600 (6.06% away) | day level 1.9800, re-entry at 2.0000  || resource=srv-daqp02flot8c73ffv6eg instance=srv-daqp02flot8c73ffv6eg-w4zf9
2026-10-02 08:04:06,933 CRITICAL [v32] AMOD STILL HOLDING 65 share(s) after 8 chase attempts - the exit did not complete. This position is unprotected until the next pass.  || resource=srv-daqp02flot8c73ffv6eg instance=srv-daqp02flot8c73ffv6eg-w4zf9
2026-10-02 08:04:07,007 INFO [v32] EXIT stop AMOD 128 @ 1.9800 | entry 2.2100 peak 2.2100 stop 2.0300 | held 7s | P/L -29.44 (-10.41% of the trade, -0.27% of the account)  || resource=srv-daqp02flot8c73ffv6eg instance=srv-daqp02flot8c73ffv6eg-w4zf9
2026-10-02 08:04:11,578 INFO [v32] RE-ENTER AMOD 165 @ 2.2100 = $365 | stop 2.0300 (8.14% away) | day level 2.1000, re-entry at 2.1200  || resource=srv-daqp02flot8c73ffv6eg instance=srv-daqp02flot8c73ffv6eg-w4zf9
2026-10-02 08:04:12,808 CRITICAL [v32] AMOD STILL HOLDING 65 share(s) after 8 chase attempts - the exit did not complete. This position is unprotected until the next pass.  || resource=srv-daqp02flot8c73ffv6eg instance=srv-daqp02flot8c73ffv6eg-w4zf9
2026-10-02 08:04:12,882 INFO [v32] EXIT stop AMOD 165 @ 1.9800 | entry 2.2100 peak 2.2100 stop 2.0300 | held 1s | P/L -37.95 (-10.41% of the trade, -0.35% of the account)  || resource=srv-daqp02flot8c73ffv6eg instance=srv-daqp02flot8c73ffv6eg-w4zf9
2026-10-02 08:04:16,959 INFO [v32] RE-ENTER AMOD 101 @ 2.1800 = $220 | stop 2.0300 (6.88% away) | day level 2.1000, re-entry at 2.1200  || resource=srv-daqp02flot8c73ffv6eg instance=srv-daqp02flot8c73ffv6eg-w4zf9
2026-10-02 08:04:20,494 CRITICAL [v32] AMOD STILL HOLDING 65 share(s) after 8 chase attempts - the exit did not complete. This position is unprotected until the next pass.  || resource=srv-daqp02flot8c73ffv6eg instance=srv-daqp02flot8c73ffv6eg-w4zf9
2026-10-02 08:04:23,641 INFO [v32] EXIT stop AMOD 101 @ 2.0000 | entry 2.1800 peak 2.1800 stop 2.0300 | held 4s | P/L -18.18 (-8.26% of the trade, -0.17% of the account)  || resource=srv-daqp02flot8c73ffv6eg instance=srv-daqp02flot8c73ffv6eg-w4zf9
2026-10-02 08:04:25,142 INFO [v32] RE-ENTER AMOD 106 @ 2.1800 = $231 | stop 2.0300 (6.88% away) | day level 2.1000, re-entry at 2.1200  || resource=srv-daqp02flot8c73ffv6eg instance=srv-daqp02flot8c73ffv6eg-w4zf9
2026-10-02 08:04:31,928 CRITICAL [v32] AMOD STILL HOLDING 65 share(s) after 8 chase attempts - the exit did not complete. This position is unprotected until the next pass.  || resource=srv-daqp02flot8c73ffv6eg instance=srv-daqp02flot8c73ffv6eg-w4zf9
2026-10-02 08:04:31,928 INFO [v32] EXIT stop AMOD 106 @ 1.9794 | entry 2.1800 peak 2.1800 stop 2.0300 | held 7s | P/L -21.26 (-9.20% of the trade, -0.19% of the account)  || resource=srv-daqp02flot8c73ffv6eg instance=srv-daqp02flot8c73ffv6eg-w4zf9
2026-10-02 08:04:32,283 INFO [v33] RE-ENTER SDEV 178 @ 4.6600 = $829 | stop 4.4800 (3.86% away) | back above the 4.4900 that threw us out  || resource=srv-daqp02flot8c73ffv6eg instance=srv-daqp02flot8c73ffv6eg-w4zf9
2026-10-02 08:04:36,428 INFO [v33] ENTER EPSM 335 @ 1.4000 = $469 | stop 1.2500 (10.71% away) | first entry, stop from the bid  || resource=srv-daqp02flot8c73ffv6eg instance=srv-daqp02flot8c73ffv6eg-w4zf9
2026-10-02 08:04:36,505 INFO [v32] RE-ENTER AMOD 193 @ 2.1400 = $413 | stop 2.0300 (5.14% away) | day level 2.1000, re-entry at 2.1200  || resource=srv-daqp02flot8c73ffv6eg instance=srv-daqp02flot8c73ffv6eg-w4zf9
2026-10-02 08:04:37,155 INFO [v33] RE-ENTER AMOD 213 @ 2.2000 = $469 | stop 1.9695 (10.48% away) | back above the 1.9795 that threw us out  || resource=srv-daqp02flot8c73ffv6eg instance=srv-daqp02flot8c73ffv6eg-w4zf9
2026-10-02 08:04:37,868 CRITICAL [v32] AMOD STILL HOLDING 65 share(s) after 8 chase attempts - the exit did not complete. This position is unprotected until the next pass.  || resource=srv-daqp02flot8c73ffv6eg instance=srv-daqp02flot8c73ffv6eg-w4zf9
2026-10-02 08:04:37,948 INFO [v32] EXIT stop AMOD 193 @ 1.9800 | entry 2.1400 peak 2.1400 stop 2.0300 | held 1s | P/L -30.88 (-7.48% of the trade, -0.28% of the account)  || resource=srv-daqp02flot8c73ffv6eg instance=srv-daqp02flot8c73ffv6eg-w4zf9
2026-10-02 08:04:42,531 INFO [v32] RE-ENTER AMOD 151 @ 2.1500 = $325 | stop 2.0300 (5.58% away) | day level 2.1000, re-entry at 2.1200  || resource=srv-daqp02flot8c73ffv6eg instance=srv-daqp02flot8c73ffv6eg-w4zf9
2026-10-02 08:04:42,906 CRITICAL [v33] SDEV STILL HOLDING 5 share(s) after 8 chase attempts - the exit did not complete. This position is unprotected until the next pass.  || resource=srv-daqp02flot8c73ffv6eg instance=srv-daqp02flot8c73ffv6eg-w4zf9
2026-10-02 08:04:42,983 INFO [v33] EXIT half-back SDEV 178 @ 4.6300 | entry 4.6600 peak 4.6700 stop 4.6650 | held 11s | P/L -5.34 (-0.64% of the trade, -0.02% of the account)  || resource=srv-daqp02flot8c73ffv6eg instance=srv-daqp02flot8c73ffv6eg-w4zf9
2026-10-02 08:04:43,986 INFO [v33] RE-ENTER SDEV 98 @ 4.7700 = $467 | stop 4.6200 (3.14% away) | back above the 4.6300 that threw us out  || resource=srv-daqp02flot8c73ffv6eg instance=srv-daqp02flot8c73ffv6eg-w4zf9
2026-10-02 08:04:48,116 CRITICAL [v32] AMOD STILL HOLDING 65 share(s) after 8 chase attempts - the exit did not complete. This position is unprotected until the next pass.  || resource=srv-daqp02flot8c73ffv6eg instance=srv-daqp02flot8c73ffv6eg-w4zf9
2026-10-02 08:04:48,190 INFO [v32] EXIT stop AMOD 151 @ 1.9800 | entry 2.1500 peak 2.1500 stop 2.0300 | held 6s | P/L -25.67 (-7.91% of the trade, -0.23% of the account)  || resource=srv-daqp02flot8c73ffv6eg instance=srv-daqp02flot8c73ffv6eg-w4zf9
2026-10-02 08:04:49,199 INFO [v32] RE-ENTER AMOD 100 @ 2.1900 = $219 | stop 2.0300 (7.31% away) | day level 2.1000, re-entry at 2.1200  || resource=srv-daqp02flot8c73ffv6eg instance=srv-daqp02flot8c73ffv6eg-w4zf9
2026-10-02 08:04:53,803 CRITICAL [v32] AMOD STILL HOLDING 65 share(s) after 8 chase attempts - the exit did not complete. This position is unprotected until the next pass.  || resource=srv-daqp02flot8c73ffv6eg instance=srv-daqp02flot8c73ffv6eg-w4zf9
2026-10-02 08:04:53,878 INFO [v32] EXIT stop AMOD 100 @ 1.9200 | entry 2.1900 peak 2.1900 stop 2.0300 | held 5s | P/L -27.00 (-12.33% of the trade, -0.25% of the account)  || resource=srv-daqp02flot8c73ffv6eg instance=srv-daqp02flot8c73ffv6eg-w4zf9
2026-10-02 08:04:55,391 INFO [v32] RE-ENTER AMOD 130 @ 2.1700 = $282 | stop 2.0300 (6.45% away) | day level 2.1000, re-entry at 2.1200  || resource=srv-daqp02flot8c73ffv6eg instance=srv-daqp02flot8c73ffv6eg-w4zf9
2026-10-02 08:04:57,416 CRITICAL [v33] SDEV STILL HOLDING 5 share(s) after 8 chase attempts - the exit did not complete. This position is unprotected until the next pass.  || resource=srv-daqp02flot8c73ffv6eg instance=srv-daqp02flot8c73ffv6eg-w4zf9
2026-10-02 08:04:57,494 INFO [v33] EXIT half-back SDEV 98 @ 4.6200 | entry 4.7700 peak 4.7700 stop 4.6200 | held 13s | P/L -14.70 (-3.14% of the trade, -0.06% of the account)  || resource=srv-daqp02flot8c73ffv6eg instance=srv-daqp02flot8c73ffv6eg-w4zf9
2026-10-02 08:04:59,300 INFO [v33] RE-ENTER SDEV 148 @ 4.7000 = $696 | stop 4.6100 (1.91% away) | back above the 4.6200 that threw us out  || resource=srv-daqp02flot8c73ffv6eg instance=srv-daqp02flot8c73ffv6eg-w4zf9
2026-10-02 08:05:00,832 CRITICAL [v32] AMOD STILL HOLDING 65 share(s) after 8 chase attempts - the exit did not complete. This position is unprotected until the next pass.  || resource=srv-daqp02flot8c73ffv6eg instance=srv-daqp02flot8c73ffv6eg-w4zf9
2026-10-02 08:05:00,907 INFO [v32] EXIT stop AMOD 130 @ 1.9894 | entry 2.1700 peak 2.1700 stop 2.0300 | held 5s | P/L -23.48 (-8.32% of the trade, -0.21% of the account)  || resource=srv-daqp02flot8c73ffv6eg instance=srv-daqp02flot8c73ffv6eg-w4zf9
2026-10-02 08:05:04,507 CRITICAL [v33] SDEV STILL HOLDING 7 share(s) after 8 chase attempts - the exit did not complete. This position is unprotected until the next pass.  || resource=srv-daqp02flot8c73ffv6eg instance=srv-daqp02flot8c73ffv6eg-w4zf9
2026-10-02 08:05:04,582 INFO [v33] EXIT half-back SDEV 148 @ 4.6900 | entry 4.7000 peak 4.7700 stop 4.7350 | held 5s | P/L -1.48 (-0.21% of the trade, -0.01% of the account)  || resource=srv-daqp02flot8c73ffv6eg instance=srv-daqp02flot8c73ffv6eg-w4zf9
2026-10-02 08:05:05,589 INFO [v32] RE-ENTER AMOD 105 @ 2.1700 = $228 | stop 2.0300 (6.45% away) | day level 2.1000, re-entry at 2.1200  || resource=srv-daqp02flot8c73ffv6eg instance=srv-daqp02flot8c73ffv6eg-w4zf9
2026-10-02 08:05:05,819 INFO [v33] RE-ENTER SDEV 138 @ 4.7600 = $657 | stop 4.6800 (1.68% away) | back above the 4.6900 that threw us out  || resource=srv-daqp02flot8c73ffv6eg instance=srv-daqp02flot8c73ffv6eg-w4zf9
2026-10-02 08:05:06,907 INFO [v32] EXIT stop SORA 369 @ 2.8600 | entry 3.0100 peak 3.0100 stop 2.9700 | held 167s | P/L -55.35 (-4.98% of the trade, -0.51% of the account)  || resource=srv-daqp02flot8c73ffv6eg instance=srv-daqp02flot8c73ffv6eg-w4zf9
2026-10-02 08:05:15,052 CRITICAL [v32] AMOD STILL HOLDING 65 share(s) after 8 chase attempts - the exit did not complete. This position is unprotected until the next pass.  || resource=srv-daqp02flot8c73ffv6eg instance=srv-daqp02flot8c73ffv6eg-w4zf9
2026-10-02 08:05:15,127 INFO [v32] EXIT stop AMOD 105 @ 1.9894 | entry 2.1700 peak 2.1700 stop 2.0300 | held 9s | P/L -18.96 (-8.32% of the trade, -0.17% of the account)  || resource=srv-daqp02flot8c73ffv6eg instance=srv-daqp02flot8c73ffv6eg-w4zf9
2026-10-02 08:05:18,002 CRITICAL [v33] SDEV STILL HOLDING 53 share(s) after 8 chase attempts - the exit did not complete. This position is unprotected until the next pass.  || resource=srv-daqp02flot8c73ffv6eg instance=srv-daqp02flot8c73ffv6eg-w4zf9
2026-10-02 08:05:18,003 INFO [v33] EXIT half-back SDEV 138 @ 4.6700 | entry 4.7600 peak 4.7600 stop 4.6800 | held 12s | P/L -12.42 (-1.89% of the trade, -0.05% of the account)  || resource=srv-daqp02flot8c73ffv6eg instance=srv-daqp02flot8c73ffv6eg-w4zf9
2026-10-02 08:05:18,945 INFO [v32] RE-ENTER AMOD 102 @ 2.1600 = $220 | stop 2.0300 (6.02% away) | day level 2.1000, re-entry at 2.1200  || resource=srv-daqp02flot8c73ffv6eg instance=srv-daqp02flot8c73ffv6eg-w4zf9
2026-10-02 08:05:19,802 INFO [v33] RE-ENTER SDEV 156 @ 4.7300 = $738 | stop 4.6600 (1.48% away) | back above the 4.6700 that threw us out  || resource=srv-daqp02flot8c73ffv6eg instance=srv-daqp02flot8c73ffv6eg-w4zf9
2026-10-02 08:05:20,456 INFO [v32] RE-ENTER SSM 111 @ 2.3100 = $256 | stop 2.2700 (1.73% away) | day level 2.2800, re-entry at 2.3000  || resource=srv-daqp02flot8c73ffv6eg instance=srv-daqp02flot8c73ffv6eg-w4zf9
2026-10-02 08:05:24,675 CRITICAL [v33] SDEV STILL HOLDING 53 share(s) after 8 chase attempts - the exit did not complete. This position is unprotected until the next pass.  || resource=srv-daqp02flot8c73ffv6eg instance=srv-daqp02flot8c73ffv6eg-w4zf9
2026-10-02 08:05:24,750 INFO [v33] EXIT half-back SDEV 156 @ 4.6200 | entry 4.7300 peak 4.7400 stop 4.7350 | held 5s | P/L -17.16 (-2.33% of the trade, -0.07% of the account)  || resource=srv-daqp02flot8c73ffv6eg instance=srv-daqp02flot8c73ffv6eg-w4zf9
2026-10-02 08:05:24,997 INFO [v32] EXIT stop SSM 111 @ 2.2600 | entry 2.3100 peak 2.3100 stop 2.2700 | held 4s | P/L -5.55 (-2.16% of the trade, -0.05% of the account)  || resource=srv-daqp02flot8c73ffv6eg instance=srv-daqp02flot8c73ffv6eg-w4zf9
2026-10-02 08:05:25,587 INFO [v33] RE-ENTER SDEV 99 @ 4.7200 = $467 | stop 4.6100 (2.33% away) | back above the 4.6200 that threw us out  || resource=srv-daqp02flot8c73ffv6eg instance=srv-daqp02flot8c73ffv6eg-w4zf9
2026-10-02 08:05:26,629 INFO [v32] ENTER NYXH 224 @ 1.4700 = $329 | stop 1.3200 (10.20% away) | day level 1.4700, re-entry at 1.4900  || resource=srv-daqp02flot8c73ffv6eg instance=srv-daqp02flot8c73ffv6eg-w4zf9
2026-10-02 08:05:30,057 INFO [v33] EXIT half-back AMOD 216 @ 2.1900 | entry 2.2000 peak 2.2100 stop 2.2050 | held 53s | P/L -2.16 (-0.45% of the trade, -0.01% of the account)  || resource=srv-daqp02flot8c73ffv6eg instance=srv-daqp02flot8c73ffv6eg-w4zf9
2026-10-02 08:05:31,325 CRITICAL [v33] SDEV STILL HOLDING 53 share(s) after 8 chase attempts - the exit did not complete. This position is unprotected until the next pass.  || resource=srv-daqp02flot8c73ffv6eg instance=srv-daqp02flot8c73ffv6eg-w4zf9
2026-10-02 08:05:31,326 INFO [v33] EXIT half-back SDEV 99 @ 4.7000 | entry 4.7200 peak 4.7400 stop 4.7300 | held 6s | P/L -1.98 (-0.42% of the trade, -0.01% of the account)  || resource=srv-daqp02flot8c73ffv6eg instance=srv-daqp02flot8c73ffv6eg-w4zf9
2026-10-02 08:05:33,903 INFO [v32] RE-ENTER SORA 73 @ 3.0200 = $220 | stop 2.9700 (1.66% away) | day level 2.9800, re-entry at 3.0000  || resource=srv-daqp02flot8c73ffv6eg instance=srv-daqp02flot8c73ffv6eg-w4zf9
2026-10-02 08:05:35,980 INFO [v33] ENTER ONG 164 @ 5.4400 = $892 | stop 5.4200 (0.37% away) | first entry, stop from the bid  || resource=srv-daqp02flot8c73ffv6eg instance=srv-daqp02flot8c73ffv6eg-w4zf9
2026-10-02 08:05:36,558 CRITICAL [v32] AMOD STILL HOLDING 65 share(s) after 8 chase attempts - the exit did not complete. This position is unprotected until the next pass.  || resource=srv-daqp02flot8c73ffv6eg instance=srv-daqp02flot8c73ffv6eg-w4zf9
2026-10-02 08:05:36,634 INFO [v32] EXIT stop AMOD 102 @ 1.9900 | entry 2.1600 peak 2.1600 stop 2.0300 | held 18s | P/L -17.34 (-7.87% of the trade, -0.16% of the account)  || resource=srv-daqp02flot8c73ffv6eg instance=srv-daqp02flot8c73ffv6eg-w4zf9
2026-10-02 08:05:37,273 INFO [v33] RE-ENTER SDEV 99 @ 4.7300 = $468 | stop 4.6900 (0.85% away) | back above the 4.7000 that threw us out  || resource=srv-daqp02flot8c73ffv6eg instance=srv-daqp02flot8c73ffv6eg-w4zf9
2026-10-02 08:05:41,221 INFO [v32] RE-ENTER AMOD 103 @ 2.1500 = $221 | stop 2.0300 (5.58% away) | day level 2.1000, re-entry at 2.1200  || resource=srv-daqp02flot8c73ffv6eg instance=srv-daqp02flot8c73ffv6eg-w4zf9
2026-10-02 08:05:45,199 CRITICAL [v33] SDEV STILL HOLDING 53 share(s) after 8 chase attempts - the exit did not complete. This position is unprotected until the next pass.  || resource=srv-daqp02flot8c73ffv6eg instance=srv-daqp02flot8c73ffv6eg-w4zf9
2026-10-02 08:05:45,274 INFO [v33] EXIT half-back SDEV 99 @ 4.6500 | entry 4.7300 peak 4.7500 stop 4.7400 | held 8s | P/L -7.92 (-1.69% of the trade, -0.03% of the account)  || resource=srv-daqp02flot8c73ffv6eg instance=srv-daqp02flot8c73ffv6eg-w4zf9
2026-10-02 08:05:46,631 CRITICAL [v32] AMOD STILL HOLDING 70 share(s) after 8 chase attempts - the exit did not complete. This position is unprotected until the next pass.  || resource=srv-daqp02flot8c73ffv6eg instance=srv-daqp02flot8c73ffv6eg-w4zf9
2026-10-02 08:05:46,706 INFO [v32] EXIT stop AMOD 103 @ 1.9500 | entry 2.1500 peak 2.1500 stop 2.0300 | held 5s | P/L -20.60 (-9.30% of the trade, -0.19% of the account)  || resource=srv-daqp02flot8c73ffv6eg instance=srv-daqp02flot8c73ffv6eg-w4zf9
2026-10-02 08:05:48,014 INFO [v32] EXIT stop AMOD 70 @ 1.9900 | entry 2.1500 peak 2.1500 stop 2.0300 | held 7s | P/L -11.20 (-7.44% of the trade, -0.10% of the account)  || resource=srv-daqp02flot8c73ffv6eg instance=srv-daqp02flot8c73ffv6eg-w4zf9
2026-10-02 08:05:50,018 INFO [v33] RE-ENTER SDEV 125 @ 4.7700 = $596 | stop 4.6400 (2.73% away) | back above the 4.6500 that threw us out  || resource=srv-daqp02flot8c73ffv6eg instance=srv-daqp02flot8c73ffv6eg-w4zf9
2026-10-02 08:05:51,567 INFO [v33] RE-ENTER AMOD 292 @ 2.2100 = $645 | stop 2.1800 (1.36% away) | back above the 2.1900 that threw us out  || resource=srv-daqp02flot8c73ffv6eg instance=srv-daqp02flot8c73ffv6eg-w4zf9
2026-10-02 08:05:51,861 INFO [v32] RE-ENTER AMOD 100 @ 2.1900 = $219 | stop 2.0300 (7.31% away) | day level 2.1000, re-entry at 2.1200  || resource=srv-daqp02flot8c73ffv6eg instance=srv-daqp02flot8c73ffv6eg-w4zf9
2026-10-02 08:05:56,464 CRITICAL [v33] AMOD STILL HOLDING 6 share(s) after 8 chase attempts - the exit did not complete. This position is unprotected until the next pass.  || resource=srv-daqp02flot8c73ffv6eg instance=srv-daqp02flot8c73ffv6eg-w4zf9
2026-10-02 08:05:56,538 INFO [v33] EXIT half-back AMOD 292 @ 2.1800 | entry 2.2100 peak 2.2100 stop 2.1800 | held 5s | P/L -8.76 (-1.36% of the trade, -0.04% of the account)  || resource=srv-daqp02flot8c73ffv6eg instance=srv-daqp02flot8c73ffv6eg-w4zf9
2026-10-02 08:05:57,322 INFO [v32] EXIT stop SORA 73 @ 2.8600 | entry 3.0200 peak 3.0200 stop 2.9700 | held 23s | P/L -11.68 (-5.30% of the trade, -0.11% of the account)  || resource=srv-daqp02flot8c73ffv6eg instance=srv-daqp02flot8c73ffv6eg-w4zf9
2026-10-02 08:05:58,330 INFO [v32] RE-ENTER SORA 73 @ 3.0200 = $220 | stop 2.9700 (1.66% away) | day level 2.9800, re-entry at 3.0000  || resource=srv-daqp02flot8c73ffv6eg instance=srv-daqp02flot8c73ffv6eg-w4zf9
2026-10-02 08:05:59,286 INFO [v32] EXIT stop AMOD 100 @ 1.9800 | entry 2.1900 peak 2.1900 stop 2.0300 | held 7s | P/L -21.00 (-9.59% of the trade, -0.19% of the account)  || resource=srv-daqp02flot8c73ffv6eg instance=srv-daqp02flot8c73ffv6eg-w4zf9
2026-10-02 08:06:02,214 CRITICAL [v33] SDEV STILL HOLDING 110 share(s) after 8 chase attempts - the exit did not complete. This position is unprotected until the next pass.  || resource=srv-daqp02flot8c73ffv6eg instance=srv-daqp02flot8c73ffv6eg-w4zf9
2026-10-02 08:06:02,288 INFO [v33] EXIT half-back SDEV 125 @ 4.7000 | entry 4.7700 peak 4.7800 stop 4.7750 | held 12s | P/L -8.75 (-1.47% of the trade, -0.04% of the account)  || resource=srv-daqp02flot8c73ffv6eg instance=srv-daqp02flot8c73ffv6eg-w4zf9
2026-10-02 08:06:03,323 INFO [v33] RE-ENTER SDEV 99 @ 4.7200 = $467 | stop 4.6900 (0.64% away) | back above the 4.7000 that threw us out  || resource=srv-daqp02flot8c73ffv6eg instance=srv-daqp02flot8c73ffv6eg-w4zf9
2026-10-02 08:06:03,395 INFO [v32] RE-ENTER AMOD 100 @ 2.1900 = $219 | stop 2.0300 (7.31% away) | day level 2.1000, re-entry at 2.1200  || resource=srv-daqp02flot8c73ffv6eg instance=srv-daqp02flot8c73ffv6eg-w4zf9
2026-10-02 08:06:07,484 CRITICAL [v33] SDEV STILL HOLDING 110 share(s) after 8 chase attempts - the exit did not complete. This position is unprotected until the next pass.  || resource=srv-daqp02flot8c73ffv6eg instance=srv-daqp02flot8c73ffv6eg-w4zf9
2026-10-02 08:06:07,559 INFO [v33] EXIT half-back SDEV 99 @ 4.4900 | entry 4.7200 peak 4.7200 stop 4.6900 | held 4s | P/L -22.77 (-4.87% of the trade, -0.10% of the account)  || resource=srv-daqp02flot8c73ffv6eg instance=srv-daqp02flot8c73ffv6eg-w4zf9
2026-10-02 08:06:08,295 INFO [v33] RE-ENTER SDEV 99 @ 4.7200 = $467 | stop 4.4800 (5.08% away) | back above the 4.4900 that threw us out  || resource=srv-daqp02flot8c73ffv6eg instance=srv-daqp02flot8c73ffv6eg-w4zf9
2026-10-02 08:06:08,909 INFO [v32] EXIT stop AMOD 100 @ 1.9700 | entry 2.1900 peak 2.1900 stop 2.0300 | held 5s | P/L -22.00 (-10.05% of the trade, -0.20% of the account)  || resource=srv-daqp02flot8c73ffv6eg instance=srv-daqp02flot8c73ffv6eg-w4zf9
2026-10-02 08:06:09,641 INFO [v32] RE-ENTER AMOD 100 @ 2.1900 = $219 | stop 2.0300 (7.31% away) | day level 2.1000, re-entry at 2.1200  || resource=srv-daqp02flot8c73ffv6eg instance=srv-daqp02flot8c73ffv6eg-w4zf9
2026-10-02 08:06:10,918 INFO [v32] RE-ENTER SSM 95 @ 2.3100 = $219 | stop 2.2700 (1.73% away) | day level 2.2800, re-entry at 2.3000  || resource=srv-daqp02flot8c73ffv6eg instance=srv-daqp02flot8c73ffv6eg-w4zf9
2026-10-02 08:06:12,356 CRITICAL [v33] SDEV STILL HOLDING 110 share(s) after 8 chase attempts - the exit did not complete. This position is unprotected until the next pass.  || resource=srv-daqp02flot8c73ffv6eg instance=srv-daqp02flot8c73ffv6eg-w4zf9
2026-10-02 08:06:12,356 INFO [v33] EXIT half-back SDEV 99 @ 4.7100 | entry 4.7200 peak 4.7400 stop 4.7300 | held 4s | P/L -0.99 (-0.21% of the trade, -0.00% of the account)  || resource=srv-daqp02flot8c73ffv6eg instance=srv-daqp02flot8c73ffv6eg-w4zf9
2026-10-02 08:06:14,034 INFO [v33] RE-ENTER SDEV 109 @ 4.7400 = $517 | stop 4.7000 (0.84% away) | back above the 4.7100 that threw us out  || resource=srv-daqp02flot8c73ffv6eg instance=srv-daqp02flot8c73ffv6eg-w4zf9
2026-10-02 08:06:15,046 INFO [v32] EXIT stop SGRX 112 @ 1.7000 | entry 1.9600 peak 1.9600 stop 1.9500 | held 240s | P/L -29.12 (-13.27% of the trade, -0.27% of the account)  || resource=srv-daqp02flot8c73ffv6eg instance=srv-daqp02flot8c73ffv6eg-w4zf9
2026-10-02 08:06:19,569 CRITICAL [v33] SDEV STILL HOLDING 112 share(s) after 8 chase attempts - the exit did not complete. This position is unprotected until the next pass.  || resource=srv-daqp02flot8c73ffv6eg instance=srv-daqp02flot8c73ffv6eg-w4zf9
2026-10-02 08:06:19,569 INFO [v33] EXIT half-back SDEV 109 @ 4.7000 | entry 4.7400 peak 4.7600 stop 4.7500 | held 6s | P/L -4.36 (-0.84% of the trade, -0.02% of the account)  || resource=srv-daqp02flot8c73ffv6eg instance=srv-daqp02flot8c73ffv6eg-w4zf9
2026-10-02 08:06:20,259 INFO [v32] EXIT stop AMOD 100 @ 2.0200 | entry 2.1900 peak 2.1900 stop 2.0300 | held 11s | P/L -17.00 (-7.76% of the trade, -0.16% of the account)  || resource=srv-daqp02flot8c73ffv6eg instance=srv-daqp02flot8c73ffv6eg-w4zf9
2026-10-02 08:06:22,048 INFO [v32] RE-ENTER AMOD 105 @ 2.1400 = $225 | stop 2.0300 (5.14% away) | day level 2.1000, re-entry at 2.1200  || resource=srv-daqp02flot8c73ffv6eg instance=srv-daqp02flot8c73ffv6eg-w4zf9
2026-10-02 08:06:23,685 INFO [v33] EXIT half-back SORA 785 @ 2.9100 | entry 2.9800 peak 3.0600 stop 3.0200 | held 365s | P/L -54.95 (-2.35% of the trade, -0.24% of the account)  || resource=srv-daqp02flot8c73ffv6eg instance=srv-daqp02flot8c73ffv6eg-w4zf9
2026-10-02 08:06:25,363 INFO [v33] RE-ENTER AMOD 423 @ 2.2000 = $931 | stop 2.1700 (1.36% away) | back above the 2.1800 that threw us out  || resource=srv-daqp02flot8c73ffv6eg instance=srv-daqp02flot8c73ffv6eg-w4zf9
2026-10-02 08:06:28,098 CRITICAL [v32] AMOD STILL HOLDING 1 share(s) after 8 chase attempts - the exit did not complete. This position is unprotected until the next pass.  || resource=srv-daqp02flot8c73ffv6eg instance=srv-daqp02flot8c73ffv6eg-w4zf9
2026-10-02 08:06:28,173 INFO [v32] EXIT stop AMOD 105 @ 2.0300 | entry 2.1400 peak 2.1400 stop 2.0300 | held 6s | P/L -11.55 (-5.14% of the trade, -0.11% of the account)  || resource=srv-daqp02flot8c73ffv6eg instance=srv-daqp02flot8c73ffv6eg-w4zf9
2026-10-02 08:06:28,906 INFO [v32] RE-ENTER AMOD 101 @ 2.1700 = $219 | stop 2.0300 (6.45% away) | day level 2.1000, re-entry at 2.1200  || resource=srv-daqp02flot8c73ffv6eg instance=srv-daqp02flot8c73ffv6eg-w4zf9
2026-10-02 08:06:29,426 CRITICAL [v33] AMOD STILL HOLDING 6 share(s) after 8 chase attempts - the exit did not complete. This position is unprotected until the next pass.  || resource=srv-daqp02flot8c73ffv6eg instance=srv-daqp02flot8c73ffv6eg-w4zf9
2026-10-02 08:06:29,426 INFO [v33] EXIT half-back AMOD 423 @ 2.1700 | entry 2.2000 peak 2.2000 stop 2.1700 | held 4s | P/L -12.69 (-1.36% of the trade, -0.05% of the account)  || resource=srv-daqp02flot8c73ffv6eg instance=srv-daqp02flot8c73ffv6eg-w4zf9
2026-10-02 08:06:30,941 INFO [v33] RE-ENTER SDEV 129 @ 4.7500 = $613 | stop 4.6900 (1.26% away) | back above the 4.7000 that threw us out  || resource=srv-daqp02flot8c73ffv6eg instance=srv-daqp02flot8c73ffv6eg-w4zf9
2026-10-02 08:06:34,738 INFO [v33] RE-ENTER AMOD 214 @ 2.1900 = $469 | stop 2.1600 (1.37% away) | back above the 2.1700 that threw us out  || resource=srv-daqp02flot8c73ffv6eg instance=srv-daqp02flot8c73ffv6eg-w4zf9
2026-10-02 08:06:34,901 CRITICAL [v32] AMOD STILL HOLDING 1 share(s) after 8 chase attempts - the exit did not complete. This position is unprotected until the next pass.  || resource=srv-daqp02flot8c73ffv6eg instance=srv-daqp02flot8c73ffv6eg-w4zf9
2026-10-02 08:06:34,975 INFO [v32] EXIT stop AMOD 101 @ 2.0008 | entry 2.1700 peak 2.1700 stop 2.0300 | held 6s | P/L -17.09 (-7.80% of the trade, -0.16% of the account)  || resource=srv-daqp02flot8c73ffv6eg instance=srv-daqp02flot8c73ffv6eg-w4zf9
2026-10-02 08:06:35,789 CRITICAL [v33] AMOD STILL HOLDING 6 share(s) after 8 chase attempts - the exit did not complete. This position is unprotected until the next pass.  || resource=srv-daqp02flot8c73ffv6eg instance=srv-daqp02flot8c73ffv6eg-w4zf9
2026-10-02 08:06:35,863 INFO [v33] EXIT half-back AMOD 214 @ 2.1200 | entry 2.1900 peak 2.1900 stop 2.1600 | held 1s | P/L -14.98 (-3.20% of the trade, -0.06% of the account)  || resource=srv-daqp02flot8c73ffv6eg instance=srv-daqp02flot8c73ffv6eg-w4zf9
2026-10-02 08:06:39,584 INFO [v32] RE-ENTER AMOD 151 @ 2.1800 = $329 | stop 2.0300 (6.88% away) | day level 2.1000, re-entry at 2.1200  || resource=srv-daqp02flot8c73ffv6eg instance=srv-daqp02flot8c73ffv6eg-w4zf9
2026-10-02 08:06:40,810 CRITICAL [v32] AMOD STILL HOLDING 1 share(s) after 8 chase attempts - the exit did not complete. This position is unprotected until the next pass.  || resource=srv-daqp02flot8c73ffv6eg instance=srv-daqp02flot8c73ffv6eg-w4zf9
2026-10-02 08:06:40,886 INFO [v32] EXIT stop AMOD 151 @ 2.0100 | entry 2.1800 peak 2.1800 stop 2.0300 | held 1s | P/L -25.67 (-7.80% of the trade, -0.23% of the account)  || resource=srv-daqp02flot8c73ffv6eg instance=srv-daqp02flot8c73ffv6eg-w4zf9
2026-10-02 08:06:42,606 CRITICAL [v33] SDEV STILL HOLDING 113 share(s) after 8 chase attempts - the exit did not complete. This position is unprotected until the next pass.  || resource=srv-daqp02flot8c73ffv6eg instance=srv-daqp02flot8c73ffv6eg-w4zf9
2026-10-02 08:06:42,680 INFO [v33] EXIT half-back SDEV 129 @ 4.6900 | entry 4.7500 peak 4.7500 stop 4.6900 | held 12s | P/L -7.74 (-1.26% of the trade, -0.03% of the account)  || resource=srv-daqp02flot8c73ffv6eg instance=srv-daqp02flot8c73ffv6eg-w4zf9
2026-10-02 08:06:44,686 INFO [v32] RE-ENTER AMOD 101 @ 2.1700 = $219 | stop 2.0300 (6.45% away) | day level 2.1000, re-entry at 2.1200  || resource=srv-daqp02flot8c73ffv6eg instance=srv-daqp02flot8c73ffv6eg-w4zf9
2026-10-02 08:06:47,261 INFO [v33] RE-ENTER SORA 276 @ 3.0100 = $831 | stop 2.9000 (3.65% away) | back above the 2.9100 that threw us out  || resource=srv-daqp02flot8c73ffv6eg instance=srv-daqp02flot8c73ffv6eg-w4zf9
2026-10-02 08:06:48,554 INFO [v33] RE-ENTER SDEV 171 @ 4.7100 = $805 | stop 4.6800 (0.64% away) | back above the 4.6900 that threw us out  || resource=srv-daqp02flot8c73ffv6eg instance=srv-daqp02flot8c73ffv6eg-w4zf9
2026-10-02 08:06:50,665 INFO [v32] EXIT stop SSM 95 @ 2.2700 | entry 2.3100 peak 2.3100 stop 2.2700 | held 40s | P/L -3.80 (-1.73% of the trade, -0.03% of the account)  || resource=srv-daqp02flot8c73ffv6eg instance=srv-daqp02flot8c73ffv6eg-w4zf9
2026-10-02 08:06:51,996 CRITICAL [v32] AMOD STILL HOLDING 1 share(s) after 8 chase attempts - the exit did not complete. This position is unprotected until the next pass.  || resource=srv-daqp02flot8c73ffv6eg instance=srv-daqp02flot8c73ffv6eg-w4zf9
2026-10-02 08:06:51,996 INFO [v32] EXIT stop AMOD 101 @ 2.0100 | entry 2.1700 peak 2.1700 stop 2.0300 | held 7s | P/L -16.16 (-7.37% of the trade, -0.15% of the account)  || resource=srv-daqp02flot8c73ffv6eg instance=srv-daqp02flot8c73ffv6eg-w4zf9
2026-10-02 08:06:53,825 INFO [v33] EXIT half-back SSM 210 @ 2.2500 | entry 2.2900 peak 2.2900 stop 2.2500 | held 257s | P/L -8.40 (-1.75% of the trade, -0.04% of the account)  || resource=srv-daqp02flot8c73ffv6eg instance=srv-daqp02flot8c73ffv6eg-w4zf9
2026-10-02 08:06:56,863 INFO [v32] RE-ENTER AMOD 134 @ 2.1300 = $285 | stop 2.0300 (4.69% away) | day level 2.1000, re-entry at 2.1200  || resource=srv-daqp02flot8c73ffv6eg instance=srv-daqp02flot8c73ffv6eg-w4zf9
2026-10-02 08:06:58,409 CRITICAL [v33] SDEV STILL HOLDING 113 share(s) after 8 chase attempts - the exit did not complete. This position is unprotected until the next pass.  || resource=srv-daqp02flot8c73ffv6eg instance=srv-daqp02flot8c73ffv6eg-w4zf9
2026-10-02 08:06:58,409 INFO [v33] EXIT half-back SDEV 171 @ 4.5004 | entry 4.7100 peak 4.7100 stop 4.6800 | held 10s | P/L -35.84 (-4.45% of the trade, -0.15% of the account)  || resource=srv-daqp02flot8c73ffv6eg instance=srv-daqp02flot8c73ffv6eg-w4zf9
2026-10-02 08:06:59,408 INFO [v33] RE-ENTER SDEV 100 @ 4.6500 = $465 | stop 4.4904 (3.43% away) | back above the 4.5004 that threw us out  || resource=srv-daqp02flot8c73ffv6eg instance=srv-daqp02flot8c73ffv6eg-w4zf9
2026-10-02 08:07:03,614 INFO [v33] EXIT half-back AMOD 6 @ 2.0000 | entry 1.9500 peak 2.2600 stop 2.1050 | held 29s | P/L +0.30 (+2.56% of the trade, +0.00% of the account)  || resource=srv-daqp02flot8c73ffv6eg instance=srv-daqp02flot8c73ffv6eg-w4zf9
2026-10-02 08:07:04,016 CRITICAL [v32] AMOD STILL HOLDING 1 share(s) after 8 chase attempts - the exit did not complete. This position is unprotected until the next pass.  || resource=srv-daqp02flot8c73ffv6eg instance=srv-daqp02flot8c73ffv6eg-w4zf9
2026-10-02 08:07:04,091 INFO [v32] EXIT stop AMOD 134 @ 2.0000 | entry 2.1300 peak 2.1300 stop 2.0300 | held 7s | P/L -17.42 (-6.10% of the trade, -0.16% of the account)  || resource=srv-daqp02flot8c73ffv6eg instance=srv-daqp02flot8c73ffv6eg-w4zf9
2026-10-02 08:07:05,114 INFO [v33] RE-ENTER AMOD 367 @ 2.1100 = $774 | stop 1.9900 (5.69% away) | back above the 2.0000 that threw us out  || resource=srv-daqp02flot8c73ffv6eg instance=srv-daqp02flot8c73ffv6eg-w4zf9
2026-10-02 08:07:07,894 INFO [v32] RE-ENTER AMOD 102 @ 2.1600 = $220 | stop 2.0300 (6.02% away) | day level 2.1000, re-entry at 2.1200  || resource=srv-daqp02flot8c73ffv6eg instance=srv-daqp02flot8c73ffv6eg-w4zf9
2026-10-02 08:07:10,638 INFO [v33] EXIT half-back AMOD 367 @ 2.0000 | entry 2.1100 peak 2.1600 stop 2.1350 | held 5s | P/L -40.37 (-5.21% of the trade, -0.17% of the account)  || resource=srv-daqp02flot8c73ffv6eg instance=srv-daqp02flot8c73ffv6eg-w4zf9
2026-10-02 08:07:11,238 CRITICAL [v32] AMOD STILL HOLDING 1 share(s) after 8 chase attempts - the exit did not complete. This position is unprotected until the next pass.  || resource=srv-daqp02flot8c73ffv6eg instance=srv-daqp02flot8c73ffv6eg-w4zf9
2026-10-02 08:07:11,313 INFO [v32] EXIT stop AMOD 102 @ 2.0100 | entry 2.1600 peak 2.1600 stop 2.0300 | held 3s | P/L -15.30 (-6.94% of the trade, -0.14% of the account)  || resource=srv-daqp02flot8c73ffv6eg instance=srv-daqp02flot8c73ffv6eg-w4zf9
2026-10-02 08:07:14,716 CRITICAL [v33] SDEV STILL HOLDING 113 share(s) after 8 chase attempts - the exit did not complete. This position is unprotected until the next pass.  || resource=srv-daqp02flot8c73ffv6eg instance=srv-daqp02flot8c73ffv6eg-w4zf9
2026-10-02 08:07:14,716 INFO [v33] EXIT half-back SDEV 100 @ 4.6400 | entry 4.6500 peak 4.7000 stop 4.6750 | held 15s | P/L -1.00 (-0.22% of the trade, -0.00% of the account)  || resource=srv-daqp02flot8c73ffv6eg instance=srv-daqp02flot8c73ffv6eg-w4zf9
2026-10-02 08:07:15,925 INFO [v32] RE-ENTER AMOD 166 @ 2.1500 = $357 | stop 2.0300 (5.58% away) | day level 2.1000, re-entry at 2.1200  || resource=srv-daqp02flot8c73ffv6eg instance=srv-daqp02flot8c73ffv6eg-w4zf9
2026-10-02 08:07:16,231 INFO [v33] RE-ENTER AMOD 391 @ 2.1100 = $825 | stop 1.9900 (5.69% away) | back above the 2.0000 that threw us out  || resource=srv-daqp02flot8c73ffv6eg instance=srv-daqp02flot8c73ffv6eg-w4zf9
2026-10-02 08:07:20,260 CRITICAL [v32] AMOD STILL HOLDING 1 share(s) after 8 chase attempts - the exit did not complete. This position is unprotected until the next pass.  || resource=srv-daqp02flot8c73ffv6eg instance=srv-daqp02flot8c73ffv6eg-w4zf9
2026-10-02 08:07:20,335 INFO [v32] EXIT stop AMOD 166 @ 2.0100 | entry 2.1500 peak 2.1500 stop 2.0300 | held 4s | P/L -23.24 (-6.51% of the trade, -0.21% of the account)  || resource=srv-daqp02flot8c73ffv6eg instance=srv-daqp02flot8c73ffv6eg-w4zf9
2026-10-02 08:07:21,469 INFO [v33] EXIT half-back AMOD 391 @ 2.1200 | entry 2.1100 peak 2.1400 stop 2.1250 | held 5s | P/L +3.91 (+0.47% of the trade, +0.02% of the account)  || resource=srv-daqp02flot8c73ffv6eg instance=srv-daqp02flot8c73ffv6eg-w4zf9
2026-10-02 08:07:24,617 INFO [v32] RE-ENTER AMOD 103 @ 2.1300 = $219 | stop 2.0300 (4.69% away) | day level 2.1000, re-entry at 2.1200  || resource=srv-daqp02flot8c73ffv6eg instance=srv-daqp02flot8c73ffv6eg-w4zf9
2026-10-02 08:07:38,465 CRITICAL [v32] AMOD STILL HOLDING 1 share(s) after 8 chase attempts - the exit did not complete. This position is unprotected until the next pass.  || resource=srv-daqp02flot8c73ffv6eg instance=srv-daqp02flot8c73ffv6eg-w4zf9
2026-10-02 08:07:38,541 INFO [v32] EXIT stop AMOD 103 @ 2.0300 | entry 2.1300 peak 2.1300 stop 2.0300 | held 14s | P/L -10.30 (-4.69% of the trade, -0.09% of the account)  || resource=srv-daqp02flot8c73ffv6eg instance=srv-daqp02flot8c73ffv6eg-w4zf9
2026-10-02 08:07:43,757 INFO [v32] RE-ENTER AMOD 114 @ 2.1500 = $245 | stop 2.0300 (5.58% away) | day level 2.1000, re-entry at 2.1200  || resource=srv-daqp02flot8c73ffv6eg instance=srv-daqp02flot8c73ffv6eg-w4zf9
2026-10-02 08:07:49,695 CRITICAL [v32] AMOD STILL HOLDING 1 share(s) after 8 chase attempts - the exit did not complete. This position is unprotected until the next pass.  || resource=srv-daqp02flot8c73ffv6eg instance=srv-daqp02flot8c73ffv6eg-w4zf9
2026-10-02 08:07:49,771 INFO [v32] EXIT stop AMOD 114 @ 2.0100 | entry 2.1500 peak 2.1500 stop 2.0300 | held 6s | P/L -15.96 (-6.51% of the trade, -0.15% of the account)  || resource=srv-daqp02flot8c73ffv6eg instance=srv-daqp02flot8c73ffv6eg-w4zf9
2026-10-02 08:07:54,683 INFO [v32] RE-ENTER AMOD 126 @ 2.2000 = $277 | stop 2.0300 (7.73% away) | day level 2.1000, re-entry at 2.1200  || resource=srv-daqp02flot8c73ffv6eg instance=srv-daqp02flot8c73ffv6eg-w4zf9
2026-10-02 08:07:56,916 CRITICAL [v32] AMOD STILL HOLDING 1 share(s) after 8 chase attempts - the exit did not complete. This position is unprotected until the next pass.  || resource=srv-daqp02flot8c73ffv6eg instance=srv-daqp02flot8c73ffv6eg-w4zf9
2026-10-02 08:07:56,989 INFO [v32] EXIT stop AMOD 126 @ 2.0000 | entry 2.2000 peak 2.2000 stop 2.0300 | held 2s | P/L -25.20 (-9.09% of the trade, -0.23% of the account)  || resource=srv-daqp02flot8c73ffv6eg instance=srv-daqp02flot8c73ffv6eg-w4zf9
2026-10-02 08:07:58,701 INFO [v33] EXIT half-back SDEV 113 @ 4.4900 | entry 4.6528 peak 4.6698 stop 4.6613 | held 59s | P/L -18.40 (-3.50% of the trade, -0.08% of the account)  || resource=srv-daqp02flot8c73ffv6eg instance=srv-daqp02flot8c73ffv6eg-w4zf9
2026-10-02 08:08:01,076 INFO [v32] RE-ENTER AMOD 101 @ 2.1700 = $219 | stop 2.0300 (6.45% away) | day level 2.1000, re-entry at 2.1200  || resource=srv-daqp02flot8c73ffv6eg instance=srv-daqp02flot8c73ffv6eg-w4zf9
2026-10-02 08:08:02,687 INFO [v32] ENTER BTCT 192 @ 1.2000 = $230 | stop 1.1200 (6.67% away) | day level 1.2000, re-entry at 1.2200  || resource=srv-daqp02flot8c73ffv6eg instance=srv-daqp02flot8c73ffv6eg-w4zf9
2026-10-02 08:08:03,131 INFO [v33] RE-ENTER AMOD 394 @ 2.1600 = $851 | stop 2.1100 (2.31% away) | back above the 2.1200 that threw us out  || resource=srv-daqp02flot8c73ffv6eg instance=srv-daqp02flot8c73ffv6eg-w4zf9
2026-10-02 08:08:04,915 INFO [v33] RE-ENTER SDEV 129 @ 4.7000 = $606 | stop 4.4800 (4.68% away) | back above the 4.4900 that threw us out  || resource=srv-daqp02flot8c73ffv6eg instance=srv-daqp02flot8c73ffv6eg-w4zf9
2026-10-02 08:08:06,973 CRITICAL [v32] AMOD STILL HOLDING 1 share(s) after 8 chase attempts - the exit did not complete. This position is unprotected until the next pass.  || resource=srv-daqp02flot8c73ffv6eg instance=srv-daqp02flot8c73ffv6eg-w4zf9
2026-10-02 08:08:07,047 INFO [v32] EXIT stop AMOD 101 @ 2.0200 | entry 2.1700 peak 2.1700 stop 2.0300 | held 6s | P/L -15.15 (-6.91% of the trade, -0.14% of the account)  || resource=srv-daqp02flot8c73ffv6eg instance=srv-daqp02flot8c73ffv6eg-w4zf9
2026-10-02 08:08:09,297 INFO [v33] ENTER SMX 95 @ 9.0000 = $855 | stop 7.4400 (17.33% away) | first entry, stop from the bid  || resource=srv-daqp02flot8c73ffv6eg instance=srv-daqp02flot8c73ffv6eg-w4zf9
2026-10-02 08:08:09,613 INFO [v32] RE-ENTER AMOD 107 @ 2.1500 = $230 | stop 2.0300 (5.58% away) | day level 2.1000, re-entry at 2.1200  || resource=srv-daqp02flot8c73ffv6eg instance=srv-daqp02flot8c73ffv6eg-w4zf9
2026-10-02 08:08:10,347 INFO [v33] EXIT half-back SORA 276 @ 2.9000 | entry 3.0100 peak 3.0600 stop 3.0350 | held 83s | P/L -30.36 (-3.65% of the trade, -0.13% of the account)  || resource=srv-daqp02flot8c73ffv6eg instance=srv-daqp02flot8c73ffv6eg-w4zf9
2026-10-02 08:08:15,735 INFO [v33] RE-ENTER SSM 289 @ 2.2700 = $656 | stop 2.2400 (1.32% away) | back above the 2.2500 that threw us out  || resource=srv-daqp02flot8c73ffv6eg instance=srv-daqp02flot8c73ffv6eg-w4zf9
2026-10-02 08:08:16,427 INFO [v32] EXIT stop SORA 73 @ 2.9000 | entry 3.0200 peak 3.0200 stop 2.9700 | held 138s | P/L -8.76 (-3.97% of the trade, -0.08% of the account)  || resource=srv-daqp02flot8c73ffv6eg instance=srv-daqp02flot8c73ffv6eg-w4zf9
2026-10-02 08:08:18,139 INFO [v33] EXIT half-back AMOD 394 @ 2.0100 | entry 2.1600 peak 2.1600 stop 2.1100 | held 15s | P/L -59.10 (-6.94% of the trade, -0.25% of the account)  || resource=srv-daqp02flot8c73ffv6eg instance=srv-daqp02flot8c73ffv6eg-w4zf9
2026-10-02 08:08:20,796 CRITICAL [v32] AMOD STILL HOLDING 2 share(s) after 8 chase attempts - the exit did not complete. This position is unprotected until the next pass.  || resource=srv-daqp02flot8c73ffv6eg instance=srv-daqp02flot8c73ffv6eg-w4zf9
2026-10-02 08:08:20,796 INFO [v32] EXIT stop AMOD 107 @ 2.0200 | entry 2.1500 peak 2.1500 stop 2.0300 | held 11s | P/L -13.91 (-6.05% of the trade, -0.13% of the account)  || resource=srv-daqp02flot8c73ffv6eg instance=srv-daqp02flot8c73ffv6eg-w4zf9
2026-10-02 08:08:23,821 INFO [v33] EXIT half-back SMX 95 @ 9.0300 | entry 9.0000 peak 9.0993 stop 9.0496 | held 14s | P/L +2.85 (+0.33% of the trade, +0.01% of the account)  || resource=srv-daqp02flot8c73ffv6eg instance=srv-daqp02flot8c73ffv6eg-w4zf9
2026-10-02 08:08:24,926 INFO [v33] RE-ENTER SMX 51 @ 9.0900 = $464 | stop 9.0200 (0.77% away) | back above the 9.0300 that threw us out  || resource=srv-daqp02flot8c73ffv6eg instance=srv-daqp02flot8c73ffv6eg-w4zf9
2026-10-02 08:08:25,369 INFO [v32] RE-ENTER SSM 191 @ 2.3000 = $439 | stop 2.2700 (1.30% away) | day level 2.2800, re-entry at 2.3000  || resource=srv-daqp02flot8c73ffv6eg instance=srv-daqp02flot8c73ffv6eg-w4zf9
2026-10-02 08:08:27,878 INFO [v32] EXIT stop SMX 49 @ 8.2400 | entry 9.3900 peak 9.3900 stop 8.2600 | held 370s | P/L -56.35 (-12.25% of the trade, -0.52% of the account)  || resource=srv-daqp02flot8c73ffv6eg instance=srv-daqp02flot8c73ffv6eg-w4zf9
2026-10-02 08:08:29,250 INFO [v33] EXIT half-back SMX 51 @ 9.0892 | entry 9.0900 peak 9.1600 stop 9.1250 | held 4s | P/L -0.04 (-0.01% of the trade, -0.00% of the account)  || resource=srv-daqp02flot8c73ffv6eg instance=srv-daqp02flot8c73ffv6eg-w4zf9
2026-10-02 08:08:29,989 INFO [v33] RE-ENTER SMX 51 @ 9.1600 = $467 | stop 9.0792 (0.88% away) | back above the 9.0892 that threw us out  || resource=srv-daqp02flot8c73ffv6eg instance=srv-daqp02flot8c73ffv6eg-w4zf9
2026-10-02 08:08:32,506 INFO [v32] ENTER CMCT 59 @ 4.0100 = $237 | stop 3.8600 (3.74% away) | day level 4.0100, re-entry at 4.0300  || resource=srv-daqp02flot8c73ffv6eg instance=srv-daqp02flot8c73ffv6eg-w4zf9
2026-10-02 08:08:34,098 INFO [v33] EXIT half-back SMX 51 @ 9.0300 | entry 9.1600 peak 9.1600 stop 9.0792 | held 4s | P/L -6.63 (-1.42% of the trade, -0.03% of the account)  || resource=srv-daqp02flot8c73ffv6eg instance=srv-daqp02flot8c73ffv6eg-w4zf9
2026-10-02 08:08:38,794 INFO [v33] RE-ENTER SMX 85 @ 9.0700 = $771 | stop 9.0200 (0.55% away) | back above the 9.0300 that threw us out  || resource=srv-daqp02flot8c73ffv6eg instance=srv-daqp02flot8c73ffv6eg-w4zf9
2026-10-02 08:08:46,646 INFO [v33] EXIT half-back SMX 85 @ 8.9000 | entry 9.0700 peak 9.0700 stop 9.0200 | held 8s | P/L -14.45 (-1.87% of the trade, -0.06% of the account)  || resource=srv-daqp02flot8c73ffv6eg instance=srv-daqp02flot8c73ffv6eg-w4zf9
2026-10-02 08:10:12,754 INFO [v32] EXIT stop AMOD 2 @ 2.0500 | entry 2.0995 peak 2.1500 stop 2.0895 | held 123s | P/L -0.10 (-2.36% of the trade, -0.00% of the account)  || resource=srv-daqp02flot8c73ffv6eg instance=srv-daqp02flot8c73ffv6eg-w4zf9
2026-10-02 08:10:50,450 INFO [v32] EXIT stop SDEV 60 @ 4.4600 | entry 4.5100 peak 4.5100 stop 4.4700 | held 500s | P/L -3.00 (-1.11% of the trade, -0.03% of the account)  || resource=srv-daqp02flot8c73ffv6eg instance=srv-daqp02flot8c73ffv6eg-w4zf9
2026-10-02 08:10:55,300 INFO [v32] RE-ENTER SDEV 53 @ 4.6200 = $245 | stop 4.4700 (3.25% away) | day level 4.4900, re-entry at 4.5100  || resource=srv-daqp02flot8c73ffv6eg instance=srv-daqp02flot8c73ffv6eg-w4zf9
2026-10-02 08:10:57,071 INFO [v32] RE-ENTER SORA 80 @ 3.0100 = $241 | stop 2.9700 (1.33% away) | day level 2.9800, re-entry at 3.0000  || resource=srv-daqp02flot8c73ffv6eg instance=srv-daqp02flot8c73ffv6eg-w4zf9
2026-10-02 08:11:01,872 CRITICAL [v32] SORA STILL HOLDING 4 share(s) after 8 chase attempts - the exit did not complete. This position is unprotected until the next pass.  || resource=srv-daqp02flot8c73ffv6eg instance=srv-daqp02flot8c73ffv6eg-w4zf9
2026-10-02 08:11:01,944 INFO [v32] EXIT stop SORA 80 @ 2.9200 | entry 3.0100 peak 3.0100 stop 2.9700 | held 5s | P/L -7.20 (-2.99% of the trade, -0.07% of the account)  || resource=srv-daqp02flot8c73ffv6eg instance=srv-daqp02flot8c73ffv6eg-w4zf9
2026-10-02 08:11:06,048 INFO [v32] EXIT stop SDEV 53 @ 4.4700 | entry 4.6200 peak 4.6200 stop 4.4700 | held 11s | P/L -7.95 (-3.25% of the trade, -0.07% of the account)  || resource=srv-daqp02flot8c73ffv6eg instance=srv-daqp02flot8c73ffv6eg-w4zf9
2026-10-02 08:11:07,262 INFO [v32] RE-ENTER SDEV 58 @ 4.6395 = $269 | stop 4.4700 (3.65% away) | day level 4.4900, re-entry at 4.5100  || resource=srv-daqp02flot8c73ffv6eg instance=srv-daqp02flot8c73ffv6eg-w4zf9
2026-10-02 08:11:12,100 INFO [v32] RE-ENTER AMOD 199 @ 2.1700 = $432 | stop 2.0300 (6.45% away) | day level 2.1000, re-entry at 2.1200  || resource=srv-daqp02flot8c73ffv6eg instance=srv-daqp02flot8c73ffv6eg-w4zf9
2026-10-02 08:11:15,512 INFO [v32] EXIT stop AMOD 199 @ 1.9600 | entry 2.1700 peak 2.1700 stop 2.0300 | held 3s | P/L -41.79 (-9.68% of the trade, -0.38% of the account)  || resource=srv-daqp02flot8c73ffv6eg instance=srv-daqp02flot8c73ffv6eg-w4zf9
2026-10-02 08:11:23,126 INFO [v32] RE-ENTER AMOD 102 @ 2.1600 = $220 | stop 2.0300 (6.02% away) | day level 2.1000, re-entry at 2.1200  || resource=srv-daqp02flot8c73ffv6eg instance=srv-daqp02flot8c73ffv6eg-w4zf9
2026-10-02 08:11:27,662 INFO [v32] EXIT stop AMOD 102 @ 1.9200 | entry 2.1600 peak 2.1600 stop 2.0300 | held 4s | P/L -24.48 (-11.11% of the trade, -0.22% of the account)  || resource=srv-daqp02flot8c73ffv6eg instance=srv-daqp02flot8c73ffv6eg-w4zf9
2026-10-02 08:11:29,156 INFO [v32] RE-ENTER AMOD 193 @ 2.1900 = $423 | stop 2.0300 (7.31% away) | day level 2.1000, re-entry at 2.1200  || resource=srv-daqp02flot8c73ffv6eg instance=srv-daqp02flot8c73ffv6eg-w4zf9
2026-10-02 08:11:30,884 INFO [v33] ENTER BTCT 731 @ 1.1300 = $826 | stop 1.1200 (0.88% away) | first entry, stop from the bid  || resource=srv-daqp02flot8c73ffv6eg instance=srv-daqp02flot8c73ffv6eg-w4zf9
2026-10-02 08:11:31,893 INFO [v33] RE-ENTER SORA 160 @ 2.9200 = $467 | stop 2.8900 (1.03% away) | back above the 2.9000 that threw us out  || resource=srv-daqp02flot8c73ffv6eg instance=srv-daqp02flot8c73ffv6eg-w4zf9
2026-10-02 08:11:36,370 INFO [v33] EXIT half-back SDEV 136 @ 4.6200 | entry 4.7000 peak 4.8200 stop 4.7600 | held 211s | P/L -10.88 (-1.70% of the trade, -0.05% of the account)  || resource=srv-daqp02flot8c73ffv6eg instance=srv-daqp02flot8c73ffv6eg-w4zf9
2026-10-02 08:11:37,087 INFO [v33] RE-ENTER SDEV 99 @ 4.7000 = $465 | stop 4.6100 (1.91% away) | back above the 4.6200 that threw us out  || resource=srv-daqp02flot8c73ffv6eg instance=srv-daqp02flot8c73ffv6eg-w4zf9
2026-10-02 08:11:37,619 INFO [v32] EXIT stop AMOD 193 @ 1.9100 | entry 2.1900 peak 2.1900 stop 2.0300 | held 8s | P/L -54.04 (-12.79% of the trade, -0.49% of the account)  || resource=srv-daqp02flot8c73ffv6eg instance=srv-daqp02flot8c73ffv6eg-w4zf9
2026-10-02 08:11:41,403 INFO [v32] RE-ENTER AMOD 100 @ 2.1900 = $219 | stop 2.0300 (7.31% away) | day level 2.1000, re-entry at 2.1200  || resource=srv-daqp02flot8c73ffv6eg instance=srv-daqp02flot8c73ffv6eg-w4zf9
2026-10-02 08:11:46,839 INFO [v32] EXIT stop AMOD 100 @ 1.9450 | entry 0.0000 peak 0.0000 stop 0.0000 | held 5s | P/L +0.00 (+0.00% of the trade, +0.00% of the account)  || resource=srv-daqp02flot8c73ffv6eg instance=srv-daqp02flot8c73ffv6eg-w4zf9
2026-10-02 08:11:48,017 INFO [v33] EXIT half-back SDEV 99 @ 4.6500 | entry 4.7000 peak 4.7300 stop 4.7150 | held 11s | P/L -4.95 (-1.06% of the trade, -0.02% of the account)  || resource=srv-daqp02flot8c73ffv6eg instance=srv-daqp02flot8c73ffv6eg-w4zf9
2026-10-02 08:11:48,089 INFO [v32] EXIT stop SDEV 81 @ 4.4600 | entry 4.6395 peak 4.6395 stop 4.4700 | held 41s | P/L -14.54 (-3.87% of the trade, -0.13% of the account)  || resource=srv-daqp02flot8c73ffv6eg instance=srv-daqp02flot8c73ffv6eg-w4zf9
2026-10-02 08:11:52,679 INFO [v32] RE-ENTER AMOD 162 @ 2.1600 = $350 | stop 2.0300 (6.02% away) | day level 2.1000, re-entry at 2.1200  || resource=srv-daqp02flot8c73ffv6eg instance=srv-daqp02flot8c73ffv6eg-w4zf9
2026-10-02 08:11:52,980 INFO [v33] RE-ENTER AMOD 248 @ 2.1600 = $536 | stop 2.0000 (7.41% away) | back above the 2.0100 that threw us out  || resource=srv-daqp02flot8c73ffv6eg instance=srv-daqp02flot8c73ffv6eg-w4zf9
2026-10-02 08:11:53,683 INFO [v32] RE-ENTER SDEV 47 @ 4.6500 = $219 | stop 4.4700 (3.87% away) | day level 4.4900, re-entry at 4.5100  || resource=srv-daqp02flot8c73ffv6eg instance=srv-daqp02flot8c73ffv6eg-w4zf9
2026-10-02 08:11:58,335 CRITICAL [v33] AMOD STILL HOLDING 170 share(s) after 8 chase attempts - the exit did not complete. This position is unprotected until the next pass.  || resource=srv-daqp02flot8c73ffv6eg instance=srv-daqp02flot8c73ffv6eg-w4zf9
2026-10-02 08:11:58,412 INFO [v33] EXIT half-back AMOD 248 @ 1.9492 | entry 2.1600 peak 2.1600 stop 2.0000 | held 5s | P/L -52.28 (-9.76% of the trade, -0.22% of the account)  || resource=srv-daqp02flot8c73ffv6eg instance=srv-daqp02flot8c73ffv6eg-w4zf9
2026-10-02 08:12:00,612 CRITICAL [v32] AMOD STILL HOLDING 25 share(s) after 8 chase attempts - the exit did not complete. This position is unprotected until the next pass.  || resource=srv-daqp02flot8c73ffv6eg instance=srv-daqp02flot8c73ffv6eg-w4zf9
2026-10-02 08:12:00,685 INFO [v32] EXIT stop AMOD 162 @ 1.9491 | entry 2.1600 peak 2.1600 stop 2.0300 | held 8s | P/L -34.17 (-9.76% of the trade, -0.31% of the account)  || resource=srv-daqp02flot8c73ffv6eg instance=srv-daqp02flot8c73ffv6eg-w4zf9
2026-10-02 08:12:03,295 INFO [v33] RE-ENTER SDEV 194 @ 4.7300 = $918 | stop 4.6400 (1.90% away) | back above the 4.6500 that threw us out  || resource=srv-daqp02flot8c73ffv6eg instance=srv-daqp02flot8c73ffv6eg-w4zf9
2026-10-02 08:12:04,761 INFO [v32] RE-ENTER AMOD 100 @ 2.1900 = $219 | stop 2.0300 (7.31% away) | day level 2.1000, re-entry at 2.1200  || resource=srv-daqp02flot8c73ffv6eg instance=srv-daqp02flot8c73ffv6eg-w4zf9
2026-10-02 08:12:07,323 CRITICAL [v32] AMOD STILL HOLDING 25 share(s) after 8 chase attempts - the exit did not complete. This position is unprotected until the next pass.  || resource=srv-daqp02flot8c73ffv6eg instance=srv-daqp02flot8c73ffv6eg-w4zf9
2026-10-02 08:12:07,396 INFO [v32] EXIT stop AMOD 100 @ 1.9450 | entry 2.1900 peak 2.1900 stop 2.0300 | held 3s | P/L -24.50 (-11.19% of the trade, -0.22% of the account)  || resource=srv-daqp02flot8c73ffv6eg instance=srv-daqp02flot8c73ffv6eg-w4zf9
2026-10-02 08:12:11,523 INFO [v33] EXIT half-back SDEV 194 @ 4.7400 | entry 4.7300 peak 4.8100 stop 4.7700 | held 8s | P/L +1.94 (+0.21% of the trade, +0.01% of the account)  || resource=srv-daqp02flot8c73ffv6eg instance=srv-daqp02flot8c73ffv6eg-w4zf9
2026-10-02 08:12:12,053 INFO [v32] RE-ENTER AMOD 118 @ 2.1800 = $257 | stop 2.0300 (6.88% away) | day level 2.1000, re-entry at 2.1200  || resource=srv-daqp02flot8c73ffv6eg instance=srv-daqp02flot8c73ffv6eg-w4zf9
2026-10-02 08:12:12,895 INFO [v33] EXIT half-back SORA 160 @ 2.9200 | entry 2.9200 peak 3.0100 stop 2.9650 | held 41s | P/L +0.00 (+0.00% of the trade, +0.00% of the account)  || resource=srv-daqp02flot8c73ffv6eg instance=srv-daqp02flot8c73ffv6eg-w4zf9
2026-10-02 08:12:14,231 CRITICAL [v32] AMOD STILL HOLDING 30 share(s) after 8 chase attempts - the exit did not complete. This position is unprotected until the next pass.  || resource=srv-daqp02flot8c73ffv6eg instance=srv-daqp02flot8c73ffv6eg-w4zf9
2026-10-02 08:12:14,305 INFO [v32] EXIT stop AMOD 118 @ 1.9500 | entry 2.1800 peak 2.1800 stop 2.0300 | held 2s | P/L -27.14 (-10.55% of the trade, -0.25% of the account)  || resource=srv-daqp02flot8c73ffv6eg instance=srv-daqp02flot8c73ffv6eg-w4zf9
2026-10-02 08:12:18,381 INFO [v32] RE-ENTER AMOD 101 @ 2.1800 = $220 | stop 2.0300 (6.88% away) | day level 2.1000, re-entry at 2.1200  || resource=srv-daqp02flot8c73ffv6eg instance=srv-daqp02flot8c73ffv6eg-w4zf9
2026-10-02 08:12:22,620 CRITICAL [v32] AMOD STILL HOLDING 30 share(s) after 8 chase attempts - the exit did not complete. This position is unprotected until the next pass.  || resource=srv-daqp02flot8c73ffv6eg instance=srv-daqp02flot8c73ffv6eg-w4zf9
2026-10-02 08:12:22,620 INFO [v32] EXIT stop AMOD 101 @ 1.9300 | entry 2.1800 peak 2.1800 stop 2.0300 | held 4s | P/L -25.25 (-11.47% of the trade, -0.23% of the account)  || resource=srv-daqp02flot8c73ffv6eg instance=srv-daqp02flot8c73ffv6eg-w4zf9
2026-10-02 08:12:24,128 INFO [v32] RE-ENTER AMOD 105 @ 2.1700 = $228 | stop 2.0300 (6.45% away) | day level 2.1000, re-entry at 2.1200  || resource=srv-daqp02flot8c73ffv6eg instance=srv-daqp02flot8c73ffv6eg-w4zf9
2026-10-02 08:12:28,503 CRITICAL [v32] AMOD STILL HOLDING 30 share(s) after 8 chase attempts - the exit did not complete. This position is unprotected until the next pass.  || resource=srv-daqp02flot8c73ffv6eg instance=srv-daqp02flot8c73ffv6eg-w4zf9
2026-10-02 08:12:28,575 INFO [v32] EXIT stop AMOD 105 @ 1.9494 | entry 2.1700 peak 2.1700 stop 2.0300 | held 4s | P/L -23.16 (-10.17% of the trade, -0.21% of the account)  || resource=srv-daqp02flot8c73ffv6eg instance=srv-daqp02flot8c73ffv6eg-w4zf9
2026-10-02 08:12:30,090 INFO [v32] RE-ENTER AMOD 108 @ 2.1600 = $233 | stop 2.0300 (6.02% away) | day level 2.1000, re-entry at 2.1200  || resource=srv-daqp02flot8c73ffv6eg instance=srv-daqp02flot8c73ffv6eg-w4zf9
2026-10-02 08:12:34,575 CRITICAL [v32] AMOD STILL HOLDING 44 share(s) after 8 chase attempts - the exit did not complete. This position is unprotected until the next pass.  || resource=srv-daqp02flot8c73ffv6eg instance=srv-daqp02flot8c73ffv6eg-w4zf9
2026-10-02 08:12:34,648 INFO [v32] EXIT stop AMOD 108 @ 1.9500 | entry 2.1600 peak 2.1600 stop 2.0300 | held 4s | P/L -22.68 (-9.72% of the trade, -0.21% of the account)  || resource=srv-daqp02flot8c73ffv6eg instance=srv-daqp02flot8c73ffv6eg-w4zf9
2026-10-02 08:12:38,965 INFO [v32] RE-ENTER AMOD 172 @ 2.1600 = $372 | stop 2.0300 (6.02% away) | day level 2.1000, re-entry at 2.1200  || resource=srv-daqp02flot8c73ffv6eg instance=srv-daqp02flot8c73ffv6eg-w4zf9
2026-10-02 08:12:40,961 CRITICAL [v32] AMOD STILL HOLDING 44 share(s) after 8 chase attempts - the exit did not complete. This position is unprotected until the next pass.  || resource=srv-daqp02flot8c73ffv6eg instance=srv-daqp02flot8c73ffv6eg-w4zf9
2026-10-02 08:12:41,034 INFO [v32] EXIT stop AMOD 172 @ 1.9300 | entry 2.1600 peak 2.1600 stop 2.0300 | held 2s | P/L -39.56 (-10.65% of the trade, -0.36% of the account)  || resource=srv-daqp02flot8c73ffv6eg instance=srv-daqp02flot8c73ffv6eg-w4zf9
2026-10-02 08:12:45,710 INFO [v32] RE-ENTER AMOD 107 @ 2.1900 = $234 | stop 2.0300 (7.31% away) | day level 2.1000, re-entry at 2.1200  || resource=srv-daqp02flot8c73ffv6eg instance=srv-daqp02flot8c73ffv6eg-w4zf9
2026-10-02 08:12:48,959 INFO [v33] EXIT half-back AMOD 170 @ 2.1600 | entry 2.1300 peak 2.1900 stop 2.1600 | held 56s | P/L +5.10 (+1.41% of the trade, +0.02% of the account)  || resource=srv-daqp02flot8c73ffv6eg instance=srv-daqp02flot8c73ffv6eg-w4zf9
2026-10-02 08:12:53,346 INFO [v33] EXIT half-back GOW 143 @ 3.2900 | entry 3.2800 peak 3.3400 stop 3.3100 | held 555s | P/L +1.43 (+0.30% of the trade, +0.01% of the account)  || resource=srv-daqp02flot8c73ffv6eg instance=srv-daqp02flot8c73ffv6eg-w4zf9
2026-10-02 08:12:54,281 CRITICAL [v32] AMOD STILL HOLDING 44 share(s) after 8 chase attempts - the exit did not complete. This position is unprotected until the next pass.  || resource=srv-daqp02flot8c73ffv6eg instance=srv-daqp02flot8c73ffv6eg-w4zf9
2026-10-02 08:12:54,353 INFO [v32] EXIT stop AMOD 107 @ 1.9500 | entry 2.1900 peak 2.1900 stop 2.0300 | held 9s | P/L -25.68 (-10.96% of the trade, -0.24% of the account)  || resource=srv-daqp02flot8c73ffv6eg instance=srv-daqp02flot8c73ffv6eg-w4zf9
2026-10-02 08:12:58,434 INFO [v32] RE-ENTER AMOD 104 @ 2.1200 = $220 | stop 2.0300 (4.25% away) | day level 2.1000, re-entry at 2.1200  || resource=srv-daqp02flot8c73ffv6eg instance=srv-daqp02flot8c73ffv6eg-w4zf9
2026-10-02 08:14:04,454 INFO [v33] EXIT half-back SSM 289 @ 2.3000 | entry 2.2700 peak 2.3400 stop 2.3050 | held 346s | P/L +8.67 (+1.32% of the trade, +0.04% of the account)  || resource=srv-daqp02flot8c73ffv6eg instance=srv-daqp02flot8c73ffv6eg-w4zf9
2026-10-02 08:14:40,906 INFO [v32] EXIT stop SORA 4 @ 2.7800 | entry 2.7900 peak 2.7500 stop 2.7800 | held 221s | P/L -0.04 (-0.36% of the trade, -0.00% of the account)  || resource=srv-daqp02flot8c73ffv6eg instance=srv-daqp02flot8c73ffv6eg-w4zf9
2026-10-02 08:15:34,035 INFO [v32] EXIT dead-tape NYXH 249 @ 1.4700 | entry 1.4700 peak 1.4700 stop 1.3200 | held 607s | P/L +0.00 (+0.00% of the trade, +0.00% of the account)  || resource=srv-daqp02flot8c73ffv6eg instance=srv-daqp02flot8c73ffv6eg-w4zf9
2026-10-02 08:15:42,029 INFO [v33] RE-ENTER AMOD 258 @ 2.1800 = $562 | stop 2.1500 (1.38% away) | back above the 2.1600 that threw us out  || resource=srv-daqp02flot8c73ffv6eg instance=srv-daqp02flot8c73ffv6eg-w4zf9
2026-10-02 08:16:08,236 INFO [v33] EXIT dead-tape ONG 164 @ 5.4400 | entry 5.4400 peak 5.4400 stop 5.4200 | held 632s | P/L +0.00 (+0.00% of the trade, +0.00% of the account)  || resource=srv-daqp02flot8c73ffv6eg instance=srv-daqp02flot8c73ffv6eg-w4zf9
2026-10-02 08:16:21,942 INFO [v33] EXIT half-back AMOD 332 @ 2.1800 | entry 2.1800 peak 2.1900 stop 2.1850 | held 40s | P/L +0.00 (+0.00% of the trade, +0.00% of the account)  || resource=srv-daqp02flot8c73ffv6eg instance=srv-daqp02flot8c73ffv6eg-w4zf9
2026-10-02 08:16:29,015 INFO [v33] EXIT half-back BTCT 731 @ 1.1302 | entry 1.1300 peak 1.1400 stop 1.1350 | held 298s | P/L +0.15 (+0.02% of the trade, +0.00% of the account)  || resource=srv-daqp02flot8c73ffv6eg instance=srv-daqp02flot8c73ffv6eg-w4zf9
2026-10-02 08:17:38,401 INFO [v33] RE-ENTER AMOD 213 @ 2.2100 = $471 | stop 2.1700 (1.81% away) | back above the 2.1800 that threw us out  || resource=srv-daqp02flot8c73ffv6eg instance=srv-daqp02flot8c73ffv6eg-w4zf9
2026-10-02 08:17:39,452 INFO [v33] EXIT half-back AMOD 213 @ 2.2104 | entry 2.2100 peak 2.2200 stop 2.2150 | held 1s | P/L +0.09 (+0.02% of the trade, +0.00% of the account)  || resource=srv-daqp02flot8c73ffv6eg instance=srv-daqp02flot8c73ffv6eg-w4zf9
2026-10-02 08:17:40,179 INFO [v33] RE-ENTER SSM 199 @ 2.3576 = $469 | stop 2.2900 (2.87% away) | back above the 2.3000 that threw us out  || resource=srv-daqp02flot8c73ffv6eg instance=srv-daqp02flot8c73ffv6eg-w4zf9
2026-10-02 08:17:49,795 INFO [v33] EXIT half-back SSM 199 @ 2.3500 | entry 2.3576 peak 2.3600 stop 2.3588 | held 6s | P/L -1.51 (-0.32% of the trade, -0.01% of the account)  || resource=srv-daqp02flot8c73ffv6eg instance=srv-daqp02flot8c73ffv6eg-w4zf9
2026-10-02 08:17:51,313 INFO [v33] RE-ENTER SSM 313 @ 2.3700 = $742 | stop 2.3400 (1.27% away) | back above the 2.3500 that threw us out  || resource=srv-daqp02flot8c73ffv6eg instance=srv-daqp02flot8c73ffv6eg-w4zf9
2026-10-02 08:17:56,320 INFO [v33] EXIT half-back SSM 313 @ 2.3650 | entry 2.3700 peak 2.3800 stop 2.3750 | held 5s | P/L -1.56 (-0.21% of the trade, -0.01% of the account)  || resource=srv-daqp02flot8c73ffv6eg instance=srv-daqp02flot8c73ffv6eg-w4zf9
2026-10-02 08:17:57,816 INFO [v33] RE-ENTER SSM 264 @ 2.3900 = $631 | stop 2.3550 (1.46% away) | back above the 2.3650 that threw us out  || resource=srv-daqp02flot8c73ffv6eg instance=srv-daqp02flot8c73ffv6eg-w4zf9
2026-10-02 08:18:00,165 INFO [v32] ENTER CHWM 47 @ 6.8800 = $323 | stop 6.5000 (5.52% away) | day level 6.8800, re-entry at 6.9000  || resource=srv-daqp02flot8c73ffv6eg instance=srv-daqp02flot8c73ffv6eg-w4zf9
2026-10-02 08:18:05,100 INFO [v33] EXIT half-back SSM 264 @ 2.3905 | entry 2.3900 peak 2.3998 stop 2.3949 | held 7s | P/L +0.13 (+0.02% of the trade, +0.00% of the account)  || resource=srv-daqp02flot8c73ffv6eg instance=srv-daqp02flot8c73ffv6eg-w4zf9
2026-10-02 08:18:40,801 INFO [v33] ENTER CHWM 102 @ 7.1700 = $731 | stop 6.5000 (9.34% away) | first entry, stop from the bid  || resource=srv-daqp02flot8c73ffv6eg instance=srv-daqp02flot8c73ffv6eg-w4zf9
2026-10-02 08:18:42,226 INFO [v33] EXIT half-back CHWM 102 @ 6.3500 | entry 7.1700 peak 7.1700 stop 6.5000 | held 1s | P/L -83.64 (-11.44% of the trade, -0.36% of the account)  || resource=srv-daqp02flot8c73ffv6eg instance=srv-daqp02flot8c73ffv6eg-w4zf9
2026-10-02 08:19:51,315 INFO [v33] RE-ENTER CHWM 68 @ 6.8900 = $469 | stop 6.3400 (7.98% away) | back above the 6.3500 that threw us out  || resource=srv-daqp02flot8c73ffv6eg instance=srv-daqp02flot8c73ffv6eg-w4zf9
2026-10-02 08:20:22,528 INFO [v32] ENTER ONG 55 @ 5.4800 = $301 | stop 5.4000 (1.46% away) | day level 5.4800, re-entry at 5.5000  || resource=srv-daqp02flot8c73ffv6eg instance=srv-daqp02flot8c73ffv6eg-w4zf9
2026-10-02 08:20:25,569 INFO [v33] RE-ENTER ONG 138 @ 5.4800 = $756 | stop 5.4300 (0.91% away) | back above the 5.4400 that threw us out  || resource=srv-daqp02flot8c73ffv6eg instance=srv-daqp02flot8c73ffv6eg-w4zf9
2026-10-02 08:21:36,946 INFO [v33] ENTER AIXI 422 @ 1.3500 = $570 | stop 1.3100 (2.96% away) | first entry, stop from the bid  || resource=srv-daqp02flot8c73ffv6eg instance=srv-daqp02flot8c73ffv6eg-w4zf9
2026-10-02 08:21:45,502 INFO [v33] RE-ENTER GOW 164 @ 3.3400 = $548 | stop 3.2800 (1.80% away) | back above the 3.2900 that threw us out  || resource=srv-daqp02flot8c73ffv6eg instance=srv-daqp02flot8c73ffv6eg-w4zf9
2026-10-02 08:21:46,666 INFO [v32] ENTER AIXI 170 @ 1.3500 = $230 | stop 1.3100 (2.96% away) | day level 1.3500, re-entry at 1.3700  || resource=srv-daqp02flot8c73ffv6eg instance=srv-daqp02flot8c73ffv6eg-w4zf9
2026-10-02 08:22:19,576 INFO [v33] RE-ENTER AMOD 386 @ 2.2400 = $865 | stop 2.2004 (1.77% away) | back above the 2.2104 that threw us out  || resource=srv-daqp02flot8c73ffv6eg instance=srv-daqp02flot8c73ffv6eg-w4zf9
2026-10-02 08:22:23,314 INFO [v33] EXIT half-back AMOD 386 @ 2.2000 | entry 2.2400 peak 2.2400 stop 2.2004 | held 4s | P/L -15.44 (-1.79% of the trade, -0.07% of the account)  || resource=srv-daqp02flot8c73ffv6eg instance=srv-daqp02flot8c73ffv6eg-w4zf9
2026-10-02 08:22:28,165 CRITICAL [v33] AIXI STILL HOLDING 1 share(s) after 8 chase attempts - the exit did not complete. This position is unprotected until the next pass.  || resource=srv-daqp02flot8c73ffv6eg instance=srv-daqp02flot8c73ffv6eg-w4zf9
2026-10-02 08:22:28,242 INFO [v33] EXIT half-back AIXI 452 @ 1.3100 | entry 1.3500 peak 1.3500 stop 1.3100 | held 51s | P/L -18.08 (-2.96% of the trade, -0.08% of the account)  || resource=srv-daqp02flot8c73ffv6eg instance=srv-daqp02flot8c73ffv6eg-w4zf9
2026-10-02 08:22:32,253 INFO [v32] EXIT stop AIXI 170 @ 1.3100 | entry 1.3500 peak 1.3500 stop 1.3100 | held 46s | P/L -6.80 (-2.96% of the trade, -0.06% of the account)  || resource=srv-daqp02flot8c73ffv6eg instance=srv-daqp02flot8c73ffv6eg-w4zf9
2026-10-02 08:22:49,400 INFO [v32] RE-ENTER AIXI 309 @ 1.3700 = $423 | stop 1.3100 (4.38% away) | day level 1.3500, re-entry at 1.3700  || resource=srv-daqp02flot8c73ffv6eg instance=srv-daqp02flot8c73ffv6eg-w4zf9
2026-10-02 08:22:53,233 INFO [v33] RE-ENTER AIXI 350 @ 1.3400 = $469 | stop 1.3000 (2.99% away) | back above the 1.3100 that threw us out  || resource=srv-daqp02flot8c73ffv6eg instance=srv-daqp02flot8c73ffv6eg-w4zf9
2026-10-02 08:22:54,433 CRITICAL [v33] AIXI STILL HOLDING 1 share(s) after 8 chase attempts - the exit did not complete. This position is unprotected until the next pass.  || resource=srv-daqp02flot8c73ffv6eg instance=srv-daqp02flot8c73ffv6eg-w4zf9
2026-10-02 08:22:54,507 INFO [v33] EXIT half-back AIXI 350 @ 1.3700 | entry 1.3400 peak 1.4100 stop 1.3750 | held 1s | P/L +10.50 (+2.24% of the trade, +0.05% of the account)  || resource=srv-daqp02flot8c73ffv6eg instance=srv-daqp02flot8c73ffv6eg-w4zf9
2026-10-02 08:22:55,236 INFO [v33] RE-ENTER AIXI 335 @ 1.4000 = $469 | stop 1.3600 (2.86% away) | back above the 1.3700 that threw us out  || resource=srv-daqp02flot8c73ffv6eg instance=srv-daqp02flot8c73ffv6eg-w4zf9
2026-10-02 08:22:59,192 CRITICAL [v33] AIXI STILL HOLDING 1 share(s) after 8 chase attempts - the exit did not complete. This position is unprotected until the next pass.  || resource=srv-daqp02flot8c73ffv6eg instance=srv-daqp02flot8c73ffv6eg-w4zf9
2026-10-02 08:22:59,193 INFO [v33] EXIT half-back AIXI 335 @ 1.3500 | entry 1.4000 peak 1.4000 stop 1.3600 | held 4s | P/L -16.75 (-3.57% of the trade, -0.07% of the account)  || resource=srv-daqp02flot8c73ffv6eg instance=srv-daqp02flot8c73ffv6eg-w4zf9
2026-10-02 08:22:59,934 INFO [v33] RE-ENTER AIXI 342 @ 1.3700 = $469 | stop 1.3400 (2.19% away) | back above the 1.3500 that threw us out  || resource=srv-daqp02flot8c73ffv6eg instance=srv-daqp02flot8c73ffv6eg-w4zf9
2026-10-02 08:23:04,587 CRITICAL [v33] AIXI STILL HOLDING 1 share(s) after 8 chase attempts - the exit did not complete. This position is unprotected until the next pass.  || resource=srv-daqp02flot8c73ffv6eg instance=srv-daqp02flot8c73ffv6eg-w4zf9
2026-10-02 08:23:04,662 INFO [v33] EXIT half-back AIXI 342 @ 1.3200 | entry 1.3700 peak 1.3700 stop 1.3400 | held 5s | P/L -17.10 (-3.65% of the trade, -0.07% of the account)  || resource=srv-daqp02flot8c73ffv6eg instance=srv-daqp02flot8c73ffv6eg-w4zf9
2026-10-02 08:23:06,094 INFO [v32] EXIT stop AIXI 309 @ 1.3100 | entry 1.3700 peak 1.3700 stop 1.3100 | held 17s | P/L -18.54 (-4.38% of the trade, -0.17% of the account)  || resource=srv-daqp02flot8c73ffv6eg instance=srv-daqp02flot8c73ffv6eg-w4zf9
2026-10-02 08:23:09,340 INFO [v33] RE-ENTER AIXI 426 @ 1.3500 = $575 | stop 1.3100 (2.96% away) | back above the 1.3200 that threw us out  || resource=srv-daqp02flot8c73ffv6eg instance=srv-daqp02flot8c73ffv6eg-w4zf9
2026-10-02 08:23:14,752 CRITICAL [v33] AIXI STILL HOLDING 1 share(s) after 8 chase attempts - the exit did not complete. This position is unprotected until the next pass.  || resource=srv-daqp02flot8c73ffv6eg instance=srv-daqp02flot8c73ffv6eg-w4zf9
2026-10-02 08:23:14,831 INFO [v33] EXIT half-back AIXI 426 @ 1.3100 | entry 1.3500 peak 1.3600 stop 1.3550 | held 5s | P/L -17.04 (-2.96% of the trade, -0.07% of the account)  || resource=srv-daqp02flot8c73ffv6eg instance=srv-daqp02flot8c73ffv6eg-w4zf9
2026-10-02 08:24:00,777 INFO [v33] EXIT half-back AIXI 1 @ 1.2700 | entry 1.3201 peak 1.3201 stop 1.3101 | held 51s | P/L -0.05 (-3.79% of the trade, -0.00% of the account)  || resource=srv-daqp02flot8c73ffv6eg instance=srv-daqp02flot8c73ffv6eg-w4zf9
2026-10-02 08:24:01,780 INFO [v33] RE-ENTER AIXI 363 @ 1.2900 = $468 | stop 1.2600 (2.33% away) | back above the 1.2700 that threw us out  || resource=srv-daqp02flot8c73ffv6eg instance=srv-daqp02flot8c73ffv6eg-w4zf9
2026-10-02 08:24:30,832 INFO [v33] EXIT half-back AIXI 363 @ 1.2500 | entry 1.2900 peak 1.2900 stop 1.2600 | held 29s | P/L -14.52 (-3.10% of the trade, -0.06% of the account)  || resource=srv-daqp02flot8c73ffv6eg instance=srv-daqp02flot8c73ffv6eg-w4zf9
2026-10-02 08:24:32,118 INFO [v33] RE-ENTER AIXI 369 @ 1.2700 = $469 | stop 1.2400 (2.36% away) | back above the 1.2500 that threw us out  || resource=srv-daqp02flot8c73ffv6eg instance=srv-daqp02flot8c73ffv6eg-w4zf9
2026-10-02 08:24:33,087 INFO [v33] EXIT half-back GOW 170 @ 3.3000 | entry 3.3400 peak 3.3500 stop 3.3450 | held 168s | P/L -6.80 (-1.20% of the trade, -0.03% of the account)  || resource=srv-daqp02flot8c73ffv6eg instance=srv-daqp02flot8c73ffv6eg-w4zf9
2026-10-02 08:24:51,576 INFO [v33] RE-ENTER GOW 156 @ 3.3400 = $521 | stop 3.2900 (1.50% away) | back above the 3.3000 that threw us out  || resource=srv-daqp02flot8c73ffv6eg instance=srv-daqp02flot8c73ffv6eg-w4zf9
2026-10-02 08:25:35,938 INFO [v33] RE-ENTER SDEV 126 @ 4.7600 = $600 | stop 4.7300 (0.63% away) | back above the 4.7400 that threw us out  || resource=srv-daqp02flot8c73ffv6eg instance=srv-daqp02flot8c73ffv6eg-w4zf9
2026-10-02 08:25:40,687 INFO [v33] EXIT half-back SDEV 126 @ 4.7600 | entry 4.7600 peak 4.7700 stop 4.7650 | held 5s | P/L +0.00 (+0.00% of the trade, +0.00% of the account)  || resource=srv-daqp02flot8c73ffv6eg instance=srv-daqp02flot8c73ffv6eg-w4zf9
2026-10-02 08:25:58,676 INFO [v33] RE-ENTER SDEV 112 @ 4.7800 = $535 | stop 4.7500 (0.63% away) | back above the 4.7600 that threw us out  || resource=srv-daqp02flot8c73ffv6eg instance=srv-daqp02flot8c73ffv6eg-w4zf9
2026-10-02 08:26:10,729 CRITICAL [v33] SDEV STILL HOLDING 22 share(s) after 8 chase attempts - the exit did not complete. This position is unprotected until the next pass.  || resource=srv-daqp02flot8c73ffv6eg instance=srv-daqp02flot8c73ffv6eg-w4zf9
2026-10-02 08:26:10,804 INFO [v33] EXIT half-back SDEV 112 @ 4.7800 | entry 4.7800 peak 4.7900 stop 4.7850 | held 12s | P/L +0.00 (+0.00% of the trade, +0.00% of the account)  || resource=srv-daqp02flot8c73ffv6eg instance=srv-daqp02flot8c73ffv6eg-w4zf9
2026-10-02 08:26:40,989 INFO [v33] RE-ENTER SDEV 150 @ 4.8000 = $720 | stop 4.7700 (0.62% away) | back above the 4.7800 that threw us out  || resource=srv-daqp02flot8c73ffv6eg instance=srv-daqp02flot8c73ffv6eg-w4zf9
2026-10-02 08:26:45,647 CRITICAL [v33] SDEV STILL HOLDING 22 share(s) after 8 chase attempts - the exit did not complete. This position is unprotected until the next pass.  || resource=srv-daqp02flot8c73ffv6eg instance=srv-daqp02flot8c73ffv6eg-w4zf9
2026-10-02 08:26:45,732 INFO [v33] EXIT half-back SDEV 150 @ 4.8000 | entry 4.8000 peak 4.8100 stop 4.8050 | held 5s | P/L +0.00 (+0.00% of the trade, +0.00% of the account)  || resource=srv-daqp02flot8c73ffv6eg instance=srv-daqp02flot8c73ffv6eg-w4zf9
2026-10-02 08:26:50,590 INFO [v33] EXIT half-back AIXI 369 @ 1.2700 | entry 1.2700 peak 1.2800 stop 1.2750 | held 138s | P/L +0.00 (+0.00% of the trade, +0.00% of the account)  || resource=srv-daqp02flot8c73ffv6eg instance=srv-daqp02flot8c73ffv6eg-w4zf9
2026-10-02 08:26:51,910 INFO [v33] EXIT half-back SDEV 22 @ 4.8000 | entry 4.8310 peak 4.8500 stop 4.8405 | held 11s | P/L -0.68 (-0.64% of the trade, -0.00% of the account)  || resource=srv-daqp02flot8c73ffv6eg instance=srv-daqp02flot8c73ffv6eg-w4zf9
2026-10-02 08:26:53,414 INFO [v33] RE-ENTER SDEV 147 @ 4.8200 = $709 | stop 4.7900 (0.62% away) | back above the 4.8000 that threw us out  || resource=srv-daqp02flot8c73ffv6eg instance=srv-daqp02flot8c73ffv6eg-w4zf9
2026-10-02 08:26:54,666 INFO [v33] EXIT half-back SDEV 147 @ 4.8200 | entry 4.8200 peak 4.8300 stop 4.8250 | held 1s | P/L +0.00 (+0.00% of the trade, +0.00% of the account)  || resource=srv-daqp02flot8c73ffv6eg instance=srv-daqp02flot8c73ffv6eg-w4zf9
2026-10-02 08:26:56,233 INFO [v33] RE-ENTER SDEV 101 @ 4.8400 = $489 | stop 4.8100 (0.62% away) | back above the 4.8200 that threw us out  || resource=srv-daqp02flot8c73ffv6eg instance=srv-daqp02flot8c73ffv6eg-w4zf9
2026-10-02 08:26:57,356 INFO [v33] ENTER HTCR 245 @ 1.9100 = $468 | stop 1.8500 (3.14% away) | first entry, stop from the bid  || resource=srv-daqp02flot8c73ffv6eg instance=srv-daqp02flot8c73ffv6eg-w4zf9
2026-10-02 08:27:01,365 INFO [v33] EXIT half-back SDEV 101 @ 4.8400 | entry 4.8400 peak 4.8500 stop 4.8450 | held 5s | P/L +0.00 (+0.00% of the trade, +0.00% of the account)  || resource=srv-daqp02flot8c73ffv6eg instance=srv-daqp02flot8c73ffv6eg-w4zf9
2026-10-02 08:27:02,864 INFO [v33] RE-ENTER SDEV 97 @ 4.8600 = $471 | stop 4.8300 (0.62% away) | back above the 4.8400 that threw us out  || resource=srv-daqp02flot8c73ffv6eg instance=srv-daqp02flot8c73ffv6eg-w4zf9
2026-10-02 08:27:04,856 CRITICAL [v33] SDEV STILL HOLDING 2 share(s) after 8 chase attempts - the exit did not complete. This position is unprotected until the next pass.  || resource=srv-daqp02flot8c73ffv6eg instance=srv-daqp02flot8c73ffv6eg-w4zf9
2026-10-02 08:27:04,856 INFO [v33] EXIT half-back SDEV 97 @ 4.8600 | entry 4.8600 peak 4.8700 stop 4.8650 | held 2s | P/L +0.00 (+0.00% of the trade, +0.00% of the account)  || resource=srv-daqp02flot8c73ffv6eg instance=srv-daqp02flot8c73ffv6eg-w4zf9
2026-10-02 08:27:05,580 INFO [v33] RE-ENTER SDEV 96 @ 4.8800 = $468 | stop 4.8500 (0.61% away) | back above the 4.8600 that threw us out  || resource=srv-daqp02flot8c73ffv6eg instance=srv-daqp02flot8c73ffv6eg-w4zf9
2026-10-02 08:27:09,421 CRITICAL [v33] SDEV STILL HOLDING 2 share(s) after 8 chase attempts - the exit did not complete. This position is unprotected until the next pass.  || resource=srv-daqp02flot8c73ffv6eg instance=srv-daqp02flot8c73ffv6eg-w4zf9
2026-10-02 08:27:09,494 INFO [v33] EXIT half-back SDEV 96 @ 4.8405 | entry 4.8800 peak 4.8800 stop 4.8500 | held 4s | P/L -3.79 (-0.81% of the trade, -0.02% of the account)  || resource=srv-daqp02flot8c73ffv6eg instance=srv-daqp02flot8c73ffv6eg-w4zf9
2026-10-02 08:27:11,008 INFO [v33] RE-ENTER SDEV 163 @ 4.8706 = $794 | stop 4.8305 (0.82% away) | back above the 4.8405 that threw us out  || resource=srv-daqp02flot8c73ffv6eg instance=srv-daqp02flot8c73ffv6eg-w4zf9
2026-10-02 08:27:14,981 CRITICAL [v33] SDEV STILL HOLDING 2 share(s) after 8 chase attempts - the exit did not complete. This position is unprotected until the next pass.  || resource=srv-daqp02flot8c73ffv6eg instance=srv-daqp02flot8c73ffv6eg-w4zf9
2026-10-02 08:27:15,056 INFO [v33] EXIT half-back SDEV 163 @ 4.8700 | entry 4.8706 peak 4.8800 stop 4.8753 | held 4s | P/L -0.10 (-0.01% of the trade, -0.00% of the account)  || resource=srv-daqp02flot8c73ffv6eg instance=srv-daqp02flot8c73ffv6eg-w4zf9
2026-10-02 08:27:16,562 INFO [v33] RE-ENTER SDEV 104 @ 4.8900 = $509 | stop 4.8600 (0.61% away) | back above the 4.8700 that threw us out  || resource=srv-daqp02flot8c73ffv6eg instance=srv-daqp02flot8c73ffv6eg-w4zf9
2026-10-02 08:27:18,259 CRITICAL [v33] SDEV STILL HOLDING 31 share(s) after 8 chase attempts - the exit did not complete. This position is unprotected until the next pass.  || resource=srv-daqp02flot8c73ffv6eg instance=srv-daqp02flot8c73ffv6eg-w4zf9
2026-10-02 08:27:18,259 INFO [v33] EXIT half-back SDEV 104 @ 4.9100 | entry 4.8900 peak 4.9300 stop 4.9100 | held 2s | P/L +2.08 (+0.41% of the trade, +0.01% of the account)  || resource=srv-daqp02flot8c73ffv6eg instance=srv-daqp02flot8c73ffv6eg-w4zf9
2026-10-02 08:27:19,774 INFO [v33] RE-ENTER SDEV 124 @ 4.9300 = $611 | stop 4.9000 (0.61% away) | back above the 4.9100 that threw us out  || resource=srv-daqp02flot8c73ffv6eg instance=srv-daqp02flot8c73ffv6eg-w4zf9
2026-10-02 08:27:20,846 CRITICAL [v33] SDEV STILL HOLDING 31 share(s) after 8 chase attempts - the exit did not complete. This position is unprotected until the next pass.  || resource=srv-daqp02flot8c73ffv6eg instance=srv-daqp02flot8c73ffv6eg-w4zf9
2026-10-02 08:27:20,920 INFO [v33] EXIT half-back SDEV 124 @ 4.9450 | entry 4.9300 peak 4.9600 stop 4.9450 | held 1s | P/L +1.86 (+0.30% of the trade, +0.01% of the account)  || resource=srv-daqp02flot8c73ffv6eg instance=srv-daqp02flot8c73ffv6eg-w4zf9
2026-10-02 08:27:22,438 INFO [v33] RE-ENTER SDEV 96 @ 4.9700 = $477 | stop 4.9350 (0.70% away) | back above the 4.9450 that threw us out  || resource=srv-daqp02flot8c73ffv6eg instance=srv-daqp02flot8c73ffv6eg-w4zf9
2026-10-02 08:27:25,011 CRITICAL [v33] SDEV STILL HOLDING 52 share(s) after 8 chase attempts - the exit did not complete. This position is unprotected until the next pass.  || resource=srv-daqp02flot8c73ffv6eg instance=srv-daqp02flot8c73ffv6eg-w4zf9
2026-10-02 08:27:25,011 INFO [v33] EXIT half-back SDEV 96 @ 4.9700 | entry 4.9700 peak 4.9800 stop 4.9750 | held 3s | P/L +0.00 (+0.00% of the trade, +0.00% of the account)  || resource=srv-daqp02flot8c73ffv6eg instance=srv-daqp02flot8c73ffv6eg-w4zf9
2026-10-02 08:27:48,266 INFO [v33] EXIT half-back SDEV 52 @ 4.8600 | entry 4.9699 peak 4.9699 stop 4.9599 | held 26s | P/L -5.72 (-2.21% of the trade, -0.02% of the account)  || resource=srv-daqp02flot8c73ffv6eg instance=srv-daqp02flot8c73ffv6eg-w4zf9
2026-10-02 08:28:17,030 INFO [v33] RE-ENTER SDEV 96 @ 4.8800 = $468 | stop 4.8500 (0.61% away) | back above the 4.8600 that threw us out  || resource=srv-daqp02flot8c73ffv6eg instance=srv-daqp02flot8c73ffv6eg-w4zf9
2026-10-02 08:28:31,823 INFO [v33] EXIT half-back SDEV 96 @ 4.9200 | entry 4.8800 peak 4.9750 stop 4.9275 | held 15s | P/L +3.84 (+0.82% of the trade, +0.02% of the account)  || resource=srv-daqp02flot8c73ffv6eg instance=srv-daqp02flot8c73ffv6eg-w4zf9
2026-10-02 08:28:32,546 INFO [v33] RE-ENTER SDEV 95 @ 4.9400 = $469 | stop 4.9100 (0.61% away) | back above the 4.9200 that threw us out  || resource=srv-daqp02flot8c73ffv6eg instance=srv-daqp02flot8c73ffv6eg-w4zf9
2026-10-02 08:28:34,926 INFO [v33] EXIT half-back SDEV 95 @ 4.9400 | entry 4.9400 peak 4.9500 stop 4.9450 | held 2s | P/L +0.00 (+0.00% of the trade, +0.00% of the account)  || resource=srv-daqp02flot8c73ffv6eg instance=srv-daqp02flot8c73ffv6eg-w4zf9
2026-10-02 08:28:45,655 INFO [v33] RE-ENTER SDEV 94 @ 4.9600 = $466 | stop 4.9300 (0.60% away) | back above the 4.9400 that threw us out  || resource=srv-daqp02flot8c73ffv6eg instance=srv-daqp02flot8c73ffv6eg-w4zf9
2026-10-02 08:28:51,154 INFO [v33] EXIT half-back SDEV 94 @ 4.9605 | entry 4.9600 peak 4.9750 stop 4.9675 | held 5s | P/L +0.05 (+0.01% of the trade, +0.00% of the account)  || resource=srv-daqp02flot8c73ffv6eg instance=srv-daqp02flot8c73ffv6eg-w4zf9
2026-10-02 08:28:52,286 INFO [v33] RE-ENTER SDEV 94 @ 4.9895 = $469 | stop 4.9505 (0.78% away) | back above the 4.9605 that threw us out  || resource=srv-daqp02flot8c73ffv6eg instance=srv-daqp02flot8c73ffv6eg-w4zf9
2026-10-02 08:28:55,017 INFO [v33] EXIT half-back SDEV 94 @ 4.9895 | entry 4.9895 peak 4.9900 stop 4.9897 | held 3s | P/L +0.00 (+0.00% of the trade, +0.00% of the account)  || resource=srv-daqp02flot8c73ffv6eg instance=srv-daqp02flot8c73ffv6eg-w4zf9
2026-10-02 08:28:57,399 INFO [v33] RE-ENTER SDEV 125 @ 5.0100 = $626 | stop 4.9795 (0.61% away) | back above the 4.9895 that threw us out  || resource=srv-daqp02flot8c73ffv6eg instance=srv-daqp02flot8c73ffv6eg-w4zf9
2026-10-02 08:29:00,928 CRITICAL [v33] SDEV STILL HOLDING 1 share(s) after 8 chase attempts - the exit did not complete. This position is unprotected until the next pass.  || resource=srv-daqp02flot8c73ffv6eg instance=srv-daqp02flot8c73ffv6eg-w4zf9
2026-10-02 08:29:01,003 INFO [v33] EXIT half-back SDEV 125 @ 5.0100 | entry 5.0100 peak 5.0200 stop 5.0150 | held 4s | P/L +0.00 (+0.00% of the trade, +0.00% of the account)  || resource=srv-daqp02flot8c73ffv6eg instance=srv-daqp02flot8c73ffv6eg-w4zf9
2026-10-02 08:29:13,910 INFO [v33] EXIT half-back GOW 208 @ 3.3200 | entry 3.3400 peak 3.3500 stop 3.3450 | held 262s | P/L -4.16 (-0.60% of the trade, -0.02% of the account)  || resource=srv-daqp02flot8c73ffv6eg instance=srv-daqp02flot8c73ffv6eg-w4zf9
2026-10-02 08:29:49,423 INFO [v33] EXIT half-back SDEV 1 @ 4.9200 | entry 4.9749 peak 4.9749 stop 4.9649 | held 52s | P/L -0.05 (-1.10% of the trade, -0.00% of the account)  || resource=srv-daqp02flot8c73ffv6eg instance=srv-daqp02flot8c73ffv6eg-w4zf9
2026-10-02 08:29:50,922 INFO [v33] RE-ENTER SDEV 138 @ 4.9400 = $682 | stop 4.9100 (0.61% away) | back above the 4.9200 that threw us out  || resource=srv-daqp02flot8c73ffv6eg instance=srv-daqp02flot8c73ffv6eg-w4zf9
2026-10-02 08:29:57,378 CRITICAL [v33] SDEV STILL HOLDING 5 share(s) after 8 chase attempts - the exit did not complete. This position is unprotected until the next pass.  || resource=srv-daqp02flot8c73ffv6eg instance=srv-daqp02flot8c73ffv6eg-w4zf9
2026-10-02 08:29:57,452 INFO [v33] EXIT half-back SDEV 138 @ 4.9405 | entry 4.9400 peak 4.9500 stop 4.9450 | held 6s | P/L +0.07 (+0.01% of the trade, +0.00% of the account)  || resource=srv-daqp02flot8c73ffv6eg instance=srv-daqp02flot8c73ffv6eg-w4zf9
2026-10-02 08:29:58,449 INFO [v33] RE-ENTER SDEV 94 @ 4.9696 = $467 | stop 4.9305 (0.79% away) | back above the 4.9405 that threw us out  || resource=srv-daqp02flot8c73ffv6eg instance=srv-daqp02flot8c73ffv6eg-w4zf9
2026-10-02 08:30:02,227 CRITICAL [v33] SDEV STILL HOLDING 5 share(s) after 8 chase attempts - the exit did not complete. This position is unprotected until the next pass.  || resource=srv-daqp02flot8c73ffv6eg instance=srv-daqp02flot8c73ffv6eg-w4zf9
2026-10-02 08:30:02,227 INFO [v33] EXIT half-back SDEV 94 @ 4.9700 | entry 4.9696 peak 4.9800 stop 4.9748 | held 4s | P/L +0.04 (+0.01% of the trade, +0.00% of the account)  || resource=srv-daqp02flot8c73ffv6eg instance=srv-daqp02flot8c73ffv6eg-w4zf9
2026-10-02 08:30:03,837 INFO [v33] RE-ENTER SDEV 168 @ 4.9900 = $838 | stop 4.9600 (0.60% away) | back above the 4.9700 that threw us out  || resource=srv-daqp02flot8c73ffv6eg instance=srv-daqp02flot8c73ffv6eg-w4zf9
2026-10-02 08:30:06,176 CRITICAL [v33] SDEV STILL HOLDING 5 share(s) after 8 chase attempts - the exit did not complete. This position is unprotected until the next pass.  || resource=srv-daqp02flot8c73ffv6eg instance=srv-daqp02flot8c73ffv6eg-w4zf9
2026-10-02 08:30:06,270 INFO [v33] EXIT half-back SDEV 168 @ 4.9900 | entry 4.9900 peak 5.0100 stop 5.0000 | held 2s | P/L +0.00 (+0.00% of the trade, +0.00% of the account)  || resource=srv-daqp02flot8c73ffv6eg instance=srv-daqp02flot8c73ffv6eg-w4zf9
2026-10-02 08:30:13,318 INFO [v33] EXIT dead-tape EPSM 335 @ 1.2700 | entry 1.4000 peak 1.4000 stop 1.2500 | held 1537s | P/L -43.55 (-9.29% of the trade, -0.19% of the account)  || resource=srv-daqp02flot8c73ffv6eg instance=srv-daqp02flot8c73ffv6eg-w4zf9
2026-10-02 08:30:13,930 INFO [v33] RE-ENTER AIXI 361 @ 1.3000 = $469 | stop 1.2600 (3.08% away) | back above the 1.2700 that threw us out  || resource=srv-daqp02flot8c73ffv6eg instance=srv-daqp02flot8c73ffv6eg-w4zf9
2026-10-02 08:30:40,180 INFO [v33] EXIT half-back AIXI 361 @ 1.2600 | entry 1.3000 peak 1.3000 stop 1.2600 | held 26s | P/L -14.44 (-3.08% of the trade, -0.06% of the account)  || resource=srv-daqp02flot8c73ffv6eg instance=srv-daqp02flot8c73ffv6eg-w4zf9
2026-10-02 08:30:45,720 INFO [v32] EXIT dead-tape ONG 55 @ 5.4800 | entry 5.4800 peak 5.4800 stop 5.4000 | held 623s | P/L +0.00 (+0.00% of the trade, +0.00% of the account)  || resource=srv-daqp02flot8c73ffv6eg instance=srv-daqp02flot8c73ffv6eg-w4zf9
2026-10-02 08:30:49,414 INFO [v33] EXIT dead-tape ONG 153 @ 5.4800 | entry 5.4800 peak 5.4800 stop 5.4300 | held 624s | P/L +0.00 (+0.00% of the trade, +0.00% of the account)  || resource=srv-daqp02flot8c73ffv6eg instance=srv-daqp02flot8c73ffv6eg-w4zf9
2026-10-02 08:30:49,453 INFO [v33] EXIT half-back SDEV 5 @ 4.9300 | entry 4.9792 peak 4.9792 stop 4.9692 | held 46s | P/L -0.25 (-0.99% of the trade, -0.00% of the account)  || resource=srv-daqp02flot8c73ffv6eg instance=srv-daqp02flot8c73ffv6eg-w4zf9
2026-10-02 08:31:05,743 INFO [v33] RE-ENTER SDEV 125 @ 4.9500 = $619 | stop 4.9200 (0.61% away) | back above the 4.9300 that threw us out  || resource=srv-daqp02flot8c73ffv6eg instance=srv-daqp02flot8c73ffv6eg-w4zf9
2026-10-02 08:31:08,510 INFO [v33] EXIT half-back SDEV 125 @ 4.9500 | entry 4.9500 peak 4.9550 stop 4.9525 | held 3s | P/L +0.00 (+0.00% of the trade, +0.00% of the account)  || resource=srv-daqp02flot8c73ffv6eg instance=srv-daqp02flot8c73ffv6eg-w4zf9
2026-10-02 08:31:09,516 INFO [v33] RE-ENTER SDEV 94 @ 4.9700 = $467 | stop 4.9400 (0.60% away) | back above the 4.9500 that threw us out  || resource=srv-daqp02flot8c73ffv6eg instance=srv-daqp02flot8c73ffv6eg-w4zf9
2026-10-02 08:31:14,888 INFO [v33] EXIT half-back SDEV 94 @ 4.9900 | entry 4.9700 peak 5.0100 stop 4.9900 | held 5s | P/L +1.88 (+0.40% of the trade, +0.01% of the account)  || resource=srv-daqp02flot8c73ffv6eg instance=srv-daqp02flot8c73ffv6eg-w4zf9
2026-10-02 08:31:16,454 INFO [v33] RE-ENTER GOW 171 @ 3.3400 = $571 | stop 3.3100 (0.90% away) | back above the 3.3200 that threw us out  || resource=srv-daqp02flot8c73ffv6eg instance=srv-daqp02flot8c73ffv6eg-w4zf9
2026-10-02 08:31:48,468 INFO [v33] RE-ENTER SSM 228 @ 2.4200 = $552 | stop 2.3805 (1.63% away) | back above the 2.3905 that threw us out  || resource=srv-daqp02flot8c73ffv6eg instance=srv-daqp02flot8c73ffv6eg-w4zf9
2026-10-02 08:32:05,620 INFO [v33] ENTER CMCT 137 @ 3.9600 = $543 | stop 3.8600 (2.53% away) | first entry, stop from the bid  || resource=srv-daqp02flot8c73ffv6eg instance=srv-daqp02flot8c73ffv6eg-w4zf9
2026-10-02 08:32:16,661 CRITICAL [v33] SSM STILL HOLDING 22 share(s) after 8 chase attempts - the exit did not complete. This position is unprotected until the next pass.  || resource=srv-daqp02flot8c73ffv6eg instance=srv-daqp02flot8c73ffv6eg-w4zf9
2026-10-02 08:32:16,734 INFO [v33] EXIT half-back SSM 228 @ 2.4500 | entry 2.4200 peak 2.4800 stop 2.4500 | held 28s | P/L +6.84 (+1.24% of the trade, +0.03% of the account)  || resource=srv-daqp02flot8c73ffv6eg instance=srv-daqp02flot8c73ffv6eg-w4zf9
2026-10-02 08:32:17,823 INFO [v33] RE-ENTER SSM 189 @ 2.4800 = $469 | stop 2.4400 (1.61% away) | back above the 2.4500 that threw us out  || resource=srv-daqp02flot8c73ffv6eg instance=srv-daqp02flot8c73ffv6eg-w4zf9
2026-10-02 08:32:28,296 INFO [v33] EXIT half-back GOW 171 @ 3.3400 | entry 3.3400 peak 3.3500 stop 3.3450 | held 72s | P/L +0.00 (+0.00% of the trade, +0.00% of the account)  || resource=srv-daqp02flot8c73ffv6eg instance=srv-daqp02flot8c73ffv6eg-w4zf9
2026-10-02 08:32:30,577 INFO [v33] RE-ENTER SDEV 142 @ 5.0100 = $711 | stop 4.9800 (0.60% away) | back above the 4.9900 that threw us out  || resource=srv-daqp02flot8c73ffv6eg instance=srv-daqp02flot8c73ffv6eg-w4zf9
2026-10-02 08:32:33,781 CRITICAL [v33] SDEV STILL HOLDING 26 share(s) after 8 chase attempts - the exit did not complete. This position is unprotected until the next pass.  || resource=srv-daqp02flot8c73ffv6eg instance=srv-daqp02flot8c73ffv6eg-w4zf9
2026-10-02 08:32:33,855 INFO [v33] EXIT half-back SDEV 142 @ 5.0200 | entry 5.0100 peak 5.0400 stop 5.0250 | held 3s | P/L +1.42 (+0.20% of the trade, +0.01% of the account)  || resource=srv-daqp02flot8c73ffv6eg instance=srv-daqp02flot8c73ffv6eg-w4zf9
2026-10-02 08:32:35,411 INFO [v33] RE-ENTER SDEV 105 @ 5.0400 = $529 | stop 5.0100 (0.60% away) | back above the 5.0200 that threw us out  || resource=srv-daqp02flot8c73ffv6eg instance=srv-daqp02flot8c73ffv6eg-w4zf9
2026-10-02 08:32:37,478 CRITICAL [v33] SDEV STILL HOLDING 26 share(s) after 8 chase attempts - the exit did not complete. This position is unprotected until the next pass.  || resource=srv-daqp02flot8c73ffv6eg instance=srv-daqp02flot8c73ffv6eg-w4zf9
2026-10-02 08:32:37,478 INFO [v33] EXIT half-back SDEV 105 @ 5.0500 | entry 5.0400 peak 5.0600 stop 5.0500 | held 2s | P/L +1.05 (+0.20% of the trade, +0.00% of the account)  || resource=srv-daqp02flot8c73ffv6eg instance=srv-daqp02flot8c73ffv6eg-w4zf9
2026-10-02 08:32:39,007 INFO [v33] RE-ENTER SDEV 93 @ 5.0700 = $472 | stop 5.0400 (0.59% away) | back above the 5.0500 that threw us out  || resource=srv-daqp02flot8c73ffv6eg instance=srv-daqp02flot8c73ffv6eg-w4zf9
2026-10-02 08:32:41,489 CRITICAL [v33] SDEV STILL HOLDING 31 share(s) after 8 chase attempts - the exit did not complete. This position is unprotected until the next pass.  || resource=srv-daqp02flot8c73ffv6eg instance=srv-daqp02flot8c73ffv6eg-w4zf9
2026-10-02 08:32:41,564 INFO [v33] EXIT half-back SDEV 93 @ 5.0400 | entry 5.0700 peak 5.0700 stop 5.0400 | held 2s | P/L -2.79 (-0.59% of the trade, -0.01% of the account)  || resource=srv-daqp02flot8c73ffv6eg instance=srv-daqp02flot8c73ffv6eg-w4zf9
2026-10-02 08:32:44,140 CRITICAL [v33] SSM STILL HOLDING 22 share(s) after 8 chase attempts - the exit did not complete. This position is unprotected until the next pass.  || resource=srv-daqp02flot8c73ffv6eg instance=srv-daqp02flot8c73ffv6eg-w4zf9
2026-10-02 08:32:44,140 INFO [v33] EXIT half-back SSM 189 @ 2.5100 | entry 2.4800 peak 2.5400 stop 2.5100 | held 26s | P/L +5.67 (+1.21% of the trade, +0.02% of the account)  || resource=srv-daqp02flot8c73ffv6eg instance=srv-daqp02flot8c73ffv6eg-w4zf9
2026-10-02 08:32:53,947 INFO [v33] EXIT half-back SDEV 31 @ 4.9150 | entry 4.9741 peak 4.9741 stop 4.9641 | held 15s | P/L -1.83 (-1.19% of the trade, -0.01% of the account)  || resource=srv-daqp02flot8c73ffv6eg instance=srv-daqp02flot8c73ffv6eg-w4zf9
2026-10-02 08:32:59,786 INFO [v33] EXIT half-back SSM 22 @ 2.4600 | entry 2.4748 peak 2.4748 stop 2.4648 | held 42s | P/L -0.33 (-0.60% of the trade, -0.00% of the account)  || resource=srv-daqp02flot8c73ffv6eg instance=srv-daqp02flot8c73ffv6eg-w4zf9
2026-10-02 08:33:00,955 INFO [v33] RE-ENTER SDEV 94 @ 4.9590 = $466 | stop 4.9050 (1.09% away) | back above the 4.9150 that threw us out  || resource=srv-daqp02flot8c73ffv6eg instance=srv-daqp02flot8c73ffv6eg-w4zf9
2026-10-02 08:33:04,091 INFO [v33] EXIT half-back SDEV 94 @ 4.9550 | entry 4.9590 peak 4.9600 stop 4.9595 | held 3s | P/L -0.38 (-0.08% of the trade, -0.00% of the account)  || resource=srv-daqp02flot8c73ffv6eg instance=srv-daqp02flot8c73ffv6eg-w4zf9
2026-10-02 08:33:06,101 INFO [v33] RE-ENTER AIXI 387 @ 1.3200 = $511 | stop 1.2500 (5.30% away) | back above the 1.2600 that threw us out  || resource=srv-daqp02flot8c73ffv6eg instance=srv-daqp02flot8c73ffv6eg-w4zf9
2026-10-02 08:33:09,175 INFO [v33] RE-ENTER SDEV 146 @ 4.9800 = $727 | stop 4.9450 (0.70% away) | back above the 4.9550 that threw us out  || resource=srv-daqp02flot8c73ffv6eg instance=srv-daqp02flot8c73ffv6eg-w4zf9
2026-10-02 08:33:12,536 CRITICAL [v33] SDEV STILL HOLDING 2 share(s) after 8 chase attempts - the exit did not complete. This position is unprotected until the next pass.  || resource=srv-daqp02flot8c73ffv6eg instance=srv-daqp02flot8c73ffv6eg-w4zf9
2026-10-02 08:33:12,610 INFO [v33] EXIT half-back SDEV 146 @ 5.0000 | entry 4.9800 peak 5.0300 stop 5.0050 | held 3s | P/L +2.92 (+0.40% of the trade, +0.01% of the account)  || resource=srv-daqp02flot8c73ffv6eg instance=srv-daqp02flot8c73ffv6eg-w4zf9
2026-10-02 08:33:18,431 INFO [v33] RE-ENTER SSM 321 @ 2.4800 = $796 | stop 2.4500 (1.21% away) | back above the 2.4600 that threw us out  || resource=srv-daqp02flot8c73ffv6eg instance=srv-daqp02flot8c73ffv6eg-w4zf9
2026-10-02 08:33:23,910 INFO [v33] EXIT half-back AIXI 387 @ 1.3200 | entry 1.3200 peak 1.3300 stop 1.3250 | held 18s | P/L +0.00 (+0.00% of the trade, +0.00% of the account)  || resource=srv-daqp02flot8c73ffv6eg instance=srv-daqp02flot8c73ffv6eg-w4zf9
2026-10-02 08:33:25,251 INFO [v33] RE-ENTER AIXI 609 @ 1.3400 = $816 | stop 1.3100 (2.24% away) | back above the 1.3200 that threw us out  || resource=srv-daqp02flot8c73ffv6eg instance=srv-daqp02flot8c73ffv6eg-w4zf9
2026-10-02 08:33:28,891 CRITICAL [v33] SSM STILL HOLDING 26 share(s) after 8 chase attempts - the exit did not complete. This position is unprotected until the next pass.  || resource=srv-daqp02flot8c73ffv6eg instance=srv-daqp02flot8c73ffv6eg-w4zf9
2026-10-02 08:33:28,967 INFO [v33] EXIT half-back SSM 321 @ 2.4700 | entry 2.4800 peak 2.4900 stop 2.4850 | held 10s | P/L -3.21 (-0.40% of the trade, -0.01% of the account)  || resource=srv-daqp02flot8c73ffv6eg instance=srv-daqp02flot8c73ffv6eg-w4zf9
2026-10-02 08:33:30,748 INFO [v33] RE-ENTER SSM 227 @ 2.4900 = $565 | stop 2.4600 (1.20% away) | back above the 2.4700 that threw us out  || resource=srv-daqp02flot8c73ffv6eg instance=srv-daqp02flot8c73ffv6eg-w4zf9
2026-10-02 08:33:32,148 CRITICAL [v33] SSM STILL HOLDING 81 share(s) after 8 chase attempts - the exit did not complete. This position is unprotected until the next pass.  || resource=srv-daqp02flot8c73ffv6eg instance=srv-daqp02flot8c73ffv6eg-w4zf9
2026-10-02 08:33:32,148 INFO [v33] EXIT half-back SSM 227 @ 2.4540 | entry 2.4900 peak 2.4995 stop 2.4947 | held 1s | P/L -8.17 (-1.45% of the trade, -0.04% of the account)  || resource=srv-daqp02flot8c73ffv6eg instance=srv-daqp02flot8c73ffv6eg-w4zf9
2026-10-02 08:33:33,143 INFO [v33] RE-ENTER SSM 189 @ 2.4800 = $469 | stop 2.4440 (1.45% away) | back above the 2.4540 that threw us out  || resource=srv-daqp02flot8c73ffv6eg instance=srv-daqp02flot8c73ffv6eg-w4zf9
2026-10-02 08:33:36,070 CRITICAL [v33] SSM STILL HOLDING 81 share(s) after 8 chase attempts - the exit did not complete. This position is unprotected until the next pass.  || resource=srv-daqp02flot8c73ffv6eg instance=srv-daqp02flot8c73ffv6eg-w4zf9
2026-10-02 08:33:36,144 INFO [v33] EXIT half-back SSM 189 @ 2.4900 | entry 2.4800 peak 2.5000 stop 2.4900 | held 3s | P/L +1.89 (+0.40% of the trade, +0.01% of the account)  || resource=srv-daqp02flot8c73ffv6eg instance=srv-daqp02flot8c73ffv6eg-w4zf9
2026-10-02 08:33:50,245 INFO [v33] EXIT half-back SDEV 2 @ 4.9900 | entry 5.0009 peak 5.0009 stop 4.9909 | held 41s | P/L -0.02 (-0.22% of the trade, -0.00% of the account)  || resource=srv-daqp02flot8c73ffv6eg instance=srv-daqp02flot8c73ffv6eg-w4zf9
2026-10-02 08:33:53,239 INFO [v33] RE-ENTER SDEV 100 @ 5.0100 = $501 | stop 4.9800 (0.60% away) | back above the 4.9900 that threw us out  || resource=srv-daqp02flot8c73ffv6eg instance=srv-daqp02flot8c73ffv6eg-w4zf9
2026-10-02 08:33:55,573 CRITICAL [v33] SDEV STILL HOLDING 44 share(s) after 8 chase attempts - the exit did not complete. This position is unprotected until the next pass.  || resource=srv-daqp02flot8c73ffv6eg instance=srv-daqp02flot8c73ffv6eg-w4zf9
2026-10-02 08:33:55,649 INFO [v33] EXIT half-back SDEV 100 @ 5.0100 | entry 5.0100 peak 5.0150 stop 5.0125 | held 2s | P/L +0.00 (+0.00% of the trade, +0.00% of the account)  || resource=srv-daqp02flot8c73ffv6eg instance=srv-daqp02flot8c73ffv6eg-w4zf9
2026-10-02 08:33:56,688 INFO [v33] EXIT half-back SSM 81 @ 2.4700 | entry 2.4852 peak 2.4852 stop 2.4752 | held 24s | P/L -1.23 (-0.61% of the trade, -0.01% of the account)  || resource=srv-daqp02flot8c73ffv6eg instance=srv-daqp02flot8c73ffv6eg-w4zf9
2026-10-02 08:34:00,343 INFO [v33] RE-ENTER SSM 188 @ 2.4900 = $468 | stop 2.4600 (1.20% away) | back above the 2.4700 that threw us out  || resource=srv-daqp02flot8c73ffv6eg instance=srv-daqp02flot8c73ffv6eg-w4zf9
2026-10-02 08:34:08,705 INFO [v33] EXIT half-back SSM 188 @ 2.4600 | entry 2.4900 peak 2.4900 stop 2.4600 | held 8s | P/L -5.64 (-1.20% of the trade, -0.02% of the account)  || resource=srv-daqp02flot8c73ffv6eg instance=srv-daqp02flot8c73ffv6eg-w4zf9
2026-10-02 08:34:08,962 INFO [v32] EXIT stop AMOD 148 @ 2.0300 | entry 2.1200 peak 2.1200 stop 2.0300 | held 1270s | P/L -13.32 (-4.25% of the trade, -0.12% of the account)  || resource=srv-daqp02flot8c73ffv6eg instance=srv-daqp02flot8c73ffv6eg-w4zf9
2026-10-02 08:34:10,046 INFO [v32] ENTER NCT 143 @ 1.5376 = $220 | stop 1.4200 (7.65% away) | day level 1.5376, re-entry at 1.5576  || resource=srv-daqp02flot8c73ffv6eg instance=srv-daqp02flot8c73ffv6eg-w4zf9
2026-10-02 08:34:10,787 INFO [v33] ENTER NCT 510 @ 1.5376 = $784 | stop 1.4200 (7.65% away) | first entry, stop from the bid  || resource=srv-daqp02flot8c73ffv6eg instance=srv-daqp02flot8c73ffv6eg-w4zf9
2026-10-02 08:34:20,767 INFO [v33] EXIT half-back AIXI 649 @ 1.3100 | entry 1.3400 peak 1.3500 stop 1.3450 | held 55s | P/L -19.47 (-2.24% of the trade, -0.09% of the account)  || resource=srv-daqp02flot8c73ffv6eg instance=srv-daqp02flot8c73ffv6eg-w4zf9
2026-10-02 08:34:36,504 INFO [v33] RE-ENTER GOW 202 @ 3.3800 = $683 | stop 3.3300 (1.48% away) | back above the 3.3400 that threw us out  || resource=srv-daqp02flot8c73ffv6eg instance=srv-daqp02flot8c73ffv6eg-w4zf9
2026-10-02 08:34:52,256 INFO [v33] EXIT half-back SDEV 44 @ 4.9300 | entry 5.0073 peak 5.0073 stop 4.9973 | held 59s | P/L -3.40 (-1.54% of the trade, -0.01% of the account)  || resource=srv-daqp02flot8c73ffv6eg instance=srv-daqp02flot8c73ffv6eg-w4zf9
2026-10-02 08:35:03,559 INFO [v33] RE-ENTER SDEV 127 @ 4.9500 = $629 | stop 4.9200 (0.61% away) | back above the 4.9300 that threw us out  || resource=srv-daqp02flot8c73ffv6eg instance=srv-daqp02flot8c73ffv6eg-w4zf9
2026-10-02 08:35:05,435 INFO [v33] EXIT half-back SDEV 127 @ 4.9500 | entry 4.9500 peak 4.9600 stop 4.9550 | held 2s | P/L +0.00 (+0.00% of the trade, +0.00% of the account)  || resource=srv-daqp02flot8c73ffv6eg instance=srv-daqp02flot8c73ffv6eg-w4zf9
2026-10-02 08:35:07,461 INFO [v33] EXIT half-back GOW 212 @ 3.3800 | entry 3.3800 peak 3.3900 stop 3.3850 | held 31s | P/L +0.00 (+0.00% of the trade, +0.00% of the account)  || resource=srv-daqp02flot8c73ffv6eg instance=srv-daqp02flot8c73ffv6eg-w4zf9
2026-10-02 08:35:56,394 INFO [v33] RE-ENTER AIXI 560 @ 1.3400 = $750 | stop 1.3000 (2.99% away) | back above the 1.3100 that threw us out  || resource=srv-daqp02flot8c73ffv6eg instance=srv-daqp02flot8c73ffv6eg-w4zf9
2026-10-02 08:36:14,040 INFO [v33] EXIT half-back NCT 510 @ 1.5400 | entry 1.5376 peak 1.5500 stop 1.5438 | held 123s | P/L +1.22 (+0.16% of the trade, +0.01% of the account)  || resource=srv-daqp02flot8c73ffv6eg instance=srv-daqp02flot8c73ffv6eg-w4zf9
2026-10-02 08:36:53,856 INFO [v33] EXIT half-back AIXI 560 @ 1.2900 | entry 1.3400 peak 1.3500 stop 1.3450 | held 57s | P/L -28.00 (-3.73% of the trade, -0.12% of the account)  || resource=srv-daqp02flot8c73ffv6eg instance=srv-daqp02flot8c73ffv6eg-w4zf9
2026-10-02 08:36:54,651 INFO [v32] EXIT dead-tape CHWM 56 @ 6.7800 | entry 6.8800 peak 6.8800 stop 6.5000 | held 1134s | P/L -5.60 (-1.45% of the trade, -0.05% of the account)  || resource=srv-daqp02flot8c73ffv6eg instance=srv-daqp02flot8c73ffv6eg-w4zf9
2026-10-02 08:37:17,960 INFO [v33] RE-ENTER BTCT 510 @ 1.1600 = $592 | stop 1.1202 (3.43% away) | back above the 1.1302 that threw us out  || resource=srv-daqp02flot8c73ffv6eg instance=srv-daqp02flot8c73ffv6eg-w4zf9
2026-10-02 08:37:22,559 INFO [v33] EXIT half-back BTCT 510 @ 1.1650 | entry 1.1600 peak 1.1700 stop 1.1650 | held 5s | P/L +2.55 (+0.43% of the trade, +0.01% of the account)  || resource=srv-daqp02flot8c73ffv6eg instance=srv-daqp02flot8c73ffv6eg-w4zf9
2026-10-02 08:37:27,208 INFO [v33] EXIT dead-tape CHWM 68 @ 6.7800 | entry 6.8900 peak 6.8900 stop 6.3400 | held 1056s | P/L -7.48 (-1.60% of the trade, -0.03% of the account)  || resource=srv-daqp02flot8c73ffv6eg instance=srv-daqp02flot8c73ffv6eg-w4zf9
2026-10-02 08:37:30,144 INFO [v33] RE-ENTER SDEV 94 @ 4.9700 = $467 | stop 4.9400 (0.60% away) | back above the 4.9500 that threw us out  || resource=srv-daqp02flot8c73ffv6eg instance=srv-daqp02flot8c73ffv6eg-w4zf9
2026-10-02 08:37:47,508 INFO [v33] EXIT half-back SDEV 94 @ 4.9400 | entry 4.9700 peak 4.9700 stop 4.9400 | held 17s | P/L -2.82 (-0.60% of the trade, -0.01% of the account)  || resource=srv-daqp02flot8c73ffv6eg instance=srv-daqp02flot8c73ffv6eg-w4zf9
2026-10-02 08:37:48,499 INFO [v33] RE-ENTER SDEV 94 @ 4.9600 = $466 | stop 4.9300 (0.60% away) | back above the 4.9400 that threw us out  || resource=srv-daqp02flot8c73ffv6eg instance=srv-daqp02flot8c73ffv6eg-w4zf9
2026-10-02 08:37:49,460 INFO [v33] EXIT half-back SDEV 94 @ 4.9650 | entry 4.9600 peak 4.9700 stop 4.9650 | held 1s | P/L +0.47 (+0.10% of the trade, +0.00% of the account)  || resource=srv-daqp02flot8c73ffv6eg instance=srv-daqp02flot8c73ffv6eg-w4zf9
2026-10-02 08:37:51,262 INFO [v33] RE-ENTER SDEV 96 @ 4.9900 = $479 | stop 4.9550 (0.70% away) | back above the 4.9650 that threw us out  || resource=srv-daqp02flot8c73ffv6eg instance=srv-daqp02flot8c73ffv6eg-w4zf9
2026-10-02 08:38:23,836 CRITICAL [v33] SDEV STILL HOLDING 82 share(s) after 8 chase attempts - the exit did not complete. This position is unprotected until the next pass.  || resource=srv-daqp02flot8c73ffv6eg instance=srv-daqp02flot8c73ffv6eg-w4zf9
2026-10-02 08:38:23,912 INFO [v33] EXIT half-back SDEV 96 @ 4.9500 | entry 4.9900 peak 4.9900 stop 4.9550 | held 33s | P/L -3.84 (-0.80% of the trade, -0.02% of the account)  || resource=srv-daqp02flot8c73ffv6eg instance=srv-daqp02flot8c73ffv6eg-w4zf9
2026-10-02 08:38:27,547 INFO [v33] RE-ENTER SDEV 94 @ 4.9700 = $467 | stop 4.9400 (0.60% away) | back above the 4.9500 that threw us out  || resource=srv-daqp02flot8c73ffv6eg instance=srv-daqp02flot8c73ffv6eg-w4zf9
2026-10-02 08:38:30,112 CRITICAL [v33] SDEV STILL HOLDING 82 share(s) after 8 chase attempts - the exit did not complete. This position is unprotected until the next pass.  || resource=srv-daqp02flot8c73ffv6eg instance=srv-daqp02flot8c73ffv6eg-w4zf9
2026-10-02 08:38:30,186 INFO [v33] EXIT half-back SDEV 94 @ 5.0000 | entry 4.9700 peak 5.0500 stop 5.0100 | held 3s | P/L +2.82 (+0.60% of the trade, +0.01% of the account)  || resource=srv-daqp02flot8c73ffv6eg instance=srv-daqp02flot8c73ffv6eg-w4zf9
2026-10-02 08:38:31,809 INFO [v33] RE-ENTER SDEV 97 @ 5.0200 = $487 | stop 4.9900 (0.60% away) | back above the 5.0000 that threw us out  || resource=srv-daqp02flot8c73ffv6eg instance=srv-daqp02flot8c73ffv6eg-w4zf9
2026-10-02 08:38:32,986 CRITICAL [v33] SDEV STILL HOLDING 82 share(s) after 8 chase attempts - the exit did not complete. This position is unprotected until the next pass.  || resource=srv-daqp02flot8c73ffv6eg instance=srv-daqp02flot8c73ffv6eg-w4zf9
2026-10-02 08:38:32,986 INFO [v33] EXIT half-back SDEV 97 @ 5.0200 | entry 5.0200 peak 5.0300 stop 5.0250 | held 1s | P/L +0.00 (+0.00% of the trade, +0.00% of the account)  || resource=srv-daqp02flot8c73ffv6eg instance=srv-daqp02flot8c73ffv6eg-w4zf9
2026-10-02 08:38:33,990 INFO [v33] RE-ENTER SDEV 93 @ 5.0400 = $469 | stop 5.0100 (0.60% away) | back above the 5.0200 that threw us out  || resource=srv-daqp02flot8c73ffv6eg instance=srv-daqp02flot8c73ffv6eg-w4zf9
2026-10-02 08:38:38,831 CRITICAL [v33] SDEV STILL HOLDING 82 share(s) after 8 chase attempts - the exit did not complete. This position is unprotected until the next pass.  || resource=srv-daqp02flot8c73ffv6eg instance=srv-daqp02flot8c73ffv6eg-w4zf9
2026-10-02 08:38:38,907 INFO [v33] EXIT half-back SDEV 93 @ 5.0406 | entry 5.0400 peak 5.0500 stop 5.0450 | held 5s | P/L +0.06 (+0.01% of the trade, +0.00% of the account)  || resource=srv-daqp02flot8c73ffv6eg instance=srv-daqp02flot8c73ffv6eg-w4zf9
2026-10-02 08:38:39,919 INFO [v33] RE-ENTER SDEV 92 @ 5.0650 = $466 | stop 5.0306 (0.68% away) | back above the 5.0406 that threw us out  || resource=srv-daqp02flot8c73ffv6eg instance=srv-daqp02flot8c73ffv6eg-w4zf9
2026-10-02 08:38:41,376 CRITICAL [v33] SDEV STILL HOLDING 82 share(s) after 8 chase attempts - the exit did not complete. This position is unprotected until the next pass.  || resource=srv-daqp02flot8c73ffv6eg instance=srv-daqp02flot8c73ffv6eg-w4zf9
2026-10-02 08:38:41,376 INFO [v33] EXIT half-back SDEV 92 @ 5.0700 | entry 5.0650 peak 5.0800 stop 5.0725 | held 1s | P/L +0.46 (+0.10% of the trade, +0.00% of the account)  || resource=srv-daqp02flot8c73ffv6eg instance=srv-daqp02flot8c73ffv6eg-w4zf9
2026-10-02 08:38:43,255 INFO [v33] RE-ENTER SDEV 132 @ 5.0900 = $672 | stop 5.0600 (0.59% away) | back above the 5.0700 that threw us out  || resource=srv-daqp02flot8c73ffv6eg instance=srv-daqp02flot8c73ffv6eg-w4zf9
2026-10-02 08:38:44,690 CRITICAL [v33] SDEV STILL HOLDING 109 share(s) after 8 chase attempts - the exit did not complete. This position is unprotected until the next pass.  || resource=srv-daqp02flot8c73ffv6eg instance=srv-daqp02flot8c73ffv6eg-w4zf9
2026-10-02 08:38:44,764 INFO [v33] EXIT half-back SDEV 132 @ 5.0905 | entry 5.0900 peak 5.1000 stop 5.0950 | held 1s | P/L +0.07 (+0.01% of the trade, +0.00% of the account)  || resource=srv-daqp02flot8c73ffv6eg instance=srv-daqp02flot8c73ffv6eg-w4zf9
2026-10-02 08:38:46,323 INFO [v33] RE-ENTER SDEV 108 @ 5.1195 = $553 | stop 5.0805 (0.76% away) | back above the 5.0905 that threw us out  || resource=srv-daqp02flot8c73ffv6eg instance=srv-daqp02flot8c73ffv6eg-w4zf9
2026-10-02 08:38:47,562 CRITICAL [v33] SDEV STILL HOLDING 109 share(s) after 8 chase attempts - the exit did not complete. This position is unprotected until the next pass.  || resource=srv-daqp02flot8c73ffv6eg instance=srv-daqp02flot8c73ffv6eg-w4zf9
2026-10-02 08:38:47,562 INFO [v33] EXIT half-back SDEV 108 @ 5.1194 | entry 5.1195 peak 5.1200 stop 5.1197 | held 1s | P/L -0.01 (-0.00% of the trade, -0.00% of the account)  || resource=srv-daqp02flot8c73ffv6eg instance=srv-daqp02flot8c73ffv6eg-w4zf9
2026-10-02 08:38:53,710 INFO [v33] EXIT half-back SDEV 109 @ 5.0904 | entry 5.1073 peak 5.1073 stop 5.0973 | held 7s | P/L -1.84 (-0.33% of the trade, -0.01% of the account)  || resource=srv-daqp02flot8c73ffv6eg instance=srv-daqp02flot8c73ffv6eg-w4zf9
2026-10-02 08:39:23,741 INFO [v33] RE-ENTER SDEV 108 @ 5.1200 = $553 | stop 5.0804 (0.77% away) | back above the 5.0904 that threw us out  || resource=srv-daqp02flot8c73ffv6eg instance=srv-daqp02flot8c73ffv6eg-w4zf9
2026-10-02 08:39:26,649 CRITICAL [v33] SDEV STILL HOLDING 11 share(s) after 8 chase attempts - the exit did not complete. This position is unprotected until the next pass.  || resource=srv-daqp02flot8c73ffv6eg instance=srv-daqp02flot8c73ffv6eg-w4zf9
2026-10-02 08:39:26,649 INFO [v33] EXIT half-back SDEV 108 @ 5.1300 | entry 5.1200 peak 5.1400 stop 5.1300 | held 3s | P/L +1.08 (+0.20% of the trade, +0.00% of the account)  || resource=srv-daqp02flot8c73ffv6eg instance=srv-daqp02flot8c73ffv6eg-w4zf9
2026-10-02 08:39:27,372 INFO [v33] RE-ENTER SDEV 91 @ 5.1500 = $469 | stop 5.1200 (0.58% away) | back above the 5.1300 that threw us out  || resource=srv-daqp02flot8c73ffv6eg instance=srv-daqp02flot8c73ffv6eg-w4zf9
2026-10-02 08:39:28,684 CRITICAL [v33] SDEV STILL HOLDING 11 share(s) after 8 chase attempts - the exit did not complete. This position is unprotected until the next pass.  || resource=srv-daqp02flot8c73ffv6eg instance=srv-daqp02flot8c73ffv6eg-w4zf9
2026-10-02 08:39:28,684 INFO [v33] EXIT half-back SDEV 91 @ 5.1600 | entry 5.1500 peak 5.1800 stop 5.1650 | held 1s | P/L +0.91 (+0.19% of the trade, +0.00% of the account)  || resource=srv-daqp02flot8c73ffv6eg instance=srv-daqp02flot8c73ffv6eg-w4zf9
2026-10-02 08:39:30,193 INFO [v33] RE-ENTER SDEV 128 @ 5.1800 = $663 | stop 5.1500 (0.58% away) | back above the 5.1600 that threw us out  || resource=srv-daqp02flot8c73ffv6eg instance=srv-daqp02flot8c73ffv6eg-w4zf9
2026-10-02 08:39:31,701 CRITICAL [v33] SDEV STILL HOLDING 11 share(s) after 8 chase attempts - the exit did not complete. This position is unprotected until the next pass.  || resource=srv-daqp02flot8c73ffv6eg instance=srv-daqp02flot8c73ffv6eg-w4zf9
2026-10-02 08:39:31,776 INFO [v33] EXIT half-back SDEV 128 @ 5.2000 | entry 5.1800 peak 5.2300 stop 5.2050 | held 2s | P/L +2.56 (+0.39% of the trade, +0.01% of the account)  || resource=srv-daqp02flot8c73ffv6eg instance=srv-daqp02flot8c73ffv6eg-w4zf9
2026-10-02 08:39:33,311 INFO [v33] RE-ENTER SDEV 94 @ 5.2200 = $491 | stop 5.1900 (0.57% away) | back above the 5.2000 that threw us out  || resource=srv-daqp02flot8c73ffv6eg instance=srv-daqp02flot8c73ffv6eg-w4zf9
2026-10-02 08:39:34,783 CRITICAL [v33] SDEV STILL HOLDING 31 share(s) after 8 chase attempts - the exit did not complete. This position is unprotected until the next pass.  || resource=srv-daqp02flot8c73ffv6eg instance=srv-daqp02flot8c73ffv6eg-w4zf9
2026-10-02 08:39:34,783 INFO [v33] EXIT half-back SDEV 94 @ 5.2105 | entry 5.2200 peak 5.2300 stop 5.2250 | held 1s | P/L -0.89 (-0.18% of the trade, -0.00% of the account)  || resource=srv-daqp02flot8c73ffv6eg instance=srv-daqp02flot8c73ffv6eg-w4zf9
2026-10-02 08:39:37,561 INFO [v33] RE-ENTER SDEV 90 @ 5.2400 = $472 | stop 5.2005 (0.75% away) | back above the 5.2105 that threw us out  || resource=srv-daqp02flot8c73ffv6eg instance=srv-daqp02flot8c73ffv6eg-w4zf9
2026-10-02 08:39:39,418 CRITICAL [v33] SDEV STILL HOLDING 33 share(s) after 8 chase attempts - the exit did not complete. This position is unprotected until the next pass.  || resource=srv-daqp02flot8c73ffv6eg instance=srv-daqp02flot8c73ffv6eg-w4zf9
2026-10-02 08:39:39,492 INFO [v33] EXIT half-back SDEV 90 @ 5.2405 | entry 5.2400 peak 5.2500 stop 5.2450 | held 2s | P/L +0.04 (+0.01% of the trade, +0.00% of the account)  || resource=srv-daqp02flot8c73ffv6eg instance=srv-daqp02flot8c73ffv6eg-w4zf9
2026-10-02 08:40:08,139 INFO [v33] EXIT half-back SDEV 33 @ 5.1900 | entry 5.1443 peak 5.2450 stop 5.1947 | held 31s | P/L +1.51 (+0.89% of the trade, +0.01% of the account)  || resource=srv-daqp02flot8c73ffv6eg instance=srv-daqp02flot8c73ffv6eg-w4zf9
2026-10-02 08:40:18,601 INFO [v33] RE-ENTER SDEV 90 @ 5.2100 = $469 | stop 5.1800 (0.58% away) | back above the 5.1900 that threw us out  || resource=srv-daqp02flot8c73ffv6eg instance=srv-daqp02flot8c73ffv6eg-w4zf9
2026-10-02 08:40:31,732 CRITICAL [v33] SDEV STILL HOLDING 19 share(s) after 8 chase attempts - the exit did not complete. This position is unprotected until the next pass.  || resource=srv-daqp02flot8c73ffv6eg instance=srv-daqp02flot8c73ffv6eg-w4zf9
2026-10-02 08:40:31,732 INFO [v33] EXIT half-back SDEV 90 @ 5.1800 | entry 5.2100 peak 5.2100 stop 5.1800 | held 13s | P/L -2.70 (-0.58% of the trade, -0.01% of the account)  || resource=srv-daqp02flot8c73ffv6eg instance=srv-daqp02flot8c73ffv6eg-w4zf9
2026-10-02 08:40:52,929 INFO [v33] EXIT half-back SDEV 19 @ 5.2000 | entry 5.2100 peak 5.2100 stop 5.2000 | held 34s | P/L -0.19 (-0.19% of the trade, -0.00% of the account)  || resource=srv-daqp02flot8c73ffv6eg instance=srv-daqp02flot8c73ffv6eg-w4zf9
2026-10-02 08:41:26,129 INFO [v33] RE-ENTER SDEV 153 @ 5.2200 = $799 | stop 5.1900 (0.57% away) | back above the 5.2000 that threw us out  || resource=srv-daqp02flot8c73ffv6eg instance=srv-daqp02flot8c73ffv6eg-w4zf9
2026-10-02 08:41:29,246 INFO [v33] EXIT half-back SDEV 153 @ 5.2400 | entry 5.2200 peak 5.2600 stop 5.2400 | held 3s | P/L +3.06 (+0.38% of the trade, +0.01% of the account)  || resource=srv-daqp02flot8c73ffv6eg instance=srv-daqp02flot8c73ffv6eg-w4zf9
2026-10-02 08:41:50,026 INFO [v33] RE-ENTER SDEV 90 @ 5.2600 = $473 | stop 5.2300 (0.57% away) | back above the 5.2400 that threw us out  || resource=srv-daqp02flot8c73ffv6eg instance=srv-daqp02flot8c73ffv6eg-w4zf9
2026-10-02 08:41:51,897 CRITICAL [v33] SDEV STILL HOLDING 3 share(s) after 8 chase attempts - the exit did not complete. This position is unprotected until the next pass.  || resource=srv-daqp02flot8c73ffv6eg instance=srv-daqp02flot8c73ffv6eg-w4zf9
2026-10-02 08:41:51,972 INFO [v33] EXIT half-back SDEV 90 @ 5.2700 | entry 5.2600 peak 5.2800 stop 5.2700 | held 2s | P/L +0.90 (+0.19% of the trade, +0.00% of the account)  || resource=srv-daqp02flot8c73ffv6eg instance=srv-daqp02flot8c73ffv6eg-w4zf9
2026-10-02 08:41:53,552 INFO [v33] EXIT half-back SDEV 3 @ 5.2600 | entry 5.2600 peak 5.2800 stop 5.2700 | held 4s | P/L +0.00 (+0.00% of the trade, +0.00% of the account)  || resource=srv-daqp02flot8c73ffv6eg instance=srv-daqp02flot8c73ffv6eg-w4zf9
2026-10-02 08:43:43,845 INFO [v33] RE-ENTER SDEV 88 @ 5.2800 = $465 | stop 5.2500 (0.57% away) | back above the 5.2600 that threw us out  || resource=srv-daqp02flot8c73ffv6eg instance=srv-daqp02flot8c73ffv6eg-w4zf9
2026-10-02 08:43:49,031 INFO [v33] EXIT half-back SDEV 88 @ 5.2900 | entry 5.2800 peak 5.3000 stop 5.2900 | held 5s | P/L +0.88 (+0.19% of the trade, +0.00% of the account)  || resource=srv-daqp02flot8c73ffv6eg instance=srv-daqp02flot8c73ffv6eg-w4zf9
2026-10-02 08:44:05,492 INFO [v33] ENTER CYPH 169 @ 3.2200 = $544 | stop 3.1700 (1.55% away) | first entry, stop from the bid  || resource=srv-daqp02flot8c73ffv6eg instance=srv-daqp02flot8c73ffv6eg-w4zf9
2026-10-02 08:44:05,562 INFO [v32] ENTER CYPH 69 @ 3.2200 = $222 | stop 3.1700 (1.55% away) | day level 3.2200, re-entry at 3.2400  || resource=srv-daqp02flot8c73ffv6eg instance=srv-daqp02flot8c73ffv6eg-w4zf9
2026-10-02 08:44:20,820 INFO [v33] RE-ENTER SDEV 88 @ 5.3100 = $467 | stop 5.2800 (0.56% away) | back above the 5.2900 that threw us out  || resource=srv-daqp02flot8c73ffv6eg instance=srv-daqp02flot8c73ffv6eg-w4zf9
2026-10-02 08:44:24,537 INFO [v33] EXIT half-back SDEV 88 @ 5.2800 | entry 5.3100 peak 5.3100 stop 5.2800 | held 4s | P/L -2.64 (-0.56% of the trade, -0.01% of the account)  || resource=srv-daqp02flot8c73ffv6eg instance=srv-daqp02flot8c73ffv6eg-w4zf9
2026-10-02 08:44:25,289 INFO [v33] RE-ENTER SDEV 88 @ 5.3000 = $466 | stop 5.2700 (0.57% away) | back above the 5.2800 that threw us out  || resource=srv-daqp02flot8c73ffv6eg instance=srv-daqp02flot8c73ffv6eg-w4zf9
2026-10-02 08:44:28,169 INFO [v33] EXIT half-back SDEV 88 @ 5.3100 | entry 5.3000 peak 5.3300 stop 5.3150 | held 3s | P/L +0.88 (+0.19% of the trade, +0.00% of the account)  || resource=srv-daqp02flot8c73ffv6eg instance=srv-daqp02flot8c73ffv6eg-w4zf9
2026-10-02 08:44:29,699 INFO [v33] RE-ENTER SDEV 89 @ 5.3300 = $474 | stop 5.3000 (0.56% away) | back above the 5.3100 that threw us out  || resource=srv-daqp02flot8c73ffv6eg instance=srv-daqp02flot8c73ffv6eg-w4zf9
2026-10-02 08:44:31,284 INFO [v33] EXIT half-back SDEV 89 @ 5.3000 | entry 5.3300 peak 5.3300 stop 5.3000 | held 2s | P/L -2.67 (-0.56% of the trade, -0.01% of the account)  || resource=srv-daqp02flot8c73ffv6eg instance=srv-daqp02flot8c73ffv6eg-w4zf9
2026-10-02 08:44:33,057 INFO [v33] RE-ENTER SDEV 108 @ 5.3200 = $575 | stop 5.2900 (0.56% away) | back above the 5.3000 that threw us out  || resource=srv-daqp02flot8c73ffv6eg instance=srv-daqp02flot8c73ffv6eg-w4zf9
2026-10-02 08:44:39,331 CRITICAL [v33] SDEV STILL HOLDING 8 share(s) after 8 chase attempts - the exit did not complete. This position is unprotected until the next pass.  || resource=srv-daqp02flot8c73ffv6eg instance=srv-daqp02flot8c73ffv6eg-w4zf9
2026-10-02 08:44:39,410 INFO [v33] EXIT half-back SDEV 108 @ 5.3206 | entry 5.3200 peak 5.3300 stop 5.3250 | held 6s | P/L +0.06 (+0.01% of the trade, +0.00% of the account)  || resource=srv-daqp02flot8c73ffv6eg instance=srv-daqp02flot8c73ffv6eg-w4zf9
2026-10-02 08:44:40,763 INFO [v33] RE-ENTER SDEV 149 @ 5.3500 = $797 | stop 5.3106 (0.74% away) | back above the 5.3206 that threw us out  || resource=srv-daqp02flot8c73ffv6eg instance=srv-daqp02flot8c73ffv6eg-w4zf9
2026-10-02 08:44:41,991 CRITICAL [v33] SDEV STILL HOLDING 8 share(s) after 8 chase attempts - the exit did not complete. This position is unprotected until the next pass.  || resource=srv-daqp02flot8c73ffv6eg instance=srv-daqp02flot8c73ffv6eg-w4zf9
2026-10-02 08:44:41,991 INFO [v33] EXIT half-back SDEV 149 @ 5.3500 | entry 5.3500 peak 5.3595 stop 5.3547 | held 1s | P/L +0.00 (+0.00% of the trade, +0.00% of the account)  || resource=srv-daqp02flot8c73ffv6eg instance=srv-daqp02flot8c73ffv6eg-w4zf9
2026-10-02 08:44:42,993 INFO [v33] RE-ENTER SDEV 87 @ 5.3700 = $467 | stop 5.3400 (0.56% away) | back above the 5.3500 that threw us out  || resource=srv-daqp02flot8c73ffv6eg instance=srv-daqp02flot8c73ffv6eg-w4zf9
2026-10-02 08:44:44,394 CRITICAL [v33] SDEV STILL HOLDING 8 share(s) after 8 chase attempts - the exit did not complete. This position is unprotected until the next pass.  || resource=srv-daqp02flot8c73ffv6eg instance=srv-daqp02flot8c73ffv6eg-w4zf9
2026-10-02 08:44:44,468 INFO [v33] EXIT half-back SDEV 87 @ 5.3400 | entry 5.3700 peak 5.3700 stop 5.3400 | held 1s | P/L -2.61 (-0.56% of the trade, -0.01% of the account)  || resource=srv-daqp02flot8c73ffv6eg instance=srv-daqp02flot8c73ffv6eg-w4zf9
2026-10-02 08:44:48,976 INFO [v33] RE-ENTER SDEV 87 @ 5.3600 = $466 | stop 5.3300 (0.56% away) | back above the 5.3400 that threw us out  || resource=srv-daqp02flot8c73ffv6eg instance=srv-daqp02flot8c73ffv6eg-w4zf9
2026-10-02 08:44:55,524 CRITICAL [v33] SDEV STILL HOLDING 8 share(s) after 8 chase attempts - the exit did not complete. This position is unprotected until the next pass.  || resource=srv-daqp02flot8c73ffv6eg instance=srv-daqp02flot8c73ffv6eg-w4zf9
2026-10-02 08:44:55,600 INFO [v33] EXIT half-back SDEV 87 @ 5.3600 | entry 5.3600 peak 5.3795 stop 5.3697 | held 7s | P/L +0.00 (+0.00% of the trade, +0.00% of the account)  || resource=srv-daqp02flot8c73ffv6eg instance=srv-daqp02flot8c73ffv6eg-w4zf9
2026-10-02 08:44:57,106 INFO [v33] RE-ENTER SDEV 92 @ 5.3800 = $495 | stop 5.3500 (0.56% away) | back above the 5.3600 that threw us out  || resource=srv-daqp02flot8c73ffv6eg instance=srv-daqp02flot8c73ffv6eg-w4zf9
2026-10-02 08:45:02,548 CRITICAL [v33] SDEV STILL HOLDING 19 share(s) after 8 chase attempts - the exit did not complete. This position is unprotected until the next pass.  || resource=srv-daqp02flot8c73ffv6eg instance=srv-daqp02flot8c73ffv6eg-w4zf9
2026-10-02 08:45:02,622 INFO [v33] EXIT half-back SDEV 92 @ 5.3900 | entry 5.3800 peak 5.4000 stop 5.3900 | held 5s | P/L +0.92 (+0.19% of the trade, +0.00% of the account)  || resource=srv-daqp02flot8c73ffv6eg instance=srv-daqp02flot8c73ffv6eg-w4zf9
2026-10-02 08:45:04,152 INFO [v33] RE-ENTER SDEV 91 @ 5.4100 = $492 | stop 5.3800 (0.55% away) | back above the 5.3900 that threw us out  || resource=srv-daqp02flot8c73ffv6eg instance=srv-daqp02flot8c73ffv6eg-w4zf9
2026-10-02 08:45:10,771 CRITICAL [v33] SDEV STILL HOLDING 21 share(s) after 8 chase attempts - the exit did not complete. This position is unprotected until the next pass.  || resource=srv-daqp02flot8c73ffv6eg instance=srv-daqp02flot8c73ffv6eg-w4zf9
2026-10-02 08:45:10,846 INFO [v33] EXIT half-back SDEV 91 @ 5.4150 | entry 5.4100 peak 5.4200 stop 5.4150 | held 7s | P/L +0.45 (+0.09% of the trade, +0.00% of the account)  || resource=srv-daqp02flot8c73ffv6eg instance=srv-daqp02flot8c73ffv6eg-w4zf9
2026-10-02 08:45:19,746 INFO [v33] RE-ENTER SDEV 122 @ 5.4400 = $664 | stop 5.4050 (0.64% away) | back above the 5.4150 that threw us out  || resource=srv-daqp02flot8c73ffv6eg instance=srv-daqp02flot8c73ffv6eg-w4zf9
2026-10-02 08:45:24,165 CRITICAL [v33] SDEV STILL HOLDING 47 share(s) after 8 chase attempts - the exit did not complete. This position is unprotected until the next pass.  || resource=srv-daqp02flot8c73ffv6eg instance=srv-daqp02flot8c73ffv6eg-w4zf9
2026-10-02 08:45:24,245 INFO [v33] EXIT half-back SDEV 122 @ 5.4400 | entry 5.4400 peak 5.4402 stop 5.4401 | held 4s | P/L +0.00 (+0.00% of the trade, +0.00% of the account)  || resource=srv-daqp02flot8c73ffv6eg instance=srv-daqp02flot8c73ffv6eg-w4zf9
2026-10-02 08:45:25,421 INFO [v33] RE-ENTER SDEV 85 @ 5.4600 = $464 | stop 5.4300 (0.55% away) | back above the 5.4400 that threw us out  || resource=srv-daqp02flot8c73ffv6eg instance=srv-daqp02flot8c73ffv6eg-w4zf9
2026-10-02 08:45:28,118 CRITICAL [v33] SDEV STILL HOLDING 47 share(s) after 8 chase attempts - the exit did not complete. This position is unprotected until the next pass.  || resource=srv-daqp02flot8c73ffv6eg instance=srv-daqp02flot8c73ffv6eg-w4zf9
2026-10-02 08:45:28,119 INFO [v33] EXIT half-back SDEV 85 @ 5.4604 | entry 5.4600 peak 5.4696 stop 5.4648 | held 3s | P/L +0.03 (+0.01% of the trade, +0.00% of the account)  || resource=srv-daqp02flot8c73ffv6eg instance=srv-daqp02flot8c73ffv6eg-w4zf9
2026-10-02 08:45:54,804 INFO [v33] EXIT half-back SDEV 47 @ 5.4297 | entry 5.4506 peak 5.4506 stop 5.4406 | held 29s | P/L -0.98 (-0.38% of the trade, -0.00% of the account)  || resource=srv-daqp02flot8c73ffv6eg instance=srv-daqp02flot8c73ffv6eg-w4zf9
2026-10-02 08:47:43,426 INFO [v33] RE-ENTER SDEV 86 @ 5.4500 = $469 | stop 5.4197 (0.56% away) | back above the 5.4297 that threw us out  || resource=srv-daqp02flot8c73ffv6eg instance=srv-daqp02flot8c73ffv6eg-w4zf9
2026-10-02 08:47:50,366 CRITICAL [v33] SDEV STILL HOLDING 57 share(s) after 8 chase attempts - the exit did not complete. This position is unprotected until the next pass.  || resource=srv-daqp02flot8c73ffv6eg instance=srv-daqp02flot8c73ffv6eg-w4zf9
2026-10-02 08:47:50,443 INFO [v33] EXIT half-back SDEV 86 @ 5.4500 | entry 5.4500 peak 5.4600 stop 5.4550 | held 7s | P/L +0.00 (+0.00% of the trade, +0.00% of the account)  || resource=srv-daqp02flot8c73ffv6eg instance=srv-daqp02flot8c73ffv6eg-w4zf9
2026-10-02 08:47:51,966 INFO [v33] RE-ENTER SDEV 91 @ 5.4700 = $498 | stop 5.4400 (0.55% away) | back above the 5.4500 that threw us out  || resource=srv-daqp02flot8c73ffv6eg instance=srv-daqp02flot8c73ffv6eg-w4zf9
2026-10-02 08:47:57,625 CRITICAL [v33] SDEV STILL HOLDING 57 share(s) after 8 chase attempts - the exit did not complete. This position is unprotected until the next pass.  || resource=srv-daqp02flot8c73ffv6eg instance=srv-daqp02flot8c73ffv6eg-w4zf9
2026-10-02 08:47:57,827 INFO [v33] EXIT half-back SDEV 91 @ 5.4800 | entry 5.4700 peak 5.4900 stop 5.4800 | held 6s | P/L +0.91 (+0.18% of the trade, +0.00% of the account)  || resource=srv-daqp02flot8c73ffv6eg instance=srv-daqp02flot8c73ffv6eg-w4zf9
2026-10-02 08:47:59,198 INFO [v33] EXIT half-back SDEV 57 @ 5.4800 | entry 5.4700 peak 5.4900 stop 5.4800 | held 7s | P/L +0.57 (+0.18% of the trade, +0.00% of the account)  || resource=srv-daqp02flot8c73ffv6eg instance=srv-daqp02flot8c73ffv6eg-w4zf9
2026-10-02 08:48:27,960 INFO [v33] RE-ENTER SDEV 85 @ 5.5000 = $468 | stop 5.4700 (0.55% away) | back above the 5.4800 that threw us out  || resource=srv-daqp02flot8c73ffv6eg instance=srv-daqp02flot8c73ffv6eg-w4zf9
2026-10-02 08:48:29,358 INFO [v33] EXIT half-back SDEV 85 @ 5.4700 | entry 5.5000 peak 5.5000 stop 5.4700 | held 1s | P/L -2.55 (-0.55% of the trade, -0.01% of the account)  || resource=srv-daqp02flot8c73ffv6eg instance=srv-daqp02flot8c73ffv6eg-w4zf9
2026-10-02 08:48:31,139 INFO [v33] RE-ENTER SDEV 145 @ 5.4900 = $796 | stop 5.4600 (0.55% away) | back above the 5.4700 that threw us out  || resource=srv-daqp02flot8c73ffv6eg instance=srv-daqp02flot8c73ffv6eg-w4zf9
2026-10-02 08:48:36,311 INFO [v33] EXIT half-back SDEV 145 @ 5.4600 | entry 5.4900 peak 5.4900 stop 5.4600 | held 5s | P/L -4.35 (-0.55% of the trade, -0.02% of the account)  || resource=srv-daqp02flot8c73ffv6eg instance=srv-daqp02flot8c73ffv6eg-w4zf9
2026-10-02 08:49:13,705 INFO [v33] RE-ENTER SDEV 159 @ 5.4800 = $871 | stop 5.4500 (0.55% away) | back above the 5.4600 that threw us out  || resource=srv-daqp02flot8c73ffv6eg instance=srv-daqp02flot8c73ffv6eg-w4zf9
2026-10-02 08:49:14,762 INFO [v33] EXIT half-back SDEV 159 @ 5.4800 | entry 5.4800 peak 5.4950 stop 5.4875 | held 1s | P/L +0.00 (+0.00% of the trade, +0.00% of the account)  || resource=srv-daqp02flot8c73ffv6eg instance=srv-daqp02flot8c73ffv6eg-w4zf9
2026-10-02 08:49:15,778 INFO [v33] RE-ENTER SDEV 85 @ 5.5000 = $468 | stop 5.4700 (0.55% away) | back above the 5.4800 that threw us out  || resource=srv-daqp02flot8c73ffv6eg instance=srv-daqp02flot8c73ffv6eg-w4zf9
2026-10-02 08:49:19,134 INFO [v33] EXIT half-back SDEV 85 @ 5.4700 | entry 5.5000 peak 5.5000 stop 5.4700 | held 3s | P/L -2.55 (-0.55% of the trade, -0.01% of the account)  || resource=srv-daqp02flot8c73ffv6eg instance=srv-daqp02flot8c73ffv6eg-w4zf9
2026-10-02 08:49:20,829 INFO [v33] RE-ENTER SDEV 106 @ 5.4900 = $582 | stop 5.4600 (0.55% away) | back above the 5.4700 that threw us out  || resource=srv-daqp02flot8c73ffv6eg instance=srv-daqp02flot8c73ffv6eg-w4zf9
2026-10-02 08:49:23,136 INFO [v33] RE-ENTER NCT 352 @ 1.5600 = $549 | stop 1.5300 (1.92% away) | back above the 1.5400 that threw us out  || resource=srv-daqp02flot8c73ffv6eg instance=srv-daqp02flot8c73ffv6eg-w4zf9
2026-10-02 08:49:26,133 CRITICAL [v33] SDEV STILL HOLDING 49 share(s) after 8 chase attempts - the exit did not complete. This position is unprotected until the next pass.  || resource=srv-daqp02flot8c73ffv6eg instance=srv-daqp02flot8c73ffv6eg-w4zf9
2026-10-02 08:49:26,133 INFO [v33] EXIT half-back SDEV 106 @ 5.4900 | entry 5.4900 peak 5.4903 stop 5.4901 | held 5s | P/L +0.00 (+0.00% of the trade, +0.00% of the account)  || resource=srv-daqp02flot8c73ffv6eg instance=srv-daqp02flot8c73ffv6eg-w4zf9
2026-10-02 08:49:27,665 INFO [v33] RE-ENTER SDEV 115 @ 5.5100 = $634 | stop 5.4800 (0.54% away) | back above the 5.4900 that threw us out  || resource=srv-daqp02flot8c73ffv6eg instance=srv-daqp02flot8c73ffv6eg-w4zf9
2026-10-02 08:49:29,859 CRITICAL [v33] SDEV STILL HOLDING 94 share(s) after 8 chase attempts - the exit did not complete. This position is unprotected until the next pass.  || resource=srv-daqp02flot8c73ffv6eg instance=srv-daqp02flot8c73ffv6eg-w4zf9
2026-10-02 08:49:29,859 INFO [v33] EXIT half-back SDEV 115 @ 5.5100 | entry 5.5100 peak 5.5200 stop 5.5150 | held 2s | P/L +0.00 (+0.00% of the trade, +0.00% of the account)  || resource=srv-daqp02flot8c73ffv6eg instance=srv-daqp02flot8c73ffv6eg-w4zf9
2026-10-02 08:49:30,870 INFO [v33] RE-ENTER EPSM 361 @ 1.3000 = $469 | stop 1.2600 (3.08% away) | back above the 1.2700 that threw us out  || resource=srv-daqp02flot8c73ffv6eg instance=srv-daqp02flot8c73ffv6eg-w4zf9
2026-10-02 08:49:31,104 INFO [v32] ENTER EPSM 172 @ 1.3000 = $224 | stop 1.2900 (0.77% away) | day level 1.3000, re-entry at 1.3200  || resource=srv-daqp02flot8c73ffv6eg instance=srv-daqp02flot8c73ffv6eg-w4zf9
2026-10-02 08:49:57,193 INFO [v33] EXIT half-back SDEV 94 @ 5.4100 | entry 5.5034 peak 5.5034 stop 5.4934 | held 29s | P/L -8.78 (-1.70% of the trade, -0.04% of the account)  || resource=srv-daqp02flot8c73ffv6eg instance=srv-daqp02flot8c73ffv6eg-w4zf9
2026-10-02 08:49:58,762 INFO [v33] RE-ENTER SDEV 119 @ 5.4300 = $646 | stop 5.4000 (0.55% away) | back above the 5.4100 that threw us out  || resource=srv-daqp02flot8c73ffv6eg instance=srv-daqp02flot8c73ffv6eg-w4zf9
2026-10-02 08:50:03,328 CRITICAL [v33] SDEV STILL HOLDING 12 share(s) after 8 chase attempts - the exit did not complete. This position is unprotected until the next pass.  || resource=srv-daqp02flot8c73ffv6eg instance=srv-daqp02flot8c73ffv6eg-w4zf9
2026-10-02 08:50:03,405 INFO [v33] EXIT half-back SDEV 119 @ 5.4300 | entry 5.4300 peak 5.4500 stop 5.4400 | held 5s | P/L +0.00 (+0.00% of the trade, +0.00% of the account)  || resource=srv-daqp02flot8c73ffv6eg instance=srv-daqp02flot8c73ffv6eg-w4zf9
2026-10-02 08:50:04,140 INFO [v33] RE-ENTER SDEV 86 @ 5.4500 = $469 | stop 5.4200 (0.55% away) | back above the 5.4300 that threw us out  || resource=srv-daqp02flot8c73ffv6eg instance=srv-daqp02flot8c73ffv6eg-w4zf9
2026-10-02 08:50:09,147 CRITICAL [v33] SDEV STILL HOLDING 12 share(s) after 8 chase attempts - the exit did not complete. This position is unprotected until the next pass.  || resource=srv-daqp02flot8c73ffv6eg instance=srv-daqp02flot8c73ffv6eg-w4zf9
2026-10-02 08:50:09,222 INFO [v33] EXIT half-back SDEV 86 @ 5.4200 | entry 5.4500 peak 5.4500 stop 5.4200 | held 5s | P/L -2.58 (-0.55% of the trade, -0.01% of the account)  || resource=srv-daqp02flot8c73ffv6eg instance=srv-daqp02flot8c73ffv6eg-w4zf9
2026-10-02 08:50:15,692 INFO [v33] RE-ENTER SDEV 97 @ 5.4400 = $528 | stop 5.4100 (0.55% away) | back above the 5.4200 that threw us out  || resource=srv-daqp02flot8c73ffv6eg instance=srv-daqp02flot8c73ffv6eg-w4zf9
2026-10-02 08:50:19,548 CRITICAL [v33] SDEV STILL HOLDING 30 share(s) after 8 chase attempts - the exit did not complete. This position is unprotected until the next pass.  || resource=srv-daqp02flot8c73ffv6eg instance=srv-daqp02flot8c73ffv6eg-w4zf9
2026-10-02 08:50:19,653 INFO [v33] EXIT half-back SDEV 97 @ 5.4450 | entry 5.4400 peak 5.4500 stop 5.4450 | held 4s | P/L +0.48 (+0.09% of the trade, +0.00% of the account)  || resource=srv-daqp02flot8c73ffv6eg instance=srv-daqp02flot8c73ffv6eg-w4zf9
2026-10-02 08:50:30,064 INFO [v33] RE-ENTER SDEV 85 @ 5.4700 = $465 | stop 5.4350 (0.64% away) | back above the 5.4450 that threw us out  || resource=srv-daqp02flot8c73ffv6eg instance=srv-daqp02flot8c73ffv6eg-w4zf9
2026-10-02 08:50:35,290 CRITICAL [v33] SDEV STILL HOLDING 30 share(s) after 8 chase attempts - the exit did not complete. This position is unprotected until the next pass.  || resource=srv-daqp02flot8c73ffv6eg instance=srv-daqp02flot8c73ffv6eg-w4zf9
2026-10-02 08:50:35,290 INFO [v33] EXIT half-back SDEV 85 @ 5.4700 | entry 5.4700 peak 5.4800 stop 5.4750 | held 5s | P/L +0.00 (+0.00% of the trade, +0.00% of the account)  || resource=srv-daqp02flot8c73ffv6eg instance=srv-daqp02flot8c73ffv6eg-w4zf9
2026-10-02 08:50:54,673 INFO [v33] EXIT half-back SDEV 30 @ 5.4400 | entry 5.4620 peak 5.4620 stop 5.4520 | held 25s | P/L -0.66 (-0.40% of the trade, -0.00% of the account)  || resource=srv-daqp02flot8c73ffv6eg instance=srv-daqp02flot8c73ffv6eg-w4zf9
2026-10-02 08:51:15,338 INFO [v32] EXIT stop CYPH 73 @ 3.1450 | entry 3.2200 peak 3.2200 stop 3.1700 | held 430s | P/L -5.48 (-2.33% of the trade, -0.05% of the account)  || resource=srv-daqp02flot8c73ffv6eg instance=srv-daqp02flot8c73ffv6eg-w4zf9
2026-10-02 08:51:18,519 INFO [v33] EXIT half-back CYPH 180 @ 3.1450 | entry 3.2200 peak 3.2200 stop 3.1700 | held 433s | P/L -13.50 (-2.33% of the trade, -0.06% of the account)  || resource=srv-daqp02flot8c73ffv6eg instance=srv-daqp02flot8c73ffv6eg-w4zf9
2026-10-02 08:52:29,341 INFO [v33] EXIT half-back NCT 356 @ 1.5600 | entry 1.5600 peak 1.5700 stop 1.5650 | held 186s | P/L +0.00 (+0.00% of the trade, +0.00% of the account)  || resource=srv-daqp02flot8c73ffv6eg instance=srv-daqp02flot8c73ffv6eg-w4zf9
2026-10-02 08:53:01,741 INFO [v33] RE-ENTER CYPH 147 @ 3.1789 = $467 | stop 3.1350 (1.38% away) | back above the 3.1450 that threw us out  || resource=srv-daqp02flot8c73ffv6eg instance=srv-daqp02flot8c73ffv6eg-w4zf9
2026-10-02 08:53:07,874 INFO [v33] RE-ENTER AIXI 650 @ 1.3200 = $858 | stop 1.2800 (3.03% away) | back above the 1.2900 that threw us out  || resource=srv-daqp02flot8c73ffv6eg instance=srv-daqp02flot8c73ffv6eg-w4zf9
2026-10-02 08:53:59,605 INFO [v32] RE-ENTER AIXI 161 @ 1.3700 = $221 | stop 1.3100 (4.38% away) | day level 1.3500, re-entry at 1.3700  || resource=srv-daqp02flot8c73ffv6eg instance=srv-daqp02flot8c73ffv6eg-w4zf9
2026-10-02 08:54:29,802 INFO [v33] RE-ENTER SDEV 85 @ 5.4600 = $464 | stop 5.4300 (0.55% away) | back above the 5.4400 that threw us out  || resource=srv-daqp02flot8c73ffv6eg instance=srv-daqp02flot8c73ffv6eg-w4zf9
2026-10-02 08:54:31,162 INFO [v33] EXIT half-back SDEV 85 @ 5.4600 | entry 5.4600 peak 5.4650 stop 5.4625 | held 1s | P/L +0.00 (+0.00% of the trade, +0.00% of the account)  || resource=srv-daqp02flot8c73ffv6eg instance=srv-daqp02flot8c73ffv6eg-w4zf9
2026-10-02 08:54:36,168 INFO [v33] EXIT half-back AIXI 650 @ 1.3800 | entry 1.3200 peak 1.4600 stop 1.3900 | held 88s | P/L +39.00 (+4.55% of the trade, +0.17% of the account)  || resource=srv-daqp02flot8c73ffv6eg instance=srv-daqp02flot8c73ffv6eg-w4zf9
2026-10-02 08:54:37,669 INFO [v33] RE-ENTER AIXI 330 @ 1.4200 = $469 | stop 1.3700 (3.52% away) | back above the 1.3800 that threw us out  || resource=srv-daqp02flot8c73ffv6eg instance=srv-daqp02flot8c73ffv6eg-w4zf9
2026-10-02 08:54:44,569 CRITICAL [v33] AIXI STILL HOLDING 28 share(s) after 8 chase attempts - the exit did not complete. This position is unprotected until the next pass.  || resource=srv-daqp02flot8c73ffv6eg instance=srv-daqp02flot8c73ffv6eg-w4zf9
2026-10-02 08:54:44,643 INFO [v33] EXIT half-back AIXI 330 @ 1.3503 | entry 1.4200 peak 1.4200 stop 1.3700 | held 7s | P/L -23.00 (-4.91% of the trade, -0.10% of the account)  || resource=srv-daqp02flot8c73ffv6eg instance=srv-daqp02flot8c73ffv6eg-w4zf9
2026-10-02 08:54:45,365 INFO [v33] RE-ENTER SDEV 85 @ 5.4800 = $466 | stop 5.4500 (0.55% away) | back above the 5.4600 that threw us out  || resource=srv-daqp02flot8c73ffv6eg instance=srv-daqp02flot8c73ffv6eg-w4zf9
2026-10-02 08:54:47,422 INFO [v33] RE-ENTER AIXI 501 @ 1.3900 = $696 | stop 1.3403 (3.58% away) | back above the 1.3503 that threw us out  || resource=srv-daqp02flot8c73ffv6eg instance=srv-daqp02flot8c73ffv6eg-w4zf9
2026-10-02 08:54:52,796 INFO [v33] EXIT half-back SDEV 85 @ 5.4500 | entry 5.4800 peak 5.4800 stop 5.4500 | held 7s | P/L -2.55 (-0.55% of the trade, -0.01% of the account)  || resource=srv-daqp02flot8c73ffv6eg instance=srv-daqp02flot8c73ffv6eg-w4zf9
2026-10-02 08:54:54,244 CRITICAL [v33] AIXI STILL HOLDING 67 share(s) after 8 chase attempts - the exit did not complete. This position is unprotected until the next pass.  || resource=srv-daqp02flot8c73ffv6eg instance=srv-daqp02flot8c73ffv6eg-w4zf9
2026-10-02 08:54:54,244 INFO [v33] EXIT half-back AIXI 501 @ 1.4000 | entry 1.3900 peak 1.4100 stop 1.4000 | held 7s | P/L +5.01 (+0.72% of the trade, +0.02% of the account)  || resource=srv-daqp02flot8c73ffv6eg instance=srv-daqp02flot8c73ffv6eg-w4zf9
2026-10-02 08:54:55,269 INFO [v33] RE-ENTER AIXI 330 @ 1.4200 = $469 | stop 1.3900 (2.11% away) | back above the 1.4000 that threw us out  || resource=srv-daqp02flot8c73ffv6eg instance=srv-daqp02flot8c73ffv6eg-w4zf9
2026-10-02 08:54:56,404 CRITICAL [v33] AIXI STILL HOLDING 67 share(s) after 8 chase attempts - the exit did not complete. This position is unprotected until the next pass.  || resource=srv-daqp02flot8c73ffv6eg instance=srv-daqp02flot8c73ffv6eg-w4zf9
2026-10-02 08:54:56,404 INFO [v33] EXIT half-back AIXI 330 @ 1.4000 | entry 1.4200 peak 1.4300 stop 1.4250 | held 1s | P/L -6.60 (-1.41% of the trade, -0.03% of the account)  || resource=srv-daqp02flot8c73ffv6eg instance=srv-daqp02flot8c73ffv6eg-w4zf9
2026-10-02 08:54:58,705 INFO [v33] RE-ENTER AIXI 365 @ 1.4200 = $518 | stop 1.3900 (2.11% away) | back above the 1.4000 that threw us out  || resource=srv-daqp02flot8c73ffv6eg instance=srv-daqp02flot8c73ffv6eg-w4zf9
2026-10-02 08:55:09,313 CRITICAL [v33] AIXI STILL HOLDING 70 share(s) after 8 chase attempts - the exit did not complete. This position is unprotected until the next pass.  || resource=srv-daqp02flot8c73ffv6eg instance=srv-daqp02flot8c73ffv6eg-w4zf9
2026-10-02 08:55:09,389 INFO [v33] EXIT half-back AIXI 365 @ 1.3900 | entry 1.4200 peak 1.4200 stop 1.3900 | held 11s | P/L -10.95 (-2.11% of the trade, -0.05% of the account)  || resource=srv-daqp02flot8c73ffv6eg instance=srv-daqp02flot8c73ffv6eg-w4zf9
2026-10-02 08:55:10,119 INFO [v33] RE-ENTER AIXI 330 @ 1.4200 = $469 | stop 1.3800 (2.82% away) | back above the 1.3900 that threw us out  || resource=srv-daqp02flot8c73ffv6eg instance=srv-daqp02flot8c73ffv6eg-w4zf9
2026-10-02 08:55:12,669 CRITICAL [v33] AIXI STILL HOLDING 70 share(s) after 8 chase attempts - the exit did not complete. This position is unprotected until the next pass.  || resource=srv-daqp02flot8c73ffv6eg instance=srv-daqp02flot8c73ffv6eg-w4zf9
2026-10-02 08:55:12,669 INFO [v33] EXIT half-back AIXI 330 @ 1.4200 | entry 1.4200 peak 1.4300 stop 1.4250 | held 3s | P/L +0.00 (+0.00% of the trade, +0.00% of the account)  || resource=srv-daqp02flot8c73ffv6eg instance=srv-daqp02flot8c73ffv6eg-w4zf9
2026-10-02 08:55:26,823 INFO [v33] RE-ENTER AIXI 629 @ 1.4500 = $912 | stop 1.4100 (2.76% away) | back above the 1.4200 that threw us out  || resource=srv-daqp02flot8c73ffv6eg instance=srv-daqp02flot8c73ffv6eg-w4zf9
2026-10-02 08:55:28,436 INFO [v33] RE-ENTER SDEV 120 @ 5.4700 = $656 | stop 5.4400 (0.55% away) | back above the 5.4500 that threw us out  || resource=srv-daqp02flot8c73ffv6eg instance=srv-daqp02flot8c73ffv6eg-w4zf9
2026-10-02 08:55:32,103 CRITICAL [v33] SDEV STILL HOLDING 1 share(s) after 8 chase attempts - the exit did not complete. This position is unprotected until the next pass.  || resource=srv-daqp02flot8c73ffv6eg instance=srv-daqp02flot8c73ffv6eg-w4zf9
2026-10-02 08:55:32,180 INFO [v33] EXIT half-back SDEV 120 @ 5.4400 | entry 5.4700 peak 5.4700 stop 5.4400 | held 4s | P/L -3.60 (-0.55% of the trade, -0.02% of the account)  || resource=srv-daqp02flot8c73ffv6eg instance=srv-daqp02flot8c73ffv6eg-w4zf9
2026-10-02 08:55:40,206 CRITICAL [v33] AIXI STILL HOLDING 127 share(s) after 8 chase attempts - the exit did not complete. This position is unprotected until the next pass.  || resource=srv-daqp02flot8c73ffv6eg instance=srv-daqp02flot8c73ffv6eg-w4zf9
2026-10-02 08:55:40,287 INFO [v33] EXIT half-back AIXI 629 @ 1.4600 | entry 1.4500 peak 1.4900 stop 1.4700 | held 13s | P/L +6.29 (+0.69% of the trade, +0.03% of the account)  || resource=srv-daqp02flot8c73ffv6eg instance=srv-daqp02flot8c73ffv6eg-w4zf9
2026-10-02 08:55:42,086 INFO [v33] RE-ENTER SDEV 121 @ 5.4600 = $661 | stop 5.4300 (0.55% away) | back above the 5.4400 that threw us out  || resource=srv-daqp02flot8c73ffv6eg instance=srv-daqp02flot8c73ffv6eg-w4zf9
2026-10-02 08:55:44,592 CRITICAL [v33] SDEV STILL HOLDING 1 share(s) after 8 chase attempts - the exit did not complete. This position is unprotected until the next pass.  || resource=srv-daqp02flot8c73ffv6eg instance=srv-daqp02flot8c73ffv6eg-w4zf9
2026-10-02 08:55:44,592 INFO [v33] EXIT half-back SDEV 121 @ 5.4700 | entry 5.4600 peak 5.4800 stop 5.4700 | held 3s | P/L +1.21 (+0.18% of the trade, +0.01% of the account)  || resource=srv-daqp02flot8c73ffv6eg instance=srv-daqp02flot8c73ffv6eg-w4zf9
2026-10-02 08:55:45,591 INFO [v33] RE-ENTER SDEV 85 @ 5.4900 = $467 | stop 5.4600 (0.55% away) | back above the 5.4700 that threw us out  || resource=srv-daqp02flot8c73ffv6eg instance=srv-daqp02flot8c73ffv6eg-w4zf9
2026-10-02 08:55:47,919 CRITICAL [v33] SDEV STILL HOLDING 1 share(s) after 8 chase attempts - the exit did not complete. This position is unprotected until the next pass.  || resource=srv-daqp02flot8c73ffv6eg instance=srv-daqp02flot8c73ffv6eg-w4zf9
2026-10-02 08:55:47,995 INFO [v33] EXIT half-back SDEV 85 @ 5.4900 | entry 5.4900 peak 5.5000 stop 5.4950 | held 2s | P/L +0.00 (+0.00% of the trade, +0.00% of the account)  || resource=srv-daqp02flot8c73ffv6eg instance=srv-daqp02flot8c73ffv6eg-w4zf9
2026-10-02 08:55:49,001 INFO [v33] RE-ENTER AIXI 317 @ 1.4800 = $469 | stop 1.4500 (2.03% away) | back above the 1.4600 that threw us out  || resource=srv-daqp02flot8c73ffv6eg instance=srv-daqp02flot8c73ffv6eg-w4zf9
2026-10-02 08:55:52,320 CRITICAL [v33] AIXI STILL HOLDING 127 share(s) after 8 chase attempts - the exit did not complete. This position is unprotected until the next pass.  || resource=srv-daqp02flot8c73ffv6eg instance=srv-daqp02flot8c73ffv6eg-w4zf9
2026-10-02 08:55:52,320 INFO [v33] EXIT half-back AIXI 317 @ 1.4500 | entry 1.4800 peak 1.4800 stop 1.4500 | held 3s | P/L -9.51 (-2.03% of the trade, -0.04% of the account)  || resource=srv-daqp02flot8c73ffv6eg instance=srv-daqp02flot8c73ffv6eg-w4zf9
2026-10-02 08:55:53,101 INFO [v33] RE-ENTER AIXI 319 @ 1.4700 = $469 | stop 1.4400 (2.04% away) | back above the 1.4500 that threw us out  || resource=srv-daqp02flot8c73ffv6eg instance=srv-daqp02flot8c73ffv6eg-w4zf9
2026-10-02 08:55:54,600 CRITICAL [v33] AIXI STILL HOLDING 127 share(s) after 8 chase attempts - the exit did not complete. This position is unprotected until the next pass.  || resource=srv-daqp02flot8c73ffv6eg instance=srv-daqp02flot8c73ffv6eg-w4zf9
2026-10-02 08:55:54,689 INFO [v33] EXIT half-back AIXI 319 @ 1.4700 | entry 1.4700 peak 1.4900 stop 1.4800 | held 1s | P/L +0.00 (+0.00% of the trade, +0.00% of the account)  || resource=srv-daqp02flot8c73ffv6eg instance=srv-daqp02flot8c73ffv6eg-w4zf9
2026-10-02 08:55:55,684 INFO [v33] EXIT half-back SDEV 1 @ 5.4500 | entry 5.4603 peak 5.4603 stop 5.4503 | held 10s | P/L -0.01 (-0.19% of the trade, -0.00% of the account)  || resource=srv-daqp02flot8c73ffv6eg instance=srv-daqp02flot8c73ffv6eg-w4zf9
2026-10-02 08:56:00,876 INFO [v33] RE-ENTER AIXI 407 @ 1.4900 = $606 | stop 1.4600 (2.01% away) | back above the 1.4700 that threw us out  || resource=srv-daqp02flot8c73ffv6eg instance=srv-daqp02flot8c73ffv6eg-w4zf9
2026-10-02 08:56:02,683 CRITICAL [v33] AIXI STILL HOLDING 152 share(s) after 8 chase attempts - the exit did not complete. This position is unprotected until the next pass.  || resource=srv-daqp02flot8c73ffv6eg instance=srv-daqp02flot8c73ffv6eg-w4zf9
2026-10-02 08:56:02,760 INFO [v33] EXIT half-back AIXI 407 @ 1.4600 | entry 1.4900 peak 1.5000 stop 1.4950 | held 2s | P/L -12.21 (-2.01% of the trade, -0.05% of the account)  || resource=srv-daqp02flot8c73ffv6eg instance=srv-daqp02flot8c73ffv6eg-w4zf9
2026-10-02 08:56:04,062 INFO [v33] RE-ENTER AIXI 407 @ 1.4900 = $606 | stop 1.4500 (2.68% away) | back above the 1.4600 that threw us out  || resource=srv-daqp02flot8c73ffv6eg instance=srv-daqp02flot8c73ffv6eg-w4zf9
2026-10-02 08:56:10,671 CRITICAL [v33] AIXI STILL HOLDING 152 share(s) after 8 chase attempts - the exit did not complete. This position is unprotected until the next pass.  || resource=srv-daqp02flot8c73ffv6eg instance=srv-daqp02flot8c73ffv6eg-w4zf9
2026-10-02 08:56:10,747 INFO [v33] EXIT half-back AIXI 407 @ 1.5017 | entry 1.4900 peak 1.5200 stop 1.5050 | held 7s | P/L +4.76 (+0.79% of the trade, +0.02% of the account)  || resource=srv-daqp02flot8c73ffv6eg instance=srv-daqp02flot8c73ffv6eg-w4zf9
2026-10-02 08:56:48,421 INFO [v33] RE-ENTER AIXI 306 @ 1.5300 = $468 | stop 1.4917 (2.50% away) | back above the 1.5017 that threw us out  || resource=srv-daqp02flot8c73ffv6eg instance=srv-daqp02flot8c73ffv6eg-w4zf9
2026-10-02 08:56:54,850 CRITICAL [v33] AIXI STILL HOLDING 152 share(s) after 8 chase attempts - the exit did not complete. This position is unprotected until the next pass.  || resource=srv-daqp02flot8c73ffv6eg instance=srv-daqp02flot8c73ffv6eg-w4zf9
2026-10-02 08:56:54,926 INFO [v33] EXIT half-back AIXI 306 @ 1.5300 | entry 1.5300 peak 1.5400 stop 1.5350 | held 6s | P/L +0.00 (+0.00% of the trade, +0.00% of the account)  || resource=srv-daqp02flot8c73ffv6eg instance=srv-daqp02flot8c73ffv6eg-w4zf9
2026-10-02 08:56:55,657 INFO [v33] RE-ENTER AIXI 302 @ 1.5500 = $468 | stop 1.5200 (1.94% away) | back above the 1.5300 that threw us out  || resource=srv-daqp02flot8c73ffv6eg instance=srv-daqp02flot8c73ffv6eg-w4zf9
2026-10-02 08:56:56,632 CRITICAL [v33] AIXI STILL HOLDING 152 share(s) after 8 chase attempts - the exit did not complete. This position is unprotected until the next pass.  || resource=srv-daqp02flot8c73ffv6eg instance=srv-daqp02flot8c73ffv6eg-w4zf9
2026-10-02 08:56:56,632 INFO [v33] EXIT half-back AIXI 302 @ 1.5200 | entry 1.5500 peak 1.5500 stop 1.5200 | held 1s | P/L -9.06 (-1.94% of the trade, -0.04% of the account)  || resource=srv-daqp02flot8c73ffv6eg instance=srv-daqp02flot8c73ffv6eg-w4zf9
2026-10-02 08:56:57,364 INFO [v33] RE-ENTER AIXI 304 @ 1.5400 = $468 | stop 1.5100 (1.95% away) | back above the 1.5200 that threw us out  || resource=srv-daqp02flot8c73ffv6eg instance=srv-daqp02flot8c73ffv6eg-w4zf9
2026-10-02 08:57:03,333 CRITICAL [v33] AIXI STILL HOLDING 152 share(s) after 8 chase attempts - the exit did not complete. This position is unprotected until the next pass.  || resource=srv-daqp02flot8c73ffv6eg instance=srv-daqp02flot8c73ffv6eg-w4zf9
2026-10-02 08:57:03,408 INFO [v33] EXIT half-back AIXI 304 @ 1.5300 | entry 1.5400 peak 1.5482 stop 1.5441 | held 6s | P/L -3.04 (-0.65% of the trade, -0.01% of the account)  || resource=srv-daqp02flot8c73ffv6eg instance=srv-daqp02flot8c73ffv6eg-w4zf9
2026-10-02 08:57:04,515 INFO [v33] RE-ENTER AIXI 302 @ 1.5500 = $468 | stop 1.5200 (1.94% away) | back above the 1.5300 that threw us out  || resource=srv-daqp02flot8c73ffv6eg instance=srv-daqp02flot8c73ffv6eg-w4zf9
2026-10-02 08:57:10,071 CRITICAL [v33] AIXI STILL HOLDING 152 share(s) after 8 chase attempts - the exit did not complete. This position is unprotected until the next pass.  || resource=srv-daqp02flot8c73ffv6eg instance=srv-daqp02flot8c73ffv6eg-w4zf9
2026-10-02 08:57:10,146 INFO [v33] EXIT half-back AIXI 302 @ 1.5200 | entry 1.5500 peak 1.5500 stop 1.5200 | held 6s | P/L -9.06 (-1.94% of the trade, -0.04% of the account)  || resource=srv-daqp02flot8c73ffv6eg instance=srv-daqp02flot8c73ffv6eg-w4zf9
2026-10-02 08:57:11,660 INFO [v33] RE-ENTER AIXI 414 @ 1.5400 = $638 | stop 1.5100 (1.95% away) | back above the 1.5200 that threw us out  || resource=srv-daqp02flot8c73ffv6eg instance=srv-daqp02flot8c73ffv6eg-w4zf9
2026-10-02 08:57:15,214 CRITICAL [v33] AIXI STILL HOLDING 152 share(s) after 8 chase attempts - the exit did not complete. This position is unprotected until the next pass.  || resource=srv-daqp02flot8c73ffv6eg instance=srv-daqp02flot8c73ffv6eg-w4zf9
2026-10-02 08:57:15,305 INFO [v33] EXIT half-back AIXI 414 @ 1.5300 | entry 1.5400 peak 1.5500 stop 1.5450 | held 4s | P/L -4.14 (-0.65% of the trade, -0.02% of the account)  || resource=srv-daqp02flot8c73ffv6eg instance=srv-daqp02flot8c73ffv6eg-w4zf9
2026-10-02 08:57:16,336 INFO [v33] RE-ENTER AIXI 302 @ 1.5500 = $468 | stop 1.5200 (1.94% away) | back above the 1.5300 that threw us out  || resource=srv-daqp02flot8c73ffv6eg instance=srv-daqp02flot8c73ffv6eg-w4zf9
2026-10-02 08:57:17,805 CRITICAL [v33] AIXI STILL HOLDING 152 share(s) after 8 chase attempts - the exit did not complete. This position is unprotected until the next pass.  || resource=srv-daqp02flot8c73ffv6eg instance=srv-daqp02flot8c73ffv6eg-w4zf9
2026-10-02 08:57:17,805 INFO [v33] EXIT half-back AIXI 302 @ 1.5300 | entry 1.5500 peak 1.5599 stop 1.5550 | held 1s | P/L -6.04 (-1.29% of the trade, -0.03% of the account)  || resource=srv-daqp02flot8c73ffv6eg instance=srv-daqp02flot8c73ffv6eg-w4zf9
2026-10-02 08:57:18,838 INFO [v33] RE-ENTER AIXI 302 @ 1.5500 = $468 | stop 1.5200 (1.94% away) | back above the 1.5300 that threw us out  || resource=srv-daqp02flot8c73ffv6eg instance=srv-daqp02flot8c73ffv6eg-w4zf9
2026-10-02 08:57:20,629 INFO [v33] RE-ENTER SSM 364 @ 2.4800 = $903 | stop 2.4500 (1.21% away) | back above the 2.4600 that threw us out  || resource=srv-daqp02flot8c73ffv6eg instance=srv-daqp02flot8c73ffv6eg-w4zf9
2026-10-02 08:57:27,416 CRITICAL [v33] AIXI STILL HOLDING 152 share(s) after 8 chase attempts - the exit did not complete. This position is unprotected until the next pass.  || resource=srv-daqp02flot8c73ffv6eg instance=srv-daqp02flot8c73ffv6eg-w4zf9
2026-10-02 08:57:27,417 INFO [v33] EXIT half-back AIXI 302 @ 1.5700 | entry 1.5500 peak 1.6000 stop 1.5750 | held 9s | P/L +6.04 (+1.29% of the trade, +0.03% of the account)  || resource=srv-daqp02flot8c73ffv6eg instance=srv-daqp02flot8c73ffv6eg-w4zf9
2026-10-02 08:57:29,232 INFO [v33] RE-ENTER AIXI 545 @ 1.5900 = $867 | stop 1.5600 (1.89% away) | back above the 1.5700 that threw us out  || resource=srv-daqp02flot8c73ffv6eg instance=srv-daqp02flot8c73ffv6eg-w4zf9
2026-10-02 08:57:37,745 CRITICAL [v33] AIXI STILL HOLDING 152 share(s) after 8 chase attempts - the exit did not complete. This position is unprotected until the next pass.  || resource=srv-daqp02flot8c73ffv6eg instance=srv-daqp02flot8c73ffv6eg-w4zf9
2026-10-02 08:57:37,819 INFO [v33] EXIT half-back AIXI 545 @ 1.5900 | entry 1.5900 peak 1.6000 stop 1.5950 | held 9s | P/L +0.00 (+0.00% of the trade, +0.00% of the account)  || resource=srv-daqp02flot8c73ffv6eg instance=srv-daqp02flot8c73ffv6eg-w4zf9
2026-10-02 08:57:42,404 INFO [v33] RE-ENTER AIXI 360 @ 1.6200 = $583 | stop 1.5800 (2.47% away) | back above the 1.5900 that threw us out  || resource=srv-daqp02flot8c73ffv6eg instance=srv-daqp02flot8c73ffv6eg-w4zf9
2026-10-02 08:57:48,695 CRITICAL [v33] AIXI STILL HOLDING 181 share(s) after 8 chase attempts - the exit did not complete. This position is unprotected until the next pass.  || resource=srv-daqp02flot8c73ffv6eg instance=srv-daqp02flot8c73ffv6eg-w4zf9
2026-10-02 08:57:48,769 INFO [v33] EXIT half-back AIXI 360 @ 1.5900 | entry 1.6200 peak 1.6500 stop 1.6350 | held 6s | P/L -10.80 (-1.85% of the trade, -0.05% of the account)  || resource=srv-daqp02flot8c73ffv6eg instance=srv-daqp02flot8c73ffv6eg-w4zf9
2026-10-02 08:57:49,491 INFO [v33] RE-ENTER AIXI 284 @ 1.6500 = $469 | stop 1.5800 (4.24% away) | back above the 1.5900 that threw us out  || resource=srv-daqp02flot8c73ffv6eg instance=srv-daqp02flot8c73ffv6eg-w4zf9
2026-10-02 08:57:53,540 CRITICAL [v33] AIXI STILL HOLDING 181 share(s) after 8 chase attempts - the exit did not complete. This position is unprotected until the next pass.  || resource=srv-daqp02flot8c73ffv6eg instance=srv-daqp02flot8c73ffv6eg-w4zf9
2026-10-02 08:57:53,540 INFO [v33] EXIT half-back AIXI 284 @ 1.5900 | entry 1.6500 peak 1.6599 stop 1.6549 | held 4s | P/L -17.04 (-3.64% of the trade, -0.08% of the account)  || resource=srv-daqp02flot8c73ffv6eg instance=srv-daqp02flot8c73ffv6eg-w4zf9
2026-10-02 08:57:54,269 INFO [v33] RE-ENTER AIXI 284 @ 1.6500 = $469 | stop 1.5800 (4.24% away) | back above the 1.5900 that threw us out  || resource=srv-daqp02flot8c73ffv6eg instance=srv-daqp02flot8c73ffv6eg-w4zf9
2026-10-02 08:57:58,318 CRITICAL [v33] AIXI STILL HOLDING 181 share(s) after 8 chase attempts - the exit did not complete. This position is unprotected until the next pass.  || resource=srv-daqp02flot8c73ffv6eg instance=srv-daqp02flot8c73ffv6eg-w4zf9
2026-10-02 08:57:58,395 INFO [v33] EXIT half-back AIXI 284 @ 1.5800 | entry 1.6500 peak 1.6500 stop 1.5800 | held 4s | P/L -19.88 (-4.24% of the trade, -0.09% of the account)  || resource=srv-daqp02flot8c73ffv6eg instance=srv-daqp02flot8c73ffv6eg-w4zf9
2026-10-02 08:57:59,175 INFO [v32] EXIT stop EPSM 185 @ 1.2600 | entry 1.3000 peak 1.3000 stop 1.2900 | held 508s | P/L -7.40 (-3.08% of the trade, -0.07% of the account)  || resource=srv-daqp02flot8c73ffv6eg instance=srv-daqp02flot8c73ffv6eg-w4zf9
2026-10-02 08:58:00,723 INFO [v33] EXIT half-back AIXI 181 @ 1.5800 | entry 1.6500 peak 1.6500 stop 1.5800 | held 6s | P/L -12.67 (-4.24% of the trade, -0.06% of the account)  || resource=srv-daqp02flot8c73ffv6eg instance=srv-daqp02flot8c73ffv6eg-w4zf9
2026-10-02 08:58:06,332 INFO [v33] EXIT half-back SSM 364 @ 2.4700 | entry 2.4800 peak 2.4895 stop 2.4848 | held 46s | P/L -3.64 (-0.40% of the trade, -0.02% of the account)  || resource=srv-daqp02flot8c73ffv6eg instance=srv-daqp02flot8c73ffv6eg-w4zf9
2026-10-02 08:58:10,398 INFO [v33] EXIT half-back EPSM 361 @ 1.2600 | entry 1.3000 peak 1.3000 stop 1.2600 | held 520s | P/L -14.44 (-3.08% of the trade, -0.06% of the account)  || resource=srv-daqp02flot8c73ffv6eg instance=srv-daqp02flot8c73ffv6eg-w4zf9
2026-10-02 09:01:04,508 INFO [v33] EXIT half-back CYPH 147 @ 3.1200 | entry 3.1789 peak 3.1789 stop 3.1350 | held 483s | P/L -8.66 (-1.85% of the trade, -0.04% of the account)  || resource=srv-daqp02flot8c73ffv6eg instance=srv-daqp02flot8c73ffv6eg-w4zf9
2026-10-02 09:01:06,628 INFO [v33] RE-ENTER AIXI 293 @ 1.6000 = $469 | stop 1.5700 (1.88% away) | back above the 1.5800 that threw us out  || resource=srv-daqp02flot8c73ffv6eg instance=srv-daqp02flot8c73ffv6eg-w4zf9
2026-10-02 09:01:12,289 CRITICAL [v33] AIXI STILL HOLDING 1 share(s) after 8 chase attempts - the exit did not complete. This position is unprotected until the next pass.  || resource=srv-daqp02flot8c73ffv6eg instance=srv-daqp02flot8c73ffv6eg-w4zf9
2026-10-02 09:01:12,370 INFO [v33] EXIT half-back AIXI 293 @ 1.5700 | entry 1.6000 peak 1.6000 stop 1.5700 | held 6s | P/L -8.79 (-1.88% of the trade, -0.04% of the account)  || resource=srv-daqp02flot8c73ffv6eg instance=srv-daqp02flot8c73ffv6eg-w4zf9
2026-10-02 09:01:14,221 INFO [v33] RE-ENTER AIXI 329 @ 1.5900 = $523 | stop 1.5600 (1.89% away) | back above the 1.5700 that threw us out  || resource=srv-daqp02flot8c73ffv6eg instance=srv-daqp02flot8c73ffv6eg-w4zf9
2026-10-02 09:01:17,467 CRITICAL [v33] AIXI STILL HOLDING 10 share(s) after 8 chase attempts - the exit did not complete. This position is unprotected until the next pass.  || resource=srv-daqp02flot8c73ffv6eg instance=srv-daqp02flot8c73ffv6eg-w4zf9
2026-10-02 09:01:17,541 INFO [v33] EXIT half-back AIXI 329 @ 1.5900 | entry 1.5900 peak 1.6000 stop 1.5950 | held 3s | P/L +0.00 (+0.00% of the trade, +0.00% of the account)  || resource=srv-daqp02flot8c73ffv6eg instance=srv-daqp02flot8c73ffv6eg-w4zf9
2026-10-02 09:01:18,269 INFO [v33] RE-ENTER AIXI 291 @ 1.6100 = $469 | stop 1.5800 (1.86% away) | back above the 1.5900 that threw us out  || resource=srv-daqp02flot8c73ffv6eg instance=srv-daqp02flot8c73ffv6eg-w4zf9
2026-10-02 09:01:26,436 CRITICAL [v33] AIXI STILL HOLDING 10 share(s) after 8 chase attempts - the exit did not complete. This position is unprotected until the next pass.  || resource=srv-daqp02flot8c73ffv6eg instance=srv-daqp02flot8c73ffv6eg-w4zf9
2026-10-02 09:01:26,514 INFO [v33] EXIT half-back AIXI 291 @ 1.6200 | entry 1.6100 peak 1.6300 stop 1.6200 | held 8s | P/L +2.91 (+0.62% of the trade, +0.01% of the account)  || resource=srv-daqp02flot8c73ffv6eg instance=srv-daqp02flot8c73ffv6eg-w4zf9
2026-10-02 09:01:27,286 INFO [v33] RE-ENTER AIXI 284 @ 1.6500 = $469 | stop 1.6100 (2.42% away) | back above the 1.6200 that threw us out  || resource=srv-daqp02flot8c73ffv6eg instance=srv-daqp02flot8c73ffv6eg-w4zf9
2026-10-02 09:01:28,777 CRITICAL [v33] AIXI STILL HOLDING 10 share(s) after 8 chase attempts - the exit did not complete. This position is unprotected until the next pass.  || resource=srv-daqp02flot8c73ffv6eg instance=srv-daqp02flot8c73ffv6eg-w4zf9
2026-10-02 09:01:28,777 INFO [v33] EXIT half-back AIXI 284 @ 1.6100 | entry 1.6500 peak 1.6500 stop 1.6100 | held 1s | P/L -11.36 (-2.42% of the trade, -0.05% of the account)  || resource=srv-daqp02flot8c73ffv6eg instance=srv-daqp02flot8c73ffv6eg-w4zf9
2026-10-02 09:01:29,779 INFO [v33] RE-ENTER AIXI 286 @ 1.6400 = $469 | stop 1.6000 (2.44% away) | back above the 1.6100 that threw us out  || resource=srv-daqp02flot8c73ffv6eg instance=srv-daqp02flot8c73ffv6eg-w4zf9
2026-10-02 09:01:30,761 CRITICAL [v33] AIXI STILL HOLDING 10 share(s) after 8 chase attempts - the exit did not complete. This position is unprotected until the next pass.  || resource=srv-daqp02flot8c73ffv6eg instance=srv-daqp02flot8c73ffv6eg-w4zf9
2026-10-02 09:01:30,761 INFO [v33] EXIT half-back AIXI 286 @ 1.6400 | entry 1.6400 peak 1.6500 stop 1.6450 | held 1s | P/L +0.00 (+0.00% of the trade, +0.00% of the account)  || resource=srv-daqp02flot8c73ffv6eg instance=srv-daqp02flot8c73ffv6eg-w4zf9
2026-10-02 09:01:32,808 INFO [v33] RE-ENTER AIXI 371 @ 1.6600 = $616 | stop 1.6300 (1.81% away) | back above the 1.6400 that threw us out  || resource=srv-daqp02flot8c73ffv6eg instance=srv-daqp02flot8c73ffv6eg-w4zf9
2026-10-02 09:01:34,999 CRITICAL [v33] AIXI STILL HOLDING 60 share(s) after 8 chase attempts - the exit did not complete. This position is unprotected until the next pass.  || resource=srv-daqp02flot8c73ffv6eg instance=srv-daqp02flot8c73ffv6eg-w4zf9
2026-10-02 09:01:35,073 INFO [v33] EXIT half-back AIXI 371 @ 1.6300 | entry 1.6600 peak 1.6600 stop 1.6300 | held 2s | P/L -11.13 (-1.81% of the trade, -0.05% of the account)  || resource=srv-daqp02flot8c73ffv6eg instance=srv-daqp02flot8c73ffv6eg-w4zf9
2026-10-02 09:01:42,229 INFO [v33] ENTER JAGU 347 @ 1.3500 = $468 | stop 1.1900 (11.85% away) | first entry, stop from the bid  || resource=srv-daqp02flot8c73ffv6eg instance=srv-daqp02flot8c73ffv6eg-w4zf9
2026-10-02 09:01:42,998 INFO [v32] ENTER JAGU 316 @ 1.3500 = $427 | stop 1.1900 (11.85% away) | day level 1.3500, re-entry at 1.3700  || resource=srv-daqp02flot8c73ffv6eg instance=srv-daqp02flot8c73ffv6eg-w4zf9
2026-10-02 09:01:44,244 INFO [v33] RE-ENTER AIXI 332 @ 1.6500 = $548 | stop 1.6200 (1.82% away) | back above the 1.6300 that threw us out  || resource=srv-daqp02flot8c73ffv6eg instance=srv-daqp02flot8c73ffv6eg-w4zf9
2026-10-02 09:01:48,059 CRITICAL [v33] AIXI STILL HOLDING 60 share(s) after 8 chase attempts - the exit did not complete. This position is unprotected until the next pass.  || resource=srv-daqp02flot8c73ffv6eg instance=srv-daqp02flot8c73ffv6eg-w4zf9
2026-10-02 09:01:48,313 INFO [v33] EXIT half-back AIXI 332 @ 1.6600 | entry 1.6500 peak 1.6700 stop 1.6600 | held 4s | P/L +3.32 (+0.61% of the trade, +0.01% of the account)  || resource=srv-daqp02flot8c73ffv6eg instance=srv-daqp02flot8c73ffv6eg-w4zf9
2026-10-02 09:01:49,422 INFO [v33] RE-ENTER AIXI 279 @ 1.6800 = $469 | stop 1.6500 (1.79% away) | back above the 1.6600 that threw us out  || resource=srv-daqp02flot8c73ffv6eg instance=srv-daqp02flot8c73ffv6eg-w4zf9
2026-10-02 09:01:50,779 CRITICAL [v33] AIXI STILL HOLDING 60 share(s) after 8 chase attempts - the exit did not complete. This position is unprotected until the next pass.  || resource=srv-daqp02flot8c73ffv6eg instance=srv-daqp02flot8c73ffv6eg-w4zf9
2026-10-02 09:01:50,779 INFO [v33] EXIT half-back AIXI 279 @ 1.6800 | entry 1.6800 peak 1.6900 stop 1.6850 | held 1s | P/L +0.00 (+0.00% of the trade, +0.00% of the account)  || resource=srv-daqp02flot8c73ffv6eg instance=srv-daqp02flot8c73ffv6eg-w4zf9
2026-10-02 09:01:52,893 INFO [v33] RE-ENTER AIXI 348 @ 1.7000 = $592 | stop 1.6700 (1.76% away) | back above the 1.6800 that threw us out  || resource=srv-daqp02flot8c73ffv6eg instance=srv-daqp02flot8c73ffv6eg-w4zf9
2026-10-02 09:01:56,931 CRITICAL [v33] AIXI STILL HOLDING 60 share(s) after 8 chase attempts - the exit did not complete. This position is unprotected until the next pass.  || resource=srv-daqp02flot8c73ffv6eg instance=srv-daqp02flot8c73ffv6eg-w4zf9
2026-10-02 09:01:57,008 INFO [v33] EXIT half-back AIXI 348 @ 1.6700 | entry 1.7000 peak 1.7000 stop 1.6700 | held 4s | P/L -10.44 (-1.76% of the trade, -0.05% of the account)  || resource=srv-daqp02flot8c73ffv6eg instance=srv-daqp02flot8c73ffv6eg-w4zf9
2026-10-02 09:02:02,004 INFO [v33] RE-ENTER AIXI 465 @ 1.6900 = $786 | stop 1.6600 (1.78% away) | back above the 1.6700 that threw us out  || resource=srv-daqp02flot8c73ffv6eg instance=srv-daqp02flot8c73ffv6eg-w4zf9
2026-10-02 09:02:03,423 CRITICAL [v33] AIXI STILL HOLDING 60 share(s) after 8 chase attempts - the exit did not complete. This position is unprotected until the next pass.  || resource=srv-daqp02flot8c73ffv6eg instance=srv-daqp02flot8c73ffv6eg-w4zf9
2026-10-02 09:02:03,499 INFO [v33] EXIT half-back AIXI 465 @ 1.6900 | entry 1.6900 peak 1.7000 stop 1.6950 | held 1s | P/L +0.00 (+0.00% of the trade, +0.00% of the account)  || resource=srv-daqp02flot8c73ffv6eg instance=srv-daqp02flot8c73ffv6eg-w4zf9
2026-10-02 09:02:38,056 INFO [v33] RE-ENTER AIXI 274 @ 1.7100 = $469 | stop 1.6800 (1.75% away) | back above the 1.6900 that threw us out  || resource=srv-daqp02flot8c73ffv6eg instance=srv-daqp02flot8c73ffv6eg-w4zf9
2026-10-02 09:02:44,740 CRITICAL [v33] AIXI STILL HOLDING 60 share(s) after 8 chase attempts - the exit did not complete. This position is unprotected until the next pass.  || resource=srv-daqp02flot8c73ffv6eg instance=srv-daqp02flot8c73ffv6eg-w4zf9
2026-10-02 09:02:44,820 INFO [v33] EXIT half-back AIXI 274 @ 1.6800 | entry 1.7100 peak 1.7100 stop 1.6800 | held 7s | P/L -8.22 (-1.75% of the trade, -0.04% of the account)  || resource=srv-daqp02flot8c73ffv6eg instance=srv-daqp02flot8c73ffv6eg-w4zf9
2026-10-02 09:02:46,872 INFO [v33] RE-ENTER AIXI 276 @ 1.7000 = $469 | stop 1.6700 (1.76% away) | back above the 1.6800 that threw us out  || resource=srv-daqp02flot8c73ffv6eg instance=srv-daqp02flot8c73ffv6eg-w4zf9
2026-10-02 09:02:50,118 CRITICAL [v33] AIXI STILL HOLDING 60 share(s) after 8 chase attempts - the exit did not complete. This position is unprotected until the next pass.  || resource=srv-daqp02flot8c73ffv6eg instance=srv-daqp02flot8c73ffv6eg-w4zf9
2026-10-02 09:02:50,194 INFO [v33] EXIT half-back AIXI 276 @ 1.7000 | entry 1.7000 peak 1.7100 stop 1.7050 | held 3s | P/L +0.00 (+0.00% of the trade, +0.00% of the account)  || resource=srv-daqp02flot8c73ffv6eg instance=srv-daqp02flot8c73ffv6eg-w4zf9
2026-10-02 09:03:02,048 INFO [v33] EXIT half-back AIXI 60 @ 1.6500 | entry 1.6998 peak 1.6998 stop 1.6898 | held 15s | P/L -2.99 (-2.93% of the trade, -0.01% of the account)  || resource=srv-daqp02flot8c73ffv6eg instance=srv-daqp02flot8c73ffv6eg-w4zf9
2026-10-02 09:03:06,560 INFO [v33] RE-ENTER AIXI 281 @ 1.6700 = $469 | stop 1.6400 (1.80% away) | back above the 1.6500 that threw us out  || resource=srv-daqp02flot8c73ffv6eg instance=srv-daqp02flot8c73ffv6eg-w4zf9
2026-10-02 09:03:14,019 INFO [v33] EXIT half-back AIXI 281 @ 1.6700 | entry 1.6700 peak 1.6900 stop 1.6800 | held 7s | P/L +0.00 (+0.00% of the trade, +0.00% of the account)  || resource=srv-daqp02flot8c73ffv6eg instance=srv-daqp02flot8c73ffv6eg-w4zf9
2026-10-02 09:03:16,173 INFO [v33] RE-ENTER AIXI 326 @ 1.6900 = $551 | stop 1.6600 (1.78% away) | back above the 1.6700 that threw us out  || resource=srv-daqp02flot8c73ffv6eg instance=srv-daqp02flot8c73ffv6eg-w4zf9
2026-10-02 09:03:20,410 CRITICAL [v33] AIXI STILL HOLDING 1 share(s) after 8 chase attempts - the exit did not complete. This position is unprotected until the next pass.  || resource=srv-daqp02flot8c73ffv6eg instance=srv-daqp02flot8c73ffv6eg-w4zf9
2026-10-02 09:03:20,485 INFO [v33] EXIT half-back AIXI 326 @ 1.6600 | entry 1.6900 peak 1.6900 stop 1.6600 | held 4s | P/L -9.78 (-1.78% of the trade, -0.04% of the account)  || resource=srv-daqp02flot8c73ffv6eg instance=srv-daqp02flot8c73ffv6eg-w4zf9
2026-10-02 09:03:21,228 INFO [v33] RE-ENTER AIXI 279 @ 1.6800 = $469 | stop 1.6500 (1.79% away) | back above the 1.6600 that threw us out  || resource=srv-daqp02flot8c73ffv6eg instance=srv-daqp02flot8c73ffv6eg-w4zf9
2026-10-02 09:03:27,458 CRITICAL [v33] AIXI STILL HOLDING 1 share(s) after 8 chase attempts - the exit did not complete. This position is unprotected until the next pass.  || resource=srv-daqp02flot8c73ffv6eg instance=srv-daqp02flot8c73ffv6eg-w4zf9
2026-10-02 09:03:27,533 INFO [v33] EXIT half-back AIXI 279 @ 1.6500 | entry 1.6800 peak 1.6800 stop 1.6500 | held 6s | P/L -8.37 (-1.79% of the trade, -0.04% of the account)  || resource=srv-daqp02flot8c73ffv6eg instance=srv-daqp02flot8c73ffv6eg-w4zf9
2026-10-02 09:03:28,556 INFO [v33] RE-ENTER AIXI 281 @ 1.6700 = $469 | stop 1.6400 (1.80% away) | back above the 1.6500 that threw us out  || resource=srv-daqp02flot8c73ffv6eg instance=srv-daqp02flot8c73ffv6eg-w4zf9
2026-10-02 09:03:31,044 CRITICAL [v33] AIXI STILL HOLDING 1 share(s) after 8 chase attempts - the exit did not complete. This position is unprotected until the next pass.  || resource=srv-daqp02flot8c73ffv6eg instance=srv-daqp02flot8c73ffv6eg-w4zf9
2026-10-02 09:03:31,044 INFO [v33] EXIT half-back AIXI 281 @ 1.6600 | entry 1.6700 peak 1.6800 stop 1.6750 | held 2s | P/L -2.81 (-0.60% of the trade, -0.01% of the account)  || resource=srv-daqp02flot8c73ffv6eg instance=srv-daqp02flot8c73ffv6eg-w4zf9
2026-10-02 09:03:32,053 INFO [v33] RE-ENTER AIXI 279 @ 1.6800 = $469 | stop 1.6500 (1.79% away) | back above the 1.6600 that threw us out  || resource=srv-daqp02flot8c73ffv6eg instance=srv-daqp02flot8c73ffv6eg-w4zf9
2026-10-02 09:03:34,105 CRITICAL [v33] AIXI STILL HOLDING 1 share(s) after 8 chase attempts - the exit did not complete. This position is unprotected until the next pass.  || resource=srv-daqp02flot8c73ffv6eg instance=srv-daqp02flot8c73ffv6eg-w4zf9
2026-10-02 09:03:34,181 INFO [v33] EXIT half-back AIXI 279 @ 1.6900 | entry 1.6800 peak 1.7000 stop 1.6900 | held 2s | P/L +2.79 (+0.60% of the trade, +0.01% of the account)  || resource=srv-daqp02flot8c73ffv6eg instance=srv-daqp02flot8c73ffv6eg-w4zf9
2026-10-02 09:03:35,391 INFO [v33] RE-ENTER AIXI 274 @ 1.7100 = $469 | stop 1.6800 (1.75% away) | back above the 1.6900 that threw us out  || resource=srv-daqp02flot8c73ffv6eg instance=srv-daqp02flot8c73ffv6eg-w4zf9
2026-10-02 09:03:45,138 CRITICAL [v33] AIXI STILL HOLDING 1 share(s) after 8 chase attempts - the exit did not complete. This position is unprotected until the next pass.  || resource=srv-daqp02flot8c73ffv6eg instance=srv-daqp02flot8c73ffv6eg-w4zf9
2026-10-02 09:03:45,214 INFO [v33] EXIT half-back AIXI 274 @ 1.6800 | entry 1.7100 peak 1.7100 stop 1.6800 | held 10s | P/L -8.22 (-1.75% of the trade, -0.04% of the account)  || resource=srv-daqp02flot8c73ffv6eg instance=srv-daqp02flot8c73ffv6eg-w4zf9
2026-10-02 09:03:58,076 INFO [v33] EXIT half-back AIXI 1 @ 1.6700 | entry 1.7015 peak 1.7015 stop 1.6915 | held 23s | P/L -0.03 (-1.85% of the trade, -0.00% of the account)  || resource=srv-daqp02flot8c73ffv6eg instance=srv-daqp02flot8c73ffv6eg-w4zf9
2026-10-02 09:04:43,640 INFO [v33] RE-ENTER AIXI 286 @ 1.6900 = $483 | stop 1.6600 (1.78% away) | back above the 1.6700 that threw us out  || resource=srv-daqp02flot8c73ffv6eg instance=srv-daqp02flot8c73ffv6eg-w4zf9
2026-10-02 09:04:48,993 CRITICAL [v33] AIXI STILL HOLDING 5 share(s) after 8 chase attempts - the exit did not complete. This position is unprotected until the next pass.  || resource=srv-daqp02flot8c73ffv6eg instance=srv-daqp02flot8c73ffv6eg-w4zf9
2026-10-02 09:04:49,069 INFO [v33] EXIT half-back AIXI 286 @ 1.6900 | entry 1.6900 peak 1.7000 stop 1.6950 | held 5s | P/L +0.00 (+0.00% of the trade, +0.00% of the account)  || resource=srv-daqp02flot8c73ffv6eg instance=srv-daqp02flot8c73ffv6eg-w4zf9
2026-10-02 09:04:50,903 INFO [v33] RE-ENTER AIXI 380 @ 1.7100 = $650 | stop 1.6800 (1.75% away) | back above the 1.6900 that threw us out  || resource=srv-daqp02flot8c73ffv6eg instance=srv-daqp02flot8c73ffv6eg-w4zf9
2026-10-02 09:04:51,982 CRITICAL [v33] AIXI STILL HOLDING 5 share(s) after 8 chase attempts - the exit did not complete. This position is unprotected until the next pass.  || resource=srv-daqp02flot8c73ffv6eg instance=srv-daqp02flot8c73ffv6eg-w4zf9
2026-10-02 09:04:51,983 INFO [v33] EXIT half-back AIXI 380 @ 1.7100 | entry 1.7100 peak 1.7200 stop 1.7150 | held 1s | P/L +0.00 (+0.00% of the trade, +0.00% of the account)  || resource=srv-daqp02flot8c73ffv6eg instance=srv-daqp02flot8c73ffv6eg-w4zf9
2026-10-02 09:04:59,157 INFO [v33] EXIT half-back AIXI 5 @ 1.6900 | entry 1.7097 peak 1.7097 stop 1.6997 | held 8s | P/L -0.10 (-1.15% of the trade, -0.00% of the account)  || resource=srv-daqp02flot8c73ffv6eg instance=srv-daqp02flot8c73ffv6eg-w4zf9
2026-10-02 09:05:06,363 INFO [v33] RE-ENTER AIXI 427 @ 1.7100 = $730 | stop 1.6800 (1.75% away) | back above the 1.6900 that threw us out  || resource=srv-daqp02flot8c73ffv6eg instance=srv-daqp02flot8c73ffv6eg-w4zf9
2026-10-02 09:05:09,400 INFO [v33] EXIT half-back AIXI 427 @ 1.6800 | entry 1.7100 peak 1.7100 stop 1.6800 | held 3s | P/L -12.81 (-1.75% of the trade, -0.06% of the account)  || resource=srv-daqp02flot8c73ffv6eg instance=srv-daqp02flot8c73ffv6eg-w4zf9
2026-10-02 09:08:00,349 INFO [v33] RE-ENTER AIXI 276 @ 1.7000 = $469 | stop 1.6700 (1.76% away) | back above the 1.6800 that threw us out  || resource=srv-daqp02flot8c73ffv6eg instance=srv-daqp02flot8c73ffv6eg-w4zf9
2026-10-02 09:08:03,520 INFO [v33] EXIT half-back AIXI 276 @ 1.7210 | entry 1.7000 peak 1.7500 stop 1.7250 | held 3s | P/L +5.80 (+1.24% of the trade, +0.03% of the account)  || resource=srv-daqp02flot8c73ffv6eg instance=srv-daqp02flot8c73ffv6eg-w4zf9
2026-10-02 09:08:05,018 INFO [v33] RE-ENTER NCT 314 @ 1.5900 = $499 | stop 1.5500 (2.52% away) | back above the 1.5600 that threw us out  || resource=srv-daqp02flot8c73ffv6eg instance=srv-daqp02flot8c73ffv6eg-w4zf9
2026-10-02 09:08:09,969 CRITICAL [v33] NCT STILL HOLDING 9 share(s) after 8 chase attempts - the exit did not complete. This position is unprotected until the next pass.  || resource=srv-daqp02flot8c73ffv6eg instance=srv-daqp02flot8c73ffv6eg-w4zf9
2026-10-02 09:08:10,043 INFO [v33] EXIT half-back NCT 314 @ 1.5900 | entry 1.5900 peak 1.6000 stop 1.5950 | held 5s | P/L +0.00 (+0.00% of the trade, +0.00% of the account)  || resource=srv-daqp02flot8c73ffv6eg instance=srv-daqp02flot8c73ffv6eg-w4zf9
2026-10-02 09:10:40,121 INFO [v33] RE-ENTER AIXI 268 @ 1.7500 = $469 | stop 1.7110 (2.23% away) | back above the 1.7210 that threw us out  || resource=srv-daqp02flot8c73ffv6eg instance=srv-daqp02flot8c73ffv6eg-w4zf9
2026-10-02 09:10:44,893 INFO [v33] EXIT half-back AIXI 268 @ 1.7500 | entry 1.7500 peak 1.7600 stop 1.7550 | held 5s | P/L +0.00 (+0.00% of the trade, +0.00% of the account)  || resource=srv-daqp02flot8c73ffv6eg instance=srv-daqp02flot8c73ffv6eg-w4zf9
2026-10-02 09:10:45,889 INFO [v33] RE-ENTER AIXI 265 @ 1.7700 = $469 | stop 1.7400 (1.69% away) | back above the 1.7500 that threw us out  || resource=srv-daqp02flot8c73ffv6eg instance=srv-daqp02flot8c73ffv6eg-w4zf9
2026-10-02 09:10:46,859 INFO [v33] EXIT half-back AIXI 265 @ 1.7700 | entry 1.7700 peak 1.7800 stop 1.7750 | held 1s | P/L +0.00 (+0.00% of the trade, +0.00% of the account)  || resource=srv-daqp02flot8c73ffv6eg instance=srv-daqp02flot8c73ffv6eg-w4zf9
2026-10-02 09:10:50,187 INFO [v33] RE-ENTER AIXI 262 @ 1.7900 = $469 | stop 1.7600 (1.68% away) | back above the 1.7700 that threw us out  || resource=srv-daqp02flot8c73ffv6eg instance=srv-daqp02flot8c73ffv6eg-w4zf9
2026-10-02 09:10:53,077 INFO [v33] EXIT half-back AIXI 262 @ 1.7600 | entry 1.7900 peak 1.7900 stop 1.7600 | held 3s | P/L -7.86 (-1.68% of the trade, -0.04% of the account)  || resource=srv-daqp02flot8c73ffv6eg instance=srv-daqp02flot8c73ffv6eg-w4zf9
2026-10-02 09:10:54,974 INFO [v33] RE-ENTER AIXI 263 @ 1.7800 = $468 | stop 1.7500 (1.69% away) | back above the 1.7600 that threw us out  || resource=srv-daqp02flot8c73ffv6eg instance=srv-daqp02flot8c73ffv6eg-w4zf9
2026-10-02 09:11:00,598 INFO [v33] EXIT half-back AIXI 263 @ 1.7500 | entry 1.7800 peak 1.7800 stop 1.7500 | held 6s | P/L -7.89 (-1.69% of the trade, -0.04% of the account)  || resource=srv-daqp02flot8c73ffv6eg instance=srv-daqp02flot8c73ffv6eg-w4zf9
2026-10-02 09:11:07,356 INFO [v33] RE-ENTER CYPH 149 @ 3.1400 = $468 | stop 3.1100 (0.96% away) | back above the 3.1200 that threw us out  || resource=srv-daqp02flot8c73ffv6eg instance=srv-daqp02flot8c73ffv6eg-w4zf9
2026-10-02 09:11:13,199 INFO [v33] RE-ENTER AIXI 296 @ 1.7700 = $524 | stop 1.7400 (1.69% away) | back above the 1.7500 that threw us out  || resource=srv-daqp02flot8c73ffv6eg instance=srv-daqp02flot8c73ffv6eg-w4zf9
2026-10-02 09:11:18,828 CRITICAL [v33] AIXI STILL HOLDING 25 share(s) after 8 chase attempts - the exit did not complete. This position is unprotected until the next pass.  || resource=srv-daqp02flot8c73ffv6eg instance=srv-daqp02flot8c73ffv6eg-w4zf9
2026-10-02 09:11:18,902 INFO [v33] EXIT half-back AIXI 296 @ 1.7700 | entry 1.7700 peak 1.7800 stop 1.7750 | held 6s | P/L +0.00 (+0.00% of the trade, +0.00% of the account)  || resource=srv-daqp02flot8c73ffv6eg instance=srv-daqp02flot8c73ffv6eg-w4zf9
2026-10-02 09:11:22,983 INFO [v33] RE-ENTER AIXI 262 @ 1.7900 = $469 | stop 1.7600 (1.68% away) | back above the 1.7700 that threw us out  || resource=srv-daqp02flot8c73ffv6eg instance=srv-daqp02flot8c73ffv6eg-w4zf9
2026-10-02 09:11:28,773 CRITICAL [v33] AIXI STILL HOLDING 25 share(s) after 8 chase attempts - the exit did not complete. This position is unprotected until the next pass.  || resource=srv-daqp02flot8c73ffv6eg instance=srv-daqp02flot8c73ffv6eg-w4zf9
2026-10-02 09:11:28,847 INFO [v33] EXIT half-back AIXI 262 @ 1.7902 | entry 1.7900 peak 1.8000 stop 1.7950 | held 6s | P/L +0.05 (+0.01% of the trade, +0.00% of the account)  || resource=srv-daqp02flot8c73ffv6eg instance=srv-daqp02flot8c73ffv6eg-w4zf9
2026-10-02 09:11:58,701 INFO [v32] EXIT dead-tape JAGU 316 @ 1.3500 | entry 1.3500 peak 1.3500 stop 1.1900 | held 616s | P/L +0.00 (+0.00% of the trade, +0.00% of the account)  || resource=srv-daqp02flot8c73ffv6eg instance=srv-daqp02flot8c73ffv6eg-w4zf9
2026-10-02 09:12:00,370 INFO [v33] EXIT half-back AIXI 25 @ 1.7600 | entry 1.7834 peak 1.7834 stop 1.7734 | held 37s | P/L -0.59 (-1.31% of the trade, -0.00% of the account)  || resource=srv-daqp02flot8c73ffv6eg instance=srv-daqp02flot8c73ffv6eg-w4zf9
2026-10-02 09:12:01,550 INFO [v33] EXIT dead-tape JAGU 347 @ 1.3500 | entry 1.3500 peak 1.3500 stop 1.1900 | held 619s | P/L +0.00 (+0.00% of the trade, +0.00% of the account)  || resource=srv-daqp02flot8c73ffv6eg instance=srv-daqp02flot8c73ffv6eg-w4zf9
2026-10-02 09:13:05,256 INFO [v33] RE-ENTER AIXI 263 @ 1.7800 = $468 | stop 1.7500 (1.69% away) | back above the 1.7600 that threw us out  || resource=srv-daqp02flot8c73ffv6eg instance=srv-daqp02flot8c73ffv6eg-w4zf9
2026-10-02 09:13:17,559 INFO [v33] EXIT half-back AIXI 263 @ 1.7900 | entry 1.7800 peak 1.8000 stop 1.7900 | held 12s | P/L +2.63 (+0.56% of the trade, +0.01% of the account)  || resource=srv-daqp02flot8c73ffv6eg instance=srv-daqp02flot8c73ffv6eg-w4zf9
2026-10-02 09:13:32,795 INFO [v32] EXIT dead-tape CMCT 63 @ 3.8700 | entry 4.0100 peak 4.0100 stop 3.8600 | held 3900s | P/L -8.82 (-3.49% of the trade, -0.08% of the account)  || resource=srv-daqp02flot8c73ffv6eg instance=srv-daqp02flot8c73ffv6eg-w4zf9
2026-10-02 09:13:38,258 INFO [v33] EXIT dead-tape CMCT 159 @ 3.8700 | entry 3.9600 peak 3.9600 stop 3.8600 | held 2493s | P/L -14.31 (-2.27% of the trade, -0.06% of the account)  || resource=srv-daqp02flot8c73ffv6eg instance=srv-daqp02flot8c73ffv6eg-w4zf9
2026-10-02 09:14:09,707 INFO [v33] RE-ENTER AIXI 296 @ 1.8100 = $536 | stop 1.7800 (1.66% away) | back above the 1.7900 that threw us out  || resource=srv-daqp02flot8c73ffv6eg instance=srv-daqp02flot8c73ffv6eg-w4zf9
2026-10-02 09:14:17,193 INFO [v33] EXIT half-back AIXI 296 @ 1.8100 | entry 1.8100 peak 1.8200 stop 1.8150 | held 7s | P/L +0.00 (+0.00% of the trade, +0.00% of the account)  || resource=srv-daqp02flot8c73ffv6eg instance=srv-daqp02flot8c73ffv6eg-w4zf9
2026-10-02 09:14:23,859 INFO [v33] RE-ENTER AIXI 256 @ 1.8300 = $468 | stop 1.8000 (1.64% away) | back above the 1.8100 that threw us out  || resource=srv-daqp02flot8c73ffv6eg instance=srv-daqp02flot8c73ffv6eg-w4zf9
2026-10-02 09:14:36,855 INFO [v33] EXIT half-back AIXI 256 @ 1.8000 | entry 1.8300 peak 1.8300 stop 1.8000 | held 13s | P/L -7.68 (-1.64% of the trade, -0.03% of the account)  || resource=srv-daqp02flot8c73ffv6eg instance=srv-daqp02flot8c73ffv6eg-w4zf9
2026-10-02 09:14:40,675 INFO [v32] EXIT dead-tape HTCR 111 @ 1.8931 | entry 1.9800 peak 1.9800 stop 1.8600 | held 4240s | P/L -9.65 (-4.39% of the trade, -0.09% of the account)  || resource=srv-daqp02flot8c73ffv6eg instance=srv-daqp02flot8c73ffv6eg-w4zf9
2026-10-02 09:14:41,752 INFO [v33] EXIT dead-tape HTCR 245 @ 1.8931 | entry 1.9100 peak 1.9100 stop 1.8500 | held 2864s | P/L -4.14 (-0.88% of the trade, -0.02% of the account)  || resource=srv-daqp02flot8c73ffv6eg instance=srv-daqp02flot8c73ffv6eg-w4zf9
2026-10-02 09:14:44,077 INFO [v33] RE-ENTER AIXI 274 @ 1.8200 = $499 | stop 1.7900 (1.65% away) | back above the 1.8000 that threw us out  || resource=srv-daqp02flot8c73ffv6eg instance=srv-daqp02flot8c73ffv6eg-w4zf9
2026-10-02 09:14:49,935 CRITICAL [v33] AIXI STILL HOLDING 5 share(s) after 8 chase attempts - the exit did not complete. This position is unprotected until the next pass.  || resource=srv-daqp02flot8c73ffv6eg instance=srv-daqp02flot8c73ffv6eg-w4zf9
2026-10-02 09:14:50,010 INFO [v33] EXIT half-back AIXI 274 @ 1.8200 | entry 1.8200 peak 1.8300 stop 1.8250 | held 6s | P/L +0.00 (+0.00% of the trade, +0.00% of the account)  || resource=srv-daqp02flot8c73ffv6eg instance=srv-daqp02flot8c73ffv6eg-w4zf9
2026-10-02 09:14:51,526 INFO [v33] RE-ENTER AIXI 317 @ 1.8400 = $583 | stop 1.8100 (1.63% away) | back above the 1.8200 that threw us out  || resource=srv-daqp02flot8c73ffv6eg instance=srv-daqp02flot8c73ffv6eg-w4zf9
2026-10-02 09:14:57,014 CRITICAL [v33] AIXI STILL HOLDING 5 share(s) after 8 chase attempts - the exit did not complete. This position is unprotected until the next pass.  || resource=srv-daqp02flot8c73ffv6eg instance=srv-daqp02flot8c73ffv6eg-w4zf9
2026-10-02 09:14:57,090 INFO [v33] EXIT half-back AIXI 317 @ 1.8100 | entry 1.8400 peak 1.8400 stop 1.8100 | held 5s | P/L -9.51 (-1.63% of the trade, -0.04% of the account)  || resource=srv-daqp02flot8c73ffv6eg instance=srv-daqp02flot8c73ffv6eg-w4zf9
2026-10-02 09:14:58,454 INFO [v33] RE-ENTER AIXI 289 @ 1.8300 = $529 | stop 1.8000 (1.64% away) | back above the 1.8100 that threw us out  || resource=srv-daqp02flot8c73ffv6eg instance=srv-daqp02flot8c73ffv6eg-w4zf9
2026-10-02 09:15:04,352 CRITICAL [v33] AIXI STILL HOLDING 6 share(s) after 8 chase attempts - the exit did not complete. This position is unprotected until the next pass.  || resource=srv-daqp02flot8c73ffv6eg instance=srv-daqp02flot8c73ffv6eg-w4zf9
2026-10-02 09:15:04,431 INFO [v33] EXIT half-back AIXI 289 @ 1.8300 | entry 1.8300 peak 1.8301 stop 1.8300 | held 6s | P/L +0.00 (+0.00% of the trade, +0.00% of the account)  || resource=srv-daqp02flot8c73ffv6eg instance=srv-daqp02flot8c73ffv6eg-w4zf9
2026-10-02 09:15:05,412 INFO [v33] EXIT half-back AIXI 6 @ 1.8300 | entry 1.8300 peak 1.8301 stop 1.8300 | held 7s | P/L +0.00 (+0.00% of the trade, +0.00% of the account)  || resource=srv-daqp02flot8c73ffv6eg instance=srv-daqp02flot8c73ffv6eg-w4zf9
2026-10-02 09:20:23,349 INFO [v33] EXIT half-back NCT 9 @ 1.6200 | entry 1.6000 peak 1.7100 stop 1.6550 | held 738s | P/L +0.18 (+1.25% of the trade, +0.00% of the account)  || resource=srv-daqp02flot8c73ffv6eg instance=srv-daqp02flot8c73ffv6eg-w4zf9
2026-10-02 09:25:13,066 INFO [v33] ENTER CDT 340 @ 1.3800 = $469 | stop 1.3400 (2.90% away) | first entry, stop from the bid  || resource=srv-daqp02flot8c73ffv6eg instance=srv-daqp02flot8c73ffv6eg-w4zf9
2026-10-02 09:25:13,418 INFO [v32] ENTER CDT 236 @ 1.3800 = $326 | stop 1.3400 (2.90% away) | day level 1.3800, re-entry at 1.4000  || resource=srv-daqp02flot8c73ffv6eg instance=srv-daqp02flot8c73ffv6eg-w4zf9
2026-10-02 09:26:16,608 INFO [v33] EXIT half-back CDT 340 @ 1.4300 | entry 1.3800 peak 1.4984 stop 1.4392 | held 63s | P/L +17.00 (+3.62% of the trade, +0.08% of the account)  || resource=srv-daqp02flot8c73ffv6eg instance=srv-daqp02flot8c73ffv6eg-w4zf9
2026-10-02 09:26:18,373 INFO [v33] RE-ENTER CDT 603 @ 1.4500 = $874 | stop 1.4200 (2.07% away) | back above the 1.4300 that threw us out  || resource=srv-daqp02flot8c73ffv6eg instance=srv-daqp02flot8c73ffv6eg-w4zf9
2026-10-02 09:26:24,545 CRITICAL [v33] CDT STILL HOLDING 4 share(s) after 8 chase attempts - the exit did not complete. This position is unprotected until the next pass.  || resource=srv-daqp02flot8c73ffv6eg instance=srv-daqp02flot8c73ffv6eg-w4zf9
2026-10-02 09:26:24,617 INFO [v33] EXIT half-back CDT 603 @ 1.4573 | entry 1.4500 peak 1.4700 stop 1.4600 | held 6s | P/L +4.40 (+0.50% of the trade, +0.02% of the account)  || resource=srv-daqp02flot8c73ffv6eg instance=srv-daqp02flot8c73ffv6eg-w4zf9
2026-10-02 09:26:42,213 INFO [v33] RE-ENTER CDT 430 @ 1.4900 = $641 | stop 1.4473 (2.87% away) | back above the 1.4573 that threw us out  || resource=srv-daqp02flot8c73ffv6eg instance=srv-daqp02flot8c73ffv6eg-w4zf9
2026-10-02 09:26:44,295 CRITICAL [v33] CDT STILL HOLDING 4 share(s) after 8 chase attempts - the exit did not complete. This position is unprotected until the next pass.  || resource=srv-daqp02flot8c73ffv6eg instance=srv-daqp02flot8c73ffv6eg-w4zf9
2026-10-02 09:26:44,368 INFO [v33] EXIT half-back CDT 430 @ 1.4900 | entry 1.4900 peak 1.5000 stop 1.4950 | held 2s | P/L +0.00 (+0.00% of the trade, +0.00% of the account)  || resource=srv-daqp02flot8c73ffv6eg instance=srv-daqp02flot8c73ffv6eg-w4zf9
2026-10-02 09:27:03,504 INFO [v33] EXIT half-back CDT 4 @ 1.4100 | entry 1.4997 peak 1.4997 stop 1.4897 | held 21s | P/L -0.36 (-5.98% of the trade, -0.00% of the account)  || resource=srv-daqp02flot8c73ffv6eg instance=srv-daqp02flot8c73ffv6eg-w4zf9
2026-10-02 09:27:22,017 INFO [v32] EXIT stop CDT 240 @ 1.3400 | entry 1.3800 peak 1.3800 stop 1.3400 | held 129s | P/L -9.60 (-2.90% of the trade, -0.09% of the account)  || resource=srv-daqp02flot8c73ffv6eg instance=srv-daqp02flot8c73ffv6eg-w4zf9
2026-10-02 09:27:23,705 INFO [v33] EXIT half-back CYPH 149 @ 3.1500 | entry 3.1400 peak 3.1800 stop 3.1600 | held 976s | P/L +1.49 (+0.32% of the trade, +0.01% of the account)  || resource=srv-daqp02flot8c73ffv6eg instance=srv-daqp02flot8c73ffv6eg-w4zf9
2026-10-02 09:28:36,907 INFO [v33] RE-ENTER CYPH 272 @ 3.1800 = $865 | stop 3.1400 (1.26% away) | back above the 3.1500 that threw us out  || resource=srv-daqp02flot8c73ffv6eg instance=srv-daqp02flot8c73ffv6eg-w4zf9
2026-10-02 09:30:12,320 INFO [v33] EXIT half-back CYPH 272 @ 3.1800 | entry 3.1800 peak 3.1900 stop 3.1850 | held 95s | P/L +0.00 (+0.00% of the trade, +0.00% of the account)  || resource=srv-daqp02flot8c73ffv6eg instance=srv-daqp02flot8c73ffv6eg-w4zf9
2026-10-02 09:38:05,032 INFO [v32] ENTER TNMG 47 @ 4.7000 = $221 | stop 4.4300 (5.74% away) | day level 4.7000, re-entry at 4.7200  || resource=srv-daqp02flot8c73ffv6eg instance=srv-daqp02flot8c73ffv6eg-w4zf9
2026-10-02 09:38:05,812 INFO [v33] ENTER TNMG 107 @ 4.7000 = $503 | stop 4.4300 (5.74% away) | first entry, stop from the bid  || resource=srv-daqp02flot8c73ffv6eg instance=srv-daqp02flot8c73ffv6eg-w4zf9
2026-10-02 09:38:10,528 CRITICAL [v33] TNMG STILL HOLDING 3 share(s) after 8 chase attempts - the exit did not complete. This position is unprotected until the next pass.  || resource=srv-daqp02flot8c73ffv6eg instance=srv-daqp02flot8c73ffv6eg-w4zf9
2026-10-02 09:38:10,601 INFO [v33] EXIT half-back TNMG 107 @ 4.6600 | entry 4.7000 peak 4.7100 stop 4.7050 | held 5s | P/L -4.28 (-0.85% of the trade, -0.02% of the account)  || resource=srv-daqp02flot8c73ffv6eg instance=srv-daqp02flot8c73ffv6eg-w4zf9
2026-10-02 09:38:32,974 INFO [v33] RE-ENTER CYPH 167 @ 3.2100 = $536 | stop 3.1700 (1.25% away) | back above the 3.1800 that threw us out  || resource=srv-daqp02flot8c73ffv6eg instance=srv-daqp02flot8c73ffv6eg-w4zf9
2026-10-02 09:38:37,808 INFO [v32] EXIT stop TNMG 47 @ 4.3900 | entry 4.7000 peak 4.7000 stop 4.4300 | held 33s | P/L -14.57 (-6.60% of the trade, -0.13% of the account)  || resource=srv-daqp02flot8c73ffv6eg instance=srv-daqp02flot8c73ffv6eg-w4zf9
2026-10-02 09:39:12,416 INFO [v33] EXIT half-back TNMG 3 @ 4.5300 | entry 4.7400 peak 4.7400 stop 4.7300 | held 67s | P/L -0.63 (-4.43% of the trade, -0.00% of the account)  || resource=srv-daqp02flot8c73ffv6eg instance=srv-daqp02flot8c73ffv6eg-w4zf9
2026-10-02 09:39:25,680 INFO [v33] RE-ENTER TNMG 114 @ 4.5600 = $520 | stop 4.5200 (0.88% away) | back above the 4.5300 that threw us out  || resource=srv-daqp02flot8c73ffv6eg instance=srv-daqp02flot8c73ffv6eg-w4zf9
2026-10-02 09:39:46,230 INFO [v33] EXIT half-back TNMG 114 @ 4.5300 | entry 4.5600 peak 4.7000 stop 4.6300 | held 20s | P/L -3.42 (-0.66% of the trade, -0.02% of the account)  || resource=srv-daqp02flot8c73ffv6eg instance=srv-daqp02flot8c73ffv6eg-w4zf9
2026-10-02 09:40:27,069 INFO [v33] RE-ENTER TNMG 103 @ 4.5600 = $470 | stop 4.5200 (0.88% away) | back above the 4.5300 that threw us out  || resource=srv-daqp02flot8c73ffv6eg instance=srv-daqp02flot8c73ffv6eg-w4zf9
2026-10-02 09:41:04,589 CRITICAL [v33] TNMG STILL HOLDING 25 share(s) after 8 chase attempts - the exit did not complete. This position is unprotected until the next pass.  || resource=srv-daqp02flot8c73ffv6eg instance=srv-daqp02flot8c73ffv6eg-w4zf9
2026-10-02 09:41:04,660 INFO [v33] EXIT half-back TNMG 103 @ 4.4800 | entry 4.5600 peak 4.5600 stop 4.5200 | held 38s | P/L -8.24 (-1.75% of the trade, -0.04% of the account)  || resource=srv-daqp02flot8c73ffv6eg instance=srv-daqp02flot8c73ffv6eg-w4zf9
2026-10-02 09:41:14,757 INFO [v33] EXIT half-back TNMG 25 @ 4.4700 | entry 4.6000 peak 4.6000 stop 4.5900 | held 48s | P/L -3.25 (-2.83% of the trade, -0.01% of the account)  || resource=srv-daqp02flot8c73ffv6eg instance=srv-daqp02flot8c73ffv6eg-w4zf9
2026-10-02 09:41:29,459 INFO [v33] RE-ENTER TNMG 126 @ 4.5500 = $573 | stop 4.4600 (1.98% away) | back above the 4.4700 that threw us out  || resource=srv-daqp02flot8c73ffv6eg instance=srv-daqp02flot8c73ffv6eg-w4zf9
2026-10-02 09:41:37,572 INFO [v33] EXIT half-back TNMG 126 @ 4.5500 | entry 4.5500 peak 4.5600 stop 4.5550 | held 8s | P/L +0.00 (+0.00% of the trade, +0.00% of the account)  || resource=srv-daqp02flot8c73ffv6eg instance=srv-daqp02flot8c73ffv6eg-w4zf9
2026-10-02 09:41:38,803 INFO [v33] EXIT half-back CYPH 266 @ 3.2024 | entry 3.2100 peak 3.2300 stop 3.2200 | held 186s | P/L -2.02 (-0.24% of the trade, -0.01% of the account)  || resource=srv-daqp02flot8c73ffv6eg instance=srv-daqp02flot8c73ffv6eg-w4zf9
2026-10-02 09:41:41,739 INFO [v33] RE-ENTER TNMG 159 @ 4.6500 = $739 | stop 4.5400 (2.37% away) | back above the 4.5500 that threw us out  || resource=srv-daqp02flot8c73ffv6eg instance=srv-daqp02flot8c73ffv6eg-w4zf9
2026-10-02 09:42:21,921 INFO [v33] EXIT half-back TNMG 159 @ 4.6500 | entry 4.6500 peak 4.6600 stop 4.6550 | held 40s | P/L +0.00 (+0.00% of the trade, +0.00% of the account)  || resource=srv-daqp02flot8c73ffv6eg instance=srv-daqp02flot8c73ffv6eg-w4zf9
2026-10-02 09:44:12,879 INFO [v32] ENTER DBGI 38 @ 5.7000 = $217 | stop 5.3400 (6.32% away) | day level 5.7000, re-entry at 5.7200  || resource=srv-daqp02flot8c73ffv6eg instance=srv-daqp02flot8c73ffv6eg-w4zf9
2026-10-02 09:44:13,391 INFO [v33] ENTER DBGI 94 @ 5.7000 = $536 | stop 5.3400 (6.32% away) | first entry, stop from the bid  || resource=srv-daqp02flot8c73ffv6eg instance=srv-daqp02flot8c73ffv6eg-w4zf9
2026-10-02 09:45:40,799 INFO [v33] RE-ENTER CHWM 95 @ 6.8000 = $646 | stop 6.7700 (0.44% away) | back above the 6.7800 that threw us out  || resource=srv-daqp02flot8c73ffv6eg instance=srv-daqp02flot8c73ffv6eg-w4zf9
2026-10-02 09:45:42,383 INFO [v33] EXIT half-back CHWM 95 @ 6.6800 | entry 6.8000 peak 6.8000 stop 6.7700 | held 2s | P/L -11.40 (-1.76% of the trade, -0.05% of the account)  || resource=srv-daqp02flot8c73ffv6eg instance=srv-daqp02flot8c73ffv6eg-w4zf9
2026-10-02 09:45:44,194 INFO [v33] RE-ENTER CHWM 121 @ 6.8000 = $823 | stop 6.6700 (1.91% away) | back above the 6.6800 that threw us out  || resource=srv-daqp02flot8c73ffv6eg instance=srv-daqp02flot8c73ffv6eg-w4zf9
2026-10-02 09:45:53,069 CRITICAL [v33] CHWM STILL HOLDING 5 share(s) after 8 chase attempts - the exit did not complete. This position is unprotected until the next pass.  || resource=srv-daqp02flot8c73ffv6eg instance=srv-daqp02flot8c73ffv6eg-w4zf9
2026-10-02 09:45:53,140 INFO [v33] EXIT half-back CHWM 121 @ 6.6700 | entry 6.8000 peak 6.8000 stop 6.6700 | held 9s | P/L -15.73 (-1.91% of the trade, -0.07% of the account)  || resource=srv-daqp02flot8c73ffv6eg instance=srv-daqp02flot8c73ffv6eg-w4zf9
2026-10-02 09:45:55,258 INFO [v33] RE-ENTER CHWM 113 @ 6.6900 = $756 | stop 6.6600 (0.45% away) | back above the 6.6700 that threw us out  || resource=srv-daqp02flot8c73ffv6eg instance=srv-daqp02flot8c73ffv6eg-w4zf9
2026-10-02 09:46:44,769 INFO [v33] RE-ENTER SSM 340 @ 2.4900 = $847 | stop 2.4600 (1.20% away) | back above the 2.4700 that threw us out  || resource=srv-daqp02flot8c73ffv6eg instance=srv-daqp02flot8c73ffv6eg-w4zf9
2026-10-02 09:46:48,295 INFO [v33] RE-ENTER TNMG 99 @ 4.7000 = $465 | stop 4.6400 (1.28% away) | back above the 4.6500 that threw us out  || resource=srv-daqp02flot8c73ffv6eg instance=srv-daqp02flot8c73ffv6eg-w4zf9
2026-10-02 09:46:52,895 INFO [v32] RE-ENTER TNMG 46 @ 4.7300 = $218 | stop 4.4300 (6.34% away) | day level 4.7000, re-entry at 4.7200  || resource=srv-daqp02flot8c73ffv6eg instance=srv-daqp02flot8c73ffv6eg-w4zf9
2026-10-02 09:46:53,308 INFO [v33] EXIT half-back TNMG 99 @ 4.7200 | entry 4.7000 peak 4.7400 stop 4.7200 | held 5s | P/L +1.98 (+0.43% of the trade, +0.01% of the account)  || resource=srv-daqp02flot8c73ffv6eg instance=srv-daqp02flot8c73ffv6eg-w4zf9
2026-10-02 09:46:54,829 INFO [v33] RE-ENTER TNMG 130 @ 4.7400 = $616 | stop 4.7100 (0.63% away) | back above the 4.7200 that threw us out  || resource=srv-daqp02flot8c73ffv6eg instance=srv-daqp02flot8c73ffv6eg-w4zf9
2026-10-02 09:46:56,197 CRITICAL [v33] TNMG STILL HOLDING 1 share(s) after 8 chase attempts - the exit did not complete. This position is unprotected until the next pass.  || resource=srv-daqp02flot8c73ffv6eg instance=srv-daqp02flot8c73ffv6eg-w4zf9
2026-10-02 09:46:56,197 INFO [v33] EXIT half-back TNMG 130 @ 4.7000 | entry 4.7400 peak 4.7400 stop 4.7100 | held 1s | P/L -5.20 (-0.84% of the trade, -0.02% of the account)  || resource=srv-daqp02flot8c73ffv6eg instance=srv-daqp02flot8c73ffv6eg-w4zf9
2026-10-02 09:47:12,965 INFO [v33] EXIT half-back TNMG 1 @ 4.6099 | entry 4.7400 peak 4.7400 stop 4.7300 | held 18s | P/L -0.13 (-2.74% of the trade, -0.00% of the account)  || resource=srv-daqp02flot8c73ffv6eg instance=srv-daqp02flot8c73ffv6eg-w4zf9
2026-10-02 09:47:25,757 INFO [v33] RE-ENTER TNMG 107 @ 4.6900 = $502 | stop 4.5999 (1.92% away) | back above the 4.6099 that threw us out  || resource=srv-daqp02flot8c73ffv6eg instance=srv-daqp02flot8c73ffv6eg-w4zf9
2026-10-02 09:47:38,535 CRITICAL [v33] TNMG STILL HOLDING 19 share(s) after 8 chase attempts - the exit did not complete. This position is unprotected until the next pass.  || resource=srv-daqp02flot8c73ffv6eg instance=srv-daqp02flot8c73ffv6eg-w4zf9
2026-10-02 09:47:38,535 INFO [v33] EXIT half-back TNMG 107 @ 4.5100 | entry 4.6900 peak 4.6900 stop 4.5999 | held 13s | P/L -19.26 (-3.84% of the trade, -0.09% of the account)  || resource=srv-daqp02flot8c73ffv6eg instance=srv-daqp02flot8c73ffv6eg-w4zf9
2026-10-02 09:47:50,221 INFO [v33] RE-ENTER TNMG 162 @ 4.6800 = $758 | stop 4.5000 (3.85% away) | back above the 4.5100 that threw us out  || resource=srv-daqp02flot8c73ffv6eg instance=srv-daqp02flot8c73ffv6eg-w4zf9
2026-10-02 09:48:10,224 INFO [v33] EXIT half-back TNMG 181 @ 4.5400 | entry 4.6800 peak 4.7100 stop 4.6950 | held 20s | P/L -25.34 (-2.99% of the trade, -0.12% of the account)  || resource=srv-daqp02flot8c73ffv6eg instance=srv-daqp02flot8c73ffv6eg-w4zf9
2026-10-02 09:50:43,736 INFO [v33] RE-ENTER TNMG 101 @ 4.6800 = $473 | stop 4.5300 (3.21% away) | back above the 4.5400 that threw us out  || resource=srv-daqp02flot8c73ffv6eg instance=srv-daqp02flot8c73ffv6eg-w4zf9
2026-10-02 09:50:46,668 CRITICAL [v33] TNMG STILL HOLDING 2 share(s) after 8 chase attempts - the exit did not complete. This position is unprotected until the next pass.  || resource=srv-daqp02flot8c73ffv6eg instance=srv-daqp02flot8c73ffv6eg-w4zf9
2026-10-02 09:50:46,741 INFO [v33] EXIT half-back TNMG 101 @ 4.6500 | entry 4.6800 peak 4.6900 stop 4.6850 | held 3s | P/L -3.03 (-0.64% of the trade, -0.01% of the account)  || resource=srv-daqp02flot8c73ffv6eg instance=srv-daqp02flot8c73ffv6eg-w4zf9
2026-10-02 09:50:49,477 INFO [v33] EXIT half-back SSM 359 @ 2.6400 | entry 2.4900 peak 2.7900 stop 2.6400 | held 245s | P/L +53.85 (+6.02% of the trade, +0.25% of the account)  || resource=srv-daqp02flot8c73ffv6eg instance=srv-daqp02flot8c73ffv6eg-w4zf9
2026-10-02 09:51:22,556 INFO [v33] RE-ENTER SSM 176 @ 2.6600 = $468 | stop 2.6300 (1.13% away) | back above the 2.6400 that threw us out  || resource=srv-daqp02flot8c73ffv6eg instance=srv-daqp02flot8c73ffv6eg-w4zf9
2026-10-02 09:51:24,298 INFO [v33] EXIT half-back SSM 176 @ 2.6195 | entry 2.6600 peak 2.6600 stop 2.6300 | held 2s | P/L -7.13 (-1.52% of the trade, -0.03% of the account)  || resource=srv-daqp02flot8c73ffv6eg instance=srv-daqp02flot8c73ffv6eg-w4zf9
2026-10-02 09:52:38,308 INFO [v32] ENTER SMXT 133 @ 2.5800 = $343 | stop 2.0300 (21.32% away) | day level 2.5800, re-entry at 2.6000  || resource=srv-daqp02flot8c73ffv6eg instance=srv-daqp02flot8c73ffv6eg-w4zf9
2026-10-02 09:53:31,821 INFO [v33] RE-ENTER SSM 177 @ 2.6400 = $467 | stop 2.6095 (1.16% away) | back above the 2.6195 that threw us out  || resource=srv-daqp02flot8c73ffv6eg instance=srv-daqp02flot8c73ffv6eg-w4zf9
2026-10-02 09:53:35,251 INFO [v33] EXIT half-back SSM 177 @ 2.6400 | entry 2.6400 peak 2.6500 stop 2.6450 | held 3s | P/L +0.00 (+0.00% of the trade, +0.00% of the account)  || resource=srv-daqp02flot8c73ffv6eg instance=srv-daqp02flot8c73ffv6eg-w4zf9
2026-10-02 09:53:37,003 INFO [v33] RE-ENTER SSM 207 @ 2.6600 = $551 | stop 2.6300 (1.13% away) | back above the 2.6400 that threw us out  || resource=srv-daqp02flot8c73ffv6eg instance=srv-daqp02flot8c73ffv6eg-w4zf9
2026-10-02 09:53:41,138 INFO [v33] EXIT half-back SSM 207 @ 2.6300 | entry 2.6600 peak 2.6600 stop 2.6300 | held 4s | P/L -6.21 (-1.13% of the trade, -0.03% of the account)  || resource=srv-daqp02flot8c73ffv6eg instance=srv-daqp02flot8c73ffv6eg-w4zf9
2026-10-02 09:55:11,348 INFO [v33] RE-ENTER SSM 204 @ 2.6500 = $541 | stop 2.6200 (1.13% away) | back above the 2.6300 that threw us out  || resource=srv-daqp02flot8c73ffv6eg instance=srv-daqp02flot8c73ffv6eg-w4zf9
2026-10-02 09:55:16,504 INFO [v33] EXIT half-back SSM 204 @ 2.6600 | entry 2.6500 peak 2.6700 stop 2.6600 | held 5s | P/L +2.04 (+0.38% of the trade, +0.01% of the account)  || resource=srv-daqp02flot8c73ffv6eg instance=srv-daqp02flot8c73ffv6eg-w4zf9
2026-10-02 09:55:18,255 INFO [v33] RE-ENTER SSM 212 @ 2.6800 = $568 | stop 2.6500 (1.12% away) | back above the 2.6600 that threw us out  || resource=srv-daqp02flot8c73ffv6eg instance=srv-daqp02flot8c73ffv6eg-w4zf9
2026-10-02 09:55:23,356 CRITICAL [v33] SSM STILL HOLDING 5 share(s) after 8 chase attempts - the exit did not complete. This position is unprotected until the next pass.  || resource=srv-daqp02flot8c73ffv6eg instance=srv-daqp02flot8c73ffv6eg-w4zf9
2026-10-02 09:55:23,431 INFO [v33] EXIT half-back SSM 212 @ 2.6800 | entry 2.6800 peak 2.6850 stop 2.6825 | held 5s | P/L +0.00 (+0.00% of the trade, +0.00% of the account)  || resource=srv-daqp02flot8c73ffv6eg instance=srv-daqp02flot8c73ffv6eg-w4zf9
2026-10-02 09:55:24,646 INFO [v33] RE-ENTER SSM 192 @ 2.7000 = $518 | stop 2.6700 (1.11% away) | back above the 2.6800 that threw us out  || resource=srv-daqp02flot8c73ffv6eg instance=srv-daqp02flot8c73ffv6eg-w4zf9
2026-10-02 09:55:31,704 CRITICAL [v33] SSM STILL HOLDING 29 share(s) after 8 chase attempts - the exit did not complete. This position is unprotected until the next pass.  || resource=srv-daqp02flot8c73ffv6eg instance=srv-daqp02flot8c73ffv6eg-w4zf9
2026-10-02 09:55:31,776 INFO [v33] EXIT half-back SSM 192 @ 2.7105 | entry 2.7000 peak 2.7300 stop 2.7150 | held 7s | P/L +2.02 (+0.39% of the trade, +0.01% of the account)  || resource=srv-daqp02flot8c73ffv6eg instance=srv-daqp02flot8c73ffv6eg-w4zf9
2026-10-02 09:55:37,459 INFO [v33] EXIT half-back TNMG 2 @ 4.5500 | entry 4.7400 peak 4.7400 stop 4.7300 | held 294s | P/L -0.38 (-4.01% of the trade, -0.00% of the account)  || resource=srv-daqp02flot8c73ffv6eg instance=srv-daqp02flot8c73ffv6eg-w4zf9
2026-10-02 09:55:41,510 INFO [v33] RE-ENTER SSM 171 @ 2.7400 = $469 | stop 2.7005 (1.44% away) | back above the 2.7105 that threw us out  || resource=srv-daqp02flot8c73ffv6eg instance=srv-daqp02flot8c73ffv6eg-w4zf9
2026-10-02 09:55:42,675 CRITICAL [v33] SSM STILL HOLDING 29 share(s) after 8 chase attempts - the exit did not complete. This position is unprotected until the next pass.  || resource=srv-daqp02flot8c73ffv6eg instance=srv-daqp02flot8c73ffv6eg-w4zf9
2026-10-02 09:55:42,747 INFO [v33] EXIT half-back SSM 171 @ 2.7000 | entry 2.7400 peak 2.7400 stop 2.7005 | held 1s | P/L -6.84 (-1.46% of the trade, -0.03% of the account)  || resource=srv-daqp02flot8c73ffv6eg instance=srv-daqp02flot8c73ffv6eg-w4zf9
2026-10-02 09:55:46,558 INFO [v33] RE-ENTER SSM 172 @ 2.7200 = $468 | stop 2.6900 (1.10% away) | back above the 2.7000 that threw us out  || resource=srv-daqp02flot8c73ffv6eg instance=srv-daqp02flot8c73ffv6eg-w4zf9
2026-10-02 09:55:48,914 CRITICAL [v33] SSM STILL HOLDING 29 share(s) after 8 chase attempts - the exit did not complete. This position is unprotected until the next pass.  || resource=srv-daqp02flot8c73ffv6eg instance=srv-daqp02flot8c73ffv6eg-w4zf9
2026-10-02 09:55:48,988 INFO [v33] EXIT half-back SSM 172 @ 2.7300 | entry 2.7200 peak 2.7400 stop 2.7300 | held 2s | P/L +1.72 (+0.37% of the trade, +0.01% of the account)  || resource=srv-daqp02flot8c73ffv6eg instance=srv-daqp02flot8c73ffv6eg-w4zf9
2026-10-02 09:55:53,817 INFO [v33] RE-ENTER SSM 200 @ 2.7500 = $550 | stop 2.7200 (1.09% away) | back above the 2.7300 that threw us out  || resource=srv-daqp02flot8c73ffv6eg instance=srv-daqp02flot8c73ffv6eg-w4zf9
2026-10-02 09:55:59,794 CRITICAL [v33] SSM STILL HOLDING 48 share(s) after 8 chase attempts - the exit did not complete. This position is unprotected until the next pass.  || resource=srv-daqp02flot8c73ffv6eg instance=srv-daqp02flot8c73ffv6eg-w4zf9
2026-10-02 09:55:59,866 INFO [v33] EXIT half-back SSM 200 @ 2.7200 | entry 2.7500 peak 2.7500 stop 2.7200 | held 6s | P/L -6.00 (-1.09% of the trade, -0.03% of the account)  || resource=srv-daqp02flot8c73ffv6eg instance=srv-daqp02flot8c73ffv6eg-w4zf9
2026-10-02 09:56:01,619 INFO [v33] RE-ENTER SSM 200 @ 2.7400 = $548 | stop 2.7100 (1.09% away) | back above the 2.7200 that threw us out  || resource=srv-daqp02flot8c73ffv6eg instance=srv-daqp02flot8c73ffv6eg-w4zf9
2026-10-02 09:56:07,666 CRITICAL [v33] SSM STILL HOLDING 49 share(s) after 8 chase attempts - the exit did not complete. This position is unprotected until the next pass.  || resource=srv-daqp02flot8c73ffv6eg instance=srv-daqp02flot8c73ffv6eg-w4zf9
2026-10-02 09:56:07,736 INFO [v33] EXIT half-back SSM 200 @ 2.7400 | entry 2.7400 peak 2.7500 stop 2.7450 | held 6s | P/L +0.00 (+0.00% of the trade, +0.00% of the account)  || resource=srv-daqp02flot8c73ffv6eg instance=srv-daqp02flot8c73ffv6eg-w4zf9
2026-10-02 09:56:08,770 INFO [v33] RE-ENTER SSM 169 @ 2.7700 = $468 | stop 2.7300 (1.44% away) | back above the 2.7400 that threw us out  || resource=srv-daqp02flot8c73ffv6eg instance=srv-daqp02flot8c73ffv6eg-w4zf9
2026-10-02 09:56:13,217 CRITICAL [v33] SSM STILL HOLDING 49 share(s) after 8 chase attempts - the exit did not complete. This position is unprotected until the next pass.  || resource=srv-daqp02flot8c73ffv6eg instance=srv-daqp02flot8c73ffv6eg-w4zf9
2026-10-02 09:56:13,290 INFO [v33] EXIT half-back SSM 169 @ 2.7702 | entry 2.7700 peak 2.7800 stop 2.7750 | held 4s | P/L +0.03 (+0.01% of the trade, +0.00% of the account)  || resource=srv-daqp02flot8c73ffv6eg instance=srv-daqp02flot8c73ffv6eg-w4zf9
2026-10-02 09:56:17,658 INFO [v33] EXIT half-back SSM 49 @ 2.7800 | entry 2.7700 peak 2.7900 stop 2.7800 | held 9s | P/L +0.49 (+0.36% of the trade, +0.00% of the account)  || resource=srv-daqp02flot8c73ffv6eg instance=srv-daqp02flot8c73ffv6eg-w4zf9
2026-10-02 09:56:19,297 INFO [v33] RE-ENTER SSM 228 @ 2.8000 = $638 | stop 2.7700 (1.07% away) | back above the 2.7800 that threw us out  || resource=srv-daqp02flot8c73ffv6eg instance=srv-daqp02flot8c73ffv6eg-w4zf9
2026-10-02 09:56:24,285 INFO [v33] EXIT half-back SSM 228 @ 2.8000 | entry 2.8000 peak 2.8100 stop 2.8050 | held 5s | P/L +0.00 (+0.00% of the trade, +0.00% of the account)  || resource=srv-daqp02flot8c73ffv6eg instance=srv-daqp02flot8c73ffv6eg-w4zf9
2026-10-02 09:56:24,996 INFO [v33] RE-ENTER SSM 166 @ 2.8200 = $468 | stop 2.7900 (1.06% away) | back above the 2.8000 that threw us out  || resource=srv-daqp02flot8c73ffv6eg instance=srv-daqp02flot8c73ffv6eg-w4zf9
2026-10-02 09:56:31,981 INFO [v33] EXIT half-back SSM 166 @ 2.8200 | entry 2.8200 peak 2.8300 stop 2.8250 | held 7s | P/L +0.00 (+0.00% of the trade, +0.00% of the account)  || resource=srv-daqp02flot8c73ffv6eg instance=srv-daqp02flot8c73ffv6eg-w4zf9
2026-10-02 09:56:36,304 INFO [v33] RE-ENTER SSM 222 @ 2.8400 = $630 | stop 2.8100 (1.06% away) | back above the 2.8200 that threw us out  || resource=srv-daqp02flot8c73ffv6eg instance=srv-daqp02flot8c73ffv6eg-w4zf9
2026-10-02 09:56:42,608 CRITICAL [v33] SSM STILL HOLDING 14 share(s) after 8 chase attempts - the exit did not complete. This position is unprotected until the next pass.  || resource=srv-daqp02flot8c73ffv6eg instance=srv-daqp02flot8c73ffv6eg-w4zf9
2026-10-02 09:56:42,681 INFO [v33] EXIT half-back SSM 222 @ 2.8100 | entry 2.8400 peak 2.8400 stop 2.8100 | held 6s | P/L -6.66 (-1.06% of the trade, -0.03% of the account)  || resource=srv-daqp02flot8c73ffv6eg instance=srv-daqp02flot8c73ffv6eg-w4zf9
2026-10-02 09:56:46,245 INFO [v33] EXIT dead-tape CHWM 126 @ 6.8000 | entry 6.6900 peak 6.8000 stop 6.7450 | held 651s | P/L +13.86 (+1.64% of the trade, +0.06% of the account)  || resource=srv-daqp02flot8c73ffv6eg instance=srv-daqp02flot8c73ffv6eg-w4zf9
2026-10-02 09:56:46,481 INFO [v33] RE-ENTER SSM 165 @ 2.8300 = $467 | stop 2.8000 (1.06% away) | back above the 2.8100 that threw us out  || resource=srv-daqp02flot8c73ffv6eg instance=srv-daqp02flot8c73ffv6eg-w4zf9
2026-10-02 09:56:52,011 CRITICAL [v33] SSM STILL HOLDING 14 share(s) after 8 chase attempts - the exit did not complete. This position is unprotected until the next pass.  || resource=srv-daqp02flot8c73ffv6eg instance=srv-daqp02flot8c73ffv6eg-w4zf9
2026-10-02 09:56:52,092 INFO [v33] EXIT half-back SSM 165 @ 2.8200 | entry 2.8300 peak 2.8499 stop 2.8399 | held 6s | P/L -1.65 (-0.35% of the trade, -0.01% of the account)  || resource=srv-daqp02flot8c73ffv6eg instance=srv-daqp02flot8c73ffv6eg-w4zf9
2026-10-02 09:57:58,197 INFO [v33] ENTER NYXH 653 @ 1.3392 = $874 | stop 1.3200 (1.43% away) | first entry, stop from the bid  || resource=srv-daqp02flot8c73ffv6eg instance=srv-daqp02flot8c73ffv6eg-w4zf9
2026-10-02 09:58:02,832 INFO [v33] ENTER SMXT 186 @ 2.5800 = $480 | stop 2.1100 (18.22% away) | first entry, stop from the bid  || resource=srv-daqp02flot8c73ffv6eg instance=srv-daqp02flot8c73ffv6eg-w4zf9
2026-10-02 10:00:06,785 INFO [v33] RE-ENTER TNMG 99 @ 4.7300 = $468 | stop 4.5400 (4.02% away) | back above the 4.5500 that threw us out  || resource=srv-daqp02flot8c73ffv6eg instance=srv-daqp02flot8c73ffv6eg-w4zf9
2026-10-02 10:00:11,225 INFO [v33] EXIT half-back SSM 14 @ 2.6600 | entry 2.5339 peak 2.7900 stop 2.6619 | held 205s | P/L +1.77 (+4.98% of the trade, +0.01% of the account)  || resource=srv-daqp02flot8c73ffv6eg instance=srv-daqp02flot8c73ffv6eg-w4zf9
2026-10-02 10:00:28,259 INFO [v33] EXIT half-back TNMG 99 @ 4.9000 | entry 4.7300 peak 5.1454 stop 4.9377 | held 21s | P/L +16.83 (+3.59% of the trade, +0.08% of the account)  || resource=srv-daqp02flot8c73ffv6eg instance=srv-daqp02flot8c73ffv6eg-w4zf9
2026-10-02 10:00:29,761 INFO [v33] RE-ENTER TNMG 126 @ 4.9300 = $621 | stop 4.8900 (0.81% away) | back above the 4.9000 that threw us out  || resource=srv-daqp02flot8c73ffv6eg instance=srv-daqp02flot8c73ffv6eg-w4zf9
2026-10-02 10:00:36,220 INFO [v33] EXIT half-back TNMG 126 @ 5.0256 | entry 4.9300 peak 5.1500 stop 5.0400 | held 6s | P/L +12.05 (+1.94% of the trade, +0.06% of the account)  || resource=srv-daqp02flot8c73ffv6eg instance=srv-daqp02flot8c73ffv6eg-w4zf9
2026-10-02 10:00:40,538 INFO [v33] RE-ENTER TNMG 91 @ 5.1178 = $466 | stop 5.0156 (2.00% away) | back above the 5.0256 that threw us out  || resource=srv-daqp02flot8c73ffv6eg instance=srv-daqp02flot8c73ffv6eg-w4zf9
2026-10-02 10:00:48,541 INFO [v33] EXIT half-back TNMG 91 @ 5.0400 | entry 5.1178 peak 5.1400 stop 5.1289 | held 8s | P/L -7.08 (-1.52% of the trade, -0.03% of the account)  || resource=srv-daqp02flot8c73ffv6eg instance=srv-daqp02flot8c73ffv6eg-w4zf9
2026-10-02 10:00:55,921 INFO [v33] RE-ENTER TNMG 89 @ 5.2900 = $471 | stop 5.0300 (4.91% away) | back above the 5.0400 that threw us out  || resource=srv-daqp02flot8c73ffv6eg instance=srv-daqp02flot8c73ffv6eg-w4zf9
2026-10-02 10:01:00,628 CRITICAL [v33] TNMG STILL HOLDING 33 share(s) after 8 chase attempts - the exit did not complete. This position is unprotected until the next pass.  || resource=srv-daqp02flot8c73ffv6eg instance=srv-daqp02flot8c73ffv6eg-w4zf9
2026-10-02 10:01:00,700 INFO [v33] EXIT half-back TNMG 89 @ 5.0300 | entry 5.2900 peak 5.2900 stop 5.0300 | held 5s | P/L -23.14 (-4.91% of the trade, -0.11% of the account)  || resource=srv-daqp02flot8c73ffv6eg instance=srv-daqp02flot8c73ffv6eg-w4zf9
2026-10-02 10:01:04,746 INFO [v33] RE-ENTER TNMG 92 @ 5.0600 = $466 | stop 5.0200 (0.79% away) | back above the 5.0300 that threw us out  || resource=srv-daqp02flot8c73ffv6eg instance=srv-daqp02flot8c73ffv6eg-w4zf9
2026-10-02 10:01:07,412 CRITICAL [v33] TNMG STILL HOLDING 33 share(s) after 8 chase attempts - the exit did not complete. This position is unprotected until the next pass.  || resource=srv-daqp02flot8c73ffv6eg instance=srv-daqp02flot8c73ffv6eg-w4zf9
2026-10-02 10:01:07,484 INFO [v33] EXIT half-back TNMG 92 @ 5.0900 | entry 5.0600 peak 5.1200 stop 5.0900 | held 3s | P/L +2.76 (+0.59% of the trade, +0.01% of the account)  || resource=srv-daqp02flot8c73ffv6eg instance=srv-daqp02flot8c73ffv6eg-w4zf9
2026-10-02 10:01:12,033 INFO [v33] RE-ENTER TNMG 106 @ 5.1100 = $542 | stop 5.0800 (0.59% away) | back above the 5.0900 that threw us out  || resource=srv-daqp02flot8c73ffv6eg instance=srv-daqp02flot8c73ffv6eg-w4zf9
2026-10-02 10:01:20,888 CRITICAL [v33] TNMG STILL HOLDING 33 share(s) after 8 chase attempts - the exit did not complete. This position is unprotected until the next pass.  || resource=srv-daqp02flot8c73ffv6eg instance=srv-daqp02flot8c73ffv6eg-w4zf9
2026-10-02 10:01:20,968 INFO [v33] EXIT half-back TNMG 106 @ 5.1700 | entry 5.1100 peak 5.2400 stop 5.1750 | held 9s | P/L +6.36 (+1.17% of the trade, +0.03% of the account)  || resource=srv-daqp02flot8c73ffv6eg instance=srv-daqp02flot8c73ffv6eg-w4zf9
2026-10-02 10:01:25,045 INFO [v33] RE-ENTER TNMG 90 @ 5.2100 = $469 | stop 5.1600 (0.96% away) | back above the 5.1700 that threw us out  || resource=srv-daqp02flot8c73ffv6eg instance=srv-daqp02flot8c73ffv6eg-w4zf9
2026-10-02 10:01:26,569 CRITICAL [v33] TNMG STILL HOLDING 33 share(s) after 8 chase attempts - the exit did not complete. This position is unprotected until the next pass.  || resource=srv-daqp02flot8c73ffv6eg instance=srv-daqp02flot8c73ffv6eg-w4zf9
2026-10-02 10:01:26,649 INFO [v33] EXIT half-back TNMG 90 @ 5.1700 | entry 5.2100 peak 5.2300 stop 5.2200 | held 2s | P/L -3.60 (-0.77% of the trade, -0.02% of the account)  || resource=srv-daqp02flot8c73ffv6eg instance=srv-daqp02flot8c73ffv6eg-w4zf9
2026-10-02 10:01:30,421 INFO [v33] RE-ENTER TNMG 90 @ 5.2100 = $469 | stop 5.1600 (0.96% away) | back above the 5.1700 that threw us out  || resource=srv-daqp02flot8c73ffv6eg instance=srv-daqp02flot8c73ffv6eg-w4zf9
2026-10-02 10:01:37,073 CRITICAL [v33] TNMG STILL HOLDING 33 share(s) after 8 chase attempts - the exit did not complete. This position is unprotected until the next pass.  || resource=srv-daqp02flot8c73ffv6eg instance=srv-daqp02flot8c73ffv6eg-w4zf9
2026-10-02 10:01:37,073 INFO [v33] EXIT half-back TNMG 90 @ 5.2000 | entry 5.2100 peak 5.2600 stop 5.2350 | held 7s | P/L -0.90 (-0.19% of the trade, -0.00% of the account)  || resource=srv-daqp02flot8c73ffv6eg instance=srv-daqp02flot8c73ffv6eg-w4zf9
2026-10-02 10:01:37,992 INFO [v33] RE-ENTER TNMG 89 @ 5.2200 = $465 | stop 5.1900 (0.57% away) | back above the 5.2000 that threw us out  || resource=srv-daqp02flot8c73ffv6eg instance=srv-daqp02flot8c73ffv6eg-w4zf9
2026-10-02 10:01:51,025 CRITICAL [v33] TNMG STILL HOLDING 33 share(s) after 8 chase attempts - the exit did not complete. This position is unprotected until the next pass.  || resource=srv-daqp02flot8c73ffv6eg instance=srv-daqp02flot8c73ffv6eg-w4zf9
2026-10-02 10:01:51,100 INFO [v33] EXIT half-back TNMG 89 @ 5.1764 | entry 5.2200 peak 5.2200 stop 5.1900 | held 13s | P/L -3.88 (-0.84% of the trade, -0.02% of the account)  || resource=srv-daqp02flot8c73ffv6eg instance=srv-daqp02flot8c73ffv6eg-w4zf9
2026-10-02 10:01:53,848 INFO [v33] RE-ENTER TNMG 121 @ 5.2000 = $629 | stop 5.1664 (0.65% away) | back above the 5.1764 that threw us out  || resource=srv-daqp02flot8c73ffv6eg instance=srv-daqp02flot8c73ffv6eg-w4zf9
2026-10-02 10:02:05,667 CRITICAL [v33] TNMG STILL HOLDING 113 share(s) after 8 chase attempts - the exit did not complete. This position is unprotected until the next pass.  || resource=srv-daqp02flot8c73ffv6eg instance=srv-daqp02flot8c73ffv6eg-w4zf9
2026-10-02 10:02:05,738 INFO [v33] EXIT half-back TNMG 121 @ 5.1919 | entry 5.2000 peak 5.2222 stop 5.2111 | held 12s | P/L -0.98 (-0.16% of the trade, -0.00% of the account)  || resource=srv-daqp02flot8c73ffv6eg instance=srv-daqp02flot8c73ffv6eg-w4zf9
2026-10-02 10:02:06,463 INFO [v33] RE-ENTER TNMG 89 @ 5.2300 = $465 | stop 5.1819 (0.92% away) | back above the 5.1919 that threw us out  || resource=srv-daqp02flot8c73ffv6eg instance=srv-daqp02flot8c73ffv6eg-w4zf9
2026-10-02 10:02:11,655 CRITICAL [v33] TNMG STILL HOLDING 113 share(s) after 8 chase attempts - the exit did not complete. This position is unprotected until the next pass.  || resource=srv-daqp02flot8c73ffv6eg instance=srv-daqp02flot8c73ffv6eg-w4zf9
2026-10-02 10:02:11,728 INFO [v33] EXIT half-back TNMG 89 @ 5.2010 | entry 5.2300 peak 5.2700 stop 5.2500 | held 5s | P/L -2.58 (-0.55% of the trade, -0.01% of the account)  || resource=srv-daqp02flot8c73ffv6eg instance=srv-daqp02flot8c73ffv6eg-w4zf9
2026-10-02 10:02:15,754 INFO [v33] EXIT half-back TNMG 113 @ 5.3100 | entry 5.2300 peak 5.3900 stop 5.3100 | held 9s | P/L +9.04 (+1.53% of the trade, +0.04% of the account)  || resource=srv-daqp02flot8c73ffv6eg instance=srv-daqp02flot8c73ffv6eg-w4zf9
2026-10-02 10:02:17,260 INFO [v33] RE-ENTER TNMG 104 @ 5.3800 = $560 | stop 5.3000 (1.49% away) | back above the 5.3100 that threw us out  || resource=srv-daqp02flot8c73ffv6eg instance=srv-daqp02flot8c73ffv6eg-w4zf9
2026-10-02 10:02:26,600 INFO [v33] EXIT half-back TNMG 104 @ 5.3000 | entry 5.3800 peak 5.3800 stop 5.3000 | held 9s | P/L -8.32 (-1.49% of the trade, -0.04% of the account)  || resource=srv-daqp02flot8c73ffv6eg instance=srv-daqp02flot8c73ffv6eg-w4zf9
2026-10-02 10:02:30,376 INFO [v33] RE-ENTER TNMG 88 @ 5.3200 = $468 | stop 5.2900 (0.56% away) | back above the 5.3000 that threw us out  || resource=srv-daqp02flot8c73ffv6eg instance=srv-daqp02flot8c73ffv6eg-w4zf9
2026-10-02 10:02:36,072 INFO [v33] EXIT half-back TNMG 88 @ 5.3000 | entry 5.3200 peak 5.4000 stop 5.3600 | held 3s | P/L -1.76 (-0.38% of the trade, -0.01% of the account)  || resource=srv-daqp02flot8c73ffv6eg instance=srv-daqp02flot8c73ffv6eg-w4zf9
2026-10-02 10:02:36,808 INFO [v33] RE-ENTER TNMG 88 @ 5.3200 = $468 | stop 5.2900 (0.56% away) | back above the 5.3000 that threw us out  || resource=srv-daqp02flot8c73ffv6eg instance=srv-daqp02flot8c73ffv6eg-w4zf9
2026-10-02 10:02:41,217 INFO [v33] EXIT half-back TNMG 88 @ 5.3236 | entry 5.3200 peak 5.3700 stop 5.3450 | held 4s | P/L +0.32 (+0.07% of the trade, +0.00% of the account)  || resource=srv-daqp02flot8c73ffv6eg instance=srv-daqp02flot8c73ffv6eg-w4zf9
2026-10-02 10:02:42,203 INFO [v33] RE-ENTER TNMG 87 @ 5.3700 = $467 | stop 5.3136 (1.05% away) | back above the 5.3236 that threw us out  || resource=srv-daqp02flot8c73ffv6eg instance=srv-daqp02flot8c73ffv6eg-w4zf9
2026-10-02 10:02:46,442 INFO [v33] EXIT half-back TNMG 87 @ 5.3100 | entry 5.3700 peak 5.3700 stop 5.3136 | held 4s | P/L -5.22 (-1.12% of the trade, -0.02% of the account)  || resource=srv-daqp02flot8c73ffv6eg instance=srv-daqp02flot8c73ffv6eg-w4zf9
2026-10-02 10:02:47,423 INFO [v33] RE-ENTER TNMG 87 @ 5.3700 = $467 | stop 5.3000 (1.30% away) | back above the 5.3100 that threw us out  || resource=srv-daqp02flot8c73ffv6eg instance=srv-daqp02flot8c73ffv6eg-w4zf9
2026-10-02 10:02:51,911 INFO [v33] EXIT half-back TNMG 87 @ 5.3631 | entry 5.3700 peak 5.4000 stop 5.3850 | held 4s | P/L -0.60 (-0.13% of the trade, -0.00% of the account)  || resource=srv-daqp02flot8c73ffv6eg instance=srv-daqp02flot8c73ffv6eg-w4zf9
2026-10-02 10:02:53,658 INFO [v33] RE-ENTER TNMG 117 @ 5.3853 = $630 | stop 5.3531 (0.60% away) | back above the 5.3631 that threw us out  || resource=srv-daqp02flot8c73ffv6eg instance=srv-daqp02flot8c73ffv6eg-w4zf9
2026-10-02 10:03:05,502 CRITICAL [v33] TNMG STILL HOLDING 24 share(s) after 8 chase attempts - the exit did not complete. This position is unprotected until the next pass.  || resource=srv-daqp02flot8c73ffv6eg instance=srv-daqp02flot8c73ffv6eg-w4zf9
2026-10-02 10:03:05,575 INFO [v33] EXIT half-back TNMG 117 @ 5.3100 | entry 5.3853 peak 5.3853 stop 5.3531 | held 12s | P/L -8.81 (-1.40% of the trade, -0.04% of the account)  || resource=srv-daqp02flot8c73ffv6eg instance=srv-daqp02flot8c73ffv6eg-w4zf9
2026-10-02 10:03:06,560 INFO [v33] RE-ENTER TNMG 87 @ 5.3412 = $465 | stop 5.3000 (0.77% away) | back above the 5.3100 that threw us out  || resource=srv-daqp02flot8c73ffv6eg instance=srv-daqp02flot8c73ffv6eg-w4zf9
2026-10-02 10:03:11,898 CRITICAL [v33] TNMG STILL HOLDING 24 share(s) after 8 chase attempts - the exit did not complete. This position is unprotected until the next pass.  || resource=srv-daqp02flot8c73ffv6eg instance=srv-daqp02flot8c73ffv6eg-w4zf9
2026-10-02 10:03:11,975 INFO [v33] EXIT half-back TNMG 87 @ 5.3000 | entry 5.3412 peak 5.3412 stop 5.3000 | held 5s | P/L -3.58 (-0.77% of the trade, -0.02% of the account)  || resource=srv-daqp02flot8c73ffv6eg instance=srv-daqp02flot8c73ffv6eg-w4zf9
2026-10-02 10:03:13,678 INFO [v33] RE-ENTER TNMG 131 @ 5.3200 = $697 | stop 5.2900 (0.56% away) | back above the 5.3000 that threw us out  || resource=srv-daqp02flot8c73ffv6eg instance=srv-daqp02flot8c73ffv6eg-w4zf9
2026-10-02 10:03:22,398 CRITICAL [v33] TNMG STILL HOLDING 24 share(s) after 8 chase attempts - the exit did not complete. This position is unprotected until the next pass.  || resource=srv-daqp02flot8c73ffv6eg instance=srv-daqp02flot8c73ffv6eg-w4zf9
2026-10-02 10:03:22,472 INFO [v33] EXIT half-back TNMG 131 @ 5.3044 | entry 5.3200 peak 5.3723 stop 5.3461 | held 9s | P/L -2.04 (-0.29% of the trade, -0.01% of the account)  || resource=srv-daqp02flot8c73ffv6eg instance=srv-daqp02flot8c73ffv6eg-w4zf9
2026-10-02 10:03:27,368 INFO [v33] RE-ENTER TNMG 119 @ 5.3749 = $640 | stop 5.2944 (1.50% away) | back above the 5.3044 that threw us out  || resource=srv-daqp02flot8c73ffv6eg instance=srv-daqp02flot8c73ffv6eg-w4zf9
2026-10-02 10:03:33,342 CRITICAL [v33] TNMG STILL HOLDING 24 share(s) after 8 chase attempts - the exit did not complete. This position is unprotected until the next pass.  || resource=srv-daqp02flot8c73ffv6eg instance=srv-daqp02flot8c73ffv6eg-w4zf9
2026-10-02 10:03:33,415 INFO [v33] EXIT half-back TNMG 119 @ 5.3800 | entry 5.3749 peak 5.3900 stop 5.3825 | held 6s | P/L +0.61 (+0.09% of the trade, +0.00% of the account)  || resource=srv-daqp02flot8c73ffv6eg instance=srv-daqp02flot8c73ffv6eg-w4zf9
2026-10-02 10:03:35,179 INFO [v33] RE-ENTER TNMG 86 @ 5.4000 = $464 | stop 5.3700 (0.56% away) | back above the 5.3800 that threw us out  || resource=srv-daqp02flot8c73ffv6eg instance=srv-daqp02flot8c73ffv6eg-w4zf9
2026-10-02 10:03:40,067 CRITICAL [v33] TNMG STILL HOLDING 24 share(s) after 8 chase attempts - the exit did not complete. This position is unprotected until the next pass.  || resource=srv-daqp02flot8c73ffv6eg instance=srv-daqp02flot8c73ffv6eg-w4zf9
2026-10-02 10:03:40,139 INFO [v33] EXIT half-back TNMG 86 @ 5.4100 | entry 5.4000 peak 5.4200 stop 5.4100 | held 5s | P/L +0.86 (+0.19% of the trade, +0.00% of the account)  || resource=srv-daqp02flot8c73ffv6eg instance=srv-daqp02flot8c73ffv6eg-w4zf9
2026-10-02 10:03:41,155 INFO [v33] RE-ENTER TNMG 86 @ 5.4300 = $467 | stop 5.4000 (0.55% away) | back above the 5.4100 that threw us out  || resource=srv-daqp02flot8c73ffv6eg instance=srv-daqp02flot8c73ffv6eg-w4zf9
2026-10-02 10:03:48,019 CRITICAL [v33] TNMG STILL HOLDING 24 share(s) after 8 chase attempts - the exit did not complete. This position is unprotected until the next pass.  || resource=srv-daqp02flot8c73ffv6eg instance=srv-daqp02flot8c73ffv6eg-w4zf9
2026-10-02 10:03:48,112 INFO [v33] EXIT half-back TNMG 86 @ 5.4000 | entry 5.4300 peak 5.4300 stop 5.4000 | held 7s | P/L -2.58 (-0.55% of the trade, -0.01% of the account)  || resource=srv-daqp02flot8c73ffv6eg instance=srv-daqp02flot8c73ffv6eg-w4zf9
2026-10-02 10:03:55,368 INFO [v33] RE-ENTER TNMG 86 @ 5.4200 = $466 | stop 5.3900 (0.55% away) | back above the 5.4000 that threw us out  || resource=srv-daqp02flot8c73ffv6eg instance=srv-daqp02flot8c73ffv6eg-w4zf9
2026-10-02 10:04:02,971 CRITICAL [v33] TNMG STILL HOLDING 24 share(s) after 8 chase attempts - the exit did not complete. This position is unprotected until the next pass.  || resource=srv-daqp02flot8c73ffv6eg instance=srv-daqp02flot8c73ffv6eg-w4zf9
2026-10-02 10:04:03,043 INFO [v33] EXIT half-back TNMG 86 @ 5.3700 | entry 5.4200 peak 5.4200 stop 5.3900 | held 8s | P/L -4.30 (-0.92% of the trade, -0.02% of the account)  || resource=srv-daqp02flot8c73ffv6eg instance=srv-daqp02flot8c73ffv6eg-w4zf9
2026-10-02 10:04:04,830 INFO [v33] RE-ENTER TNMG 91 @ 5.4000 = $491 | stop 5.3600 (0.74% away) | back above the 5.3700 that threw us out  || resource=srv-daqp02flot8c73ffv6eg instance=srv-daqp02flot8c73ffv6eg-w4zf9
2026-10-02 10:04:09,127 CRITICAL [v33] TNMG STILL HOLDING 24 share(s) after 8 chase attempts - the exit did not complete. This position is unprotected until the next pass.  || resource=srv-daqp02flot8c73ffv6eg instance=srv-daqp02flot8c73ffv6eg-w4zf9
2026-10-02 10:04:09,199 INFO [v33] EXIT half-back TNMG 91 @ 5.3600 | entry 5.4000 peak 5.4000 stop 5.3600 | held 4s | P/L -3.64 (-0.74% of the trade, -0.02% of the account)  || resource=srv-daqp02flot8c73ffv6eg instance=srv-daqp02flot8c73ffv6eg-w4zf9
2026-10-02 10:04:10,184 INFO [v33] RE-ENTER TNMG 87 @ 5.3900 = $469 | stop 5.3500 (0.74% away) | back above the 5.3600 that threw us out  || resource=srv-daqp02flot8c73ffv6eg instance=srv-daqp02flot8c73ffv6eg-w4zf9
2026-10-02 10:04:15,782 CRITICAL [v33] TNMG STILL HOLDING 24 share(s) after 8 chase attempts - the exit did not complete. This position is unprotected until the next pass.  || resource=srv-daqp02flot8c73ffv6eg instance=srv-daqp02flot8c73ffv6eg-w4zf9
2026-10-02 10:04:15,855 INFO [v33] EXIT half-back TNMG 87 @ 5.4000 | entry 5.3900 peak 5.4100 stop 5.4000 | held 6s | P/L +0.87 (+0.19% of the trade, +0.00% of the account)  || resource=srv-daqp02flot8c73ffv6eg instance=srv-daqp02flot8c73ffv6eg-w4zf9
2026-10-02 10:04:20,500 INFO [v33] EXIT half-back TNMG 24 @ 5.3800 | entry 5.3900 peak 5.4100 stop 5.4000 | held 10s | P/L -0.24 (-0.19% of the trade, -0.00% of the account)  || resource=srv-daqp02flot8c73ffv6eg instance=srv-daqp02flot8c73ffv6eg-w4zf9
2026-10-02 10:04:21,212 INFO [v33] RE-ENTER TNMG 86 @ 5.4100 = $465 | stop 5.3700 (0.74% away) | back above the 5.3800 that threw us out  || resource=srv-daqp02flot8c73ffv6eg instance=srv-daqp02flot8c73ffv6eg-w4zf9
2026-10-02 10:04:25,424 INFO [v33] EXIT half-back TNMG 86 @ 5.3800 | entry 5.4100 peak 5.4500 stop 5.4300 | held 4s | P/L -2.58 (-0.55% of the trade, -0.01% of the account)  || resource=srv-daqp02flot8c73ffv6eg instance=srv-daqp02flot8c73ffv6eg-w4zf9
2026-10-02 10:04:27,194 INFO [v33] RE-ENTER TNMG 101 @ 5.4400 = $549 | stop 5.3700 (1.29% away) | back above the 5.3800 that threw us out  || resource=srv-daqp02flot8c73ffv6eg instance=srv-daqp02flot8c73ffv6eg-w4zf9
2026-10-02 10:04:31,649 CRITICAL [v33] TNMG STILL HOLDING 2 share(s) after 8 chase attempts - the exit did not complete. This position is unprotected until the next pass.  || resource=srv-daqp02flot8c73ffv6eg instance=srv-daqp02flot8c73ffv6eg-w4zf9
2026-10-02 10:04:31,724 INFO [v33] EXIT half-back TNMG 101 @ 5.3438 | entry 5.4400 peak 5.4400 stop 5.3700 | held 4s | P/L -9.72 (-1.77% of the trade, -0.04% of the account)  || resource=srv-daqp02flot8c73ffv6eg instance=srv-daqp02flot8c73ffv6eg-w4zf9
2026-10-02 10:04:32,705 INFO [v33] RE-ENTER TNMG 86 @ 5.4355 = $467 | stop 5.3338 (1.87% away) | back above the 5.3438 that threw us out  || resource=srv-daqp02flot8c73ffv6eg instance=srv-daqp02flot8c73ffv6eg-w4zf9
2026-10-02 10:04:36,742 CRITICAL [v33] TNMG STILL HOLDING 2 share(s) after 8 chase attempts - the exit did not complete. This position is unprotected until the next pass.  || resource=srv-daqp02flot8c73ffv6eg instance=srv-daqp02flot8c73ffv6eg-w4zf9
2026-10-02 10:04:36,825 INFO [v33] EXIT half-back TNMG 86 @ 5.3500 | entry 5.4355 peak 5.4391 stop 5.4373 | held 4s | P/L -7.35 (-1.57% of the trade, -0.03% of the account)  || resource=srv-daqp02flot8c73ffv6eg instance=srv-daqp02flot8c73ffv6eg-w4zf9
2026-10-02 10:04:41,718 INFO [v33] RE-ENTER TNMG 119 @ 5.4300 = $646 | stop 5.3400 (1.66% away) | back above the 5.3500 that threw us out  || resource=srv-daqp02flot8c73ffv6eg instance=srv-daqp02flot8c73ffv6eg-w4zf9
2026-10-02 10:04:48,750 CRITICAL [v33] TNMG STILL HOLDING 2 share(s) after 8 chase attempts - the exit did not complete. This position is unprotected until the next pass.  || resource=srv-daqp02flot8c73ffv6eg instance=srv-daqp02flot8c73ffv6eg-w4zf9
2026-10-02 10:04:48,893 INFO [v33] EXIT half-back TNMG 119 @ 5.3396 | entry 5.4300 peak 5.4300 stop 5.3400 | held 7s | P/L -10.76 (-1.66% of the trade, -0.05% of the account)  || resource=srv-daqp02flot8c73ffv6eg instance=srv-daqp02flot8c73ffv6eg-w4zf9
2026-10-02 10:04:49,893 INFO [v33] RE-ENTER TNMG 86 @ 5.4400 = $468 | stop 5.3296 (2.03% away) | back above the 5.3396 that threw us out  || resource=srv-daqp02flot8c73ffv6eg instance=srv-daqp02flot8c73ffv6eg-w4zf9
2026-10-02 10:04:55,577 CRITICAL [v33] TNMG STILL HOLDING 2 share(s) after 8 chase attempts - the exit did not complete. This position is unprotected until the next pass.  || resource=srv-daqp02flot8c73ffv6eg instance=srv-daqp02flot8c73ffv6eg-w4zf9
2026-10-02 10:04:55,649 INFO [v33] EXIT half-back TNMG 86 @ 5.4300 | entry 5.4400 peak 5.4500 stop 5.4450 | held 6s | P/L -0.86 (-0.18% of the trade, -0.00% of the account)  || resource=srv-daqp02flot8c73ffv6eg instance=srv-daqp02flot8c73ffv6eg-w4zf9
2026-10-02 10:04:56,628 INFO [v33] RE-ENTER TNMG 86 @ 5.4500 = $469 | stop 5.4200 (0.55% away) | back above the 5.4300 that threw us out  || resource=srv-daqp02flot8c73ffv6eg instance=srv-daqp02flot8c73ffv6eg-w4zf9
2026-10-02 10:05:02,774 CRITICAL [v33] TNMG STILL HOLDING 2 share(s) after 8 chase attempts - the exit did not complete. This position is unprotected until the next pass.  || resource=srv-daqp02flot8c73ffv6eg instance=srv-daqp02flot8c73ffv6eg-w4zf9
2026-10-02 10:05:02,846 INFO [v33] EXIT half-back TNMG 86 @ 5.4400 | entry 5.4500 peak 5.5000 stop 5.4750 | held 6s | P/L -0.86 (-0.18% of the trade, -0.00% of the account)  || resource=srv-daqp02flot8c73ffv6eg instance=srv-daqp02flot8c73ffv6eg-w4zf9
2026-10-02 10:05:07,129 INFO [v33] RE-ENTER TNMG 123 @ 5.4900 = $675 | stop 5.4300 (1.09% away) | back above the 5.4400 that threw us out  || resource=srv-daqp02flot8c73ffv6eg instance=srv-daqp02flot8c73ffv6eg-w4zf9
2026-10-02 10:05:11,343 CRITICAL [v33] TNMG STILL HOLDING 2 share(s) after 8 chase attempts - the exit did not complete. This position is unprotected until the next pass.  || resource=srv-daqp02flot8c73ffv6eg instance=srv-daqp02flot8c73ffv6eg-w4zf9
2026-10-02 10:05:11,414 INFO [v33] EXIT half-back TNMG 123 @ 5.4600 | entry 5.4900 peak 5.5000 stop 5.4950 | held 4s | P/L -3.69 (-0.55% of the trade, -0.02% of the account)  || resource=srv-daqp02flot8c73ffv6eg instance=srv-daqp02flot8c73ffv6eg-w4zf9
2026-10-02 10:05:15,983 INFO [v33] RE-ENTER TNMG 120 @ 5.4800 = $658 | stop 5.4500 (0.55% away) | back above the 5.4600 that threw us out  || resource=srv-daqp02flot8c73ffv6eg instance=srv-daqp02flot8c73ffv6eg-w4zf9
2026-10-02 10:05:22,730 CRITICAL [v33] TNMG STILL HOLDING 2 share(s) after 8 chase attempts - the exit did not complete. This position is unprotected until the next pass.  || resource=srv-daqp02flot8c73ffv6eg instance=srv-daqp02flot8c73ffv6eg-w4zf9
2026-10-02 10:05:22,807 INFO [v33] EXIT half-back TNMG 120 @ 5.4800 | entry 5.4800 peak 5.4900 stop 5.4850 | held 7s | P/L +0.00 (+0.00% of the trade, +0.00% of the account)  || resource=srv-daqp02flot8c73ffv6eg instance=srv-daqp02flot8c73ffv6eg-w4zf9
2026-10-02 10:05:24,369 INFO [v33] RE-ENTER TNMG 153 @ 5.5000 = $842 | stop 5.4700 (0.55% away) | back above the 5.4800 that threw us out  || resource=srv-daqp02flot8c73ffv6eg instance=srv-daqp02flot8c73ffv6eg-w4zf9
2026-10-02 10:05:28,987 CRITICAL [v33] TNMG STILL HOLDING 2 share(s) after 8 chase attempts - the exit did not complete. This position is unprotected until the next pass.  || resource=srv-daqp02flot8c73ffv6eg instance=srv-daqp02flot8c73ffv6eg-w4zf9
2026-10-02 10:05:29,059 INFO [v33] EXIT half-back TNMG 153 @ 5.4684 | entry 5.5000 peak 5.5000 stop 5.4700 | held 5s | P/L -4.83 (-0.57% of the trade, -0.02% of the account)  || resource=srv-daqp02flot8c73ffv6eg instance=srv-daqp02flot8c73ffv6eg-w4zf9
2026-10-02 10:06:10,736 INFO [v33] RE-ENTER NCT 284 @ 1.6500 = $469 | stop 1.6100 (2.42% away) | back above the 1.6200 that threw us out  || resource=srv-daqp02flot8c73ffv6eg instance=srv-daqp02flot8c73ffv6eg-w4zf9
2026-10-02 10:06:11,792 INFO [v33] EXIT half-back SMXT 186 @ 2.1000 | entry 2.5800 peak 2.5800 stop 2.1100 | held 489s | P/L -89.28 (-18.60% of the trade, -0.41% of the account)  || resource=srv-daqp02flot8c73ffv6eg instance=srv-daqp02flot8c73ffv6eg-w4zf9
2026-10-02 10:06:16,841 INFO [v33] RE-ENTER TNMG 125 @ 5.5000 = $688 | stop 5.4584 (0.76% away) | back above the 5.4684 that threw us out  || resource=srv-daqp02flot8c73ffv6eg instance=srv-daqp02flot8c73ffv6eg-w4zf9
2026-10-02 10:06:23,469 CRITICAL [v33] TNMG STILL HOLDING 71 share(s) after 8 chase attempts - the exit did not complete. This position is unprotected until the next pass.  || resource=srv-daqp02flot8c73ffv6eg instance=srv-daqp02flot8c73ffv6eg-w4zf9
2026-10-02 10:06:23,541 INFO [v33] EXIT half-back TNMG 125 @ 5.5140 | entry 5.5000 peak 5.6000 stop 5.5500 | held 7s | P/L +1.75 (+0.25% of the trade, +0.01% of the account)  || resource=srv-daqp02flot8c73ffv6eg instance=srv-daqp02flot8c73ffv6eg-w4zf9
2026-10-02 10:06:24,638 INFO [v33] RE-ENTER TNMG 84 @ 5.5384 = $465 | stop 5.5040 (0.62% away) | back above the 5.5140 that threw us out  || resource=srv-daqp02flot8c73ffv6eg instance=srv-daqp02flot8c73ffv6eg-w4zf9
2026-10-02 10:06:37,355 CRITICAL [v33] TNMG STILL HOLDING 71 share(s) after 8 chase attempts - the exit did not complete. This position is unprotected until the next pass.  || resource=srv-daqp02flot8c73ffv6eg instance=srv-daqp02flot8c73ffv6eg-w4zf9
2026-10-02 10:06:37,355 INFO [v33] EXIT half-back TNMG 84 @ 5.5300 | entry 5.5384 peak 5.5785 stop 5.5585 | held 13s | P/L -0.71 (-0.15% of the trade, -0.00% of the account)  || resource=srv-daqp02flot8c73ffv6eg instance=srv-daqp02flot8c73ffv6eg-w4zf9
2026-10-02 10:06:39,945 INFO [v33] RE-ENTER TNMG 95 @ 5.5500 = $527 | stop 5.5200 (0.54% away) | back above the 5.5300 that threw us out  || resource=srv-daqp02flot8c73ffv6eg instance=srv-daqp02flot8c73ffv6eg-w4zf9
2026-10-02 10:06:44,313 CRITICAL [v33] TNMG STILL HOLDING 71 share(s) after 8 chase attempts - the exit did not complete. This position is unprotected until the next pass.  || resource=srv-daqp02flot8c73ffv6eg instance=srv-daqp02flot8c73ffv6eg-w4zf9
2026-10-02 10:06:44,387 INFO [v33] EXIT half-back TNMG 95 @ 5.5200 | entry 5.5500 peak 5.5500 stop 5.5200 | held 4s | P/L -2.85 (-0.54% of the trade, -0.01% of the account)  || resource=srv-daqp02flot8c73ffv6eg instance=srv-daqp02flot8c73ffv6eg-w4zf9
2026-10-02 10:06:45,494 INFO [v33] RE-ENTER TNMG 84 @ 5.5600 = $467 | stop 5.5100 (0.90% away) | back above the 5.5200 that threw us out  || resource=srv-daqp02flot8c73ffv6eg instance=srv-daqp02flot8c73ffv6eg-w4zf9
2026-10-02 10:06:51,422 CRITICAL [v33] TNMG STILL HOLDING 71 share(s) after 8 chase attempts - the exit did not complete. This position is unprotected until the next pass.  || resource=srv-daqp02flot8c73ffv6eg instance=srv-daqp02flot8c73ffv6eg-w4zf9
2026-10-02 10:06:51,494 INFO [v33] EXIT half-back TNMG 84 @ 5.5600 | entry 5.5600 peak 5.6600 stop 5.6100 | held 6s | P/L +0.00 (+0.00% of the trade, +0.00% of the account)  || resource=srv-daqp02flot8c73ffv6eg instance=srv-daqp02flot8c73ffv6eg-w4zf9
2026-10-02 10:06:52,479 INFO [v33] RE-ENTER TNMG 84 @ 5.5800 = $469 | stop 5.5500 (0.54% away) | back above the 5.5600 that threw us out  || resource=srv-daqp02flot8c73ffv6eg instance=srv-daqp02flot8c73ffv6eg-w4zf9
2026-10-02 10:07:00,711 CRITICAL [v33] TNMG STILL HOLDING 71 share(s) after 8 chase attempts - the exit did not complete. This position is unprotected until the next pass.  || resource=srv-daqp02flot8c73ffv6eg instance=srv-daqp02flot8c73ffv6eg-w4zf9
2026-10-02 10:07:00,785 INFO [v33] EXIT half-back TNMG 84 @ 5.5400 | entry 5.5800 peak 5.5800 stop 5.5500 | held 8s | P/L -3.36 (-0.72% of the trade, -0.02% of the account)  || resource=srv-daqp02flot8c73ffv6eg instance=srv-daqp02flot8c73ffv6eg-w4zf9
2026-10-02 10:07:04,814 INFO [v33] EXIT half-back NCT 284 @ 1.6500 | entry 1.6500 peak 1.6800 stop 1.6650 | held 54s | P/L +0.00 (+0.00% of the trade, +0.00% of the account)  || resource=srv-daqp02flot8c73ffv6eg instance=srv-daqp02flot8c73ffv6eg-w4zf9
2026-10-02 10:07:16,878 INFO [v33] EXIT half-back TNMG 71 @ 5.3100 | entry 5.3695 peak 5.3695 stop 5.3595 | held 24s | P/L -4.23 (-1.11% of the trade, -0.02% of the account)  || resource=srv-daqp02flot8c73ffv6eg instance=srv-daqp02flot8c73ffv6eg-w4zf9
2026-10-02 10:07:20,361 INFO [v33] RE-ENTER TNMG 140 @ 5.3448 = $748 | stop 5.3000 (0.84% away) | back above the 5.3100 that threw us out  || resource=srv-daqp02flot8c73ffv6eg instance=srv-daqp02flot8c73ffv6eg-w4zf9
2026-10-02 10:07:22,164 CRITICAL [v33] TNMG STILL HOLDING 2 share(s) after 8 chase attempts - the exit did not complete. This position is unprotected until the next pass.  || resource=srv-daqp02flot8c73ffv6eg instance=srv-daqp02flot8c73ffv6eg-w4zf9
2026-10-02 10:07:22,238 INFO [v33] EXIT half-back TNMG 140 @ 5.3000 | entry 5.3448 peak 5.3448 stop 5.3000 | held 2s | P/L -6.27 (-0.84% of the trade, -0.03% of the account)  || resource=srv-daqp02flot8c73ffv6eg instance=srv-daqp02flot8c73ffv6eg-w4zf9
2026-10-02 10:07:23,269 INFO [v33] RE-ENTER TNMG 88 @ 5.3200 = $468 | stop 5.2900 (0.56% away) | back above the 5.3000 that threw us out  || resource=srv-daqp02flot8c73ffv6eg instance=srv-daqp02flot8c73ffv6eg-w4zf9
2026-10-02 10:07:30,625 CRITICAL [v33] TNMG STILL HOLDING 2 share(s) after 8 chase attempts - the exit did not complete. This position is unprotected until the next pass.  || resource=srv-daqp02flot8c73ffv6eg instance=srv-daqp02flot8c73ffv6eg-w4zf9
2026-10-02 10:07:30,697 INFO [v33] EXIT half-back TNMG 88 @ 5.3200 | entry 5.3200 peak 5.3410 stop 5.3305 | held 7s | P/L +0.00 (+0.00% of the trade, +0.00% of the account)  || resource=srv-daqp02flot8c73ffv6eg instance=srv-daqp02flot8c73ffv6eg-w4zf9
2026-10-02 10:07:42,702 INFO [v33] RE-ENTER TNMG 87 @ 5.3465 = $465 | stop 5.3100 (0.68% away) | back above the 5.3200 that threw us out  || resource=srv-daqp02flot8c73ffv6eg instance=srv-daqp02flot8c73ffv6eg-w4zf9
2026-10-02 10:07:48,886 CRITICAL [v33] TNMG STILL HOLDING 2 share(s) after 8 chase attempts - the exit did not complete. This position is unprotected until the next pass.  || resource=srv-daqp02flot8c73ffv6eg instance=srv-daqp02flot8c73ffv6eg-w4zf9
2026-10-02 10:07:48,959 INFO [v33] EXIT half-back TNMG 87 @ 5.3039 | entry 5.3465 peak 5.3465 stop 5.3100 | held 6s | P/L -3.71 (-0.80% of the trade, -0.02% of the account)  || resource=srv-daqp02flot8c73ffv6eg instance=srv-daqp02flot8c73ffv6eg-w4zf9
2026-10-02 10:07:50,733 INFO [v33] RE-ENTER TNMG 106 @ 5.3400 = $566 | stop 5.2939 (0.86% away) | back above the 5.3039 that threw us out  || resource=srv-daqp02flot8c73ffv6eg instance=srv-daqp02flot8c73ffv6eg-w4zf9
2026-10-02 10:07:53,575 CRITICAL [v33] TNMG STILL HOLDING 2 share(s) after 8 chase attempts - the exit did not complete. This position is unprotected until the next pass.  || resource=srv-daqp02flot8c73ffv6eg instance=srv-daqp02flot8c73ffv6eg-w4zf9
2026-10-02 10:07:53,575 INFO [v33] EXIT half-back TNMG 106 @ 5.3104 | entry 5.3400 peak 5.3540 stop 5.3470 | held 3s | P/L -3.14 (-0.55% of the trade, -0.02% of the account)  || resource=srv-daqp02flot8c73ffv6eg instance=srv-daqp02flot8c73ffv6eg-w4zf9
2026-10-02 10:07:54,566 INFO [v33] RE-ENTER TNMG 87 @ 5.3500 = $465 | stop 5.3004 (0.93% away) | back above the 5.3104 that threw us out  || resource=srv-daqp02flot8c73ffv6eg instance=srv-daqp02flot8c73ffv6eg-w4zf9
2026-10-02 10:08:03,347 CRITICAL [v33] TNMG STILL HOLDING 2 share(s) after 8 chase attempts - the exit did not complete. This position is unprotected until the next pass.  || resource=srv-daqp02flot8c73ffv6eg instance=srv-daqp02flot8c73ffv6eg-w4zf9
2026-10-02 10:08:03,420 INFO [v33] EXIT half-back TNMG 87 @ 5.3900 | entry 5.3500 peak 5.4500 stop 5.4000 | held 9s | P/L +3.48 (+0.75% of the trade, +0.02% of the account)  || resource=srv-daqp02flot8c73ffv6eg instance=srv-daqp02flot8c73ffv6eg-w4zf9
2026-10-02 10:08:04,128 INFO [v33] RE-ENTER TNMG 86 @ 5.4100 = $465 | stop 5.3800 (0.55% away) | back above the 5.3900 that threw us out  || resource=srv-daqp02flot8c73ffv6eg instance=srv-daqp02flot8c73ffv6eg-w4zf9
2026-10-02 10:08:06,407 CRITICAL [v33] TNMG STILL HOLDING 2 share(s) after 8 chase attempts - the exit did not complete. This position is unprotected until the next pass.  || resource=srv-daqp02flot8c73ffv6eg instance=srv-daqp02flot8c73ffv6eg-w4zf9
2026-10-02 10:08:06,408 INFO [v33] EXIT half-back TNMG 86 @ 5.3800 | entry 5.4100 peak 5.4100 stop 5.3800 | held 2s | P/L -2.58 (-0.55% of the trade, -0.01% of the account)  || resource=srv-daqp02flot8c73ffv6eg instance=srv-daqp02flot8c73ffv6eg-w4zf9
2026-10-02 10:08:07,667 INFO [v33] RE-ENTER TNMG 86 @ 5.4000 = $464 | stop 5.3700 (0.56% away) | back above the 5.3800 that threw us out  || resource=srv-daqp02flot8c73ffv6eg instance=srv-daqp02flot8c73ffv6eg-w4zf9
2026-10-02 10:08:09,213 CRITICAL [v33] TNMG STILL HOLDING 2 share(s) after 8 chase attempts - the exit did not complete. This position is unprotected until the next pass.  || resource=srv-daqp02flot8c73ffv6eg instance=srv-daqp02flot8c73ffv6eg-w4zf9
2026-10-02 10:08:09,285 INFO [v33] EXIT half-back TNMG 86 @ 5.3413 | entry 5.4000 peak 5.4000 stop 5.3700 | held 2s | P/L -5.05 (-1.09% of the trade, -0.02% of the account)  || resource=srv-daqp02flot8c73ffv6eg instance=srv-daqp02flot8c73ffv6eg-w4zf9
2026-10-02 10:08:11,141 INFO [v33] RE-ENTER TNMG 87 @ 5.3881 = $469 | stop 5.3313 (1.05% away) | back above the 5.3413 that threw us out  || resource=srv-daqp02flot8c73ffv6eg instance=srv-daqp02flot8c73ffv6eg-w4zf9
2026-10-02 10:08:13,366 CRITICAL [v33] TNMG STILL HOLDING 2 share(s) after 8 chase attempts - the exit did not complete. This position is unprotected until the next pass.  || resource=srv-daqp02flot8c73ffv6eg instance=srv-daqp02flot8c73ffv6eg-w4zf9
2026-10-02 10:08:13,366 INFO [v33] EXIT half-back TNMG 87 @ 5.4200 | entry 5.3881 peak 5.4700 stop 5.4291 | held 2s | P/L +2.78 (+0.59% of the trade, +0.01% of the account)  || resource=srv-daqp02flot8c73ffv6eg instance=srv-daqp02flot8c73ffv6eg-w4zf9
2026-10-02 10:08:15,130 INFO [v33] RE-ENTER TNMG 129 @ 5.4600 = $704 | stop 5.4100 (0.92% away) | back above the 5.4200 that threw us out  || resource=srv-daqp02flot8c73ffv6eg instance=srv-daqp02flot8c73ffv6eg-w4zf9
2026-10-02 10:08:17,418 INFO [v33] EXIT dead-tape NYXH 676 @ 1.3392 | entry 1.3392 peak 1.3392 stop 1.3200 | held 619s | P/L +0.00 (+0.00% of the trade, +0.00% of the account)  || resource=srv-daqp02flot8c73ffv6eg instance=srv-daqp02flot8c73ffv6eg-w4zf9
2026-10-02 10:08:17,602 CRITICAL [v33] TNMG STILL HOLDING 34 share(s) after 8 chase attempts - the exit did not complete. This position is unprotected until the next pass.  || resource=srv-daqp02flot8c73ffv6eg instance=srv-daqp02flot8c73ffv6eg-w4zf9
2026-10-02 10:08:17,602 INFO [v33] EXIT half-back TNMG 129 @ 5.4200 | entry 5.4600 peak 5.4700 stop 5.4650 | held 2s | P/L -5.16 (-0.73% of the trade, -0.02% of the account)  || resource=srv-daqp02flot8c73ffv6eg instance=srv-daqp02flot8c73ffv6eg-w4zf9
2026-10-02 10:09:17,736 INFO [v33] EXIT half-back TNMG 34 @ 5.3600 | entry 5.4198 peak 5.4198 stop 5.4098 | held 63s | P/L -2.03 (-1.10% of the trade, -0.01% of the account)  || resource=srv-daqp02flot8c73ffv6eg instance=srv-daqp02flot8c73ffv6eg-w4zf9
2026-10-02 10:09:18,630 INFO [v33] RE-ENTER TNMG 87 @ 5.3800 = $468 | stop 5.3500 (0.56% away) | back above the 5.3600 that threw us out  || resource=srv-daqp02flot8c73ffv6eg instance=srv-daqp02flot8c73ffv6eg-w4zf9
2026-10-02 10:09:22,584 INFO [v33] RE-ENTER NCT 295 @ 1.6700 = $493 | stop 1.6400 (1.80% away) | back above the 1.6500 that threw us out  || resource=srv-daqp02flot8c73ffv6eg instance=srv-daqp02flot8c73ffv6eg-w4zf9
2026-10-02 10:09:23,764 INFO [v33] EXIT half-back TNMG 87 @ 5.4000 | entry 5.3800 peak 5.4400 stop 5.4100 | held 5s | P/L +1.74 (+0.37% of the trade, +0.01% of the account)  || resource=srv-daqp02flot8c73ffv6eg instance=srv-daqp02flot8c73ffv6eg-w4zf9
2026-10-02 10:10:06,346 INFO [v33] RE-ENTER TNMG 117 @ 5.4200 = $634 | stop 5.3900 (0.55% away) | back above the 5.4000 that threw us out  || resource=srv-daqp02flot8c73ffv6eg instance=srv-daqp02flot8c73ffv6eg-w4zf9
2026-10-02 10:10:11,011 INFO [v33] EXIT half-back TNMG 117 @ 5.4200 | entry 5.4200 peak 5.4700 stop 5.4450 | held 5s | P/L +0.00 (+0.00% of the trade, +0.00% of the account)  || resource=srv-daqp02flot8c73ffv6eg instance=srv-daqp02flot8c73ffv6eg-w4zf9
2026-10-02 10:10:13,249 INFO [v33] RE-ENTER TNMG 167 @ 5.4400 = $908 | stop 5.4100 (0.55% away) | back above the 5.4200 that threw us out  || resource=srv-daqp02flot8c73ffv6eg instance=srv-daqp02flot8c73ffv6eg-w4zf9
2026-10-02 10:10:20,392 CRITICAL [v33] TNMG STILL HOLDING 9 share(s) after 8 chase attempts - the exit did not complete. This position is unprotected until the next pass.  || resource=srv-daqp02flot8c73ffv6eg instance=srv-daqp02flot8c73ffv6eg-w4zf9
2026-10-02 10:10:20,463 INFO [v33] EXIT half-back TNMG 167 @ 5.4150 | entry 5.4400 peak 5.4500 stop 5.4450 | held 7s | P/L -4.18 (-0.46% of the trade, -0.02% of the account)  || resource=srv-daqp02flot8c73ffv6eg instance=srv-daqp02flot8c73ffv6eg-w4zf9
2026-10-02 10:10:21,174 INFO [v33] RE-ENTER TNMG 86 @ 5.4502 = $469 | stop 5.4050 (0.83% away) | back above the 5.4150 that threw us out  || resource=srv-daqp02flot8c73ffv6eg instance=srv-daqp02flot8c73ffv6eg-w4zf9
2026-10-02 10:10:22,478 CRITICAL [v33] TNMG STILL HOLDING 9 share(s) after 8 chase attempts - the exit did not complete. This position is unprotected until the next pass.  || resource=srv-daqp02flot8c73ffv6eg instance=srv-daqp02flot8c73ffv6eg-w4zf9
2026-10-02 10:10:22,479 INFO [v33] EXIT half-back TNMG 86 @ 5.4400 | entry 5.4502 peak 5.4600 stop 5.4551 | held 1s | P/L -0.88 (-0.19% of the trade, -0.00% of the account)  || resource=srv-daqp02flot8c73ffv6eg instance=srv-daqp02flot8c73ffv6eg-w4zf9
2026-10-02 10:10:24,734 INFO [v33] RE-ENTER TNMG 96 @ 5.4800 = $526 | stop 5.4300 (0.91% away) | back above the 5.4400 that threw us out  || resource=srv-daqp02flot8c73ffv6eg instance=srv-daqp02flot8c73ffv6eg-w4zf9
2026-10-02 10:10:26,559 CRITICAL [v33] TNMG STILL HOLDING 9 share(s) after 8 chase attempts - the exit did not complete. This position is unprotected until the next pass.  || resource=srv-daqp02flot8c73ffv6eg instance=srv-daqp02flot8c73ffv6eg-w4zf9
2026-10-02 10:10:26,633 INFO [v33] EXIT half-back TNMG 96 @ 5.4200 | entry 5.4800 peak 5.4800 stop 5.4300 | held 2s | P/L -5.76 (-1.09% of the trade, -0.03% of the account)  || resource=srv-daqp02flot8c73ffv6eg instance=srv-daqp02flot8c73ffv6eg-w4zf9
2026-10-02 10:10:27,621 INFO [v33] RE-ENTER TNMG 86 @ 5.4400 = $468 | stop 5.4100 (0.55% away) | back above the 5.4200 that threw us out  || resource=srv-daqp02flot8c73ffv6eg instance=srv-daqp02flot8c73ffv6eg-w4zf9
2026-10-02 10:10:28,971 CRITICAL [v33] TNMG STILL HOLDING 9 share(s) after 8 chase attempts - the exit did not complete. This position is unprotected until the next pass.  || resource=srv-daqp02flot8c73ffv6eg instance=srv-daqp02flot8c73ffv6eg-w4zf9
2026-10-02 10:10:28,971 INFO [v33] EXIT half-back TNMG 86 @ 5.4500 | entry 5.4400 peak 5.4600 stop 5.4500 | held 1s | P/L +0.86 (+0.18% of the trade, +0.00% of the account)  || resource=srv-daqp02flot8c73ffv6eg instance=srv-daqp02flot8c73ffv6eg-w4zf9
2026-10-02 10:10:31,286 INFO [v33] RE-ENTER TNMG 179 @ 5.4800 = $981 | stop 5.4400 (0.73% away) | back above the 5.4500 that threw us out  || resource=srv-daqp02flot8c73ffv6eg instance=srv-daqp02flot8c73ffv6eg-w4zf9
2026-10-02 10:10:33,532 CRITICAL [v33] TNMG STILL HOLDING 9 share(s) after 8 chase attempts - the exit did not complete. This position is unprotected until the next pass.  || resource=srv-daqp02flot8c73ffv6eg instance=srv-daqp02flot8c73ffv6eg-w4zf9
2026-10-02 10:10:33,605 INFO [v33] EXIT half-back TNMG 179 @ 5.4900 | entry 5.4800 peak 5.5000 stop 5.4900 | held 2s | P/L +1.79 (+0.18% of the trade, +0.01% of the account)  || resource=srv-daqp02flot8c73ffv6eg instance=srv-daqp02flot8c73ffv6eg-w4zf9
2026-10-02 10:10:34,318 INFO [v33] RE-ENTER TNMG 85 @ 5.5100 = $468 | stop 5.4800 (0.54% away) | back above the 5.4900 that threw us out  || resource=srv-daqp02flot8c73ffv6eg instance=srv-daqp02flot8c73ffv6eg-w4zf9
2026-10-02 10:10:35,628 CRITICAL [v33] TNMG STILL HOLDING 9 share(s) after 8 chase attempts - the exit did not complete. This position is unprotected until the next pass.  || resource=srv-daqp02flot8c73ffv6eg instance=srv-daqp02flot8c73ffv6eg-w4zf9
2026-10-02 10:10:35,628 INFO [v33] EXIT half-back TNMG 85 @ 5.4800 | entry 5.5100 peak 5.5100 stop 5.4800 | held 1s | P/L -2.55 (-0.54% of the trade, -0.01% of the account)  || resource=srv-daqp02flot8c73ffv6eg instance=srv-daqp02flot8c73ffv6eg-w4zf9
2026-10-02 10:10:37,388 INFO [v33] RE-ENTER TNMG 127 @ 5.5009 = $699 | stop 5.4700 (0.56% away) | back above the 5.4800 that threw us out  || resource=srv-daqp02flot8c73ffv6eg instance=srv-daqp02flot8c73ffv6eg-w4zf9
2026-10-02 10:10:39,770 CRITICAL [v33] TNMG STILL HOLDING 28 share(s) after 8 chase attempts - the exit did not complete. This position is unprotected until the next pass.  || resource=srv-daqp02flot8c73ffv6eg instance=srv-daqp02flot8c73ffv6eg-w4zf9
2026-10-02 10:10:39,843 INFO [v33] EXIT half-back TNMG 127 @ 5.4567 | entry 5.5009 peak 5.5097 stop 5.5053 | held 2s | P/L -5.61 (-0.80% of the trade, -0.03% of the account)  || resource=srv-daqp02flot8c73ffv6eg instance=srv-daqp02flot8c73ffv6eg-w4zf9
2026-10-02 10:10:41,641 INFO [v33] RE-ENTER TNMG 137 @ 5.4988 = $753 | stop 5.4467 (0.95% away) | back above the 5.4567 that threw us out  || resource=srv-daqp02flot8c73ffv6eg instance=srv-daqp02flot8c73ffv6eg-w4zf9
2026-10-02 10:10:47,777 CRITICAL [v33] TNMG STILL HOLDING 28 share(s) after 8 chase attempts - the exit did not complete. This position is unprotected until the next pass.  || resource=srv-daqp02flot8c73ffv6eg instance=srv-daqp02flot8c73ffv6eg-w4zf9
2026-10-02 10:10:47,849 INFO [v33] EXIT half-back TNMG 137 @ 5.4625 | entry 5.4988 peak 5.5000 stop 5.4994 | held 6s | P/L -4.97 (-0.66% of the trade, -0.02% of the account)  || resource=srv-daqp02flot8c73ffv6eg instance=srv-daqp02flot8c73ffv6eg-w4zf9
2026-10-02 10:10:48,840 INFO [v33] RE-ENTER TNMG 85 @ 5.4900 = $467 | stop 5.4525 (0.68% away) | back above the 5.4625 that threw us out  || resource=srv-daqp02flot8c73ffv6eg instance=srv-daqp02flot8c73ffv6eg-w4zf9
2026-10-02 10:10:54,618 CRITICAL [v33] TNMG STILL HOLDING 28 share(s) after 8 chase attempts - the exit did not complete. This position is unprotected until the next pass.  || resource=srv-daqp02flot8c73ffv6eg instance=srv-daqp02flot8c73ffv6eg-w4zf9
2026-10-02 10:10:54,693 INFO [v33] EXIT half-back TNMG 85 @ 5.4500 | entry 5.4900 peak 5.4900 stop 5.4525 | held 6s | P/L -3.40 (-0.73% of the trade, -0.02% of the account)  || resource=srv-daqp02flot8c73ffv6eg instance=srv-daqp02flot8c73ffv6eg-w4zf9
2026-10-02 10:10:56,463 INFO [v33] RE-ENTER TNMG 93 @ 5.4700 = $509 | stop 5.4400 (0.55% away) | back above the 5.4500 that threw us out  || resource=srv-daqp02flot8c73ffv6eg instance=srv-daqp02flot8c73ffv6eg-w4zf9
2026-10-02 10:11:01,788 CRITICAL [v33] TNMG STILL HOLDING 32 share(s) after 8 chase attempts - the exit did not complete. This position is unprotected until the next pass.  || resource=srv-daqp02flot8c73ffv6eg instance=srv-daqp02flot8c73ffv6eg-w4zf9
2026-10-02 10:11:01,860 INFO [v33] EXIT half-back TNMG 93 @ 5.4235 | entry 5.4700 peak 5.4700 stop 5.4400 | held 5s | P/L -4.32 (-0.85% of the trade, -0.02% of the account)  || resource=srv-daqp02flot8c73ffv6eg instance=srv-daqp02flot8c73ffv6eg-w4zf9
2026-10-02 10:11:04,000 INFO [v33] RE-ENTER TNMG 107 @ 5.4689 = $585 | stop 5.4135 (1.01% away) | back above the 5.4235 that threw us out  || resource=srv-daqp02flot8c73ffv6eg instance=srv-daqp02flot8c73ffv6eg-w4zf9
2026-10-02 10:11:07,377 CRITICAL [v33] TNMG STILL HOLDING 32 share(s) after 8 chase attempts - the exit did not complete. This position is unprotected until the next pass.  || resource=srv-daqp02flot8c73ffv6eg instance=srv-daqp02flot8c73ffv6eg-w4zf9
2026-10-02 10:11:07,451 INFO [v33] EXIT half-back TNMG 107 @ 5.4945 | entry 5.4689 peak 5.5500 stop 5.5094 | held 3s | P/L +2.74 (+0.47% of the trade, +0.01% of the account)  || resource=srv-daqp02flot8c73ffv6eg instance=srv-daqp02flot8c73ffv6eg-w4zf9
2026-10-02 10:11:08,439 INFO [v33] RE-ENTER TNMG 84 @ 5.5400 = $465 | stop 5.4845 (1.00% away) | back above the 5.4945 that threw us out  || resource=srv-daqp02flot8c73ffv6eg instance=srv-daqp02flot8c73ffv6eg-w4zf9
2026-10-02 10:11:13,388 CRITICAL [v33] TNMG STILL HOLDING 32 share(s) after 8 chase attempts - the exit did not complete. This position is unprotected until the next pass.  || resource=srv-daqp02flot8c73ffv6eg instance=srv-daqp02flot8c73ffv6eg-w4zf9
2026-10-02 10:11:13,463 INFO [v33] EXIT half-back TNMG 84 @ 5.5300 | entry 5.5400 peak 5.5500 stop 5.5450 | held 5s | P/L -0.84 (-0.18% of the trade, -0.00% of the account)  || resource=srv-daqp02flot8c73ffv6eg instance=srv-daqp02flot8c73ffv6eg-w4zf9
2026-10-02 10:11:14,969 INFO [v33] RE-ENTER TNMG 95 @ 5.5500 = $527 | stop 5.5200 (0.54% away) | back above the 5.5300 that threw us out  || resource=srv-daqp02flot8c73ffv6eg instance=srv-daqp02flot8c73ffv6eg-w4zf9
2026-10-02 10:11:16,974 CRITICAL [v33] TNMG STILL HOLDING 53 share(s) after 8 chase attempts - the exit did not complete. This position is unprotected until the next pass.  || resource=srv-daqp02flot8c73ffv6eg instance=srv-daqp02flot8c73ffv6eg-w4zf9
2026-10-02 10:11:16,974 INFO [v33] EXIT half-back TNMG 95 @ 5.5345 | entry 5.5500 peak 5.5600 stop 5.5550 | held 2s | P/L -1.47 (-0.28% of the trade, -0.01% of the account)  || resource=srv-daqp02flot8c73ffv6eg instance=srv-daqp02flot8c73ffv6eg-w4zf9
2026-10-02 10:11:18,288 INFO [v33] EXIT half-back TNMG 53 @ 5.5300 | entry 5.5500 peak 5.5600 stop 5.5550 | held 3s | P/L -1.06 (-0.36% of the trade, -0.00% of the account)  || resource=srv-daqp02flot8c73ffv6eg instance=srv-daqp02flot8c73ffv6eg-w4zf9
2026-10-02 10:11:23,163 INFO [v33] RE-ENTER TNMG 128 @ 5.5600 = $712 | stop 5.5200 (0.72% away) | back above the 5.5300 that threw us out  || resource=srv-daqp02flot8c73ffv6eg instance=srv-daqp02flot8c73ffv6eg-w4zf9
2026-10-02 10:11:28,447 INFO [v33] EXIT half-back TNMG 128 @ 5.5189 | entry 5.5600 peak 5.5700 stop 5.5650 | held 5s | P/L -5.26 (-0.74% of the trade, -0.02% of the account)  || resource=srv-daqp02flot8c73ffv6eg instance=srv-daqp02flot8c73ffv6eg-w4zf9
2026-10-02 10:11:30,240 INFO [v33] RE-ENTER TNMG 139 @ 5.5500 = $771 | stop 5.5089 (0.74% away) | back above the 5.5189 that threw us out  || resource=srv-daqp02flot8c73ffv6eg instance=srv-daqp02flot8c73ffv6eg-w4zf9
2026-10-02 10:11:35,281 INFO [v33] EXIT half-back TNMG 139 @ 5.5355 | entry 5.5500 peak 5.5700 stop 5.5600 | held 5s | P/L -2.02 (-0.26% of the trade, -0.01% of the account)  || resource=srv-daqp02flot8c73ffv6eg instance=srv-daqp02flot8c73ffv6eg-w4zf9
2026-10-02 10:11:41,838 INFO [v33] EXIT half-back NCT 295 @ 1.6500 | entry 1.6700 peak 1.6800 stop 1.6750 | held 139s | P/L -5.90 (-1.20% of the trade, -0.03% of the account)  || resource=srv-daqp02flot8c73ffv6eg instance=srv-daqp02flot8c73ffv6eg-w4zf9
2026-10-02 10:12:22,225 INFO [v33] RE-ENTER TNMG 84 @ 5.5700 = $468 | stop 5.5255 (0.80% away) | back above the 5.5355 that threw us out  || resource=srv-daqp02flot8c73ffv6eg instance=srv-daqp02flot8c73ffv6eg-w4zf9
2026-10-02 10:12:23,525 INFO [v33] EXIT half-back TNMG 84 @ 5.5600 | entry 5.5700 peak 5.5800 stop 5.5750 | held 1s | P/L -0.84 (-0.18% of the trade, -0.00% of the account)  || resource=srv-daqp02flot8c73ffv6eg instance=srv-daqp02flot8c73ffv6eg-w4zf9
2026-10-02 10:12:24,517 INFO [v33] RE-ENTER TNMG 84 @ 5.5800 = $469 | stop 5.5500 (0.54% away) | back above the 5.5600 that threw us out  || resource=srv-daqp02flot8c73ffv6eg instance=srv-daqp02flot8c73ffv6eg-w4zf9
2026-10-02 10:12:26,948 INFO [v33] EXIT half-back TNMG 84 @ 5.5500 | entry 5.5800 peak 5.5800 stop 5.5500 | held 2s | P/L -2.52 (-0.54% of the trade, -0.01% of the account)  || resource=srv-daqp02flot8c73ffv6eg instance=srv-daqp02flot8c73ffv6eg-w4zf9
2026-10-02 10:14:48,967 INFO [v33] RE-ENTER SDEV 85 @ 5.4700 = $465 | stop 5.4400 (0.55% away) | back above the 5.4500 that threw us out  || resource=srv-daqp02flot8c73ffv6eg instance=srv-daqp02flot8c73ffv6eg-w4zf9
2026-10-02 10:14:51,178 INFO [v33] EXIT half-back SDEV 85 @ 5.4500 | entry 5.4700 peak 5.4900 stop 5.4800 | held 2s | P/L -1.70 (-0.37% of the trade, -0.01% of the account)  || resource=srv-daqp02flot8c73ffv6eg instance=srv-daqp02flot8c73ffv6eg-w4zf9
2026-10-02 10:14:52,158 INFO [v33] RE-ENTER SDEV 85 @ 5.4700 = $465 | stop 5.4400 (0.55% away) | back above the 5.4500 that threw us out  || resource=srv-daqp02flot8c73ffv6eg instance=srv-daqp02flot8c73ffv6eg-w4zf9
2026-10-02 10:14:53,383 INFO [v33] EXIT half-back SDEV 85 @ 5.4500 | entry 5.4700 peak 5.4900 stop 5.4800 | held 1s | P/L -1.70 (-0.37% of the trade, -0.01% of the account)  || resource=srv-daqp02flot8c73ffv6eg instance=srv-daqp02flot8c73ffv6eg-w4zf9
2026-10-02 10:14:55,135 INFO [v33] RE-ENTER SDEV 140 @ 5.4700 = $766 | stop 5.4400 (0.55% away) | back above the 5.4500 that threw us out  || resource=srv-daqp02flot8c73ffv6eg instance=srv-daqp02flot8c73ffv6eg-w4zf9
2026-10-02 10:14:59,799 INFO [v33] EXIT half-back SDEV 140 @ 5.4800 | entry 5.4700 peak 5.5000 stop 5.4850 | held 5s | P/L +1.40 (+0.18% of the trade, +0.01% of the account)  || resource=srv-daqp02flot8c73ffv6eg instance=srv-daqp02flot8c73ffv6eg-w4zf9
2026-10-02 10:15:00,513 INFO [v33] RE-ENTER SDEV 85 @ 5.5000 = $468 | stop 5.4700 (0.55% away) | back above the 5.4800 that threw us out  || resource=srv-daqp02flot8c73ffv6eg instance=srv-daqp02flot8c73ffv6eg-w4zf9
2026-10-02 10:15:01,952 INFO [v33] EXIT half-back SDEV 85 @ 5.5000 | entry 5.5000 peak 5.5100 stop 5.5050 | held 1s | P/L +0.00 (+0.00% of the trade, +0.00% of the account)  || resource=srv-daqp02flot8c73ffv6eg instance=srv-daqp02flot8c73ffv6eg-w4zf9
2026-10-02 10:15:15,117 INFO [v33] RE-ENTER SDEV 85 @ 5.5200 = $469 | stop 5.4900 (0.54% away) | back above the 5.5000 that threw us out  || resource=srv-daqp02flot8c73ffv6eg instance=srv-daqp02flot8c73ffv6eg-w4zf9
2026-10-02 10:15:16,498 INFO [v33] EXIT half-back SDEV 85 @ 5.5200 | entry 5.5200 peak 5.5300 stop 5.5250 | held 1s | P/L +0.00 (+0.00% of the trade, +0.00% of the account)  || resource=srv-daqp02flot8c73ffv6eg instance=srv-daqp02flot8c73ffv6eg-w4zf9
2026-10-02 10:15:17,709 INFO [v33] RE-ENTER SDEV 86 @ 5.5400 = $476 | stop 5.5100 (0.54% away) | back above the 5.5200 that threw us out  || resource=srv-daqp02flot8c73ffv6eg instance=srv-daqp02flot8c73ffv6eg-w4zf9
2026-10-02 10:15:20,292 CRITICAL [v33] SDEV STILL HOLDING 17 share(s) after 8 chase attempts - the exit did not complete. This position is unprotected until the next pass.  || resource=srv-daqp02flot8c73ffv6eg instance=srv-daqp02flot8c73ffv6eg-w4zf9
2026-10-02 10:15:20,292 INFO [v33] EXIT half-back SDEV 86 @ 5.5300 | entry 5.5400 peak 5.5500 stop 5.5450 | held 3s | P/L -0.86 (-0.18% of the trade, -0.00% of the account)  || resource=srv-daqp02flot8c73ffv6eg instance=srv-daqp02flot8c73ffv6eg-w4zf9
2026-10-02 10:15:21,196 INFO [v33] RE-ENTER SDEV 84 @ 5.5500 = $466 | stop 5.5200 (0.54% away) | back above the 5.5300 that threw us out  || resource=srv-daqp02flot8c73ffv6eg instance=srv-daqp02flot8c73ffv6eg-w4zf9
2026-10-02 10:15:24,317 CRITICAL [v33] SDEV STILL HOLDING 17 share(s) after 8 chase attempts - the exit did not complete. This position is unprotected until the next pass.  || resource=srv-daqp02flot8c73ffv6eg instance=srv-daqp02flot8c73ffv6eg-w4zf9
2026-10-02 10:15:24,389 INFO [v33] EXIT half-back SDEV 84 @ 5.5600 | entry 5.5500 peak 5.5700 stop 5.5600 | held 3s | P/L +0.84 (+0.18% of the trade, +0.00% of the account)  || resource=srv-daqp02flot8c73ffv6eg instance=srv-daqp02flot8c73ffv6eg-w4zf9
2026-10-02 10:16:20,619 INFO [v33] EXIT half-back SDEV 17 @ 5.4200 | entry 5.5267 peak 5.5267 stop 5.5167 | held 59s | P/L -1.81 (-1.93% of the trade, -0.01% of the account)  || resource=srv-daqp02flot8c73ffv6eg instance=srv-daqp02flot8c73ffv6eg-w4zf9
2026-10-02 10:16:27,778 INFO [v33] RE-ENTER SDEV 86 @ 5.4400 = $468 | stop 5.4100 (0.55% away) | back above the 5.4200 that threw us out  || resource=srv-daqp02flot8c73ffv6eg instance=srv-daqp02flot8c73ffv6eg-w4zf9
2026-10-02 10:16:30,615 CRITICAL [v33] SDEV STILL HOLDING 18 share(s) after 8 chase attempts - the exit did not complete. This position is unprotected until the next pass.  || resource=srv-daqp02flot8c73ffv6eg instance=srv-daqp02flot8c73ffv6eg-w4zf9
2026-10-02 10:16:30,687 INFO [v33] EXIT half-back SDEV 86 @ 5.4526 | entry 5.4400 peak 5.4676 stop 5.4538 | held 3s | P/L +1.08 (+0.23% of the trade, +0.01% of the account)  || resource=srv-daqp02flot8c73ffv6eg instance=srv-daqp02flot8c73ffv6eg-w4zf9
2026-10-02 10:17:19,669 INFO [v33] EXIT half-back SDEV 18 @ 5.3900 | entry 5.4681 peak 5.4681 stop 5.4581 | held 52s | P/L -1.41 (-1.43% of the trade, -0.01% of the account)  || resource=srv-daqp02flot8c73ffv6eg instance=srv-daqp02flot8c73ffv6eg-w4zf9
2026-10-02 10:17:21,518 INFO [v33] RE-ENTER SDEV 164 @ 5.4100 = $887 | stop 5.3800 (0.55% away) | back above the 5.3900 that threw us out  || resource=srv-daqp02flot8c73ffv6eg instance=srv-daqp02flot8c73ffv6eg-w4zf9
2026-10-02 10:17:22,774 INFO [v33] EXIT half-back SDEV 164 @ 5.3800 | entry 5.4100 peak 5.4100 stop 5.3800 | held 1s | P/L -4.92 (-0.55% of the trade, -0.02% of the account)  || resource=srv-daqp02flot8c73ffv6eg instance=srv-daqp02flot8c73ffv6eg-w4zf9
2026-10-02 10:17:24,266 INFO [v33] RE-ENTER SDEV 127 @ 5.4000 = $686 | stop 5.3700 (0.56% away) | back above the 5.3800 that threw us out  || resource=srv-daqp02flot8c73ffv6eg instance=srv-daqp02flot8c73ffv6eg-w4zf9
2026-10-02 10:17:25,368 INFO [v33] EXIT half-back SDEV 127 @ 5.4000 | entry 5.4000 peak 5.4100 stop 5.4050 | held 1s | P/L +0.00 (+0.00% of the trade, +0.00% of the account)  || resource=srv-daqp02flot8c73ffv6eg instance=srv-daqp02flot8c73ffv6eg-w4zf9
2026-10-02 10:17:35,347 INFO [v33] RE-ENTER SDEV 89 @ 5.4200 = $482 | stop 5.3900 (0.55% away) | back above the 5.4000 that threw us out  || resource=srv-daqp02flot8c73ffv6eg instance=srv-daqp02flot8c73ffv6eg-w4zf9
2026-10-02 10:17:38,185 INFO [v33] EXIT half-back SDEV 89 @ 5.3900 | entry 5.4200 peak 5.4200 stop 5.3900 | held 3s | P/L -2.67 (-0.55% of the trade, -0.01% of the account)  || resource=srv-daqp02flot8c73ffv6eg instance=srv-daqp02flot8c73ffv6eg-w4zf9
2026-10-02 10:17:39,660 INFO [v33] RE-ENTER SDEV 108 @ 5.4200 = $585 | stop 5.3800 (0.74% away) | back above the 5.3900 that threw us out  || resource=srv-daqp02flot8c73ffv6eg instance=srv-daqp02flot8c73ffv6eg-w4zf9
2026-10-02 10:17:47,730 CRITICAL [v33] SDEV STILL HOLDING 56 share(s) after 8 chase attempts - the exit did not complete. This position is unprotected until the next pass.  || resource=srv-daqp02flot8c73ffv6eg instance=srv-daqp02flot8c73ffv6eg-w4zf9
2026-10-02 10:17:47,802 INFO [v33] EXIT half-back SDEV 108 @ 5.4200 | entry 5.4200 peak 5.4283 stop 5.4242 | held 8s | P/L +0.00 (+0.00% of the trade, +0.00% of the account)  || resource=srv-daqp02flot8c73ffv6eg instance=srv-daqp02flot8c73ffv6eg-w4zf9
2026-10-02 10:18:10,534 INFO [v33] RE-ENTER SDEV 100 @ 5.4400 = $544 | stop 5.4100 (0.55% away) | back above the 5.4200 that threw us out  || resource=srv-daqp02flot8c73ffv6eg instance=srv-daqp02flot8c73ffv6eg-w4zf9
2026-10-02 10:18:14,106 CRITICAL [v33] SDEV STILL HOLDING 56 share(s) after 8 chase attempts - the exit did not complete. This position is unprotected until the next pass.  || resource=srv-daqp02flot8c73ffv6eg instance=srv-daqp02flot8c73ffv6eg-w4zf9
2026-10-02 10:18:14,178 INFO [v33] EXIT half-back SDEV 100 @ 5.4405 | entry 5.4400 peak 5.4500 stop 5.4450 | held 4s | P/L +0.05 (+0.01% of the trade, +0.00% of the account)  || resource=srv-daqp02flot8c73ffv6eg instance=srv-daqp02flot8c73ffv6eg-w4zf9
2026-10-02 10:18:15,937 INFO [v33] RE-ENTER SDEV 136 @ 5.4700 = $744 | stop 5.4305 (0.72% away) | back above the 5.4405 that threw us out  || resource=srv-daqp02flot8c73ffv6eg instance=srv-daqp02flot8c73ffv6eg-w4zf9
2026-10-02 10:18:17,198 CRITICAL [v33] SDEV STILL HOLDING 56 share(s) after 8 chase attempts - the exit did not complete. This position is unprotected until the next pass.  || resource=srv-daqp02flot8c73ffv6eg instance=srv-daqp02flot8c73ffv6eg-w4zf9
2026-10-02 10:18:17,198 INFO [v33] EXIT half-back SDEV 136 @ 5.4700 | entry 5.4700 peak 5.4800 stop 5.4750 | held 1s | P/L +0.00 (+0.00% of the trade, +0.00% of the account)  || resource=srv-daqp02flot8c73ffv6eg instance=srv-daqp02flot8c73ffv6eg-w4zf9
2026-10-02 10:18:19,100 INFO [v33] RE-ENTER SDEV 108 @ 5.4900 = $593 | stop 5.4600 (0.55% away) | back above the 5.4700 that threw us out  || resource=srv-daqp02flot8c73ffv6eg instance=srv-daqp02flot8c73ffv6eg-w4zf9
2026-10-02 10:18:22,570 CRITICAL [v33] SDEV STILL HOLDING 66 share(s) after 8 chase attempts - the exit did not complete. This position is unprotected until the next pass.  || resource=srv-daqp02flot8c73ffv6eg instance=srv-daqp02flot8c73ffv6eg-w4zf9
2026-10-02 10:18:22,643 INFO [v33] EXIT half-back SDEV 108 @ 5.4900 | entry 5.4900 peak 5.5000 stop 5.4950 | held 3s | P/L +0.00 (+0.00% of the trade, +0.00% of the account)  || resource=srv-daqp02flot8c73ffv6eg instance=srv-daqp02flot8c73ffv6eg-w4zf9
2026-10-02 10:19:18,916 INFO [v33] EXIT half-back SDEV 66 @ 5.4400 | entry 5.4823 peak 5.4823 stop 5.4723 | held 60s | P/L -2.79 (-0.77% of the trade, -0.01% of the account)  || resource=srv-daqp02flot8c73ffv6eg instance=srv-daqp02flot8c73ffv6eg-w4zf9
2026-10-02 10:28:32,418 INFO [v33] RE-ENTER SSM 253 @ 2.6800 = $678 | stop 2.6500 (1.12% away) | back above the 2.6600 that threw us out  || resource=srv-daqp02flot8c73ffv6eg instance=srv-daqp02flot8c73ffv6eg-w4zf9
2026-10-02 10:28:45,274 CRITICAL [v33] SSM STILL HOLDING 2 share(s) after 8 chase attempts - the exit did not complete. This position is unprotected until the next pass.  || resource=srv-daqp02flot8c73ffv6eg instance=srv-daqp02flot8c73ffv6eg-w4zf9
2026-10-02 10:28:45,346 INFO [v33] EXIT half-back SSM 253 @ 2.6800 | entry 2.6800 peak 2.6900 stop 2.6850 | held 13s | P/L +0.00 (+0.00% of the trade, +0.00% of the account)  || resource=srv-daqp02flot8c73ffv6eg instance=srv-daqp02flot8c73ffv6eg-w4zf9
2026-10-02 10:29:22,530 INFO [v33] EXIT half-back SSM 2 @ 2.6605 | entry 2.6737 peak 2.6737 stop 2.6637 | held 50s | P/L -0.03 (-0.49% of the trade, -0.00% of the account)  || resource=srv-daqp02flot8c73ffv6eg instance=srv-daqp02flot8c73ffv6eg-w4zf9
2026-10-02 10:29:46,450 INFO [v33] RE-ENTER SSM 174 @ 2.6900 = $468 | stop 2.6505 (1.47% away) | back above the 2.6605 that threw us out  || resource=srv-daqp02flot8c73ffv6eg instance=srv-daqp02flot8c73ffv6eg-w4zf9
2026-10-02 10:30:29,991 INFO [v33] EXIT half-back SSM 174 @ 2.6500 | entry 2.6900 peak 2.6900 stop 2.6505 | held 43s | P/L -6.96 (-1.49% of the trade, -0.03% of the account)  || resource=srv-daqp02flot8c73ffv6eg instance=srv-daqp02flot8c73ffv6eg-w4zf9
2026-10-02 10:33:21,495 INFO [v32] EXIT dead-tape SMXT 146 @ 2.1000 | entry 0.0000 peak 0.0000 stop 0.0000 | held 2443s | P/L +0.00 (+0.00% of the trade, +0.00% of the account)  || resource=srv-daqp02flot8c73ffv6eg instance=srv-daqp02flot8c73ffv6eg-w4zf9
2026-10-02 10:33:54,143 INFO [v33] RE-ENTER SSM 197 @ 2.6700 = $526 | stop 2.6400 (1.12% away) | back above the 2.6500 that threw us out  || resource=srv-daqp02flot8c73ffv6eg instance=srv-daqp02flot8c73ffv6eg-w4zf9
2026-10-02 10:34:01,883 CRITICAL [v33] SSM STILL HOLDING 53 share(s) after 8 chase attempts - the exit did not complete. This position is unprotected until the next pass.  || resource=srv-daqp02flot8c73ffv6eg instance=srv-daqp02flot8c73ffv6eg-w4zf9
2026-10-02 10:34:01,956 INFO [v33] EXIT half-back SSM 197 @ 2.6700 | entry 2.6700 peak 2.6800 stop 2.6750 | held 8s | P/L +0.00 (+0.00% of the trade, +0.00% of the account)  || resource=srv-daqp02flot8c73ffv6eg instance=srv-daqp02flot8c73ffv6eg-w4zf9
2026-10-02 10:34:11,533 INFO [v33] RE-ENTER SSM 174 @ 2.6900 = $468 | stop 2.6600 (1.12% away) | back above the 2.6700 that threw us out  || resource=srv-daqp02flot8c73ffv6eg instance=srv-daqp02flot8c73ffv6eg-w4zf9
2026-10-02 10:34:15,511 CRITICAL [v33] SSM STILL HOLDING 53 share(s) after 8 chase attempts - the exit did not complete. This position is unprotected until the next pass.  || resource=srv-daqp02flot8c73ffv6eg instance=srv-daqp02flot8c73ffv6eg-w4zf9
2026-10-02 10:34:15,583 INFO [v33] EXIT half-back SSM 174 @ 2.6900 | entry 2.6900 peak 2.7000 stop 2.6950 | held 4s | P/L +0.00 (+0.00% of the trade, +0.00% of the account)  || resource=srv-daqp02flot8c73ffv6eg instance=srv-daqp02flot8c73ffv6eg-w4zf9
2026-10-02 10:34:24,869 INFO [v33] EXIT half-back SSM 53 @ 2.6500 | entry 2.6777 peak 2.6777 stop 2.6677 | held 13s | P/L -1.47 (-1.03% of the trade, -0.01% of the account)  || resource=srv-daqp02flot8c73ffv6eg instance=srv-daqp02flot8c73ffv6eg-w4zf9
2026-10-02 10:34:56,033 INFO [v33] RE-ENTER SSM 175 @ 2.6700 = $467 | stop 2.6400 (1.12% away) | back above the 2.6500 that threw us out  || resource=srv-daqp02flot8c73ffv6eg instance=srv-daqp02flot8c73ffv6eg-w4zf9
2026-10-02 10:35:39,268 INFO [v33] EXIT half-back SSM 175 @ 2.6700 | entry 2.6700 peak 2.6800 stop 2.6750 | held 43s | P/L +0.00 (+0.00% of the trade, +0.00% of the account)  || resource=srv-daqp02flot8c73ffv6eg instance=srv-daqp02flot8c73ffv6eg-w4zf9
2026-10-02 10:35:43,439 INFO [v33] RE-ENTER SSM 174 @ 2.6900 = $468 | stop 2.6600 (1.12% away) | back above the 2.6700 that threw us out  || resource=srv-daqp02flot8c73ffv6eg instance=srv-daqp02flot8c73ffv6eg-w4zf9
2026-10-02 10:35:50,285 INFO [v33] EXIT half-back SSM 174 @ 2.6900 | entry 2.6900 peak 2.7000 stop 2.6950 | held 7s | P/L +0.00 (+0.00% of the trade, +0.00% of the account)  || resource=srv-daqp02flot8c73ffv6eg instance=srv-daqp02flot8c73ffv6eg-w4zf9
2026-10-02 10:36:46,329 INFO [v33] RE-ENTER SSM 224 @ 2.7100 = $607 | stop 2.6800 (1.11% away) | back above the 2.6900 that threw us out  || resource=srv-daqp02flot8c73ffv6eg instance=srv-daqp02flot8c73ffv6eg-w4zf9
2026-10-02 10:37:05,439 CRITICAL [v33] SSM STILL HOLDING 3 share(s) after 8 chase attempts - the exit did not complete. This position is unprotected until the next pass.  || resource=srv-daqp02flot8c73ffv6eg instance=srv-daqp02flot8c73ffv6eg-w4zf9
2026-10-02 10:37:05,515 INFO [v33] EXIT half-back SSM 224 @ 2.6800 | entry 2.7100 peak 2.7100 stop 2.6800 | held 19s | P/L -6.72 (-1.11% of the trade, -0.03% of the account)  || resource=srv-daqp02flot8c73ffv6eg instance=srv-daqp02flot8c73ffv6eg-w4zf9
2026-10-02 10:37:23,376 INFO [v33] EXIT half-back SSM 3 @ 2.6500 | entry 2.7005 peak 2.7005 stop 2.6905 | held 37s | P/L -0.15 (-1.87% of the trade, -0.00% of the account)  || resource=srv-daqp02flot8c73ffv6eg instance=srv-daqp02flot8c73ffv6eg-w4zf9
2026-10-02 10:37:28,172 INFO [v33] RE-ENTER SSM 175 @ 2.6795 = $469 | stop 2.6400 (1.47% away) | back above the 2.6500 that threw us out  || resource=srv-daqp02flot8c73ffv6eg instance=srv-daqp02flot8c73ffv6eg-w4zf9
2026-10-02 10:37:48,467 INFO [v33] EXIT half-back SSM 175 @ 2.6804 | entry 2.6795 peak 2.6900 stop 2.6848 | held 20s | P/L +0.16 (+0.03% of the trade, +0.00% of the account)  || resource=srv-daqp02flot8c73ffv6eg instance=srv-daqp02flot8c73ffv6eg-w4zf9
2026-10-02 10:40:06,421 INFO [v33] ENTER XBIO 173 @ 2.7000 = $467 | stop 2.5200 (6.67% away) | first entry, stop from the bid  || resource=srv-daqp02flot8c73ffv6eg instance=srv-daqp02flot8c73ffv6eg-w4zf9
2026-10-02 10:40:07,603 INFO [v32] ENTER XBIO 148 @ 2.7000 = $400 | stop 2.5200 (6.67% away) | day level 2.7000, re-entry at 2.7200  || resource=srv-daqp02flot8c73ffv6eg instance=srv-daqp02flot8c73ffv6eg-w4zf9
2026-10-02 10:40:56,922 INFO [v33] RE-ENTER SSM 222 @ 2.7100 = $602 | stop 2.6704 (1.46% away) | back above the 2.6804 that threw us out  || resource=srv-daqp02flot8c73ffv6eg instance=srv-daqp02flot8c73ffv6eg-w4zf9
2026-10-02 10:41:09,800 CRITICAL [v33] SSM STILL HOLDING 1 share(s) after 8 chase attempts - the exit did not complete. This position is unprotected until the next pass.  || resource=srv-daqp02flot8c73ffv6eg instance=srv-daqp02flot8c73ffv6eg-w4zf9
2026-10-02 10:41:09,871 INFO [v33] EXIT half-back SSM 222 @ 2.7100 | entry 2.7100 peak 2.7150 stop 2.7125 | held 13s | P/L +0.00 (+0.00% of the trade, +0.00% of the account)  || resource=srv-daqp02flot8c73ffv6eg instance=srv-daqp02flot8c73ffv6eg-w4zf9
2026-10-02 10:41:11,415 INFO [v33] RE-ENTER SSM 278 @ 2.7300 = $759 | stop 2.7000 (1.10% away) | back above the 2.7100 that threw us out  || resource=srv-daqp02flot8c73ffv6eg instance=srv-daqp02flot8c73ffv6eg-w4zf9
2026-10-02 10:41:16,381 CRITICAL [v33] SSM STILL HOLDING 1 share(s) after 8 chase attempts - the exit did not complete. This position is unprotected until the next pass.  || resource=srv-daqp02flot8c73ffv6eg instance=srv-daqp02flot8c73ffv6eg-w4zf9
2026-10-02 10:41:16,455 INFO [v33] EXIT half-back SSM 278 @ 2.7300 | entry 2.7300 peak 2.7400 stop 2.7350 | held 5s | P/L +0.00 (+0.00% of the trade, +0.00% of the account)  || resource=srv-daqp02flot8c73ffv6eg instance=srv-daqp02flot8c73ffv6eg-w4zf9
2026-10-02 10:41:17,935 INFO [v33] RE-ENTER SSM 230 @ 2.7500 = $632 | stop 2.7200 (1.09% away) | back above the 2.7300 that threw us out  || resource=srv-daqp02flot8c73ffv6eg instance=srv-daqp02flot8c73ffv6eg-w4zf9
2026-10-02 10:41:20,102 CRITICAL [v33] SSM STILL HOLDING 3 share(s) after 8 chase attempts - the exit did not complete. This position is unprotected until the next pass.  || resource=srv-daqp02flot8c73ffv6eg instance=srv-daqp02flot8c73ffv6eg-w4zf9
2026-10-02 10:41:20,102 INFO [v33] EXIT half-back SSM 230 @ 2.7500 | entry 2.7500 peak 2.7600 stop 2.7550 | held 2s | P/L +0.00 (+0.00% of the trade, +0.00% of the account)  || resource=srv-daqp02flot8c73ffv6eg instance=srv-daqp02flot8c73ffv6eg-w4zf9
2026-10-02 10:41:24,612 INFO [v33] EXIT half-back SSM 3 @ 2.6600 | entry 2.6700 peak 2.6700 stop 2.6600 | held 7s | P/L -0.03 (-0.37% of the trade, -0.00% of the account)  || resource=srv-daqp02flot8c73ffv6eg instance=srv-daqp02flot8c73ffv6eg-w4zf9
2026-10-02 10:42:21,095 INFO [v32] EXIT stop XBIO 150 @ 2.5000 | entry 2.7000 peak 2.7000 stop 2.5200 | held 133s | P/L -30.00 (-7.41% of the trade, -0.28% of the account)  || resource=srv-daqp02flot8c73ffv6eg instance=srv-daqp02flot8c73ffv6eg-w4zf9
2026-10-02 10:42:25,345 INFO [v33] EXIT half-back XBIO 173 @ 2.5000 | entry 2.7000 peak 2.7000 stop 2.5200 | held 139s | P/L -34.60 (-7.41% of the trade, -0.16% of the account)  || resource=srv-daqp02flot8c73ffv6eg instance=srv-daqp02flot8c73ffv6eg-w4zf9
2026-10-02 10:43:40,718 INFO [v32] ENTER ONX 25 @ 8.7200 = $218 | stop 8.6900 (0.34% away) | day level 8.7200, re-entry at 8.7400  || resource=srv-daqp02flot8c73ffv6eg instance=srv-daqp02flot8c73ffv6eg-w4zf9
2026-10-02 10:43:41,622 INFO [v33] ENTER ONX 67 @ 8.7200 = $584 | stop 8.6900 (0.34% away) | first entry, stop from the bid  || resource=srv-daqp02flot8c73ffv6eg instance=srv-daqp02flot8c73ffv6eg-w4zf9
2026-10-02 10:44:06,068 INFO [v33] RE-ENTER TNMG 140 @ 5.5700 = $780 | stop 5.5400 (0.54% away) | back above the 5.5500 that threw us out  || resource=srv-daqp02flot8c73ffv6eg instance=srv-daqp02flot8c73ffv6eg-w4zf9
2026-10-02 10:44:07,151 INFO [v33] EXIT half-back TNMG 140 @ 5.5700 | entry 5.5700 peak 5.5800 stop 5.5750 | held 1s | P/L +0.00 (+0.00% of the trade, +0.00% of the account)  || resource=srv-daqp02flot8c73ffv6eg instance=srv-daqp02flot8c73ffv6eg-w4zf9
2026-10-02 10:44:12,289 INFO [v33] RE-ENTER TNMG 115 @ 5.5900 = $643 | stop 5.5600 (0.54% away) | back above the 5.5700 that threw us out  || resource=srv-daqp02flot8c73ffv6eg instance=srv-daqp02flot8c73ffv6eg-w4zf9
2026-10-02 10:44:20,196 INFO [v33] EXIT half-back TNMG 115 @ 5.5800 | entry 5.5900 peak 5.6000 stop 5.5950 | held 8s | P/L -1.15 (-0.18% of the trade, -0.01% of the account)  || resource=srv-daqp02flot8c73ffv6eg instance=srv-daqp02flot8c73ffv6eg-w4zf9
2026-10-02 10:44:21,939 INFO [v33] RE-ENTER TNMG 89 @ 5.6000 = $498 | stop 5.5700 (0.54% away) | back above the 5.5800 that threw us out  || resource=srv-daqp02flot8c73ffv6eg instance=srv-daqp02flot8c73ffv6eg-w4zf9
2026-10-02 10:44:27,932 CRITICAL [v33] TNMG STILL HOLDING 48 share(s) after 8 chase attempts - the exit did not complete. This position is unprotected until the next pass.  || resource=srv-daqp02flot8c73ffv6eg instance=srv-daqp02flot8c73ffv6eg-w4zf9
2026-10-02 10:44:28,003 INFO [v33] EXIT half-back TNMG 89 @ 5.5700 | entry 5.6000 peak 5.6000 stop 5.5700 | held 6s | P/L -2.67 (-0.54% of the trade, -0.01% of the account)  || resource=srv-daqp02flot8c73ffv6eg instance=srv-daqp02flot8c73ffv6eg-w4zf9
2026-10-02 10:44:33,566 INFO [v33] EXIT half-back TNMG 48 @ 5.5600 | entry 5.6000 peak 5.6000 stop 5.5700 | held 12s | P/L -1.92 (-0.71% of the trade, -0.01% of the account)  || resource=srv-daqp02flot8c73ffv6eg instance=srv-daqp02flot8c73ffv6eg-w4zf9
2026-10-02 10:44:35,041 INFO [v33] RE-ENTER TNMG 115 @ 5.5857 = $642 | stop 5.5500 (0.64% away) | back above the 5.5600 that threw us out  || resource=srv-daqp02flot8c73ffv6eg instance=srv-daqp02flot8c73ffv6eg-w4zf9
2026-10-02 10:44:40,265 CRITICAL [v33] TNMG STILL HOLDING 5 share(s) after 8 chase attempts - the exit did not complete. This position is unprotected until the next pass.  || resource=srv-daqp02flot8c73ffv6eg instance=srv-daqp02flot8c73ffv6eg-w4zf9
2026-10-02 10:44:40,266 INFO [v33] EXIT half-back TNMG 115 @ 5.5600 | entry 5.5857 peak 5.5897 stop 5.5877 | held 5s | P/L -2.96 (-0.46% of the trade, -0.01% of the account)  || resource=srv-daqp02flot8c73ffv6eg instance=srv-daqp02flot8c73ffv6eg-w4zf9
2026-10-02 10:44:41,346 INFO [v33] RE-ENTER TNMG 84 @ 5.5800 = $469 | stop 5.5500 (0.54% away) | back above the 5.5600 that threw us out  || resource=srv-daqp02flot8c73ffv6eg instance=srv-daqp02flot8c73ffv6eg-w4zf9
2026-10-02 10:44:43,678 CRITICAL [v33] TNMG STILL HOLDING 5 share(s) after 8 chase attempts - the exit did not complete. This position is unprotected until the next pass.  || resource=srv-daqp02flot8c73ffv6eg instance=srv-daqp02flot8c73ffv6eg-w4zf9
2026-10-02 10:44:43,678 INFO [v33] EXIT half-back TNMG 84 @ 5.5621 | entry 5.5800 peak 5.5894 stop 5.5847 | held 2s | P/L -1.50 (-0.32% of the trade, -0.01% of the account)  || resource=srv-daqp02flot8c73ffv6eg instance=srv-daqp02flot8c73ffv6eg-w4zf9
2026-10-02 10:44:48,553 INFO [v33] RE-ENTER TNMG 83 @ 5.5900 = $464 | stop 5.5521 (0.68% away) | back above the 5.5621 that threw us out  || resource=srv-daqp02flot8c73ffv6eg instance=srv-daqp02flot8c73ffv6eg-w4zf9
2026-10-02 10:44:49,993 CRITICAL [v33] TNMG STILL HOLDING 5 share(s) after 8 chase attempts - the exit did not complete. This position is unprotected until the next pass.  || resource=srv-daqp02flot8c73ffv6eg instance=srv-daqp02flot8c73ffv6eg-w4zf9
2026-10-02 10:44:50,065 INFO [v33] EXIT half-back TNMG 83 @ 5.5403 | entry 5.5900 peak 5.5900 stop 5.5521 | held 1s | P/L -4.13 (-0.89% of the trade, -0.02% of the account)  || resource=srv-daqp02flot8c73ffv6eg instance=srv-daqp02flot8c73ffv6eg-w4zf9
2026-10-02 10:44:53,215 INFO [v33] RE-ENTER TNMG 92 @ 5.5748 = $513 | stop 5.5303 (0.80% away) | back above the 5.5403 that threw us out  || resource=srv-daqp02flot8c73ffv6eg instance=srv-daqp02flot8c73ffv6eg-w4zf9
2026-10-02 10:44:56,889 CRITICAL [v33] TNMG STILL HOLDING 13 share(s) after 8 chase attempts - the exit did not complete. This position is unprotected until the next pass.  || resource=srv-daqp02flot8c73ffv6eg instance=srv-daqp02flot8c73ffv6eg-w4zf9
2026-10-02 10:44:56,962 INFO [v33] EXIT half-back TNMG 92 @ 5.5300 | entry 5.5748 peak 5.5748 stop 5.5303 | held 4s | P/L -4.12 (-0.80% of the trade, -0.02% of the account)  || resource=srv-daqp02flot8c73ffv6eg instance=srv-daqp02flot8c73ffv6eg-w4zf9
2026-10-02 10:45:04,651 INFO [v33] RE-ENTER TNMG 84 @ 5.5500 = $466 | stop 5.5200 (0.54% away) | back above the 5.5300 that threw us out  || resource=srv-daqp02flot8c73ffv6eg instance=srv-daqp02flot8c73ffv6eg-w4zf9
2026-10-02 10:45:06,068 CRITICAL [v33] TNMG STILL HOLDING 13 share(s) after 8 chase attempts - the exit did not complete. This position is unprotected until the next pass.  || resource=srv-daqp02flot8c73ffv6eg instance=srv-daqp02flot8c73ffv6eg-w4zf9
2026-10-02 10:45:06,144 INFO [v33] EXIT half-back TNMG 84 @ 5.5200 | entry 5.5500 peak 5.5500 stop 5.5200 | held 1s | P/L -2.52 (-0.54% of the trade, -0.01% of the account)  || resource=srv-daqp02flot8c73ffv6eg instance=srv-daqp02flot8c73ffv6eg-w4zf9
2026-10-02 10:45:10,563 INFO [v33] RE-ENTER TNMG 84 @ 5.5490 = $466 | stop 5.5100 (0.70% away) | back above the 5.5200 that threw us out  || resource=srv-daqp02flot8c73ffv6eg instance=srv-daqp02flot8c73ffv6eg-w4zf9
2026-10-02 10:45:12,717 CRITICAL [v33] TNMG STILL HOLDING 13 share(s) after 8 chase attempts - the exit did not complete. This position is unprotected until the next pass.  || resource=srv-daqp02flot8c73ffv6eg instance=srv-daqp02flot8c73ffv6eg-w4zf9
2026-10-02 10:45:12,789 INFO [v33] EXIT half-back TNMG 84 @ 5.5300 | entry 5.5490 peak 5.5500 stop 5.5495 | held 2s | P/L -1.60 (-0.34% of the trade, -0.01% of the account)  || resource=srv-daqp02flot8c73ffv6eg instance=srv-daqp02flot8c73ffv6eg-w4zf9
2026-10-02 10:45:20,517 INFO [v33] RE-ENTER TNMG 84 @ 5.5700 = $468 | stop 5.5200 (0.90% away) | back above the 5.5300 that threw us out  || resource=srv-daqp02flot8c73ffv6eg instance=srv-daqp02flot8c73ffv6eg-w4zf9
2026-10-02 10:45:21,824 CRITICAL [v33] TNMG STILL HOLDING 13 share(s) after 8 chase attempts - the exit did not complete. This position is unprotected until the next pass.  || resource=srv-daqp02flot8c73ffv6eg instance=srv-daqp02flot8c73ffv6eg-w4zf9
2026-10-02 10:45:21,899 INFO [v33] EXIT half-back TNMG 84 @ 5.5100 | entry 5.5700 peak 5.5700 stop 5.5200 | held 1s | P/L -5.04 (-1.08% of the trade, -0.02% of the account)  || resource=srv-daqp02flot8c73ffv6eg instance=srv-daqp02flot8c73ffv6eg-w4zf9
2026-10-02 10:45:23,652 INFO [v33] RE-ENTER TNMG 148 @ 5.5300 = $818 | stop 5.5000 (0.54% away) | back above the 5.5100 that threw us out  || resource=srv-daqp02flot8c73ffv6eg instance=srv-daqp02flot8c73ffv6eg-w4zf9
2026-10-02 10:45:25,165 CRITICAL [v33] TNMG STILL HOLDING 24 share(s) after 8 chase attempts - the exit did not complete. This position is unprotected until the next pass.  || resource=srv-daqp02flot8c73ffv6eg instance=srv-daqp02flot8c73ffv6eg-w4zf9
2026-10-02 10:45:25,166 INFO [v33] EXIT half-back TNMG 148 @ 5.5130 | entry 5.5300 peak 5.5400 stop 5.5350 | held 2s | P/L -2.52 (-0.31% of the trade, -0.01% of the account)  || resource=srv-daqp02flot8c73ffv6eg instance=srv-daqp02flot8c73ffv6eg-w4zf9
2026-10-02 10:45:29,840 CRITICAL [v33] TNMG STILL HOLDING 11 share(s) after 8 chase attempts - the exit did not complete. This position is unprotected until the next pass.  || resource=srv-daqp02flot8c73ffv6eg instance=srv-daqp02flot8c73ffv6eg-w4zf9
2026-10-02 10:45:29,919 INFO [v33] EXIT half-back TNMG 13 @ 5.5106 | entry 5.5300 peak 5.5400 stop 5.5350 | held 6s | P/L -0.25 (-0.35% of the trade, -0.00% of the account)  || resource=srv-daqp02flot8c73ffv6eg instance=srv-daqp02flot8c73ffv6eg-w4zf9
2026-10-02 10:45:34,343 INFO [v33] RE-ENTER TNMG 84 @ 5.5397 = $465 | stop 5.5006 (0.71% away) | back above the 5.5106 that threw us out  || resource=srv-daqp02flot8c73ffv6eg instance=srv-daqp02flot8c73ffv6eg-w4zf9
2026-10-02 10:45:36,891 CRITICAL [v33] TNMG STILL HOLDING 11 share(s) after 8 chase attempts - the exit did not complete. This position is unprotected until the next pass.  || resource=srv-daqp02flot8c73ffv6eg instance=srv-daqp02flot8c73ffv6eg-w4zf9
2026-10-02 10:45:36,964 INFO [v33] EXIT half-back TNMG 84 @ 5.5300 | entry 5.5397 peak 5.5400 stop 5.5398 | held 3s | P/L -0.81 (-0.18% of the trade, -0.00% of the account)  || resource=srv-daqp02flot8c73ffv6eg instance=srv-daqp02flot8c73ffv6eg-w4zf9
2026-10-02 10:45:38,786 INFO [v33] RE-ENTER TNMG 104 @ 5.5500 = $577 | stop 5.5200 (0.54% away) | back above the 5.5300 that threw us out  || resource=srv-daqp02flot8c73ffv6eg instance=srv-daqp02flot8c73ffv6eg-w4zf9
2026-10-02 10:45:43,122 CRITICAL [v33] TNMG STILL HOLDING 12 share(s) after 8 chase attempts - the exit did not complete. This position is unprotected until the next pass.  || resource=srv-daqp02flot8c73ffv6eg instance=srv-daqp02flot8c73ffv6eg-w4zf9
2026-10-02 10:45:43,194 INFO [v33] EXIT half-back TNMG 104 @ 5.5600 | entry 5.5500 peak 5.5900 stop 5.5700 | held 4s | P/L +1.04 (+0.18% of the trade, +0.00% of the account)  || resource=srv-daqp02flot8c73ffv6eg instance=srv-daqp02flot8c73ffv6eg-w4zf9
2026-10-02 10:45:48,628 INFO [v33] RE-ENTER TNMG 84 @ 5.5862 = $469 | stop 5.5500 (0.65% away) | back above the 5.5600 that threw us out  || resource=srv-daqp02flot8c73ffv6eg instance=srv-daqp02flot8c73ffv6eg-w4zf9
2026-10-02 10:45:49,929 CRITICAL [v33] TNMG STILL HOLDING 12 share(s) after 8 chase attempts - the exit did not complete. This position is unprotected until the next pass.  || resource=srv-daqp02flot8c73ffv6eg instance=srv-daqp02flot8c73ffv6eg-w4zf9
2026-10-02 10:45:50,001 INFO [v33] EXIT half-back TNMG 84 @ 5.5800 | entry 5.5862 peak 5.6000 stop 5.5931 | held 1s | P/L -0.52 (-0.11% of the trade, -0.00% of the account)  || resource=srv-daqp02flot8c73ffv6eg instance=srv-daqp02flot8c73ffv6eg-w4zf9
2026-10-02 10:45:54,076 INFO [v33] RE-ENTER TNMG 83 @ 5.6000 = $465 | stop 5.5700 (0.54% away) | back above the 5.5800 that threw us out  || resource=srv-daqp02flot8c73ffv6eg instance=srv-daqp02flot8c73ffv6eg-w4zf9
2026-10-02 10:45:55,592 CRITICAL [v33] TNMG STILL HOLDING 12 share(s) after 8 chase attempts - the exit did not complete. This position is unprotected until the next pass.  || resource=srv-daqp02flot8c73ffv6eg instance=srv-daqp02flot8c73ffv6eg-w4zf9
2026-10-02 10:45:55,664 INFO [v33] EXIT half-back TNMG 83 @ 5.6000 | entry 5.6000 peak 5.6100 stop 5.6050 | held 2s | P/L +0.00 (+0.00% of the trade, +0.00% of the account)  || resource=srv-daqp02flot8c73ffv6eg instance=srv-daqp02flot8c73ffv6eg-w4zf9
2026-10-02 10:45:59,728 INFO [v33] RE-ENTER TNMG 83 @ 5.6200 = $466 | stop 5.5900 (0.53% away) | back above the 5.6000 that threw us out  || resource=srv-daqp02flot8c73ffv6eg instance=srv-daqp02flot8c73ffv6eg-w4zf9
2026-10-02 10:46:08,728 CRITICAL [v33] TNMG STILL HOLDING 12 share(s) after 8 chase attempts - the exit did not complete. This position is unprotected until the next pass.  || resource=srv-daqp02flot8c73ffv6eg instance=srv-daqp02flot8c73ffv6eg-w4zf9
2026-10-02 10:46:08,800 INFO [v33] EXIT half-back TNMG 83 @ 5.6100 | entry 5.6200 peak 5.6300 stop 5.6250 | held 9s | P/L -0.83 (-0.18% of the trade, -0.00% of the account)  || resource=srv-daqp02flot8c73ffv6eg instance=srv-daqp02flot8c73ffv6eg-w4zf9
2026-10-02 10:46:12,206 INFO [v33] RE-ENTER TNMG 123 @ 5.6300 = $692 | stop 5.6000 (0.53% away) | back above the 5.6100 that threw us out  || resource=srv-daqp02flot8c73ffv6eg instance=srv-daqp02flot8c73ffv6eg-w4zf9
2026-10-02 10:46:17,671 CRITICAL [v33] TNMG STILL HOLDING 12 share(s) after 8 chase attempts - the exit did not complete. This position is unprotected until the next pass.  || resource=srv-daqp02flot8c73ffv6eg instance=srv-daqp02flot8c73ffv6eg-w4zf9
2026-10-02 10:46:17,795 INFO [v33] EXIT half-back TNMG 123 @ 5.6007 | entry 5.6300 peak 5.6400 stop 5.6350 | held 5s | P/L -3.60 (-0.52% of the trade, -0.02% of the account)  || resource=srv-daqp02flot8c73ffv6eg instance=srv-daqp02flot8c73ffv6eg-w4zf9
2026-10-02 10:46:21,886 INFO [v33] RE-ENTER TNMG 83 @ 5.6300 = $467 | stop 5.5907 (0.70% away) | back above the 5.6007 that threw us out  || resource=srv-daqp02flot8c73ffv6eg instance=srv-daqp02flot8c73ffv6eg-w4zf9
2026-10-02 10:46:22,852 CRITICAL [v33] TNMG STILL HOLDING 12 share(s) after 8 chase attempts - the exit did not complete. This position is unprotected until the next pass.  || resource=srv-daqp02flot8c73ffv6eg instance=srv-daqp02flot8c73ffv6eg-w4zf9
2026-10-02 10:46:22,925 INFO [v33] EXIT half-back TNMG 83 @ 5.6200 | entry 5.6300 peak 5.6400 stop 5.6350 | held 1s | P/L -0.83 (-0.18% of the trade, -0.00% of the account)  || resource=srv-daqp02flot8c73ffv6eg instance=srv-daqp02flot8c73ffv6eg-w4zf9
2026-10-02 10:46:23,913 INFO [v33] RE-ENTER TNMG 83 @ 5.6500 = $469 | stop 5.6100 (0.71% away) | back above the 5.6200 that threw us out  || resource=srv-daqp02flot8c73ffv6eg instance=srv-daqp02flot8c73ffv6eg-w4zf9
2026-10-02 10:46:34,837 CRITICAL [v33] TNMG STILL HOLDING 12 share(s) after 8 chase attempts - the exit did not complete. This position is unprotected until the next pass.  || resource=srv-daqp02flot8c73ffv6eg instance=srv-daqp02flot8c73ffv6eg-w4zf9
2026-10-02 10:46:34,909 INFO [v33] EXIT half-back TNMG 83 @ 5.6600 | entry 5.6500 peak 5.6700 stop 5.6600 | held 11s | P/L +0.83 (+0.18% of the trade, +0.00% of the account)  || resource=srv-daqp02flot8c73ffv6eg instance=srv-daqp02flot8c73ffv6eg-w4zf9
2026-10-02 10:46:36,132 INFO [v33] EXIT half-back TNMG 12 @ 5.6600 | entry 5.6500 peak 5.6800 stop 5.6650 | held 12s | P/L +0.12 (+0.18% of the trade, +0.00% of the account)  || resource=srv-daqp02flot8c73ffv6eg instance=srv-daqp02flot8c73ffv6eg-w4zf9
2026-10-02 10:46:40,475 INFO [v33] RE-ENTER TNMG 124 @ 5.6800 = $704 | stop 5.6500 (0.53% away) | back above the 5.6600 that threw us out  || resource=srv-daqp02flot8c73ffv6eg instance=srv-daqp02flot8c73ffv6eg-w4zf9
2026-10-02 10:46:47,521 INFO [v33] EXIT half-back TNMG 124 @ 5.6500 | entry 5.6800 peak 5.6800 stop 5.6500 | held 7s | P/L -3.72 (-0.53% of the trade, -0.02% of the account)  || resource=srv-daqp02flot8c73ffv6eg instance=srv-daqp02flot8c73ffv6eg-w4zf9
2026-10-02 10:46:48,503 INFO [v33] RE-ENTER TNMG 82 @ 5.6700 = $465 | stop 5.6400 (0.53% away) | back above the 5.6500 that threw us out  || resource=srv-daqp02flot8c73ffv6eg instance=srv-daqp02flot8c73ffv6eg-w4zf9
2026-10-02 10:46:56,734 INFO [v33] EXIT half-back TNMG 82 @ 5.6600 | entry 5.6700 peak 5.6800 stop 5.6750 | held 8s | P/L -0.82 (-0.18% of the trade, -0.00% of the account)  || resource=srv-daqp02flot8c73ffv6eg instance=srv-daqp02flot8c73ffv6eg-w4zf9
2026-10-02 10:47:01,553 INFO [v33] RE-ENTER TNMG 123 @ 5.6800 = $699 | stop 5.6500 (0.53% away) | back above the 5.6600 that threw us out  || resource=srv-daqp02flot8c73ffv6eg instance=srv-daqp02flot8c73ffv6eg-w4zf9
2026-10-02 10:47:10,883 INFO [v33] EXIT half-back TNMG 123 @ 5.6500 | entry 5.6800 peak 5.6800 stop 5.6500 | held 9s | P/L -3.69 (-0.53% of the trade, -0.02% of the account)  || resource=srv-daqp02flot8c73ffv6eg instance=srv-daqp02flot8c73ffv6eg-w4zf9
2026-10-02 10:47:14,957 INFO [v33] RE-ENTER TNMG 82 @ 5.6700 = $465 | stop 5.6400 (0.53% away) | back above the 5.6500 that threw us out  || resource=srv-daqp02flot8c73ffv6eg instance=srv-daqp02flot8c73ffv6eg-w4zf9
2026-10-02 10:47:16,262 INFO [v33] EXIT half-back TNMG 82 @ 5.6627 | entry 5.6700 peak 5.6800 stop 5.6750 | held 1s | P/L -0.60 (-0.13% of the trade, -0.00% of the account)  || resource=srv-daqp02flot8c73ffv6eg instance=srv-daqp02flot8c73ffv6eg-w4zf9
2026-10-02 10:47:20,314 INFO [v33] RE-ENTER TNMG 82 @ 5.6900 = $467 | stop 5.6527 (0.66% away) | back above the 5.6627 that threw us out  || resource=srv-daqp02flot8c73ffv6eg instance=srv-daqp02flot8c73ffv6eg-w4zf9
2026-10-02 10:47:21,673 INFO [v33] EXIT half-back TNMG 82 @ 5.6500 | entry 5.6900 peak 5.6900 stop 5.6527 | held 1s | P/L -3.28 (-0.70% of the trade, -0.02% of the account)  || resource=srv-daqp02flot8c73ffv6eg instance=srv-daqp02flot8c73ffv6eg-w4zf9
2026-10-02 10:47:26,434 INFO [v33] RE-ENTER TNMG 83 @ 5.6700 = $471 | stop 5.6400 (0.53% away) | back above the 5.6500 that threw us out  || resource=srv-daqp02flot8c73ffv6eg instance=srv-daqp02flot8c73ffv6eg-w4zf9
2026-10-02 10:47:28,348 CRITICAL [v33] TNMG STILL HOLDING 12 share(s) after 8 chase attempts - the exit did not complete. This position is unprotected until the next pass.  || resource=srv-daqp02flot8c73ffv6eg instance=srv-daqp02flot8c73ffv6eg-w4zf9
2026-10-02 10:47:28,420 INFO [v33] EXIT half-back TNMG 83 @ 5.6200 | entry 5.6700 peak 5.6700 stop 5.6400 | held 2s | P/L -4.15 (-0.88% of the trade, -0.02% of the account)  || resource=srv-daqp02flot8c73ffv6eg instance=srv-daqp02flot8c73ffv6eg-w4zf9
2026-10-02 10:47:34,116 INFO [v33] EXIT half-back TNMG 12 @ 5.6200 | entry 5.6700 peak 5.6700 stop 5.6400 | held 8s | P/L -0.60 (-0.88% of the trade, -0.00% of the account)  || resource=srv-daqp02flot8c73ffv6eg instance=srv-daqp02flot8c73ffv6eg-w4zf9
2026-10-02 10:47:38,970 INFO [v33] RE-ENTER TNMG 125 @ 5.6400 = $705 | stop 5.6100 (0.53% away) | back above the 5.6200 that threw us out  || resource=srv-daqp02flot8c73ffv6eg instance=srv-daqp02flot8c73ffv6eg-w4zf9
2026-10-02 10:47:44,325 INFO [v33] EXIT half-back TNMG 125 @ 5.6435 | entry 5.6400 peak 5.6600 stop 5.6500 | held 5s | P/L +0.44 (+0.06% of the trade, +0.00% of the account)  || resource=srv-daqp02flot8c73ffv6eg instance=srv-daqp02flot8c73ffv6eg-w4zf9
2026-10-02 10:47:48,238 INFO [v33] RE-ENTER TNMG 108 @ 5.6700 = $612 | stop 5.6335 (0.64% away) | back above the 5.6435 that threw us out  || resource=srv-daqp02flot8c73ffv6eg instance=srv-daqp02flot8c73ffv6eg-w4zf9
2026-10-02 10:47:54,859 INFO [v33] EXIT half-back TNMG 108 @ 5.6900 | entry 5.6700 peak 5.7400 stop 5.7050 | held 7s | P/L +2.16 (+0.35% of the trade, +0.01% of the account)  || resource=srv-daqp02flot8c73ffv6eg instance=srv-daqp02flot8c73ffv6eg-w4zf9
2026-10-02 10:47:58,906 INFO [v33] RE-ENTER TNMG 82 @ 5.7100 = $468 | stop 5.6800 (0.53% away) | back above the 5.6900 that threw us out  || resource=srv-daqp02flot8c73ffv6eg instance=srv-daqp02flot8c73ffv6eg-w4zf9
2026-10-02 10:48:07,233 INFO [v33] EXIT half-back TNMG 82 @ 5.7400 | entry 5.7100 peak 5.7900 stop 5.7500 | held 8s | P/L +2.46 (+0.53% of the trade, +0.01% of the account)  || resource=srv-daqp02flot8c73ffv6eg instance=srv-daqp02flot8c73ffv6eg-w4zf9
2026-10-02 10:48:08,211 INFO [v33] RE-ENTER TNMG 81 @ 5.7600 = $467 | stop 5.7300 (0.52% away) | back above the 5.7400 that threw us out  || resource=srv-daqp02flot8c73ffv6eg instance=srv-daqp02flot8c73ffv6eg-w4zf9
2026-10-02 10:48:12,648 INFO [v33] EXIT half-back TNMG 81 @ 5.7500 | entry 5.7600 peak 5.7700 stop 5.7650 | held 4s | P/L -0.81 (-0.17% of the trade, -0.00% of the account)  || resource=srv-daqp02flot8c73ffv6eg instance=srv-daqp02flot8c73ffv6eg-w4zf9
2026-10-02 10:48:14,239 INFO [v33] RE-ENTER TNMG 118 @ 5.7700 = $681 | stop 5.7400 (0.52% away) | back above the 5.7500 that threw us out  || resource=srv-daqp02flot8c73ffv6eg instance=srv-daqp02flot8c73ffv6eg-w4zf9
2026-10-02 10:48:19,540 CRITICAL [v33] TNMG STILL HOLDING 15 share(s) after 8 chase attempts - the exit did not complete. This position is unprotected until the next pass.  || resource=srv-daqp02flot8c73ffv6eg instance=srv-daqp02flot8c73ffv6eg-w4zf9
2026-10-02 10:48:19,614 INFO [v33] EXIT half-back TNMG 118 @ 5.7100 | entry 5.7700 peak 5.7700 stop 5.7400 | held 5s | P/L -7.08 (-1.04% of the trade, -0.03% of the account)  || resource=srv-daqp02flot8c73ffv6eg instance=srv-daqp02flot8c73ffv6eg-w4zf9
2026-10-02 10:49:26,605 INFO [v33] EXIT half-back TNMG 15 @ 5.5200 | entry 5.4600 peak 5.5981 stop 5.5290 | held 72s | P/L +0.90 (+1.10% of the trade, +0.00% of the account)  || resource=srv-daqp02flot8c73ffv6eg instance=srv-daqp02flot8c73ffv6eg-w4zf9
2026-10-02 10:49:31,440 INFO [v33] RE-ENTER TNMG 112 @ 5.5699 = $624 | stop 5.5100 (1.08% away) | back above the 5.5200 that threw us out  || resource=srv-daqp02flot8c73ffv6eg instance=srv-daqp02flot8c73ffv6eg-w4zf9
2026-10-02 10:49:36,830 INFO [v33] EXIT half-back TNMG 112 @ 5.5700 | entry 5.5699 peak 5.5800 stop 5.5749 | held 2s | P/L +0.01 (+0.00% of the trade, +0.00% of the account)  || resource=srv-daqp02flot8c73ffv6eg instance=srv-daqp02flot8c73ffv6eg-w4zf9
2026-10-02 10:49:37,866 INFO [v33] RE-ENTER TNMG 83 @ 5.5900 = $464 | stop 5.5600 (0.54% away) | back above the 5.5700 that threw us out  || resource=srv-daqp02flot8c73ffv6eg instance=srv-daqp02flot8c73ffv6eg-w4zf9
2026-10-02 10:49:42,583 INFO [v33] EXIT half-back TNMG 83 @ 5.5500 | entry 5.5900 peak 5.5900 stop 5.5600 | held 5s | P/L -3.32 (-0.72% of the trade, -0.02% of the account)  || resource=srv-daqp02flot8c73ffv6eg instance=srv-daqp02flot8c73ffv6eg-w4zf9
2026-10-02 10:49:44,335 INFO [v33] RE-ENTER TNMG 147 @ 5.5900 = $822 | stop 5.5400 (0.89% away) | back above the 5.5500 that threw us out  || resource=srv-daqp02flot8c73ffv6eg instance=srv-daqp02flot8c73ffv6eg-w4zf9
2026-10-02 10:49:49,586 CRITICAL [v33] TNMG STILL HOLDING 14 share(s) after 8 chase attempts - the exit did not complete. This position is unprotected until the next pass.  || resource=srv-daqp02flot8c73ffv6eg instance=srv-daqp02flot8c73ffv6eg-w4zf9
2026-10-02 10:49:49,658 INFO [v33] EXIT half-back TNMG 147 @ 5.5400 | entry 5.5900 peak 5.5900 stop 5.5400 | held 5s | P/L -7.35 (-0.89% of the trade, -0.03% of the account)  || resource=srv-daqp02flot8c73ffv6eg instance=srv-daqp02flot8c73ffv6eg-w4zf9
2026-10-02 10:49:51,166 INFO [v33] RE-ENTER TNMG 105 @ 5.5618 = $584 | stop 5.5300 (0.57% away) | back above the 5.5400 that threw us out  || resource=srv-daqp02flot8c73ffv6eg instance=srv-daqp02flot8c73ffv6eg-w4zf9
2026-10-02 10:49:57,910 CRITICAL [v33] TNMG STILL HOLDING 14 share(s) after 8 chase attempts - the exit did not complete. This position is unprotected until the next pass.  || resource=srv-daqp02flot8c73ffv6eg instance=srv-daqp02flot8c73ffv6eg-w4zf9
2026-10-02 10:49:57,983 INFO [v33] EXIT half-back TNMG 105 @ 5.5200 | entry 5.5618 peak 5.5618 stop 5.5300 | held 7s | P/L -4.39 (-0.75% of the trade, -0.02% of the account)  || resource=srv-daqp02flot8c73ffv6eg instance=srv-daqp02flot8c73ffv6eg-w4zf9
2026-10-02 10:50:02,044 INFO [v33] RE-ENTER TNMG 84 @ 5.5540 = $467 | stop 5.5100 (0.79% away) | back above the 5.5200 that threw us out  || resource=srv-daqp02flot8c73ffv6eg instance=srv-daqp02flot8c73ffv6eg-w4zf9
2026-10-02 10:50:09,103 CRITICAL [v33] TNMG STILL HOLDING 14 share(s) after 8 chase attempts - the exit did not complete. This position is unprotected until the next pass.  || resource=srv-daqp02flot8c73ffv6eg instance=srv-daqp02flot8c73ffv6eg-w4zf9
2026-10-02 10:50:09,175 INFO [v33] EXIT half-back TNMG 84 @ 5.5498 | entry 5.5540 peak 5.5593 stop 5.5567 | held 7s | P/L -0.35 (-0.08% of the trade, -0.00% of the account)  || resource=srv-daqp02flot8c73ffv6eg instance=srv-daqp02flot8c73ffv6eg-w4zf9
2026-10-02 10:50:14,473 INFO [v33] RE-ENTER TNMG 156 @ 5.5700 = $869 | stop 5.5398 (0.54% away) | back above the 5.5498 that threw us out  || resource=srv-daqp02flot8c73ffv6eg instance=srv-daqp02flot8c73ffv6eg-w4zf9
2026-10-02 10:50:20,177 CRITICAL [v33] TNMG STILL HOLDING 14 share(s) after 8 chase attempts - the exit did not complete. This position is unprotected until the next pass.  || resource=srv-daqp02flot8c73ffv6eg instance=srv-daqp02flot8c73ffv6eg-w4zf9
2026-10-02 10:50:20,250 INFO [v33] EXIT half-back TNMG 156 @ 5.5700 | entry 5.5700 peak 5.5900 stop 5.5800 | held 6s | P/L +0.00 (+0.00% of the trade, +0.00% of the account)  || resource=srv-daqp02flot8c73ffv6eg instance=srv-daqp02flot8c73ffv6eg-w4zf9
2026-10-02 10:50:24,835 INFO [v33] RE-ENTER TNMG 128 @ 5.5900 = $716 | stop 5.5600 (0.54% away) | back above the 5.5700 that threw us out  || resource=srv-daqp02flot8c73ffv6eg instance=srv-daqp02flot8c73ffv6eg-w4zf9
2026-10-02 10:50:34,585 CRITICAL [v33] TNMG STILL HOLDING 14 share(s) after 8 chase attempts - the exit did not complete. This position is unprotected until the next pass.  || resource=srv-daqp02flot8c73ffv6eg instance=srv-daqp02flot8c73ffv6eg-w4zf9
2026-10-02 10:50:34,657 INFO [v33] EXIT half-back TNMG 128 @ 5.5594 | entry 5.5900 peak 5.5900 stop 5.5600 | held 10s | P/L -3.92 (-0.55% of the trade, -0.02% of the account)  || resource=srv-daqp02flot8c73ffv6eg instance=srv-daqp02flot8c73ffv6eg-w4zf9
2026-10-02 10:50:35,781 INFO [v33] RE-ENTER TNMG 84 @ 5.5800 = $469 | stop 5.5494 (0.55% away) | back above the 5.5594 that threw us out  || resource=srv-daqp02flot8c73ffv6eg instance=srv-daqp02flot8c73ffv6eg-w4zf9
2026-10-02 10:50:40,336 CRITICAL [v33] TNMG STILL HOLDING 14 share(s) after 8 chase attempts - the exit did not complete. This position is unprotected until the next pass.  || resource=srv-daqp02flot8c73ffv6eg instance=srv-daqp02flot8c73ffv6eg-w4zf9
2026-10-02 10:50:40,336 INFO [v33] EXIT half-back TNMG 84 @ 5.5800 | entry 5.5800 peak 5.6000 stop 5.5900 | held 5s | P/L +0.00 (+0.00% of the trade, +0.00% of the account)  || resource=srv-daqp02flot8c73ffv6eg instance=srv-daqp02flot8c73ffv6eg-w4zf9
2026-10-02 10:50:42,111 INFO [v33] RE-ENTER TNMG 140 @ 5.6000 = $784 | stop 5.5700 (0.54% away) | back above the 5.5800 that threw us out  || resource=srv-daqp02flot8c73ffv6eg instance=srv-daqp02flot8c73ffv6eg-w4zf9
2026-10-02 10:50:48,021 CRITICAL [v33] TNMG STILL HOLDING 14 share(s) after 8 chase attempts - the exit did not complete. This position is unprotected until the next pass.  || resource=srv-daqp02flot8c73ffv6eg instance=srv-daqp02flot8c73ffv6eg-w4zf9
2026-10-02 10:50:48,108 INFO [v33] EXIT half-back TNMG 140 @ 5.6000 | entry 5.6000 peak 5.6100 stop 5.6050 | held 6s | P/L +0.00 (+0.00% of the trade, +0.00% of the account)  || resource=srv-daqp02flot8c73ffv6eg instance=srv-daqp02flot8c73ffv6eg-w4zf9
2026-10-02 10:50:51,924 INFO [v33] RE-ENTER TNMG 83 @ 5.6300 = $467 | stop 5.5900 (0.71% away) | back above the 5.6000 that threw us out  || resource=srv-daqp02flot8c73ffv6eg instance=srv-daqp02flot8c73ffv6eg-w4zf9
2026-10-02 10:50:55,222 CRITICAL [v33] TNMG STILL HOLDING 14 share(s) after 8 chase attempts - the exit did not complete. This position is unprotected until the next pass.  || resource=srv-daqp02flot8c73ffv6eg instance=srv-daqp02flot8c73ffv6eg-w4zf9
2026-10-02 10:50:55,294 INFO [v33] EXIT half-back TNMG 83 @ 5.6300 | entry 5.6300 peak 5.6400 stop 5.6350 | held 3s | P/L +0.00 (+0.00% of the trade, +0.00% of the account)  || resource=srv-daqp02flot8c73ffv6eg instance=srv-daqp02flot8c73ffv6eg-w4zf9
2026-10-02 10:51:52,563 INFO [v33] EXIT half-back TNMG 14 @ 5.3800 | entry 5.4988 peak 5.4988 stop 5.4888 | held 61s | P/L -1.66 (-2.16% of the trade, -0.01% of the account)  || resource=srv-daqp02flot8c73ffv6eg instance=srv-daqp02flot8c73ffv6eg-w4zf9
2026-10-02 10:51:53,463 INFO [v33] RE-ENTER TNMG 86 @ 5.4000 = $464 | stop 5.3700 (0.56% away) | back above the 5.3800 that threw us out  || resource=srv-daqp02flot8c73ffv6eg instance=srv-daqp02flot8c73ffv6eg-w4zf9
2026-10-02 10:51:55,499 INFO [v33] EXIT half-back TNMG 86 @ 5.3700 | entry 5.4000 peak 5.4000 stop 5.3700 | held 2s | P/L -2.58 (-0.56% of the trade, -0.01% of the account)  || resource=srv-daqp02flot8c73ffv6eg instance=srv-daqp02flot8c73ffv6eg-w4zf9
2026-10-02 10:51:57,135 INFO [v33] RE-ENTER TNMG 161 @ 5.4000 = $869 | stop 5.3600 (0.74% away) | back above the 5.3700 that threw us out  || resource=srv-daqp02flot8c73ffv6eg instance=srv-daqp02flot8c73ffv6eg-w4zf9
2026-10-02 10:51:59,999 INFO [v33] EXIT half-back TNMG 161 @ 5.3600 | entry 5.4000 peak 5.4000 stop 5.3600 | held 3s | P/L -6.44 (-0.74% of the trade, -0.03% of the account)  || resource=srv-daqp02flot8c73ffv6eg instance=srv-daqp02flot8c73ffv6eg-w4zf9
2026-10-02 10:52:02,385 INFO [v33] RE-ENTER TNMG 87 @ 5.3800 = $468 | stop 5.3500 (0.56% away) | back above the 5.3600 that threw us out  || resource=srv-daqp02flot8c73ffv6eg instance=srv-daqp02flot8c73ffv6eg-w4zf9
2026-10-02 10:52:05,061 INFO [v33] EXIT half-back TNMG 87 @ 5.3900 | entry 5.3800 peak 5.4100 stop 5.3950 | held 3s | P/L +0.87 (+0.19% of the trade, +0.00% of the account)  || resource=srv-daqp02flot8c73ffv6eg instance=srv-daqp02flot8c73ffv6eg-w4zf9
2026-10-02 10:52:06,537 INFO [v33] RE-ENTER TNMG 107 @ 5.4100 = $579 | stop 5.3800 (0.55% away) | back above the 5.3900 that threw us out  || resource=srv-daqp02flot8c73ffv6eg instance=srv-daqp02flot8c73ffv6eg-w4zf9
2026-10-02 10:52:08,897 INFO [v33] EXIT half-back TNMG 107 @ 5.4000 | entry 5.4100 peak 5.4300 stop 5.4200 | held 2s | P/L -1.07 (-0.18% of the trade, -0.01% of the account)  || resource=srv-daqp02flot8c73ffv6eg instance=srv-daqp02flot8c73ffv6eg-w4zf9
2026-10-02 10:52:10,760 INFO [v33] RE-ENTER TNMG 123 @ 5.4273 = $668 | stop 5.3900 (0.69% away) | back above the 5.4000 that threw us out  || resource=srv-daqp02flot8c73ffv6eg instance=srv-daqp02flot8c73ffv6eg-w4zf9
2026-10-02 10:52:12,548 INFO [v33] EXIT half-back TNMG 123 @ 5.4500 | entry 5.4273 peak 5.4900 stop 5.4587 | held 2s | P/L +2.79 (+0.42% of the trade, +0.01% of the account)  || resource=srv-daqp02flot8c73ffv6eg instance=srv-daqp02flot8c73ffv6eg-w4zf9
2026-10-02 10:52:14,049 INFO [v33] RE-ENTER TNMG 113 @ 5.4700 = $618 | stop 5.4400 (0.55% away) | back above the 5.4500 that threw us out  || resource=srv-daqp02flot8c73ffv6eg instance=srv-daqp02flot8c73ffv6eg-w4zf9
2026-10-02 10:52:21,548 CRITICAL [v33] TNMG STILL HOLDING 31 share(s) after 8 chase attempts - the exit did not complete. This position is unprotected until the next pass.  || resource=srv-daqp02flot8c73ffv6eg instance=srv-daqp02flot8c73ffv6eg-w4zf9
2026-10-02 10:52:21,621 INFO [v33] EXIT half-back TNMG 113 @ 5.4700 | entry 5.4700 peak 5.4753 stop 5.4726 | held 7s | P/L +0.00 (+0.00% of the trade, +0.00% of the account)  || resource=srv-daqp02flot8c73ffv6eg instance=srv-daqp02flot8c73ffv6eg-w4zf9
2026-10-02 10:52:23,437 INFO [v33] RE-ENTER TNMG 110 @ 5.4934 = $604 | stop 5.4600 (0.61% away) | back above the 5.4700 that threw us out  || resource=srv-daqp02flot8c73ffv6eg instance=srv-daqp02flot8c73ffv6eg-w4zf9
2026-10-02 10:52:32,322 CRITICAL [v33] TNMG STILL HOLDING 31 share(s) after 8 chase attempts - the exit did not complete. This position is unprotected until the next pass.  || resource=srv-daqp02flot8c73ffv6eg instance=srv-daqp02flot8c73ffv6eg-w4zf9
2026-10-02 10:52:32,394 INFO [v33] EXIT half-back TNMG 110 @ 5.4708 | entry 5.4934 peak 5.5000 stop 5.4967 | held 9s | P/L -2.49 (-0.41% of the trade, -0.01% of the account)  || resource=srv-daqp02flot8c73ffv6eg instance=srv-daqp02flot8c73ffv6eg-w4zf9
2026-10-02 10:52:36,455 INFO [v33] RE-ENTER TNMG 85 @ 5.5000 = $468 | stop 5.4608 (0.71% away) | back above the 5.4708 that threw us out  || resource=srv-daqp02flot8c73ffv6eg instance=srv-daqp02flot8c73ffv6eg-w4zf9
2026-10-02 10:52:41,874 CRITICAL [v33] TNMG STILL HOLDING 31 share(s) after 8 chase attempts - the exit did not complete. This position is unprotected until the next pass.  || resource=srv-daqp02flot8c73ffv6eg instance=srv-daqp02flot8c73ffv6eg-w4zf9
2026-10-02 10:52:41,874 INFO [v33] EXIT half-back TNMG 85 @ 5.4500 | entry 5.5000 peak 5.5000 stop 5.4608 | held 5s | P/L -4.25 (-0.91% of the trade, -0.02% of the account)  || resource=srv-daqp02flot8c73ffv6eg instance=srv-daqp02flot8c73ffv6eg-w4zf9
2026-10-02 10:52:42,860 INFO [v33] RE-ENTER TNMG 85 @ 5.4700 = $465 | stop 5.4400 (0.55% away) | back above the 5.4500 that threw us out  || resource=srv-daqp02flot8c73ffv6eg instance=srv-daqp02flot8c73ffv6eg-w4zf9
2026-10-02 10:52:47,450 CRITICAL [v33] TNMG STILL HOLDING 31 share(s) after 8 chase attempts - the exit did not complete. This position is unprotected until the next pass.  || resource=srv-daqp02flot8c73ffv6eg instance=srv-daqp02flot8c73ffv6eg-w4zf9
2026-10-02 10:52:47,527 INFO [v33] EXIT half-back TNMG 85 @ 5.4700 | entry 5.4700 peak 5.5000 stop 5.4850 | held 5s | P/L +0.00 (+0.00% of the trade, +0.00% of the account)  || resource=srv-daqp02flot8c73ffv6eg instance=srv-daqp02flot8c73ffv6eg-w4zf9
2026-10-02 10:53:27,391 INFO [v32] RE-ENTER ONG 40 @ 5.5600 = $222 | stop 5.4000 (2.88% away) | day level 5.4800, re-entry at 5.5000  || resource=srv-daqp02flot8c73ffv6eg instance=srv-daqp02flot8c73ffv6eg-w4zf9
2026-10-02 10:53:27,934 INFO [v33] RE-ENTER ONG 116 @ 5.5600 = $645 | stop 5.4700 (1.62% away) | back above the 5.4800 that threw us out  || resource=srv-daqp02flot8c73ffv6eg instance=srv-daqp02flot8c73ffv6eg-w4zf9
2026-10-02 10:53:30,626 INFO [v33] EXIT half-back TNMG 31 @ 5.3713 | entry 5.4362 peak 5.4362 stop 5.4262 | held 48s | P/L -2.01 (-1.19% of the trade, -0.01% of the account)  || resource=srv-daqp02flot8c73ffv6eg instance=srv-daqp02flot8c73ffv6eg-w4zf9
2026-10-02 10:53:32,801 INFO [v33] RE-ENTER TNMG 86 @ 5.4063 = $465 | stop 5.3613 (0.83% away) | back above the 5.3713 that threw us out  || resource=srv-daqp02flot8c73ffv6eg instance=srv-daqp02flot8c73ffv6eg-w4zf9
2026-10-02 10:53:36,735 INFO [v33] EXIT half-back TNMG 86 @ 5.3600 | entry 5.4063 peak 5.4063 stop 5.3613 | held 4s | P/L -3.98 (-0.86% of the trade, -0.02% of the account)  || resource=srv-daqp02flot8c73ffv6eg instance=srv-daqp02flot8c73ffv6eg-w4zf9
2026-10-02 10:54:16,434 INFO [v32] ENTER QXL 49 @ 5.0100 = $245 | stop 4.6300 (7.58% away) | day level 5.0100, re-entry at 5.0300  || resource=srv-daqp02flot8c73ffv6eg instance=srv-daqp02flot8c73ffv6eg-w4zf9
2026-10-02 10:54:16,468 INFO [v33] ENTER QXL 104 @ 5.0100 = $521 | stop 4.6300 (7.58% away) | first entry, stop from the bid  || resource=srv-daqp02flot8c73ffv6eg instance=srv-daqp02flot8c73ffv6eg-w4zf9
2026-10-02 10:54:18,101 INFO [v33] RE-ENTER TNMG 155 @ 5.3800 = $834 | stop 5.3500 (0.56% away) | back above the 5.3600 that threw us out  || resource=srv-daqp02flot8c73ffv6eg instance=srv-daqp02flot8c73ffv6eg-w4zf9
2026-10-02 10:54:23,235 INFO [v33] EXIT half-back TNMG 155 @ 5.3500 | entry 5.3800 peak 5.3800 stop 5.3500 | held 5s | P/L -4.65 (-0.56% of the trade, -0.02% of the account)  || resource=srv-daqp02flot8c73ffv6eg instance=srv-daqp02flot8c73ffv6eg-w4zf9
2026-10-02 10:55:51,216 INFO [v33] RE-ENTER TNMG 113 @ 5.3700 = $607 | stop 5.3400 (0.56% away) | back above the 5.3500 that threw us out  || resource=srv-daqp02flot8c73ffv6eg instance=srv-daqp02flot8c73ffv6eg-w4zf9
2026-10-02 10:55:52,855 INFO [v33] EXIT half-back TNMG 113 @ 5.3700 | entry 5.3700 peak 5.3800 stop 5.3750 | held 2s | P/L +0.00 (+0.00% of the trade, +0.00% of the account)  || resource=srv-daqp02flot8c73ffv6eg instance=srv-daqp02flot8c73ffv6eg-w4zf9
2026-10-02 10:55:55,535 INFO [v33] RE-ENTER TNMG 86 @ 5.4000 = $464 | stop 5.3600 (0.74% away) | back above the 5.3700 that threw us out  || resource=srv-daqp02flot8c73ffv6eg instance=srv-daqp02flot8c73ffv6eg-w4zf9
2026-10-02 10:55:56,881 INFO [v33] EXIT half-back TNMG 86 @ 5.4000 | entry 5.4000 peak 5.4100 stop 5.4050 | held 1s | P/L +0.00 (+0.00% of the trade, +0.00% of the account)  || resource=srv-daqp02flot8c73ffv6eg instance=srv-daqp02flot8c73ffv6eg-w4zf9
2026-10-02 10:55:58,637 INFO [v33] RE-ENTER TNMG 128 @ 5.4200 = $694 | stop 5.3900 (0.55% away) | back above the 5.4000 that threw us out  || resource=srv-daqp02flot8c73ffv6eg instance=srv-daqp02flot8c73ffv6eg-w4zf9
2026-10-02 10:56:00,951 INFO [v33] EXIT half-back TNMG 128 @ 5.4100 | entry 5.4200 peak 5.4600 stop 5.4400 | held 2s | P/L -1.28 (-0.18% of the trade, -0.01% of the account)  || resource=srv-daqp02flot8c73ffv6eg instance=srv-daqp02flot8c73ffv6eg-w4zf9
2026-10-02 10:56:01,668 INFO [v33] RE-ENTER TNMG 86 @ 5.4394 = $468 | stop 5.4000 (0.72% away) | back above the 5.4100 that threw us out  || resource=srv-daqp02flot8c73ffv6eg instance=srv-daqp02flot8c73ffv6eg-w4zf9
2026-10-02 10:56:04,342 INFO [v33] EXIT half-back TNMG 86 @ 5.4300 | entry 5.4394 peak 5.4455 stop 5.4425 | held 3s | P/L -0.81 (-0.17% of the trade, -0.00% of the account)  || resource=srv-daqp02flot8c73ffv6eg instance=srv-daqp02flot8c73ffv6eg-w4zf9
2026-10-02 10:56:05,977 INFO [v33] RE-ENTER TNMG 130 @ 5.4500 = $708 | stop 5.4200 (0.55% away) | back above the 5.4300 that threw us out  || resource=srv-daqp02flot8c73ffv6eg instance=srv-daqp02flot8c73ffv6eg-w4zf9
2026-10-02 10:56:07,913 INFO [v33] EXIT half-back TNMG 130 @ 5.4200 | entry 5.4500 peak 5.4500 stop 5.4200 | held 2s | P/L -3.90 (-0.55% of the trade, -0.02% of the account)  || resource=srv-daqp02flot8c73ffv6eg instance=srv-daqp02flot8c73ffv6eg-w4zf9
2026-10-02 10:56:08,624 INFO [v33] RE-ENTER TNMG 86 @ 5.4400 = $468 | stop 5.4100 (0.55% away) | back above the 5.4200 that threw us out  || resource=srv-daqp02flot8c73ffv6eg instance=srv-daqp02flot8c73ffv6eg-w4zf9
2026-10-02 10:56:11,206 INFO [v33] EXIT half-back TNMG 86 @ 5.4100 | entry 5.4400 peak 5.4400 stop 5.4100 | held 3s | P/L -2.58 (-0.55% of the trade, -0.01% of the account)  || resource=srv-daqp02flot8c73ffv6eg instance=srv-daqp02flot8c73ffv6eg-w4zf9
2026-10-02 10:56:12,687 INFO [v33] RE-ENTER TNMG 119 @ 5.4300 = $646 | stop 5.4000 (0.55% away) | back above the 5.4100 that threw us out  || resource=srv-daqp02flot8c73ffv6eg instance=srv-daqp02flot8c73ffv6eg-w4zf9
2026-10-02 10:56:14,986 INFO [v33] EXIT half-back TNMG 119 @ 5.4130 | entry 5.4300 peak 5.4400 stop 5.4350 | held 2s | P/L -2.02 (-0.31% of the trade, -0.01% of the account)  || resource=srv-daqp02flot8c73ffv6eg instance=srv-daqp02flot8c73ffv6eg-w4zf9
2026-10-02 10:56:15,974 INFO [v33] RE-ENTER TNMG 86 @ 5.4344 = $467 | stop 5.4030 (0.58% away) | back above the 5.4130 that threw us out  || resource=srv-daqp02flot8c73ffv6eg instance=srv-daqp02flot8c73ffv6eg-w4zf9
2026-10-02 10:56:20,113 INFO [v33] EXIT half-back TNMG 86 @ 5.4368 | entry 5.4344 peak 5.4400 stop 5.4372 | held 4s | P/L +0.21 (+0.04% of the trade, +0.00% of the account)  || resource=srv-daqp02flot8c73ffv6eg instance=srv-daqp02flot8c73ffv6eg-w4zf9
2026-10-02 10:56:22,092 INFO [v33] RE-ENTER TNMG 133 @ 5.4600 = $726 | stop 5.4268 (0.61% away) | back above the 5.4368 that threw us out  || resource=srv-daqp02flot8c73ffv6eg instance=srv-daqp02flot8c73ffv6eg-w4zf9
2026-10-02 10:56:27,172 INFO [v33] EXIT half-back TNMG 133 @ 5.4700 | entry 5.4600 peak 5.4800 stop 5.4700 | held 5s | P/L +1.33 (+0.18% of the trade, +0.01% of the account)  || resource=srv-daqp02flot8c73ffv6eg instance=srv-daqp02flot8c73ffv6eg-w4zf9
2026-10-02 10:59:35,562 INFO [v33] RE-ENTER TNMG 146 @ 5.4900 = $802 | stop 5.4600 (0.55% away) | back above the 5.4700 that threw us out  || resource=srv-daqp02flot8c73ffv6eg instance=srv-daqp02flot8c73ffv6eg-w4zf9
2026-10-02 10:59:37,244 INFO [v33] EXIT half-back TNMG 146 @ 5.4800 | entry 5.4900 peak 5.5000 stop 5.4950 | held 2s | P/L -1.46 (-0.18% of the trade, -0.01% of the account)  || resource=srv-daqp02flot8c73ffv6eg instance=srv-daqp02flot8c73ffv6eg-w4zf9
2026-10-02 10:59:38,511 INFO [v33] RE-ENTER TNMG 85 @ 5.5100 = $468 | stop 5.4700 (0.73% away) | back above the 5.4800 that threw us out  || resource=srv-daqp02flot8c73ffv6eg instance=srv-daqp02flot8c73ffv6eg-w4zf9
2026-10-02 10:59:39,466 INFO [v33] EXIT half-back TNMG 85 @ 5.5000 | entry 5.5100 peak 5.5200 stop 5.5150 | held 1s | P/L -0.85 (-0.18% of the trade, -0.00% of the account)  || resource=srv-daqp02flot8c73ffv6eg instance=srv-daqp02flot8c73ffv6eg-w4zf9
2026-10-02 11:00:05,177 INFO [v33] RE-ENTER TNMG 98 @ 5.5200 = $541 | stop 5.4900 (0.54% away) | back above the 5.5000 that threw us out  || resource=srv-daqp02flot8c73ffv6eg instance=srv-daqp02flot8c73ffv6eg-w4zf9
2026-10-02 11:00:12,320 CRITICAL [v33] TNMG STILL HOLDING 23 share(s) after 8 chase attempts - the exit did not complete. This position is unprotected until the next pass.  || resource=srv-daqp02flot8c73ffv6eg instance=srv-daqp02flot8c73ffv6eg-w4zf9
2026-10-02 11:00:12,403 INFO [v33] EXIT half-back TNMG 98 @ 5.5300 | entry 5.5200 peak 5.5500 stop 5.5350 | held 7s | P/L +0.98 (+0.18% of the trade, +0.00% of the account)  || resource=srv-daqp02flot8c73ffv6eg instance=srv-daqp02flot8c73ffv6eg-w4zf9
2026-10-02 11:00:14,143 INFO [v33] RE-ENTER TNMG 88 @ 5.5500 = $488 | stop 5.5200 (0.54% away) | back above the 5.5300 that threw us out  || resource=srv-daqp02flot8c73ffv6eg instance=srv-daqp02flot8c73ffv6eg-w4zf9
2026-10-02 11:00:18,293 CRITICAL [v33] TNMG STILL HOLDING 25 share(s) after 8 chase attempts - the exit did not complete. This position is unprotected until the next pass.  || resource=srv-daqp02flot8c73ffv6eg instance=srv-daqp02flot8c73ffv6eg-w4zf9
2026-10-02 11:00:18,365 INFO [v33] EXIT half-back TNMG 88 @ 5.5100 | entry 5.5500 peak 5.5597 stop 5.5549 | held 4s | P/L -3.52 (-0.72% of the trade, -0.02% of the account)  || resource=srv-daqp02flot8c73ffv6eg instance=srv-daqp02flot8c73ffv6eg-w4zf9
2026-10-02 11:00:19,070 INFO [v33] RE-ENTER TNMG 84 @ 5.5436 = $466 | stop 5.5000 (0.79% away) | back above the 5.5100 that threw us out  || resource=srv-daqp02flot8c73ffv6eg instance=srv-daqp02flot8c73ffv6eg-w4zf9
2026-10-02 11:00:20,298 CRITICAL [v33] TNMG STILL HOLDING 25 share(s) after 8 chase attempts - the exit did not complete. This position is unprotected until the next pass.  || resource=srv-daqp02flot8c73ffv6eg instance=srv-daqp02flot8c73ffv6eg-w4zf9
2026-10-02 11:00:20,298 INFO [v33] EXIT half-back TNMG 84 @ 5.5000 | entry 5.5436 peak 5.5436 stop 5.5000 | held 1s | P/L -3.66 (-0.79% of the trade, -0.02% of the account)  || resource=srv-daqp02flot8c73ffv6eg instance=srv-daqp02flot8c73ffv6eg-w4zf9
2026-10-02 11:00:22,067 INFO [v33] RE-ENTER TNMG 112 @ 5.5500 = $622 | stop 5.4900 (1.08% away) | back above the 5.5000 that threw us out  || resource=srv-daqp02flot8c73ffv6eg instance=srv-daqp02flot8c73ffv6eg-w4zf9
2026-10-02 11:00:23,755 CRITICAL [v33] TNMG STILL HOLDING 25 share(s) after 8 chase attempts - the exit did not complete. This position is unprotected until the next pass.  || resource=srv-daqp02flot8c73ffv6eg instance=srv-daqp02flot8c73ffv6eg-w4zf9
2026-10-02 11:00:23,832 INFO [v33] EXIT half-back TNMG 112 @ 5.5400 | entry 5.5500 peak 5.5599 stop 5.5549 | held 2s | P/L -1.12 (-0.18% of the trade, -0.01% of the account)  || resource=srv-daqp02flot8c73ffv6eg instance=srv-daqp02flot8c73ffv6eg-w4zf9
2026-10-02 11:00:40,054 INFO [v32] EXIT stop GOW 89 @ 3.1000 | entry 3.2700 peak 3.2700 stop 3.1000 | held 10608s | P/L -15.13 (-5.20% of the trade, -0.14% of the account)  || resource=srv-daqp02flot8c73ffv6eg instance=srv-daqp02flot8c73ffv6eg-w4zf9
2026-10-02 11:00:53,340 INFO [v33] EXIT half-back TNMG 25 @ 5.4729 | entry 5.5168 peak 5.5400 stop 5.5284 | held 31s | P/L -1.10 (-0.80% of the trade, -0.01% of the account)  || resource=srv-daqp02flot8c73ffv6eg instance=srv-daqp02flot8c73ffv6eg-w4zf9
2026-10-02 11:00:54,871 INFO [v33] RE-ENTER TNMG 89 @ 5.4969 = $489 | stop 5.4629 (0.62% away) | back above the 5.4729 that threw us out  || resource=srv-daqp02flot8c73ffv6eg instance=srv-daqp02flot8c73ffv6eg-w4zf9
2026-10-02 11:00:56,332 INFO [v33] EXIT half-back TNMG 89 @ 5.4938 | entry 5.4969 peak 5.5000 stop 5.4985 | held 1s | P/L -0.28 (-0.06% of the trade, -0.00% of the account)  || resource=srv-daqp02flot8c73ffv6eg instance=srv-daqp02flot8c73ffv6eg-w4zf9
2026-10-02 11:00:56,859 INFO [v32] ENTER ALP 78 @ 4.7300 = $369 | stop 4.5400 (4.02% away) | day level 4.7300, re-entry at 4.7500  || resource=srv-daqp02flot8c73ffv6eg instance=srv-daqp02flot8c73ffv6eg-w4zf9
2026-10-02 11:00:57,321 INFO [v33] RE-ENTER TNMG 85 @ 5.5200 = $469 | stop 5.4838 (0.66% away) | back above the 5.4938 that threw us out  || resource=srv-daqp02flot8c73ffv6eg instance=srv-daqp02flot8c73ffv6eg-w4zf9
2026-10-02 11:00:58,351 INFO [v33] EXIT half-back TNMG 85 @ 5.5500 | entry 5.5200 peak 5.5900 stop 5.5550 | held 1s | P/L +2.55 (+0.54% of the trade, +0.01% of the account)  || resource=srv-daqp02flot8c73ffv6eg instance=srv-daqp02flot8c73ffv6eg-w4zf9
2026-10-02 11:00:59,490 INFO [v33] RE-ENTER TNMG 84 @ 5.5710 = $468 | stop 5.5400 (0.56% away) | back above the 5.5500 that threw us out  || resource=srv-daqp02flot8c73ffv6eg instance=srv-daqp02flot8c73ffv6eg-w4zf9
2026-10-02 11:01:02,451 INFO [v33] EXIT half-back TNMG 84 @ 5.5400 | entry 5.5710 peak 5.5799 stop 5.5755 | held 3s | P/L -2.60 (-0.56% of the trade, -0.01% of the account)  || resource=srv-daqp02flot8c73ffv6eg instance=srv-daqp02flot8c73ffv6eg-w4zf9
2026-10-02 11:01:03,436 INFO [v33] RE-ENTER TNMG 84 @ 5.5700 = $468 | stop 5.5300 (0.72% away) | back above the 5.5400 that threw us out  || resource=srv-daqp02flot8c73ffv6eg instance=srv-daqp02flot8c73ffv6eg-w4zf9
2026-10-02 11:01:04,722 INFO [v33] EXIT half-back TNMG 84 @ 5.5300 | entry 5.5700 peak 5.5700 stop 5.5300 | held 1s | P/L -3.36 (-0.72% of the trade, -0.02% of the account)  || resource=srv-daqp02flot8c73ffv6eg instance=srv-daqp02flot8c73ffv6eg-w4zf9
2026-10-02 11:01:05,709 INFO [v33] RE-ENTER TNMG 84 @ 5.5500 = $466 | stop 5.5200 (0.54% away) | back above the 5.5300 that threw us out  || resource=srv-daqp02flot8c73ffv6eg instance=srv-daqp02flot8c73ffv6eg-w4zf9
2026-10-02 11:01:08,798 INFO [v33] EXIT half-back TNMG 84 @ 5.5200 | entry 5.5500 peak 5.5500 stop 5.5200 | held 3s | P/L -2.52 (-0.54% of the trade, -0.01% of the account)  || resource=srv-daqp02flot8c73ffv6eg instance=srv-daqp02flot8c73ffv6eg-w4zf9
2026-10-02 11:01:09,535 INFO [v33] RE-ENTER TNMG 84 @ 5.5400 = $465 | stop 5.5100 (0.54% away) | back above the 5.5200 that threw us out  || resource=srv-daqp02flot8c73ffv6eg instance=srv-daqp02flot8c73ffv6eg-w4zf9
2026-10-02 11:01:10,554 INFO [v33] EXIT half-back TNMG 84 @ 5.5500 | entry 5.5400 peak 5.5600 stop 5.5500 | held 1s | P/L +0.84 (+0.18% of the trade, +0.00% of the account)  || resource=srv-daqp02flot8c73ffv6eg instance=srv-daqp02flot8c73ffv6eg-w4zf9
2026-10-02 11:01:11,695 INFO [v33] RE-ENTER TNMG 84 @ 5.5700 = $468 | stop 5.5400 (0.54% away) | back above the 5.5500 that threw us out  || resource=srv-daqp02flot8c73ffv6eg instance=srv-daqp02flot8c73ffv6eg-w4zf9
2026-10-02 11:01:12,691 INFO [v33] EXIT half-back TNMG 84 @ 5.5659 | entry 5.5700 peak 5.5900 stop 5.5800 | held 1s | P/L -0.34 (-0.07% of the trade, -0.00% of the account)  || resource=srv-daqp02flot8c73ffv6eg instance=srv-daqp02flot8c73ffv6eg-w4zf9
2026-10-02 11:01:13,691 INFO [v33] RE-ENTER TNMG 83 @ 5.5900 = $464 | stop 5.5559 (0.61% away) | back above the 5.5659 that threw us out  || resource=srv-daqp02flot8c73ffv6eg instance=srv-daqp02flot8c73ffv6eg-w4zf9
2026-10-02 11:01:15,888 INFO [v33] EXIT half-back TNMG 83 @ 5.5500 | entry 5.5900 peak 5.5900 stop 5.5559 | held 2s | P/L -3.32 (-0.72% of the trade, -0.02% of the account)  || resource=srv-daqp02flot8c73ffv6eg instance=srv-daqp02flot8c73ffv6eg-w4zf9
2026-10-02 11:01:17,663 INFO [v33] RE-ENTER TNMG 86 @ 5.5700 = $479 | stop 5.5400 (0.54% away) | back above the 5.5500 that threw us out  || resource=srv-daqp02flot8c73ffv6eg instance=srv-daqp02flot8c73ffv6eg-w4zf9
2026-10-02 11:01:21,090 CRITICAL [v33] TNMG STILL HOLDING 12 share(s) after 8 chase attempts - the exit did not complete. This position is unprotected until the next pass.  || resource=srv-daqp02flot8c73ffv6eg instance=srv-daqp02flot8c73ffv6eg-w4zf9
2026-10-02 11:01:21,162 INFO [v33] EXIT half-back TNMG 86 @ 5.5300 | entry 5.5700 peak 5.5700 stop 5.5400 | held 3s | P/L -3.44 (-0.72% of the trade, -0.02% of the account)  || resource=srv-daqp02flot8c73ffv6eg instance=srv-daqp02flot8c73ffv6eg-w4zf9
2026-10-02 11:01:22,971 INFO [v32] RE-ENTER AMOD 195 @ 2.1200 = $413 | stop 2.0300 (4.25% away) | day level 2.1000, re-entry at 2.1200  || resource=srv-daqp02flot8c73ffv6eg instance=srv-daqp02flot8c73ffv6eg-w4zf9
2026-10-02 11:01:23,342 INFO [v33] RE-ENTER TNMG 144 @ 5.5600 = $801 | stop 5.5200 (0.72% away) | back above the 5.5300 that threw us out  || resource=srv-daqp02flot8c73ffv6eg instance=srv-daqp02flot8c73ffv6eg-w4zf9
2026-10-02 11:01:28,769 CRITICAL [v33] TNMG STILL HOLDING 12 share(s) after 8 chase attempts - the exit did not complete. This position is unprotected until the next pass.  || resource=srv-daqp02flot8c73ffv6eg instance=srv-daqp02flot8c73ffv6eg-w4zf9
2026-10-02 11:01:28,841 INFO [v33] EXIT half-back TNMG 144 @ 5.5200 | entry 5.5600 peak 5.5600 stop 5.5200 | held 5s | P/L -5.76 (-0.72% of the trade, -0.03% of the account)  || resource=srv-daqp02flot8c73ffv6eg instance=srv-daqp02flot8c73ffv6eg-w4zf9
2026-10-02 11:02:04,128 INFO [v33] EXIT half-back TNMG 12 @ 5.1700 | entry 5.1321 peak 5.2195 stop 5.1758 | held 41s | P/L +0.45 (+0.74% of the trade, +0.00% of the account)  || resource=srv-daqp02flot8c73ffv6eg instance=srv-daqp02flot8c73ffv6eg-w4zf9
2026-10-02 11:03:52,992 INFO [v32] EXIT dead-tape ONX 25 @ 8.8300 | entry 8.7200 peak 8.7200 stop 8.6900 | held 1212s | P/L +2.75 (+1.26% of the trade, +0.03% of the account)  || resource=srv-daqp02flot8c73ffv6eg instance=srv-daqp02flot8c73ffv6eg-w4zf9
2026-10-02 11:03:56,314 INFO [v33] ENTER ALP 182 @ 4.5800 = $834 | stop 4.5400 (0.87% away) | first entry, stop from the bid  || resource=srv-daqp02flot8c73ffv6eg instance=srv-daqp02flot8c73ffv6eg-w4zf9
2026-10-02 11:03:59,471 INFO [v33] EXIT dead-tape ONX 67 @ 8.8300 | entry 8.7200 peak 8.8300 stop 8.7750 | held 1218s | P/L +7.37 (+1.26% of the trade, +0.03% of the account)  || resource=srv-daqp02flot8c73ffv6eg instance=srv-daqp02flot8c73ffv6eg-w4zf9
2026-10-02 11:04:10,043 INFO [v33] RE-ENTER SSM 175 @ 2.6800 = $469 | stop 2.6500 (1.12% away) | back above the 2.6600 that threw us out  || resource=srv-daqp02flot8c73ffv6eg instance=srv-daqp02flot8c73ffv6eg-w4zf9
2026-10-02 11:04:16,745 CRITICAL [v33] ALP STILL HOLDING 16 share(s) after 8 chase attempts - the exit did not complete. This position is unprotected until the next pass.  || resource=srv-daqp02flot8c73ffv6eg instance=srv-daqp02flot8c73ffv6eg-w4zf9
2026-10-02 11:04:16,818 INFO [v33] EXIT half-back ALP 182 @ 4.5600 | entry 4.5800 peak 4.5900 stop 4.5850 | held 20s | P/L -3.64 (-0.44% of the trade, -0.02% of the account)  || resource=srv-daqp02flot8c73ffv6eg instance=srv-daqp02flot8c73ffv6eg-w4zf9
2026-10-02 11:04:39,149 INFO [v33] EXIT half-back SSM 175 @ 2.6500 | entry 2.6800 peak 2.6800 stop 2.6500 | held 29s | P/L -5.25 (-1.12% of the trade, -0.02% of the account)  || resource=srv-daqp02flot8c73ffv6eg instance=srv-daqp02flot8c73ffv6eg-w4zf9
2026-10-02 11:04:40,990 INFO [v33] ENTER GLOO 114 @ 4.3700 = $498 | stop 4.3400 (0.69% away) | first entry, stop from the bid  || resource=srv-daqp02flot8c73ffv6eg instance=srv-daqp02flot8c73ffv6eg-w4zf9
2026-10-02 11:04:41,204 INFO [v32] ENTER GLOO 73 @ 4.3700 = $319 | stop 4.3400 (0.69% away) | day level 4.3700, re-entry at 4.3900  || resource=srv-daqp02flot8c73ffv6eg instance=srv-daqp02flot8c73ffv6eg-w4zf9
2026-10-02 11:04:45,566 CRITICAL [v33] GLOO STILL HOLDING 3 share(s) after 8 chase attempts - the exit did not complete. This position is unprotected until the next pass.  || resource=srv-daqp02flot8c73ffv6eg instance=srv-daqp02flot8c73ffv6eg-w4zf9
2026-10-02 11:04:45,640 INFO [v33] EXIT half-back GLOO 114 @ 4.3700 | entry 4.3700 peak 4.4300 stop 4.4000 | held 5s | P/L +0.00 (+0.00% of the trade, +0.00% of the account)  || resource=srv-daqp02flot8c73ffv6eg instance=srv-daqp02flot8c73ffv6eg-w4zf9
2026-10-02 11:05:31,239 INFO [v33] RE-ENTER SSM 228 @ 2.6700 = $609 | stop 2.6400 (1.12% away) | back above the 2.6500 that threw us out  || resource=srv-daqp02flot8c73ffv6eg instance=srv-daqp02flot8c73ffv6eg-w4zf9
2026-10-02 11:05:36,320 CRITICAL [v33] SSM STILL HOLDING 34 share(s) after 8 chase attempts - the exit did not complete. This position is unprotected until the next pass.  || resource=srv-daqp02flot8c73ffv6eg instance=srv-daqp02flot8c73ffv6eg-w4zf9
2026-10-02 11:05:36,397 INFO [v33] EXIT half-back SSM 266 @ 2.6715 | entry 2.6700 peak 2.6800 stop 2.6750 | held 5s | P/L +0.40 (+0.06% of the trade, +0.00% of the account)  || resource=srv-daqp02flot8c73ffv6eg instance=srv-daqp02flot8c73ffv6eg-w4zf9
2026-10-02 11:05:45,975 INFO [v32] ENTER TNON 49 @ 4.4500 = $218 | stop 4.4400 (0.22% away) | day level 4.4500, re-entry at 4.4700  || resource=srv-daqp02flot8c73ffv6eg instance=srv-daqp02flot8c73ffv6eg-w4zf9
2026-10-02 11:05:46,237 INFO [v33] ENTER TNON 105 @ 4.4500 = $467 | stop 4.4400 (0.22% away) | first entry, stop from the bid  || resource=srv-daqp02flot8c73ffv6eg instance=srv-daqp02flot8c73ffv6eg-w4zf9
2026-10-02 11:05:49,207 INFO [v32] EXIT stop TNON 49 @ 4.4400 | entry 4.4500 peak 4.4500 stop 4.4400 | held 3s | P/L -0.49 (-0.22% of the trade, -0.00% of the account)  || resource=srv-daqp02flot8c73ffv6eg instance=srv-daqp02flot8c73ffv6eg-w4zf9
2026-10-02 11:05:51,941 INFO [v33] EXIT half-back TNON 105 @ 4.4500 | entry 4.4500 peak 4.4661 stop 4.4581 | held 6s | P/L +0.00 (+0.00% of the trade, +0.00% of the account)  || resource=srv-daqp02flot8c73ffv6eg instance=srv-daqp02flot8c73ffv6eg-w4zf9
2026-10-02 11:06:02,705 INFO [v33] EXIT half-back ALP 16 @ 4.5500 | entry 4.5900 peak 4.5900 stop 4.5800 | held 126s | P/L -0.64 (-0.87% of the trade, -0.00% of the account)  || resource=srv-daqp02flot8c73ffv6eg instance=srv-daqp02flot8c73ffv6eg-w4zf9
2026-10-02 11:06:43,636 INFO [v33] RE-ENTER AMOD 333 @ 2.2200 = $739 | stop 2.1900 (1.35% away) | back above the 2.2000 that threw us out  || resource=srv-daqp02flot8c73ffv6eg instance=srv-daqp02flot8c73ffv6eg-w4zf9
2026-10-02 11:06:46,404 CRITICAL [v33] AMOD STILL HOLDING 28 share(s) after 8 chase attempts - the exit did not complete. This position is unprotected until the next pass.  || resource=srv-daqp02flot8c73ffv6eg instance=srv-daqp02flot8c73ffv6eg-w4zf9
2026-10-02 11:06:46,475 INFO [v33] EXIT half-back AMOD 333 @ 2.2250 | entry 2.2200 peak 2.2300 stop 2.2250 | held 3s | P/L +1.66 (+0.23% of the trade, +0.01% of the account)  || resource=srv-daqp02flot8c73ffv6eg instance=srv-daqp02flot8c73ffv6eg-w4zf9
2026-10-02 11:06:49,786 INFO [v33] EXIT half-back SSM 34 @ 2.6600 | entry 2.6783 peak 2.6783 stop 2.6683 | held 79s | P/L -0.62 (-0.68% of the trade, -0.00% of the account)  || resource=srv-daqp02flot8c73ffv6eg instance=srv-daqp02flot8c73ffv6eg-w4zf9
2026-10-02 11:06:50,785 INFO [v33] RE-ENTER AMOD 208 @ 2.2500 = $468 | stop 2.2150 (1.56% away) | back above the 2.2250 that threw us out  || resource=srv-daqp02flot8c73ffv6eg instance=srv-daqp02flot8c73ffv6eg-w4zf9
2026-10-02 11:06:54,350 CRITICAL [v33] AMOD STILL HOLDING 28 share(s) after 8 chase attempts - the exit did not complete. This position is unprotected until the next pass.  || resource=srv-daqp02flot8c73ffv6eg instance=srv-daqp02flot8c73ffv6eg-w4zf9
2026-10-02 11:06:54,434 INFO [v33] EXIT half-back AMOD 208 @ 2.2600 | entry 2.2500 peak 2.2700 stop 2.2600 | held 4s | P/L +2.08 (+0.44% of the trade, +0.01% of the account)  || resource=srv-daqp02flot8c73ffv6eg instance=srv-daqp02flot8c73ffv6eg-w4zf9
2026-10-02 11:06:55,664 INFO [v33] RE-ENTER AMOD 212 @ 2.2800 = $483 | stop 2.2500 (1.32% away) | back above the 2.2600 that threw us out  || resource=srv-daqp02flot8c73ffv6eg instance=srv-daqp02flot8c73ffv6eg-w4zf9
2026-10-02 11:06:58,662 CRITICAL [v33] AMOD STILL HOLDING 88 share(s) after 8 chase attempts - the exit did not complete. This position is unprotected until the next pass.  || resource=srv-daqp02flot8c73ffv6eg instance=srv-daqp02flot8c73ffv6eg-w4zf9
2026-10-02 11:06:58,662 INFO [v33] EXIT half-back AMOD 212 @ 2.2800 | entry 2.2800 peak 2.2900 stop 2.2850 | held 3s | P/L +0.00 (+0.00% of the trade, +0.00% of the account)  || resource=srv-daqp02flot8c73ffv6eg instance=srv-daqp02flot8c73ffv6eg-w4zf9
2026-10-02 11:06:59,377 INFO [v33] RE-ENTER AMOD 204 @ 2.3000 = $469 | stop 2.2700 (1.30% away) | back above the 2.2800 that threw us out  || resource=srv-daqp02flot8c73ffv6eg instance=srv-daqp02flot8c73ffv6eg-w4zf9
2026-10-02 11:07:01,641 CRITICAL [v33] AMOD STILL HOLDING 88 share(s) after 8 chase attempts - the exit did not complete. This position is unprotected until the next pass.  || resource=srv-daqp02flot8c73ffv6eg instance=srv-daqp02flot8c73ffv6eg-w4zf9
2026-10-02 11:07:01,713 INFO [v33] EXIT half-back AMOD 204 @ 2.2700 | entry 2.3000 peak 2.3000 stop 2.2700 | held 2s | P/L -6.12 (-1.30% of the trade, -0.03% of the account)  || resource=srv-daqp02flot8c73ffv6eg instance=srv-daqp02flot8c73ffv6eg-w4zf9
2026-10-02 11:07:02,703 INFO [v33] RE-ENTER AMOD 205 @ 2.2900 = $469 | stop 2.2600 (1.31% away) | back above the 2.2700 that threw us out  || resource=srv-daqp02flot8c73ffv6eg instance=srv-daqp02flot8c73ffv6eg-w4zf9
2026-10-02 11:07:03,957 CRITICAL [v33] AMOD STILL HOLDING 88 share(s) after 8 chase attempts - the exit did not complete. This position is unprotected until the next pass.  || resource=srv-daqp02flot8c73ffv6eg instance=srv-daqp02flot8c73ffv6eg-w4zf9
2026-10-02 11:07:03,957 INFO [v33] EXIT half-back AMOD 205 @ 2.2908 | entry 2.2900 peak 2.3000 stop 2.2950 | held 1s | P/L +0.16 (+0.03% of the trade, +0.00% of the account)  || resource=srv-daqp02flot8c73ffv6eg instance=srv-daqp02flot8c73ffv6eg-w4zf9
2026-10-02 11:07:05,817 INFO [v33] RE-ENTER AMOD 206 @ 2.3200 = $478 | stop 2.2808 (1.69% away) | back above the 2.2908 that threw us out  || resource=srv-daqp02flot8c73ffv6eg instance=srv-daqp02flot8c73ffv6eg-w4zf9
2026-10-02 11:07:09,743 CRITICAL [v33] AMOD STILL HOLDING 138 share(s) after 8 chase attempts - the exit did not complete. This position is unprotected until the next pass.  || resource=srv-daqp02flot8c73ffv6eg instance=srv-daqp02flot8c73ffv6eg-w4zf9
2026-10-02 11:07:09,814 INFO [v33] EXIT half-back AMOD 206 @ 2.3300 | entry 2.3200 peak 2.3400 stop 2.3300 | held 4s | P/L +2.06 (+0.43% of the trade, +0.01% of the account)  || resource=srv-daqp02flot8c73ffv6eg instance=srv-daqp02flot8c73ffv6eg-w4zf9
2026-10-02 11:07:11,864 INFO [v33] RE-ENTER AMOD 243 @ 2.3500 = $571 | stop 2.3200 (1.28% away) | back above the 2.3300 that threw us out  || resource=srv-daqp02flot8c73ffv6eg instance=srv-daqp02flot8c73ffv6eg-w4zf9
2026-10-02 11:07:12,208 INFO [v32] RE-ENTER TNON 49 @ 4.4700 = $219 | stop 4.4400 (0.67% away) | day level 4.4500, re-entry at 4.4700  || resource=srv-daqp02flot8c73ffv6eg instance=srv-daqp02flot8c73ffv6eg-w4zf9
2026-10-02 11:07:16,475 CRITICAL [v33] AMOD STILL HOLDING 138 share(s) after 8 chase attempts - the exit did not complete. This position is unprotected until the next pass.  || resource=srv-daqp02flot8c73ffv6eg instance=srv-daqp02flot8c73ffv6eg-w4zf9
2026-10-02 11:07:16,553 INFO [v33] EXIT half-back AMOD 243 @ 2.3504 | entry 2.3500 peak 2.3600 stop 2.3550 | held 5s | P/L +0.10 (+0.02% of the trade, +0.00% of the account)  || resource=srv-daqp02flot8c73ffv6eg instance=srv-daqp02flot8c73ffv6eg-w4zf9
2026-10-02 11:07:17,421 INFO [v33] RE-ENTER TNON 105 @ 4.4700 = $469 | stop 4.4400 (0.67% away) | back above the 4.4500 that threw us out  || resource=srv-daqp02flot8c73ffv6eg instance=srv-daqp02flot8c73ffv6eg-w4zf9
2026-10-02 11:07:19,205 INFO [v32] EXIT stop TNON 49 @ 4.4400 | entry 4.4700 peak 4.4700 stop 4.4400 | held 7s | P/L -1.47 (-0.67% of the trade, -0.01% of the account)  || resource=srv-daqp02flot8c73ffv6eg instance=srv-daqp02flot8c73ffv6eg-w4zf9
2026-10-02 11:07:19,496 INFO [v33] EXIT half-back TNON 105 @ 4.4800 | entry 4.4700 peak 4.4900 stop 4.4800 | held 2s | P/L +1.05 (+0.22% of the trade, +0.00% of the account)  || resource=srv-daqp02flot8c73ffv6eg instance=srv-daqp02flot8c73ffv6eg-w4zf9
2026-10-02 11:07:20,188 INFO [v32] RE-ENTER TNON 48 @ 4.5400 = $218 | stop 4.4400 (2.20% away) | day level 4.4500, re-entry at 4.4700  || resource=srv-daqp02flot8c73ffv6eg instance=srv-daqp02flot8c73ffv6eg-w4zf9
2026-10-02 11:07:21,301 INFO [v33] RE-ENTER TNON 105 @ 4.5000 = $472 | stop 4.4700 (0.67% away) | back above the 4.4800 that threw us out  || resource=srv-daqp02flot8c73ffv6eg instance=srv-daqp02flot8c73ffv6eg-w4zf9
2026-10-02 11:07:23,453 INFO [v32] EXIT stop TNON 48 @ 4.4200 | entry 4.5400 peak 4.5400 stop 4.4400 | held 3s | P/L -5.76 (-2.64% of the trade, -0.05% of the account)  || resource=srv-daqp02flot8c73ffv6eg instance=srv-daqp02flot8c73ffv6eg-w4zf9
2026-10-02 11:07:24,041 INFO [v33] EXIT half-back TNON 105 @ 4.5200 | entry 4.5000 peak 4.5684 stop 4.5342 | held 3s | P/L +2.10 (+0.44% of the trade, +0.01% of the account)  || resource=srv-daqp02flot8c73ffv6eg instance=srv-daqp02flot8c73ffv6eg-w4zf9
2026-10-02 11:07:24,431 INFO [v32] RE-ENTER TNON 48 @ 4.5300 = $217 | stop 4.4400 (1.99% away) | day level 4.4500, re-entry at 4.4700  || resource=srv-daqp02flot8c73ffv6eg instance=srv-daqp02flot8c73ffv6eg-w4zf9
2026-10-02 11:07:25,505 INFO [v33] RE-ENTER TNON 108 @ 4.5500 = $491 | stop 4.5100 (0.88% away) | back above the 4.5200 that threw us out  || resource=srv-daqp02flot8c73ffv6eg instance=srv-daqp02flot8c73ffv6eg-w4zf9
2026-10-02 11:07:25,918 INFO [v32] EXIT stop TNON 48 @ 4.4201 | entry 4.5300 peak 4.5300 stop 4.4400 | held 1s | P/L -5.28 (-2.43% of the trade, -0.05% of the account)  || resource=srv-daqp02flot8c73ffv6eg instance=srv-daqp02flot8c73ffv6eg-w4zf9
2026-10-02 11:07:27,669 INFO [v32] RE-ENTER TNON 62 @ 4.5300 = $281 | stop 4.4400 (1.99% away) | day level 4.4500, re-entry at 4.4700  || resource=srv-daqp02flot8c73ffv6eg instance=srv-daqp02flot8c73ffv6eg-w4zf9
2026-10-02 11:07:31,276 CRITICAL [v32] TNON STILL HOLDING 9 share(s) after 8 chase attempts - the exit did not complete. This position is unprotected until the next pass.  || resource=srv-daqp02flot8c73ffv6eg instance=srv-daqp02flot8c73ffv6eg-w4zf9
2026-10-02 11:07:31,348 INFO [v32] EXIT stop TNON 62 @ 4.4201 | entry 4.5300 peak 4.5300 stop 4.4400 | held 4s | P/L -6.81 (-2.43% of the trade, -0.06% of the account)  || resource=srv-daqp02flot8c73ffv6eg instance=srv-daqp02flot8c73ffv6eg-w4zf9
2026-10-02 11:07:32,071 CRITICAL [v33] TNON STILL HOLDING 42 share(s) after 8 chase attempts - the exit did not complete. This position is unprotected until the next pass.  || resource=srv-daqp02flot8c73ffv6eg instance=srv-daqp02flot8c73ffv6eg-w4zf9
2026-10-02 11:07:32,144 INFO [v33] EXIT half-back TNON 108 @ 4.5527 | entry 4.5500 peak 4.5700 stop 4.5600 | held 7s | P/L +0.29 (+0.06% of the trade, +0.00% of the account)  || resource=srv-daqp02flot8c73ffv6eg instance=srv-daqp02flot8c73ffv6eg-w4zf9
2026-10-02 11:07:36,332 INFO [v33] EXIT half-back AMOD 138 @ 2.3100 | entry 2.3237 peak 2.3237 stop 2.3137 | held 24s | P/L -1.90 (-0.59% of the trade, -0.01% of the account)  || resource=srv-daqp02flot8c73ffv6eg instance=srv-daqp02flot8c73ffv6eg-w4zf9
2026-10-02 11:07:36,364 INFO [v32] EXIT stop TNON 9 @ 4.4000 | entry 4.4500 peak 4.3500 stop 4.4400 | held 9s | P/L -0.45 (-1.12% of the trade, -0.00% of the account)  || resource=srv-daqp02flot8c73ffv6eg instance=srv-daqp02flot8c73ffv6eg-w4zf9
2026-10-02 11:07:39,071 INFO [v33] EXIT half-back TNON 42 @ 4.4000 | entry 4.4500 peak 4.4500 stop 4.4400 | held 13s | P/L -2.10 (-1.12% of the trade, -0.01% of the account)  || resource=srv-daqp02flot8c73ffv6eg instance=srv-daqp02flot8c73ffv6eg-w4zf9
2026-10-02 11:07:40,852 INFO [v33] RE-ENTER TNON 151 @ 4.4200 = $667 | stop 4.3900 (0.68% away) | back above the 4.4000 that threw us out  || resource=srv-daqp02flot8c73ffv6eg instance=srv-daqp02flot8c73ffv6eg-w4zf9
2026-10-02 11:07:49,403 CRITICAL [v33] TNON STILL HOLDING 1 share(s) after 8 chase attempts - the exit did not complete. This position is unprotected until the next pass.  || resource=srv-daqp02flot8c73ffv6eg instance=srv-daqp02flot8c73ffv6eg-w4zf9
2026-10-02 11:07:49,477 INFO [v33] EXIT half-back TNON 151 @ 4.3900 | entry 4.4200 peak 4.4200 stop 4.3900 | held 9s | P/L -4.53 (-0.68% of the trade, -0.02% of the account)  || resource=srv-daqp02flot8c73ffv6eg instance=srv-daqp02flot8c73ffv6eg-w4zf9
2026-10-02 11:08:00,676 INFO [v33] RE-ENTER AMOD 202 @ 2.3300 = $471 | stop 2.3000 (1.29% away) | back above the 2.3100 that threw us out  || resource=srv-daqp02flot8c73ffv6eg instance=srv-daqp02flot8c73ffv6eg-w4zf9
2026-10-02 11:08:03,115 CRITICAL [v33] AMOD STILL HOLDING 1 share(s) after 8 chase attempts - the exit did not complete. This position is unprotected until the next pass.  || resource=srv-daqp02flot8c73ffv6eg instance=srv-daqp02flot8c73ffv6eg-w4zf9
2026-10-02 11:08:03,190 INFO [v33] EXIT half-back AMOD 202 @ 2.3300 | entry 2.3300 peak 2.3400 stop 2.3350 | held 2s | P/L +0.00 (+0.00% of the trade, +0.00% of the account)  || resource=srv-daqp02flot8c73ffv6eg instance=srv-daqp02flot8c73ffv6eg-w4zf9
2026-10-02 11:08:04,242 INFO [v33] RE-ENTER AMOD 199 @ 2.3500 = $468 | stop 2.3200 (1.28% away) | back above the 2.3300 that threw us out  || resource=srv-daqp02flot8c73ffv6eg instance=srv-daqp02flot8c73ffv6eg-w4zf9
2026-10-02 11:08:05,752 CRITICAL [v33] AMOD STILL HOLDING 1 share(s) after 8 chase attempts - the exit did not complete. This position is unprotected until the next pass.  || resource=srv-daqp02flot8c73ffv6eg instance=srv-daqp02flot8c73ffv6eg-w4zf9
2026-10-02 11:08:05,753 INFO [v33] EXIT half-back AMOD 199 @ 2.3500 | entry 2.3500 peak 2.3502 stop 2.3501 | held 2s | P/L +0.00 (+0.00% of the trade, +0.00% of the account)  || resource=srv-daqp02flot8c73ffv6eg instance=srv-daqp02flot8c73ffv6eg-w4zf9
2026-10-02 11:08:07,461 INFO [v33] RE-ENTER AMOD 221 @ 2.3700 = $524 | stop 2.3400 (1.27% away) | back above the 2.3500 that threw us out  || resource=srv-daqp02flot8c73ffv6eg instance=srv-daqp02flot8c73ffv6eg-w4zf9
2026-10-02 11:08:11,642 CRITICAL [v33] AMOD STILL HOLDING 1 share(s) after 8 chase attempts - the exit did not complete. This position is unprotected until the next pass.  || resource=srv-daqp02flot8c73ffv6eg instance=srv-daqp02flot8c73ffv6eg-w4zf9
2026-10-02 11:08:11,715 INFO [v33] EXIT half-back AMOD 221 @ 2.3400 | entry 2.3700 peak 2.3700 stop 2.3400 | held 4s | P/L -6.63 (-1.27% of the trade, -0.03% of the account)  || resource=srv-daqp02flot8c73ffv6eg instance=srv-daqp02flot8c73ffv6eg-w4zf9
2026-10-02 11:08:12,722 INFO [v33] RE-ENTER AMOD 198 @ 2.3600 = $467 | stop 2.3300 (1.27% away) | back above the 2.3400 that threw us out  || resource=srv-daqp02flot8c73ffv6eg instance=srv-daqp02flot8c73ffv6eg-w4zf9
2026-10-02 11:08:17,064 CRITICAL [v33] AMOD STILL HOLDING 1 share(s) after 8 chase attempts - the exit did not complete. This position is unprotected until the next pass.  || resource=srv-daqp02flot8c73ffv6eg instance=srv-daqp02flot8c73ffv6eg-w4zf9
2026-10-02 11:08:17,152 INFO [v33] EXIT half-back AMOD 198 @ 2.3600 | entry 2.3600 peak 2.3700 stop 2.3650 | held 4s | P/L +0.00 (+0.00% of the trade, +0.00% of the account)  || resource=srv-daqp02flot8c73ffv6eg instance=srv-daqp02flot8c73ffv6eg-w4zf9
2026-10-02 11:08:20,698 INFO [v33] RE-ENTER AMOD 203 @ 2.3800 = $483 | stop 2.3500 (1.26% away) | back above the 2.3600 that threw us out  || resource=srv-daqp02flot8c73ffv6eg instance=srv-daqp02flot8c73ffv6eg-w4zf9
2026-10-02 11:08:24,994 CRITICAL [v33] AMOD STILL HOLDING 1 share(s) after 8 chase attempts - the exit did not complete. This position is unprotected until the next pass.  || resource=srv-daqp02flot8c73ffv6eg instance=srv-daqp02flot8c73ffv6eg-w4zf9
2026-10-02 11:08:28,263 INFO [v33] EXIT half-back AMOD 203 @ 2.3820 | entry 2.3800 peak 2.3900 stop 2.3850 | held 4s | P/L +0.41 (+0.08% of the trade, +0.00% of the account)  || resource=srv-daqp02flot8c73ffv6eg instance=srv-daqp02flot8c73ffv6eg-w4zf9
2026-10-02 11:08:28,974 INFO [v33] RE-ENTER TNON 106 @ 4.4100 = $467 | stop 4.3800 (0.68% away) | back above the 4.3900 that threw us out  || resource=srv-daqp02flot8c73ffv6eg instance=srv-daqp02flot8c73ffv6eg-w4zf9
2026-10-02 11:08:33,531 CRITICAL [v33] TNON STILL HOLDING 1 share(s) after 8 chase attempts - the exit did not complete. This position is unprotected until the next pass.  || resource=srv-daqp02flot8c73ffv6eg instance=srv-daqp02flot8c73ffv6eg-w4zf9
2026-10-02 11:08:33,603 INFO [v33] EXIT half-back TNON 106 @ 4.3201 | entry 4.4100 peak 4.4100 stop 4.3800 | held 5s | P/L -9.53 (-2.04% of the trade, -0.05% of the account)  || resource=srv-daqp02flot8c73ffv6eg instance=srv-daqp02flot8c73ffv6eg-w4zf9
2026-10-02 11:08:35,355 INFO [v33] RE-ENTER TNON 113 @ 4.4100 = $498 | stop 4.3101 (2.27% away) | back above the 4.3201 that threw us out  || resource=srv-daqp02flot8c73ffv6eg instance=srv-daqp02flot8c73ffv6eg-w4zf9
2026-10-02 11:08:39,732 INFO [v33] EXIT half-back AMOD 1 @ 2.4000 | entry 2.3893 peak 2.4492 stop 2.4192 | held 19s | P/L +0.01 (+0.45% of the trade, +0.00% of the account)  || resource=srv-daqp02flot8c73ffv6eg instance=srv-daqp02flot8c73ffv6eg-w4zf9
2026-10-02 11:08:40,595 INFO [v33] RE-ENTER AMOD 193 @ 2.4200 = $467 | stop 2.3900 (1.24% away) | back above the 2.4000 that threw us out  || resource=srv-daqp02flot8c73ffv6eg instance=srv-daqp02flot8c73ffv6eg-w4zf9
2026-10-02 11:08:53,884 INFO [v33] EXIT half-back AMOD 193 @ 2.4200 | entry 2.4200 peak 2.4300 stop 2.4250 | held 13s | P/L +0.00 (+0.00% of the trade, +0.00% of the account)  || resource=srv-daqp02flot8c73ffv6eg instance=srv-daqp02flot8c73ffv6eg-w4zf9
2026-10-02 11:08:55,905 INFO [v33] RE-ENTER AMOD 263 @ 2.4400 = $642 | stop 2.4100 (1.23% away) | back above the 2.4200 that threw us out  || resource=srv-daqp02flot8c73ffv6eg instance=srv-daqp02flot8c73ffv6eg-w4zf9
2026-10-02 11:09:01,620 CRITICAL [v33] AMOD STILL HOLDING 5 share(s) after 8 chase attempts - the exit did not complete. This position is unprotected until the next pass.  || resource=srv-daqp02flot8c73ffv6eg instance=srv-daqp02flot8c73ffv6eg-w4zf9
2026-10-02 11:09:01,692 INFO [v33] EXIT half-back AMOD 263 @ 2.4600 | entry 2.4400 peak 2.4800 stop 2.4600 | held 6s | P/L +5.26 (+0.82% of the trade, +0.03% of the account)  || resource=srv-daqp02flot8c73ffv6eg instance=srv-daqp02flot8c73ffv6eg-w4zf9
2026-10-02 11:09:05,737 CRITICAL [v33] TNON STILL HOLDING 2 share(s) after 8 chase attempts - the exit did not complete. This position is unprotected until the next pass.  || resource=srv-daqp02flot8c73ffv6eg instance=srv-daqp02flot8c73ffv6eg-w4zf9
2026-10-02 11:09:05,737 INFO [v33] EXIT half-back TNON 113 @ 4.3800 | entry 4.4100 peak 4.4122 stop 4.4111 | held 30s | P/L -3.39 (-0.68% of the trade, -0.02% of the account)  || resource=srv-daqp02flot8c73ffv6eg instance=srv-daqp02flot8c73ffv6eg-w4zf9
2026-10-02 11:09:08,022 INFO [v33] RE-ENTER TNON 138 @ 4.4391 = $613 | stop 4.3700 (1.56% away) | back above the 4.3800 that threw us out  || resource=srv-daqp02flot8c73ffv6eg instance=srv-daqp02flot8c73ffv6eg-w4zf9
2026-10-02 11:09:14,615 CRITICAL [v33] TNON STILL HOLDING 2 share(s) after 8 chase attempts - the exit did not complete. This position is unprotected until the next pass.  || resource=srv-daqp02flot8c73ffv6eg instance=srv-daqp02flot8c73ffv6eg-w4zf9
2026-10-02 11:09:14,687 INFO [v33] EXIT half-back TNON 138 @ 4.4000 | entry 4.4391 peak 4.4400 stop 4.4396 | held 7s | P/L -5.40 (-0.88% of the trade, -0.03% of the account)  || resource=srv-daqp02flot8c73ffv6eg instance=srv-daqp02flot8c73ffv6eg-w4zf9
2026-10-02 11:09:18,776 INFO [v33] RE-ENTER TNON 105 @ 4.4400 = $466 | stop 4.3900 (1.13% away) | back above the 4.4000 that threw us out  || resource=srv-daqp02flot8c73ffv6eg instance=srv-daqp02flot8c73ffv6eg-w4zf9
2026-10-02 11:09:20,351 CRITICAL [v33] TNON STILL HOLDING 2 share(s) after 8 chase attempts - the exit did not complete. This position is unprotected until the next pass.  || resource=srv-daqp02flot8c73ffv6eg instance=srv-daqp02flot8c73ffv6eg-w4zf9
2026-10-02 11:09:20,423 INFO [v33] EXIT half-back TNON 105 @ 4.4421 | entry 4.4400 peak 4.4500 stop 4.4450 | held 2s | P/L +0.22 (+0.05% of the trade, +0.00% of the account)  || resource=srv-daqp02flot8c73ffv6eg instance=srv-daqp02flot8c73ffv6eg-w4zf9
2026-10-02 11:09:45,473 INFO [v32] ENTER RECT 162 @ 1.3600 = $220 | stop 1.2700 (6.62% away) | day level 1.3600, re-entry at 1.3800  || resource=srv-daqp02flot8c73ffv6eg instance=srv-daqp02flot8c73ffv6eg-w4zf9
2026-10-02 11:09:59,443 INFO [v33] EXIT half-back AMOD 5 @ 2.3900 | entry 2.4100 peak 2.4100 stop 2.4000 | held 63s | P/L -0.10 (-0.83% of the trade, -0.00% of the account)  || resource=srv-daqp02flot8c73ffv6eg instance=srv-daqp02flot8c73ffv6eg-w4zf9
2026-10-02 11:10:03,305 INFO [v32] RE-ENTER TNON 54 @ 4.4700 = $241 | stop 4.4400 (0.67% away) | day level 4.4500, re-entry at 4.4700  || resource=srv-daqp02flot8c73ffv6eg instance=srv-daqp02flot8c73ffv6eg-w4zf9
2026-10-02 11:10:04,884 INFO [v33] EXIT half-back TNON 2 @ 4.4400 | entry 4.4602 peak 4.4602 stop 4.4502 | held 46s | P/L -0.04 (-0.45% of the trade, -0.00% of the account)  || resource=srv-daqp02flot8c73ffv6eg instance=srv-daqp02flot8c73ffv6eg-w4zf9
2026-10-02 11:10:05,670 INFO [v33] ENTER RECT 345 @ 1.3600 = $469 | stop 1.2700 (6.62% away) | first entry, stop from the bid  || resource=srv-daqp02flot8c73ffv6eg instance=srv-daqp02flot8c73ffv6eg-w4zf9
2026-10-02 11:10:07,454 INFO [v33] RE-ENTER TNON 128 @ 4.4600 = $571 | stop 4.4300 (0.67% away) | back above the 4.4400 that threw us out  || resource=srv-daqp02flot8c73ffv6eg instance=srv-daqp02flot8c73ffv6eg-w4zf9
2026-10-02 11:10:11,519 INFO [v33] RE-ENTER AMOD 194 @ 2.4100 = $468 | stop 2.3800 (1.24% away) | back above the 2.3900 that threw us out  || resource=srv-daqp02flot8c73ffv6eg instance=srv-daqp02flot8c73ffv6eg-w4zf9
2026-10-02 11:10:18,201 INFO [v33] EXIT half-back AMOD 194 @ 2.4100 | entry 2.4100 peak 2.4200 stop 2.4150 | held 7s | P/L +0.00 (+0.00% of the trade, +0.00% of the account)  || resource=srv-daqp02flot8c73ffv6eg instance=srv-daqp02flot8c73ffv6eg-w4zf9
2026-10-02 11:10:23,071 INFO [v33] RE-ENTER AMOD 216 @ 2.4300 = $525 | stop 2.4000 (1.23% away) | back above the 2.4100 that threw us out  || resource=srv-daqp02flot8c73ffv6eg instance=srv-daqp02flot8c73ffv6eg-w4zf9
2026-10-02 11:10:27,526 CRITICAL [v32] TNON STILL HOLDING 9 share(s) after 8 chase attempts - the exit did not complete. This position is unprotected until the next pass.  || resource=srv-daqp02flot8c73ffv6eg instance=srv-daqp02flot8c73ffv6eg-w4zf9
2026-10-02 11:10:27,597 INFO [v32] EXIT stop TNON 54 @ 4.4400 | entry 4.4700 peak 4.4700 stop 4.4400 | held 24s | P/L -1.62 (-0.67% of the trade, -0.02% of the account)  || resource=srv-daqp02flot8c73ffv6eg instance=srv-daqp02flot8c73ffv6eg-w4zf9
2026-10-02 11:10:27,921 CRITICAL [v33] AMOD STILL HOLDING 43 share(s) after 8 chase attempts - the exit did not complete. This position is unprotected until the next pass.  || resource=srv-daqp02flot8c73ffv6eg instance=srv-daqp02flot8c73ffv6eg-w4zf9
2026-10-02 11:10:27,992 INFO [v33] EXIT half-back AMOD 216 @ 2.4315 | entry 2.4300 peak 2.4400 stop 2.4350 | held 5s | P/L +0.32 (+0.06% of the trade, +0.00% of the account)  || resource=srv-daqp02flot8c73ffv6eg instance=srv-daqp02flot8c73ffv6eg-w4zf9
2026-10-02 11:10:34,442 CRITICAL [v33] TNON STILL HOLDING 8 share(s) after 8 chase attempts - the exit did not complete. This position is unprotected until the next pass.  || resource=srv-daqp02flot8c73ffv6eg instance=srv-daqp02flot8c73ffv6eg-w4zf9
2026-10-02 11:10:34,494 INFO [v32] EXIT stop TNON 9 @ 4.4300 | entry 4.4700 peak 4.4500 stop 4.4600 | held 31s | P/L -0.36 (-0.89% of the trade, -0.00% of the account)  || resource=srv-daqp02flot8c73ffv6eg instance=srv-daqp02flot8c73ffv6eg-w4zf9
2026-10-02 11:10:34,514 INFO [v33] EXIT half-back TNON 128 @ 4.4207 | entry 4.4600 peak 4.4600 stop 4.4300 | held 27s | P/L -5.03 (-0.88% of the trade, -0.02% of the account)  || resource=srv-daqp02flot8c73ffv6eg instance=srv-daqp02flot8c73ffv6eg-w4zf9
2026-10-02 11:10:38,719 INFO [v33] RE-ENTER TNON 105 @ 4.4480 = $467 | stop 4.4107 (0.84% away) | back above the 4.4207 that threw us out  || resource=srv-daqp02flot8c73ffv6eg instance=srv-daqp02flot8c73ffv6eg-w4zf9
2026-10-02 11:10:39,986 CRITICAL [v33] TNON STILL HOLDING 8 share(s) after 8 chase attempts - the exit did not complete. This position is unprotected until the next pass.  || resource=srv-daqp02flot8c73ffv6eg instance=srv-daqp02flot8c73ffv6eg-w4zf9
2026-10-02 11:10:40,058 INFO [v33] EXIT half-back TNON 105 @ 4.4201 | entry 4.4480 peak 4.4500 stop 4.4490 | held 1s | P/L -2.93 (-0.63% of the trade, -0.01% of the account)  || resource=srv-daqp02flot8c73ffv6eg instance=srv-daqp02flot8c73ffv6eg-w4zf9
2026-10-02 11:10:47,917 INFO [v32] RE-ENTER TNON 60 @ 4.4740 = $268 | stop 4.4400 (0.76% away) | day level 4.4500, re-entry at 4.4700  || resource=srv-daqp02flot8c73ffv6eg instance=srv-daqp02flot8c73ffv6eg-w4zf9
2026-10-02 11:10:51,174 INFO [v33] RE-ENTER TNON 105 @ 4.4500 = $467 | stop 4.4101 (0.90% away) | back above the 4.4201 that threw us out  || resource=srv-daqp02flot8c73ffv6eg instance=srv-daqp02flot8c73ffv6eg-w4zf9
2026-10-02 11:10:56,024 CRITICAL [v33] TNON STILL HOLDING 8 share(s) after 8 chase attempts - the exit did not complete. This position is unprotected until the next pass.  || resource=srv-daqp02flot8c73ffv6eg instance=srv-daqp02flot8c73ffv6eg-w4zf9
2026-10-02 11:10:56,099 INFO [v33] EXIT half-back TNON 105 @ 4.4500 | entry 4.4500 peak 4.4600 stop 4.4550 | held 5s | P/L +0.00 (+0.00% of the trade, +0.00% of the account)  || resource=srv-daqp02flot8c73ffv6eg instance=srv-daqp02flot8c73ffv6eg-w4zf9
2026-10-02 11:11:36,228 INFO [v33] RE-ENTER TNON 104 @ 4.5000 = $468 | stop 4.4400 (1.33% away) | back above the 4.4500 that threw us out  || resource=srv-daqp02flot8c73ffv6eg instance=srv-daqp02flot8c73ffv6eg-w4zf9
2026-10-02 11:11:42,689 CRITICAL [v33] TNON STILL HOLDING 8 share(s) after 8 chase attempts - the exit did not complete. This position is unprotected until the next pass.  || resource=srv-daqp02flot8c73ffv6eg instance=srv-daqp02flot8c73ffv6eg-w4zf9
2026-10-02 11:11:42,689 INFO [v33] EXIT half-back TNON 104 @ 4.4800 | entry 4.5000 peak 4.5100 stop 4.5050 | held 6s | P/L -2.08 (-0.44% of the trade, -0.01% of the account)  || resource=srv-daqp02flot8c73ffv6eg instance=srv-daqp02flot8c73ffv6eg-w4zf9
2026-10-02 11:11:43,399 INFO [v33] RE-ENTER TNON 104 @ 4.5100 = $469 | stop 4.4700 (0.89% away) | back above the 4.4800 that threw us out  || resource=srv-daqp02flot8c73ffv6eg instance=srv-daqp02flot8c73ffv6eg-w4zf9
2026-10-02 11:11:47,505 INFO [v33] EXIT half-back AMOD 43 @ 2.4000 | entry 2.3700 peak 2.4300 stop 2.4000 | held 84s | P/L +1.29 (+1.27% of the trade, +0.01% of the account)  || resource=srv-daqp02flot8c73ffv6eg instance=srv-daqp02flot8c73ffv6eg-w4zf9
2026-10-02 11:11:48,834 CRITICAL [v33] TNON STILL HOLDING 8 share(s) after 8 chase attempts - the exit did not complete. This position is unprotected until the next pass.  || resource=srv-daqp02flot8c73ffv6eg instance=srv-daqp02flot8c73ffv6eg-w4zf9
2026-10-02 11:11:48,834 INFO [v33] EXIT half-back TNON 104 @ 4.4600 | entry 4.5100 peak 4.5100 stop 4.4700 | held 5s | P/L -5.20 (-1.11% of the trade, -0.02% of the account)  || resource=srv-daqp02flot8c73ffv6eg instance=srv-daqp02flot8c73ffv6eg-w4zf9
2026-10-02 11:11:53,730 INFO [v33] RE-ENTER TNON 130 @ 4.4871 = $583 | stop 4.4500 (0.83% away) | back above the 4.4600 that threw us out  || resource=srv-daqp02flot8c73ffv6eg instance=srv-daqp02flot8c73ffv6eg-w4zf9
2026-10-02 11:11:55,958 CRITICAL [v33] TNON STILL HOLDING 8 share(s) after 8 chase attempts - the exit did not complete. This position is unprotected until the next pass.  || resource=srv-daqp02flot8c73ffv6eg instance=srv-daqp02flot8c73ffv6eg-w4zf9
2026-10-02 11:11:56,030 INFO [v33] EXIT half-back TNON 130 @ 4.4700 | entry 4.4871 peak 4.5100 stop 4.4985 | held 2s | P/L -2.22 (-0.38% of the trade, -0.01% of the account)  || resource=srv-daqp02flot8c73ffv6eg instance=srv-daqp02flot8c73ffv6eg-w4zf9
2026-10-02 11:12:00,770 INFO [v33] RE-ENTER TNON 122 @ 4.5000 = $549 | stop 4.4600 (0.89% away) | back above the 4.4700 that threw us out  || resource=srv-daqp02flot8c73ffv6eg instance=srv-daqp02flot8c73ffv6eg-w4zf9
2026-10-02 11:12:02,117 CRITICAL [v33] TNON STILL HOLDING 8 share(s) after 8 chase attempts - the exit did not complete. This position is unprotected until the next pass.  || resource=srv-daqp02flot8c73ffv6eg instance=srv-daqp02flot8c73ffv6eg-w4zf9
2026-10-02 11:12:05,259 INFO [v33] EXIT half-back TNON 122 @ 4.5100 | entry 4.5000 peak 4.5200 stop 4.5100 | held 1s | P/L +1.22 (+0.22% of the trade, +0.01% of the account)  || resource=srv-daqp02flot8c73ffv6eg instance=srv-daqp02flot8c73ffv6eg-w4zf9
2026-10-02 11:12:06,249 INFO [v33] RE-ENTER TNON 103 @ 4.5300 = $467 | stop 4.5000 (0.66% away) | back above the 4.5100 that threw us out  || resource=srv-daqp02flot8c73ffv6eg instance=srv-daqp02flot8c73ffv6eg-w4zf9
2026-10-02 11:12:10,952 CRITICAL [v33] TNON STILL HOLDING 8 share(s) after 8 chase attempts - the exit did not complete. This position is unprotected until the next pass.  || resource=srv-daqp02flot8c73ffv6eg instance=srv-daqp02flot8c73ffv6eg-w4zf9
2026-10-02 11:12:11,023 INFO [v33] EXIT half-back TNON 103 @ 4.5000 | entry 4.5300 peak 4.5300 stop 4.5000 | held 5s | P/L -3.09 (-0.66% of the trade, -0.01% of the account)  || resource=srv-daqp02flot8c73ffv6eg instance=srv-daqp02flot8c73ffv6eg-w4zf9
2026-10-02 11:12:12,622 INFO [v33] RE-ENTER TNON 120 @ 4.5300 = $544 | stop 4.4900 (0.88% away) | back above the 4.5000 that threw us out  || resource=srv-daqp02flot8c73ffv6eg instance=srv-daqp02flot8c73ffv6eg-w4zf9
2026-10-02 11:12:18,879 CRITICAL [v33] TNON STILL HOLDING 8 share(s) after 8 chase attempts - the exit did not complete. This position is unprotected until the next pass.  || resource=srv-daqp02flot8c73ffv6eg instance=srv-daqp02flot8c73ffv6eg-w4zf9
2026-10-02 11:12:18,951 INFO [v33] EXIT half-back TNON 120 @ 4.4900 | entry 4.5300 peak 4.5300 stop 4.4900 | held 6s | P/L -4.80 (-0.88% of the trade, -0.02% of the account)  || resource=srv-daqp02flot8c73ffv6eg instance=srv-daqp02flot8c73ffv6eg-w4zf9
2026-10-02 11:12:23,496 INFO [v33] RE-ENTER TNON 118 @ 4.5238 = $534 | stop 4.4800 (0.97% away) | back above the 4.4900 that threw us out  || resource=srv-daqp02flot8c73ffv6eg instance=srv-daqp02flot8c73ffv6eg-w4zf9
2026-10-02 11:12:24,989 CRITICAL [v33] TNON STILL HOLDING 8 share(s) after 8 chase attempts - the exit did not complete. This position is unprotected until the next pass.  || resource=srv-daqp02flot8c73ffv6eg instance=srv-daqp02flot8c73ffv6eg-w4zf9
2026-10-02 11:12:25,061 INFO [v33] EXIT half-back TNON 118 @ 4.4800 | entry 4.5238 peak 4.5238 stop 4.4800 | held 1s | P/L -5.17 (-0.97% of the trade, -0.02% of the account)  || resource=srv-daqp02flot8c73ffv6eg instance=srv-daqp02flot8c73ffv6eg-w4zf9
2026-10-02 11:12:32,536 INFO [v33] RE-ENTER TNON 104 @ 4.5000 = $468 | stop 4.4700 (0.67% away) | back above the 4.4800 that threw us out  || resource=srv-daqp02flot8c73ffv6eg instance=srv-daqp02flot8c73ffv6eg-w4zf9
2026-10-02 11:12:35,075 CRITICAL [v33] TNON STILL HOLDING 8 share(s) after 8 chase attempts - the exit did not complete. This position is unprotected until the next pass.  || resource=srv-daqp02flot8c73ffv6eg instance=srv-daqp02flot8c73ffv6eg-w4zf9
2026-10-02 11:12:38,229 INFO [v33] EXIT half-back TNON 104 @ 4.4700 | entry 4.5000 peak 4.5000 stop 4.4700 | held 3s | P/L -3.12 (-0.67% of the trade, -0.01% of the account)  || resource=srv-daqp02flot8c73ffv6eg instance=srv-daqp02flot8c73ffv6eg-w4zf9
2026-10-02 11:12:39,746 INFO [v33] RE-ENTER TNON 105 @ 4.4900 = $471 | stop 4.4600 (0.67% away) | back above the 4.4700 that threw us out  || resource=srv-daqp02flot8c73ffv6eg instance=srv-daqp02flot8c73ffv6eg-w4zf9
2026-10-02 11:12:45,075 CRITICAL [v33] TNON STILL HOLDING 8 share(s) after 8 chase attempts - the exit did not complete. This position is unprotected until the next pass.  || resource=srv-daqp02flot8c73ffv6eg instance=srv-daqp02flot8c73ffv6eg-w4zf9
2026-10-02 11:12:45,075 INFO [v33] EXIT half-back TNON 105 @ 4.4500 | entry 4.4900 peak 4.4900 stop 4.4600 | held 5s | P/L -4.20 (-0.89% of the trade, -0.02% of the account)  || resource=srv-daqp02flot8c73ffv6eg instance=srv-daqp02flot8c73ffv6eg-w4zf9
2026-10-02 11:12:46,574 INFO [v33] RE-ENTER TNON 115 @ 4.4775 = $515 | stop 4.4400 (0.84% away) | back above the 4.4500 that threw us out  || resource=srv-daqp02flot8c73ffv6eg instance=srv-daqp02flot8c73ffv6eg-w4zf9
2026-10-02 11:12:51,537 CRITICAL [v33] TNON STILL HOLDING 8 share(s) after 8 chase attempts - the exit did not complete. This position is unprotected until the next pass.  || resource=srv-daqp02flot8c73ffv6eg instance=srv-daqp02flot8c73ffv6eg-w4zf9
2026-10-02 11:12:51,610 INFO [v33] EXIT half-back TNON 115 @ 4.4400 | entry 4.4775 peak 4.4775 stop 4.4400 | held 5s | P/L -4.31 (-0.84% of the trade, -0.02% of the account)  || resource=srv-daqp02flot8c73ffv6eg instance=srv-daqp02flot8c73ffv6eg-w4zf9
2026-10-02 11:12:53,356 INFO [v33] RE-ENTER TNON 175 @ 4.4600 = $780 | stop 4.4300 (0.67% away) | back above the 4.4400 that threw us out  || resource=srv-daqp02flot8c73ffv6eg instance=srv-daqp02flot8c73ffv6eg-w4zf9
2026-10-02 11:12:58,205 CRITICAL [v33] TNON STILL HOLDING 16 share(s) after 8 chase attempts - the exit did not complete. This position is unprotected until the next pass.  || resource=srv-daqp02flot8c73ffv6eg instance=srv-daqp02flot8c73ffv6eg-w4zf9
2026-10-02 11:12:58,277 INFO [v33] EXIT half-back TNON 175 @ 4.3700 | entry 4.4600 peak 4.4600 stop 4.4300 | held 5s | P/L -15.75 (-2.02% of the trade, -0.08% of the account)  || resource=srv-daqp02flot8c73ffv6eg instance=srv-daqp02flot8c73ffv6eg-w4zf9
2026-10-02 11:12:59,915 INFO [v33] RE-ENTER TNON 201 @ 4.4400 = $892 | stop 4.3600 (1.80% away) | back above the 4.3700 that threw us out  || resource=srv-daqp02flot8c73ffv6eg instance=srv-daqp02flot8c73ffv6eg-w4zf9
2026-10-02 11:13:04,280 CRITICAL [v33] TNON STILL HOLDING 16 share(s) after 8 chase attempts - the exit did not complete. This position is unprotected until the next pass.  || resource=srv-daqp02flot8c73ffv6eg instance=srv-daqp02flot8c73ffv6eg-w4zf9
2026-10-02 11:13:04,354 INFO [v33] EXIT half-back TNON 201 @ 4.4300 | entry 4.4400 peak 4.4500 stop 4.4450 | held 4s | P/L -2.01 (-0.23% of the trade, -0.01% of the account)  || resource=srv-daqp02flot8c73ffv6eg instance=srv-daqp02flot8c73ffv6eg-w4zf9
2026-10-02 11:13:08,906 INFO [v33] RE-ENTER AMOD 344 @ 2.4200 = $832 | stop 2.3900 (1.24% away) | back above the 2.4000 that threw us out  || resource=srv-daqp02flot8c73ffv6eg instance=srv-daqp02flot8c73ffv6eg-w4zf9
2026-10-02 11:13:11,631 INFO [v33] EXIT half-back AMOD 344 @ 2.3900 | entry 2.4200 peak 2.4200 stop 2.3900 | held 3s | P/L -10.32 (-1.24% of the trade, -0.05% of the account)  || resource=srv-daqp02flot8c73ffv6eg instance=srv-daqp02flot8c73ffv6eg-w4zf9
2026-10-02 11:13:15,416 INFO [v33] RE-ENTER SSM 175 @ 2.6800 = $469 | stop 2.6500 (1.12% away) | back above the 2.6600 that threw us out  || resource=srv-daqp02flot8c73ffv6eg instance=srv-daqp02flot8c73ffv6eg-w4zf9
2026-10-02 11:13:16,912 INFO [v33] RE-ENTER TNON 116 @ 4.4500 = $516 | stop 4.4200 (0.67% away) | back above the 4.4300 that threw us out  || resource=srv-daqp02flot8c73ffv6eg instance=srv-daqp02flot8c73ffv6eg-w4zf9
2026-10-02 11:13:21,868 CRITICAL [v33] TNON STILL HOLDING 16 share(s) after 8 chase attempts - the exit did not complete. This position is unprotected until the next pass.  || resource=srv-daqp02flot8c73ffv6eg instance=srv-daqp02flot8c73ffv6eg-w4zf9
2026-10-02 11:13:21,940 INFO [v33] EXIT half-back TNON 116 @ 4.4500 | entry 4.4500 peak 4.4740 stop 4.4620 | held 5s | P/L +0.00 (+0.00% of the trade, +0.00% of the account)  || resource=srv-daqp02flot8c73ffv6eg instance=srv-daqp02flot8c73ffv6eg-w4zf9
2026-10-02 11:13:23,570 INFO [v33] RE-ENTER TNON 171 @ 4.4790 = $766 | stop 4.4400 (0.87% away) | back above the 4.4500 that threw us out  || resource=srv-daqp02flot8c73ffv6eg instance=srv-daqp02flot8c73ffv6eg-w4zf9
2026-10-02 11:13:28,983 CRITICAL [v33] TNON STILL HOLDING 16 share(s) after 8 chase attempts - the exit did not complete. This position is unprotected until the next pass.  || resource=srv-daqp02flot8c73ffv6eg instance=srv-daqp02flot8c73ffv6eg-w4zf9
2026-10-02 11:13:29,055 INFO [v33] EXIT half-back TNON 171 @ 4.5200 | entry 4.4790 peak 4.5900 stop 4.5345 | held 5s | P/L +7.01 (+0.92% of the trade, +0.03% of the account)  || resource=srv-daqp02flot8c73ffv6eg instance=srv-daqp02flot8c73ffv6eg-w4zf9
2026-10-02 11:13:32,832 INFO [v33] RE-ENTER TNON 103 @ 4.5418 = $468 | stop 4.5100 (0.70% away) | back above the 4.5200 that threw us out  || resource=srv-daqp02flot8c73ffv6eg instance=srv-daqp02flot8c73ffv6eg-w4zf9
2026-10-02 11:13:41,360 CRITICAL [v33] TNON STILL HOLDING 16 share(s) after 8 chase attempts - the exit did not complete. This position is unprotected until the next pass.  || resource=srv-daqp02flot8c73ffv6eg instance=srv-daqp02flot8c73ffv6eg-w4zf9
2026-10-02 11:13:41,432 INFO [v33] EXIT half-back TNON 103 @ 4.5000 | entry 4.5418 peak 4.5418 stop 4.5100 | held 9s | P/L -4.31 (-0.92% of the trade, -0.02% of the account)  || resource=srv-daqp02flot8c73ffv6eg instance=srv-daqp02flot8c73ffv6eg-w4zf9
2026-10-02 11:13:42,410 INFO [v33] RE-ENTER TNON 103 @ 4.5249 = $466 | stop 4.4900 (0.77% away) | back above the 4.5000 that threw us out  || resource=srv-daqp02flot8c73ffv6eg instance=srv-daqp02flot8c73ffv6eg-w4zf9
2026-10-02 11:13:45,669 INFO engine up: VERSION v31-r23 | v31, v32, v33 | one data connection | orphan mode adopt | baseline last_equity | quote-confirm on | odd-lot filter on | stop-ref bid | book every 120s | no entries after 19:00 | exposure cap 95% | position cap 25% | min stop 1% | session 04:00-20:00 ET | flatten 19:00 ET | dead exit 10 min  || resource=srv-daqp02flot8c73ffv6eg instance=srv-daqp02flot8c73ffv6eg-b5nxd
2026-10-02 11:13:48,125 CRITICAL [v33] TNON STILL HOLDING 16 share(s) after 8 chase attempts - the exit did not complete. This position is unprotected until the next pass.  || resource=srv-daqp02flot8c73ffv6eg instance=srv-daqp02flot8c73ffv6eg-w4zf9
2026-10-02 11:13:48,197 INFO [v33] EXIT half-back TNON 103 @ 4.5447 | entry 4.5249 peak 4.5671 stop 4.5460 | held 6s | P/L +2.04 (+0.44% of the trade, +0.01% of the account)  || resource=srv-daqp02flot8c73ffv6eg instance=srv-daqp02flot8c73ffv6eg-w4zf9
2026-10-02 11:13:56,732 INFO [v33] EXIT half-back TNON 16 @ 4.5900 | entry 4.6052 peak 4.6052 stop 4.5952 | held 0s | P/L -0.24 (-0.33% of the trade, -0.00% of the account)  || resource=srv-daqp02flot8c73ffv6eg instance=srv-daqp02flot8c73ffv6eg-b5nxd
2026-10-02 11:13:57,360 INFO [v33] EXIT half-back TNON 0 @ 4.5809 | entry 4.6052 peak 4.6052 stop 4.5952 | held 0s | P/L -0.00 (-0.53% of the trade, -0.00% of the account)  || resource=srv-daqp02flot8c73ffv6eg instance=srv-daqp02flot8c73ffv6eg-b5nxd
2026-10-02 11:14:04,471 INFO [v33] ENTER TNMG 85 @ 4.9200 = $418 | stop 4.8400 (1.63% away) | first entry, stop from the bid  || resource=srv-daqp02flot8c73ffv6eg instance=srv-daqp02flot8c73ffv6eg-b5nxd
2026-10-02 11:14:08,609 INFO [v33] ENTER AMOD 174 @ 2.3980 = $417 | stop 2.3700 (1.17% away) | first entry, stop from the bid  || resource=srv-daqp02flot8c73ffv6eg instance=srv-daqp02flot8c73ffv6eg-b5nxd
2026-10-02 11:14:09,310 INFO [v33] EXIT half-back TNON 0 @ 4.5814 | entry 4.6052 peak 4.6052 stop 4.5952 | held 0s | P/L -0.00 (-0.52% of the trade, -0.00% of the account)  || resource=srv-daqp02flot8c73ffv6eg instance=srv-daqp02flot8c73ffv6eg-b5nxd
2026-10-02 11:14:09,464 INFO [v33] EXIT half-back TNON 0 @ 4.5900 | entry 4.6052 peak 4.6052 stop 4.5952 | held 0s | P/L -0.00 (-0.33% of the trade, -0.00% of the account)  || resource=srv-daqp02flot8c73ffv6eg instance=srv-daqp02flot8c73ffv6eg-b5nxd
2026-10-02 11:14:13,174 INFO [v33] EXIT half-back TNON 0 @ 4.5900 | entry 4.6052 peak 4.6052 stop 4.5952 | held 0s | P/L -0.00 (-0.33% of the trade, -0.00% of the account)  || resource=srv-daqp02flot8c73ffv6eg instance=srv-daqp02flot8c73ffv6eg-b5nxd
2026-10-02 11:14:13,339 INFO [v33] EXIT half-back TNON 0 @ 4.5900 | entry 4.6052 peak 4.6052 stop 4.5952 | held 0s | P/L -0.00 (-0.33% of the trade, -0.00% of the account)  || resource=srv-daqp02flot8c73ffv6eg instance=srv-daqp02flot8c73ffv6eg-b5nxd
2026-10-02 11:14:13,491 INFO [v33] EXIT half-back TNON 0 @ 4.5900 | entry 4.6052 peak 4.6100 stop 4.6076 | held 0s | P/L -0.00 (-0.33% of the trade, -0.00% of the account)  || resource=srv-daqp02flot8c73ffv6eg instance=srv-daqp02flot8c73ffv6eg-b5nxd
2026-10-02 11:14:13,642 INFO [v33] EXIT half-back TNON 0 @ 4.6200 | entry 4.6052 peak 4.6400 stop 4.6226 | held 0s | P/L +0.00 (+0.32% of the trade, +0.00% of the account)  || resource=srv-daqp02flot8c73ffv6eg instance=srv-daqp02flot8c73ffv6eg-b5nxd
2026-10-02 11:14:18,037 INFO [v32] ENTER SGRX 130 @ 1.6200 = $211 | stop 1.6100 (0.62% away) | day level 1.6200, re-entry at 1.6400  || resource=srv-daqp02flot8c73ffv6eg instance=srv-daqp02flot8c73ffv6eg-b5nxd
2026-10-02 11:14:18,278 INFO [v33] ENTER SDEV 105 @ 5.2800 = $554 | stop 5.2600 (0.38% away) | first entry, stop from the bid  || resource=srv-daqp02flot8c73ffv6eg instance=srv-daqp02flot8c73ffv6eg-b5nxd
2026-10-02 11:14:22,116 INFO [v33] EXIT half-back TNON 0 @ 4.6700 | entry 4.6052 peak 4.7400 stop 4.6726 | held 0s | P/L +0.00 (+1.41% of the trade, +0.00% of the account)  || resource=srv-daqp02flot8c73ffv6eg instance=srv-daqp02flot8c73ffv6eg-b5nxd
2026-10-02 11:14:22,269 INFO [v33] EXIT half-back TNON 0 @ 4.6700 | entry 4.6052 peak 4.7400 stop 4.6726 | held 0s | P/L +0.00 (+1.41% of the trade, +0.00% of the account)  || resource=srv-daqp02flot8c73ffv6eg instance=srv-daqp02flot8c73ffv6eg-b5nxd
2026-10-02 11:14:22,899 INFO [v33] EXIT half-back TNON 0 @ 4.6710 | entry 4.6052 peak 4.7400 stop 4.6726 | held 0s | P/L +0.00 (+1.43% of the trade, +0.00% of the account)  || resource=srv-daqp02flot8c73ffv6eg instance=srv-daqp02flot8c73ffv6eg-b5nxd
2026-10-02 11:14:23,740 INFO [v32] EXIT stop QXL 50 @ 4.9600 | entry 4.9900 peak 4.8700 stop 4.9800 | held 0s | P/L -1.50 (-0.60% of the trade, -0.01% of the account)  || resource=srv-daqp02flot8c73ffv6eg instance=srv-daqp02flot8c73ffv6eg-b5nxd
2026-10-02 11:14:26,124 INFO [v33] EXIT half-back TNON 0 @ 4.6700 | entry 4.6052 peak 4.7400 stop 4.6726 | held 0s | P/L +0.00 (+1.41% of the trade, +0.00% of the account)  || resource=srv-daqp02flot8c73ffv6eg instance=srv-daqp02flot8c73ffv6eg-b5nxd
2026-10-02 11:14:30,504 CRITICAL [v33] SDEV STILL HOLDING 49 share(s) after 8 chase attempts - the exit did not complete. This position is unprotected until the next pass.  || resource=srv-daqp02flot8c73ffv6eg instance=srv-daqp02flot8c73ffv6eg-b5nxd
2026-10-02 11:14:30,577 INFO [v33] EXIT half-back SDEV 105 @ 5.2600 | entry 5.2800 peak 5.2800 stop 5.2600 | held 12s | P/L -2.10 (-0.38% of the trade, -0.01% of the account)  || resource=srv-daqp02flot8c73ffv6eg instance=srv-daqp02flot8c73ffv6eg-b5nxd
2026-10-02 11:14:34,937 INFO [v33] ENTER AIXI 397 @ 1.4000 = $556 | stop 1.3900 (0.71% away) | first entry, stop from the bid  || resource=srv-daqp02flot8c73ffv6eg instance=srv-daqp02flot8c73ffv6eg-b5nxd
2026-10-02 11:14:39,014 INFO [v33] EXIT half-back AMOD 0 @ 2.3900 | entry 2.3900 peak 2.4320 stop 2.4110 | held 90s | P/L +0.00 (+0.00% of the trade, +0.00% of the account)  || resource=srv-daqp02flot8c73ffv6eg instance=srv-daqp02flot8c73ffv6eg-w4zf9
2026-10-02 11:14:39,162 INFO [v33] EXIT half-back AMOD 0 @ 2.3900 | entry 2.3900 peak 2.4320 stop 2.4110 | held 90s | P/L +0.00 (+0.00% of the trade, +0.00% of the account)  || resource=srv-daqp02flot8c73ffv6eg instance=srv-daqp02flot8c73ffv6eg-w4zf9
2026-10-02 11:14:39,169 INFO [v33] EXIT half-back AMOD 174 @ 2.3900 | entry 2.3980 peak 2.4000 stop 2.3990 | held 30s | P/L -1.39 (-0.33% of the trade, -0.01% of the account)  || resource=srv-daqp02flot8c73ffv6eg instance=srv-daqp02flot8c73ffv6eg-b5nxd
2026-10-02 11:14:42,395 INFO [v33] EXIT half-back TNON 0 @ 4.6977 | entry 4.6052 peak 4.8000 stop 4.7026 | held 0s | P/L +0.00 (+2.01% of the trade, +0.00% of the account)  || resource=srv-daqp02flot8c73ffv6eg instance=srv-daqp02flot8c73ffv6eg-b5nxd
2026-10-02 11:14:42,550 INFO [v33] EXIT half-back TNON 0 @ 4.6915 | entry 4.6052 peak 4.8000 stop 4.7026 | held 0s | P/L +0.00 (+1.87% of the trade, +0.00% of the account)  || resource=srv-daqp02flot8c73ffv6eg instance=srv-daqp02flot8c73ffv6eg-b5nxd
2026-10-02 11:14:42,716 INFO [v33] EXIT half-back TNON 0 @ 4.6900 | entry 4.6052 peak 4.8000 stop 4.7026 | held 0s | P/L +0.00 (+1.84% of the trade, +0.00% of the account)  || resource=srv-daqp02flot8c73ffv6eg instance=srv-daqp02flot8c73ffv6eg-b5nxd
2026-10-02 11:14:42,868 INFO [v33] EXIT half-back TNON 0 @ 4.6900 | entry 4.6052 peak 4.8000 stop 4.7026 | held 0s | P/L +0.00 (+1.84% of the trade, +0.00% of the account)  || resource=srv-daqp02flot8c73ffv6eg instance=srv-daqp02flot8c73ffv6eg-b5nxd
2026-10-02 11:14:43,019 INFO [v33] EXIT half-back TNON 0 @ 4.7000 | entry 4.6052 peak 4.8000 stop 4.7026 | held 0s | P/L +0.00 (+2.06% of the trade, +0.00% of the account)  || resource=srv-daqp02flot8c73ffv6eg instance=srv-daqp02flot8c73ffv6eg-b5nxd
2026-10-02 11:14:43,173 INFO [v33] EXIT half-back TNON 0 @ 4.7000 | entry 4.6052 peak 4.8000 stop 4.7026 | held 0s | P/L +0.00 (+2.06% of the trade, +0.00% of the account)  || resource=srv-daqp02flot8c73ffv6eg instance=srv-daqp02flot8c73ffv6eg-b5nxd
2026-10-02 11:14:43,325 INFO [v33] EXIT half-back TNON 0 @ 4.6900 | entry 4.6052 peak 4.8000 stop 4.7026 | held 0s | P/L +0.00 (+1.84% of the trade, +0.00% of the account)  || resource=srv-daqp02flot8c73ffv6eg instance=srv-daqp02flot8c73ffv6eg-b5nxd
2026-10-02 11:14:46,576 INFO [v33] EXIT half-back TNON 0 @ 4.6900 | entry 0.0000 peak 0.0000 stop 0.0000 | held 0s | P/L +0.00 (+0.00% of the trade, +0.00% of the account)  || resource=srv-daqp02flot8c73ffv6eg instance=srv-daqp02flot8c73ffv6eg-b5nxd
2026-10-02 11:14:54,004 INFO [v33] EXIT half-back SDEV 49 @ 5.2700 | entry 5.2800 peak 5.2994 stop 5.2897 | held 36s | P/L -0.49 (-0.19% of the trade, -0.00% of the account)  || resource=srv-daqp02flot8c73ffv6eg instance=srv-daqp02flot8c73ffv6eg-b5nxd
2026-10-02 11:15:01,223 INFO [v33] EXIT half-back SSM 175 @ 2.6200 | entry 2.6300 peak 2.6300 stop 2.6200 | held 0s | P/L -1.75 (-0.38% of the trade, -0.01% of the account)  || resource=srv-daqp02flot8c73ffv6eg instance=srv-daqp02flot8c73ffv6eg-b5nxd
2026-10-02 11:15:02,290 INFO [v33] ENTER SGRX 258 @ 1.6200 = $418 | stop 1.6100 (0.62% away) | first entry, stop from the bid  || resource=srv-daqp02flot8c73ffv6eg instance=srv-daqp02flot8c73ffv6eg-b5nxd
2026-10-02 11:15:06,751 INFO [v33] EXIT half-back QXL 104 @ 4.9600 | entry 4.9900 peak 4.9900 stop 4.9800 | held 0s | P/L -3.12 (-0.60% of the trade, -0.01% of the account)  || resource=srv-daqp02flot8c73ffv6eg instance=srv-daqp02flot8c73ffv6eg-b5nxd
2026-10-02 11:15:07,834 INFO [v32] EXIT stop TNON 62 @ 4.5300 | entry 4.5494 peak 4.6054 stop 4.5394 | held 0s | P/L -1.20 (-0.43% of the trade, -0.01% of the account)  || resource=srv-daqp02flot8c73ffv6eg instance=srv-daqp02flot8c73ffv6eg-b5nxd
2026-10-02 11:15:09,554 INFO [v33] EXIT half-back AIXI 397 @ 1.4000 | entry 1.4000 peak 1.4001 stop 1.4000 | held 35s | P/L +0.00 (+0.00% of the trade, +0.00% of the account)  || resource=srv-daqp02flot8c73ffv6eg instance=srv-daqp02flot8c73ffv6eg-b5nxd
2026-10-02 11:15:13,503 INFO [v32] ENTER TNON 46 @ 4.5300 = $208 | stop 4.5200 (0.22% away) | day level 4.5300, re-entry at 4.5500  || resource=srv-daqp02flot8c73ffv6eg instance=srv-daqp02flot8c73ffv6eg-b5nxd
2026-10-02 11:15:14,896 INFO [v33] RE-ENTER AMOD 173 @ 2.4100 = $417 | stop 2.3800 (1.24% away) | back above the 2.3900 that threw us out  || resource=srv-daqp02flot8c73ffv6eg instance=srv-daqp02flot8c73ffv6eg-b5nxd
2026-10-02 11:15:16,395 INFO [v33] RE-ENTER TNON 123 @ 4.7100 = $579 | stop 4.6800 (0.64% away) | back above the 4.6900 that threw us out  || resource=srv-daqp02flot8c73ffv6eg instance=srv-daqp02flot8c73ffv6eg-b5nxd
2026-10-02 11:15:20,238 INFO engine up: VERSION v31-r23 | v31, v32, v33 | one data connection | orphan mode adopt | baseline last_equity | quote-confirm on | odd-lot filter on | stop-ref bid | book every 120s | no entries after 19:00 | exposure cap 95% | position cap 25% | min stop 1% | session 04:00-20:00 ET | flatten 19:00 ET | dead exit 10 min  || resource=srv-daqp02flot8c73ffv6eg instance=srv-daqp02flot8c73ffv6eg-fm8t9
2026-10-02 11:15:22,793 INFO [v32] EXIT stop TNON 46 @ 4.5800 | entry 4.6000 peak 4.5800 stop 4.5900 | held 0s | P/L -0.92 (-0.43% of the trade, -0.01% of the account)  || resource=srv-daqp02flot8c73ffv6eg instance=srv-daqp02flot8c73ffv6eg-fm8t9
2026-10-02 11:15:25,950 INFO [v32] ENTER TNON 46 @ 4.5700 = $210 | stop 4.5600 (0.22% away) | day level 4.5700, re-entry at 4.5900  || resource=srv-daqp02flot8c73ffv6eg instance=srv-daqp02flot8c73ffv6eg-fm8t9
2026-10-02 11:15:28,655 CRITICAL [v33] AMOD STILL HOLDING 7 share(s) after 8 chase attempts - the exit did not complete. This position is unprotected until the next pass.  || resource=srv-daqp02flot8c73ffv6eg instance=srv-daqp02flot8c73ffv6eg-fm8t9
2026-10-02 11:15:28,729 INFO [v33] EXIT half-back AMOD 173 @ 2.4200 | entry 2.4203 peak 2.4298 stop 2.4250 | held 0s | P/L -0.05 (-0.01% of the trade, -0.00% of the account)  || resource=srv-daqp02flot8c73ffv6eg instance=srv-daqp02flot8c73ffv6eg-fm8t9
2026-10-02 11:15:29,133 CRITICAL [v33] TNON STILL HOLDING 20 share(s) after 8 chase attempts - the exit did not complete. This position is unprotected until the next pass.  || resource=srv-daqp02flot8c73ffv6eg instance=srv-daqp02flot8c73ffv6eg-b5nxd
2026-10-02 11:15:29,206 INFO [v33] EXIT half-back TNON 123 @ 4.7200 | entry 4.7100 peak 4.7499 stop 4.7300 | held 13s | P/L +1.23 (+0.21% of the trade, +0.01% of the account)  || resource=srv-daqp02flot8c73ffv6eg instance=srv-daqp02flot8c73ffv6eg-b5nxd
2026-10-02 11:15:29,247 INFO [v32] EXIT stop TNON 46 @ 4.5200 | entry 4.5300 peak 4.5300 stop 4.5200 | held 16s | P/L -0.46 (-0.22% of the trade, -0.00% of the account)  || resource=srv-daqp02flot8c73ffv6eg instance=srv-daqp02flot8c73ffv6eg-b5nxd
2026-10-02 11:15:29,261 INFO [v32] EXIT stop TNON 46 @ 4.5400 | entry 4.5700 peak 4.5700 stop 4.5600 | held 3s | P/L -1.38 (-0.66% of the trade, -0.01% of the account)  || resource=srv-daqp02flot8c73ffv6eg instance=srv-daqp02flot8c73ffv6eg-fm8t9
2026-10-02 11:15:30,681 INFO [v32] RE-ENTER TNON 46 @ 4.5600 = $210 | stop 4.5200 (0.88% away) | day level 4.5300, re-entry at 4.5500  || resource=srv-daqp02flot8c73ffv6eg instance=srv-daqp02flot8c73ffv6eg-b5nxd
2026-10-02 11:15:33,300 INFO [v33] EXIT half-back TNON 20 @ 4.5800 | entry 4.6000 peak 4.6000 stop 4.5900 | held 0s | P/L -0.40 (-0.43% of the trade, -0.00% of the account)  || resource=srv-daqp02flot8c73ffv6eg instance=srv-daqp02flot8c73ffv6eg-fm8t9
2026-10-02 11:15:33,556 INFO [v33] EXIT half-back TNON 0 @ 4.5800 | entry 4.6000 peak 4.6000 stop 4.5900 | held 0s | P/L -0.00 (-0.43% of the trade, -0.00% of the account)  || resource=srv-daqp02flot8c73ffv6eg instance=srv-daqp02flot8c73ffv6eg-fm8t9
2026-10-02 11:15:35,769 INFO [v32] RE-ENTER TNON 46 @ 4.5900 = $211 | stop 4.5600 (0.65% away) | day level 4.5700, re-entry at 4.5900  || resource=srv-daqp02flot8c73ffv6eg instance=srv-daqp02flot8c73ffv6eg-fm8t9
2026-10-02 11:15:37,055 INFO [v33] RE-ENTER TNON 88 @ 4.7400 = $417 | stop 4.7100 (0.63% away) | back above the 4.7200 that threw us out  || resource=srv-daqp02flot8c73ffv6eg instance=srv-daqp02flot8c73ffv6eg-b5nxd
2026-10-02 11:15:38,285 CRITICAL [v32] TNON STILL HOLDING 46 share(s) after 8 chase attempts - the exit did not complete. This position is unprotected until the next pass.  || resource=srv-daqp02flot8c73ffv6eg instance=srv-daqp02flot8c73ffv6eg-fm8t9
2026-10-02 11:15:38,358 INFO [v32] EXIT stop TNON 46 @ 4.5600 | entry 4.5900 peak 4.5900 stop 4.5600 | held 3s | P/L -1.38 (-0.65% of the trade, -0.01% of the account)  || resource=srv-daqp02flot8c73ffv6eg instance=srv-daqp02flot8c73ffv6eg-fm8t9
2026-10-02 11:15:43,005 INFO [v32] RE-ENTER TNON 47 @ 4.5900 = $216 | stop 4.5600 (0.65% away) | day level 4.5700, re-entry at 4.5900  || resource=srv-daqp02flot8c73ffv6eg instance=srv-daqp02flot8c73ffv6eg-fm8t9
2026-10-02 11:15:45,407 INFO [v33] EXIT half-back TNON 108 @ 4.5800 | entry 4.6000 peak 4.6000 stop 4.5900 | held 0s | P/L -2.16 (-0.43% of the trade, -0.01% of the account)  || resource=srv-daqp02flot8c73ffv6eg instance=srv-daqp02flot8c73ffv6eg-fm8t9
2026-10-02 11:15:45,559 INFO [v33] EXIT half-back TNON 0 @ 4.5800 | entry 4.6000 peak 4.6000 stop 4.5900 | held 0s | P/L -0.00 (-0.43% of the trade, -0.00% of the account)  || resource=srv-daqp02flot8c73ffv6eg instance=srv-daqp02flot8c73ffv6eg-fm8t9
2026-10-02 11:15:45,584 INFO [v33] EXIT half-back AMOD 7 @ 2.4200 | entry 2.4100 peak 2.4300 stop 2.4200 | held 31s | P/L +0.07 (+0.41% of the trade, +0.00% of the account)  || resource=srv-daqp02flot8c73ffv6eg instance=srv-daqp02flot8c73ffv6eg-b5nxd
2026-10-02 11:15:45,731 INFO [v33] EXIT half-back TNON 0 @ 4.5800 | entry 4.6000 peak 4.6000 stop 4.5900 | held 0s | P/L -0.00 (-0.43% of the trade, -0.00% of the account)  || resource=srv-daqp02flot8c73ffv6eg instance=srv-daqp02flot8c73ffv6eg-fm8t9
2026-10-02 11:15:47,047 CRITICAL [v32] TNON STILL HOLDING 46 share(s) after 8 chase attempts - the exit did not complete. This position is unprotected until the next pass.  || resource=srv-daqp02flot8c73ffv6eg instance=srv-daqp02flot8c73ffv6eg-fm8t9
2026-10-02 11:15:47,120 INFO [v32] EXIT stop TNON 47 @ 4.5600 | entry 4.5900 peak 4.5900 stop 4.5600 | held 4s | P/L -1.41 (-0.65% of the trade, -0.01% of the account)  || resource=srv-daqp02flot8c73ffv6eg instance=srv-daqp02flot8c73ffv6eg-fm8t9
2026-10-02 11:15:49,029 INFO [v33] EXIT half-back TNON 0 @ 4.5800 | entry 4.6000 peak 4.6000 stop 4.5900 | held 0s | P/L -0.00 (-0.43% of the trade, -0.00% of the account)  || resource=srv-daqp02flot8c73ffv6eg instance=srv-daqp02flot8c73ffv6eg-fm8t9
2026-10-02 11:15:49,183 INFO [v33] EXIT half-back TNON 0 @ 4.5800 | entry 4.6000 peak 4.6000 stop 4.5900 | held 0s | P/L -0.00 (-0.43% of the trade, -0.00% of the account)  || resource=srv-daqp02flot8c73ffv6eg instance=srv-daqp02flot8c73ffv6eg-fm8t9
2026-10-02 11:15:52,724 INFO [v33] RE-ENTER SDEV 79 @ 5.2900 = $418 | stop 5.2600 (0.57% away) | back above the 5.2700 that threw us out  || resource=srv-daqp02flot8c73ffv6eg instance=srv-daqp02flot8c73ffv6eg-b5nxd
2026-10-02 11:15:57,010 INFO [v33] RE-ENTER TNON 155 @ 4.7500 = $736 | stop 4.7100 (0.84% away) | back above the 4.7200 that threw us out  || resource=srv-daqp02flot8c73ffv6eg instance=srv-daqp02flot8c73ffv6eg-b5nxd
2026-10-02 11:16:01,123 INFO [v33] EXIT half-back TNON 155 @ 4.7000 | entry 4.7500 peak 4.7500 stop 4.7100 | held 4s | P/L -7.75 (-1.05% of the trade, -0.04% of the account)  || resource=srv-daqp02flot8c73ffv6eg instance=srv-daqp02flot8c73ffv6eg-b5nxd
2026-10-02 11:16:04,621 INFO [v33] EXIT half-back TNMG 85 @ 4.8900 | entry 4.9006 peak 4.9006 stop 4.8906 | held 0s | P/L -0.90 (-0.22% of the trade, -0.00% of the account)  || resource=srv-daqp02flot8c73ffv6eg instance=srv-daqp02flot8c73ffv6eg-fm8t9
2026-10-02 11:16:06,380 INFO [v32] RE-ENTER TNON 60 @ 4.5900 = $275 | stop 4.5600 (0.65% away) | day level 4.5700, re-entry at 4.5900  || resource=srv-daqp02flot8c73ffv6eg instance=srv-daqp02flot8c73ffv6eg-fm8t9
2026-10-02 11:16:09,069 INFO [v33] RE-ENTER TNON 88 @ 4.7343 = $417 | stop 4.6900 (0.94% away) | back above the 4.7000 that threw us out  || resource=srv-daqp02flot8c73ffv6eg instance=srv-daqp02flot8c73ffv6eg-b5nxd
2026-10-02 11:16:10,529 CRITICAL [v32] TNON STILL HOLDING 46 share(s) after 8 chase attempts - the exit did not complete. This position is unprotected until the next pass.  || resource=srv-daqp02flot8c73ffv6eg instance=srv-daqp02flot8c73ffv6eg-fm8t9
2026-10-02 11:16:10,610 INFO [v32] EXIT stop TNON 60 @ 4.5500 | entry 4.5900 peak 4.5900 stop 4.5600 | held 4s | P/L -2.40 (-0.87% of the trade, -0.02% of the account)  || resource=srv-daqp02flot8c73ffv6eg instance=srv-daqp02flot8c73ffv6eg-fm8t9
2026-10-02 11:16:13,080 CRITICAL [v33] TNON STILL HOLDING 73 share(s) after 8 chase attempts - the exit did not complete. This position is unprotected until the next pass.  || resource=srv-daqp02flot8c73ffv6eg instance=srv-daqp02flot8c73ffv6eg-fm8t9
2026-10-02 11:16:13,153 INFO [v33] EXIT half-back TNON 15 @ 4.5780 | entry 4.6000 peak 4.6000 stop 4.5900 | held 0s | P/L -0.33 (-0.48% of the trade, -0.00% of the account)  || resource=srv-daqp02flot8c73ffv6eg instance=srv-daqp02flot8c73ffv6eg-fm8t9
2026-10-02 11:16:13,857 INFO [v32] RE-ENTER TNON 58 @ 4.5900 = $266 | stop 4.5600 (0.65% away) | day level 4.5700, re-entry at 4.5900  || resource=srv-daqp02flot8c73ffv6eg instance=srv-daqp02flot8c73ffv6eg-fm8t9
2026-10-02 11:16:17,583 INFO [v33] RE-ENTER TNON 90 @ 4.6000 = $414 | stop 4.5680 (0.70% away) | back above the 4.5780 that threw us out  || resource=srv-daqp02flot8c73ffv6eg instance=srv-daqp02flot8c73ffv6eg-fm8t9
2026-10-02 11:16:18,874 INFO [v33] ENTER AIXI 314 @ 1.4000 = $440 | stop 1.3700 (2.14% away) | first entry, stop from the bid  || resource=srv-daqp02flot8c73ffv6eg instance=srv-daqp02flot8c73ffv6eg-fm8t9
2026-10-02 11:16:23,026 INFO [v33] ENTER SDEV 78 @ 5.3100 = $414 | stop 5.2700 (0.75% away) | first entry, stop from the bid  || resource=srv-daqp02flot8c73ffv6eg instance=srv-daqp02flot8c73ffv6eg-fm8t9
2026-10-02 11:16:28,562 INFO [v33] EXIT half-back TNON 163 @ 4.5400 | entry 4.6000 peak 4.6000 stop 4.5680 | held 11s | P/L -9.78 (-1.30% of the trade, -0.05% of the account)  || resource=srv-daqp02flot8c73ffv6eg instance=srv-daqp02flot8c73ffv6eg-fm8t9
2026-10-02 11:16:29,771 INFO [v33] RE-ENTER TNON 145 @ 4.5600 = $661 | stop 4.5300 (0.66% away) | back above the 4.5400 that threw us out  || resource=srv-daqp02flot8c73ffv6eg instance=srv-daqp02flot8c73ffv6eg-fm8t9
2026-10-02 11:16:34,835 INFO [v33] EXIT half-back TNON 145 @ 4.5300 | entry 4.5600 peak 4.5600 stop 4.5300 | held 5s | P/L -4.35 (-0.66% of the trade, -0.02% of the account)  || resource=srv-daqp02flot8c73ffv6eg instance=srv-daqp02flot8c73ffv6eg-fm8t9
2026-10-02 11:16:36,151 INFO [v33] RE-ENTER AMOD 171 @ 2.4400 = $417 | stop 2.4100 (1.23% away) | back above the 2.4200 that threw us out  || resource=srv-daqp02flot8c73ffv6eg instance=srv-daqp02flot8c73ffv6eg-fm8t9
2026-10-02 11:16:36,965 INFO [v33] ENTER SSM 157 @ 2.6500 = $416 | stop 2.6100 (1.51% away) | first entry, stop from the bid  || resource=srv-daqp02flot8c73ffv6eg instance=srv-daqp02flot8c73ffv6eg-fm8t9
2026-10-02 11:16:41,027 INFO [v33] RE-ENTER TNON 91 @ 4.5600 = $415 | stop 4.5200 (0.88% away) | back above the 4.5300 that threw us out  || resource=srv-daqp02flot8c73ffv6eg instance=srv-daqp02flot8c73ffv6eg-fm8t9
2026-10-02 11:16:46,255 INFO [v33] EXIT half-back SSM 157 @ 2.6500 | entry 2.6500 peak 2.6600 stop 2.6550 | held 6s | P/L +0.00 (+0.00% of the trade, +0.00% of the account)  || resource=srv-daqp02flot8c73ffv6eg instance=srv-daqp02flot8c73ffv6eg-fm8t9
2026-10-02 11:16:47,238 INFO [v33] EXIT half-back TNON 91 @ 4.5600 | entry 4.5600 peak 4.5800 stop 4.5700 | held 6s | P/L +0.00 (+0.00% of the trade, +0.00% of the account)  || resource=srv-daqp02flot8c73ffv6eg instance=srv-daqp02flot8c73ffv6eg-fm8t9
2026-10-02 11:16:50,173 INFO [v32] EXIT stop TNON 127 @ 4.5500 | entry 4.5900 peak 4.5900 stop 4.5600 | held 36s | P/L -5.08 (-0.87% of the trade, -0.05% of the account)  || resource=srv-daqp02flot8c73ffv6eg instance=srv-daqp02flot8c73ffv6eg-fm8t9
2026-10-02 11:16:52,125 INFO [v33] RE-ENTER SSM 292 @ 2.6700 = $780 | stop 2.6400 (1.12% away) | back above the 2.6500 that threw us out  || resource=srv-daqp02flot8c73ffv6eg instance=srv-daqp02flot8c73ffv6eg-fm8t9
2026-10-02 11:16:52,853 INFO [v33] RE-ENTER TNON 91 @ 4.5800 = $417 | stop 4.5500 (0.66% away) | back above the 4.5600 that threw us out  || resource=srv-daqp02flot8c73ffv6eg instance=srv-daqp02flot8c73ffv6eg-fm8t9
2026-10-02 11:16:58,562 INFO [v33] EXIT half-back TNON 91 @ 4.5900 | entry 4.5800 peak 4.6000 stop 4.5900 | held 6s | P/L +0.91 (+0.22% of the trade, +0.00% of the account)  || resource=srv-daqp02flot8c73ffv6eg instance=srv-daqp02flot8c73ffv6eg-fm8t9
2026-10-02 11:16:59,557 INFO [v33] RE-ENTER TNON 90 @ 4.6200 = $416 | stop 4.5800 (0.87% away) | back above the 4.5900 that threw us out  || resource=srv-daqp02flot8c73ffv6eg instance=srv-daqp02flot8c73ffv6eg-fm8t9
2026-10-02 11:17:07,674 INFO [v33] EXIT half-back TNON 90 @ 4.6200 | entry 4.6200 peak 4.6300 stop 4.6250 | held 8s | P/L +0.00 (+0.00% of the trade, +0.00% of the account)  || resource=srv-daqp02flot8c73ffv6eg instance=srv-daqp02flot8c73ffv6eg-fm8t9
2026-10-02 11:17:11,327 INFO [v32] RE-ENTER TNON 46 @ 4.6000 = $212 | stop 4.5600 (0.87% away) | day level 4.5700, re-entry at 4.5900  || resource=srv-daqp02flot8c73ffv6eg instance=srv-daqp02flot8c73ffv6eg-fm8t9
2026-10-02 11:17:13,477 INFO [v33] EXIT half-back AMOD 171 @ 2.4100 | entry 2.4400 peak 2.4400 stop 2.4100 | held 37s | P/L -5.13 (-1.23% of the trade, -0.02% of the account)  || resource=srv-daqp02flot8c73ffv6eg instance=srv-daqp02flot8c73ffv6eg-fm8t9
2026-10-02 11:17:17,516 INFO [v33] EXIT half-back SSM 292 @ 2.6790 | entry 2.6700 peak 2.6900 stop 2.6800 | held 25s | P/L +2.63 (+0.34% of the trade, +0.01% of the account)  || resource=srv-daqp02flot8c73ffv6eg instance=srv-daqp02flot8c73ffv6eg-fm8t9
2026-10-02 11:17:18,506 INFO [v33] RE-ENTER AMOD 171 @ 2.4300 = $416 | stop 2.4000 (1.23% away) | back above the 2.4100 that threw us out  || resource=srv-daqp02flot8c73ffv6eg instance=srv-daqp02flot8c73ffv6eg-fm8t9
2026-10-02 11:17:22,552 INFO [v33] EXIT half-back AMOD 171 @ 2.4311 | entry 0.0000 peak 0.0000 stop 0.0000 | held 4s | P/L +0.00 (+0.00% of the trade, +0.00% of the account)  || resource=srv-daqp02flot8c73ffv6eg instance=srv-daqp02flot8c73ffv6eg-fm8t9
2026-10-02 11:17:23,845 INFO [v33] RE-ENTER AMOD 169 @ 2.4600 = $416 | stop 2.4211 (1.58% away) | back above the 2.4311 that threw us out  || resource=srv-daqp02flot8c73ffv6eg instance=srv-daqp02flot8c73ffv6eg-fm8t9
2026-10-02 11:17:33,754 INFO [v33] EXIT half-back AMOD 169 @ 2.4615 | entry 2.4600 peak 2.4700 stop 2.4650 | held 10s | P/L +0.25 (+0.06% of the trade, +0.00% of the account)  || resource=srv-daqp02flot8c73ffv6eg instance=srv-daqp02flot8c73ffv6eg-fm8t9
2026-10-02 11:17:34,745 INFO [v33] RE-ENTER AMOD 167 @ 2.4900 = $416 | stop 2.4515 (1.55% away) | back above the 2.4615 that threw us out  || resource=srv-daqp02flot8c73ffv6eg instance=srv-daqp02flot8c73ffv6eg-fm8t9
2026-10-02 11:17:38,841 INFO [v33] EXIT half-back AMOD 167 @ 2.4900 | entry 2.4900 peak 2.5000 stop 2.4950 | held 4s | P/L +0.00 (+0.00% of the trade, +0.00% of the account)  || resource=srv-daqp02flot8c73ffv6eg instance=srv-daqp02flot8c73ffv6eg-fm8t9
2026-10-02 11:17:43,421 INFO [v33] RE-ENTER TNMG 94 @ 4.9100 = $462 | stop 4.8800 (0.61% away) | back above the 4.8900 that threw us out  || resource=srv-daqp02flot8c73ffv6eg instance=srv-daqp02flot8c73ffv6eg-fm8t9
2026-10-02 11:17:46,096 INFO [v33] EXIT half-back TNMG 94 @ 4.9000 | entry 4.9100 peak 4.9200 stop 4.9150 | held 3s | P/L -0.94 (-0.20% of the trade, -0.00% of the account)  || resource=srv-daqp02flot8c73ffv6eg instance=srv-daqp02flot8c73ffv6eg-fm8t9
2026-10-02 11:17:50,650 INFO [v33] RE-ENTER TNON 128 @ 4.6400 = $594 | stop 4.6100 (0.65% away) | back above the 4.6200 that threw us out  || resource=srv-daqp02flot8c73ffv6eg instance=srv-daqp02flot8c73ffv6eg-fm8t9
2026-10-02 11:17:58,080 CRITICAL [v33] TNON STILL HOLDING 40 share(s) after 8 chase attempts - the exit did not complete. This position is unprotected until the next pass.  || resource=srv-daqp02flot8c73ffv6eg instance=srv-daqp02flot8c73ffv6eg-fm8t9
2026-10-02 11:17:58,155 INFO [v33] EXIT half-back TNON 128 @ 4.6000 | entry 4.6400 peak 4.6400 stop 4.6100 | held 7s | P/L -5.12 (-0.86% of the trade, -0.02% of the account)  || resource=srv-daqp02flot8c73ffv6eg instance=srv-daqp02flot8c73ffv6eg-fm8t9
2026-10-02 11:17:58,896 INFO [v33] RE-ENTER TNON 90 @ 4.6254 = $416 | stop 4.5900 (0.77% away) | back above the 4.6000 that threw us out  || resource=srv-daqp02flot8c73ffv6eg instance=srv-daqp02flot8c73ffv6eg-fm8t9
2026-10-02 11:18:05,879 CRITICAL [v33] TNON STILL HOLDING 40 share(s) after 8 chase attempts - the exit did not complete. This position is unprotected until the next pass.  || resource=srv-daqp02flot8c73ffv6eg instance=srv-daqp02flot8c73ffv6eg-fm8t9
2026-10-02 11:18:05,954 INFO [v33] EXIT half-back TNON 90 @ 4.6108 | entry 4.6254 peak 4.6300 stop 4.6277 | held 7s | P/L -1.31 (-0.32% of the trade, -0.01% of the account)  || resource=srv-daqp02flot8c73ffv6eg instance=srv-daqp02flot8c73ffv6eg-fm8t9
2026-10-02 11:18:11,697 INFO [v33] EXIT half-back ONG 116 @ 5.6000 | entry 5.5700 peak 5.6390 stop 5.6045 | held 0s | P/L +3.48 (+0.54% of the trade, +0.02% of the account)  || resource=srv-daqp02flot8c73ffv6eg instance=srv-daqp02flot8c73ffv6eg-fm8t9
2026-10-02 11:18:16,540 INFO [v33] RE-ENTER TNMG 95 @ 4.9200 = $467 | stop 4.8900 (0.61% away) | back above the 4.9000 that threw us out  || resource=srv-daqp02flot8c73ffv6eg instance=srv-daqp02flot8c73ffv6eg-fm8t9
2026-10-02 11:18:25,436 INFO [v33] EXIT half-back TNMG 95 @ 4.9300 | entry 4.9200 peak 4.9400 stop 4.9300 | held 9s | P/L +0.95 (+0.20% of the trade, +0.00% of the account)  || resource=srv-daqp02flot8c73ffv6eg instance=srv-daqp02flot8c73ffv6eg-fm8t9
2026-10-02 11:18:28,491 INFO [v32] EXIT stop TNON 46 @ 4.5600 | entry 4.6000 peak 4.6000 stop 4.5600 | held 77s | P/L -1.84 (-0.87% of the trade, -0.02% of the account)  || resource=srv-daqp02flot8c73ffv6eg instance=srv-daqp02flot8c73ffv6eg-fm8t9
2026-10-02 11:18:30,051 INFO [v32] EXIT stop DBGI 38 @ 5.4788 | entry 5.7200 peak 5.4800 stop 5.7100 | held 0s | P/L -9.17 (-4.22% of the trade, -0.09% of the account)  || resource=srv-daqp02flot8c73ffv6eg instance=srv-daqp02flot8c73ffv6eg-fm8t9
2026-10-02 11:18:30,945 INFO [v33] EXIT half-back TNON 40 @ 4.5800 | entry 4.5969 peak 4.6000 stop 4.5985 | held 32s | P/L -0.68 (-0.37% of the trade, -0.00% of the account)  || resource=srv-daqp02flot8c73ffv6eg instance=srv-daqp02flot8c73ffv6eg-fm8t9
2026-10-02 11:18:31,835 INFO [v33] RE-ENTER TNMG 84 @ 4.9500 = $416 | stop 4.9200 (0.61% away) | back above the 4.9300 that threw us out  || resource=srv-daqp02flot8c73ffv6eg instance=srv-daqp02flot8c73ffv6eg-fm8t9
2026-10-02 11:18:32,868 INFO [v33] RE-ENTER TNON 90 @ 4.6000 = $414 | stop 4.5700 (0.65% away) | back above the 4.5800 that threw us out  || resource=srv-daqp02flot8c73ffv6eg instance=srv-daqp02flot8c73ffv6eg-fm8t9
2026-10-02 11:18:39,322 INFO [v32] RE-ENTER TNON 46 @ 4.6000 = $212 | stop 4.5600 (0.87% away) | day level 4.5700, re-entry at 4.5900  || resource=srv-daqp02flot8c73ffv6eg instance=srv-daqp02flot8c73ffv6eg-fm8t9
2026-10-02 11:18:42,012 INFO [v32] EXIT stop TNON 46 @ 4.5516 | entry 4.6000 peak 4.6000 stop 4.5600 | held 3s | P/L -2.23 (-1.05% of the trade, -0.02% of the account)  || resource=srv-daqp02flot8c73ffv6eg instance=srv-daqp02flot8c73ffv6eg-fm8t9
2026-10-02 11:18:44,820 INFO [v32] EXIT stop SGRX 130 @ 1.6100 | entry 1.6300 peak 1.6201 stop 1.6200 | held 0s | P/L -2.60 (-1.23% of the trade, -0.02% of the account)  || resource=srv-daqp02flot8c73ffv6eg instance=srv-daqp02flot8c73ffv6eg-fm8t9
2026-10-02 11:18:44,866 INFO [v33] EXIT half-back TNON 90 @ 4.5893 | entry 4.6000 peak 4.6300 stop 4.6150 | held 12s | P/L -0.96 (-0.23% of the trade, -0.00% of the account)  || resource=srv-daqp02flot8c73ffv6eg instance=srv-daqp02flot8c73ffv6eg-fm8t9
2026-10-02 11:18:46,719 INFO [v33] RE-ENTER TNON 116 @ 4.6400 = $538 | stop 4.5793 (1.31% away) | back above the 4.5893 that threw us out  || resource=srv-daqp02flot8c73ffv6eg instance=srv-daqp02flot8c73ffv6eg-fm8t9
2026-10-02 11:18:48,555 INFO [v32] ENTER SGRX 146 @ 1.6100 = $235 | stop 1.6000 (0.62% away) | day level 1.6100, re-entry at 1.6300  || resource=srv-daqp02flot8c73ffv6eg instance=srv-daqp02flot8c73ffv6eg-fm8t9
2026-10-02 11:18:50,830 INFO [v33] EXIT half-back TNMG 84 @ 4.9188 | entry 4.9500 peak 4.9500 stop 4.9200 | held 19s | P/L -2.62 (-0.63% of the trade, -0.01% of the account)  || resource=srv-daqp02flot8c73ffv6eg instance=srv-daqp02flot8c73ffv6eg-fm8t9
2026-10-02 11:18:52,597 INFO [v33] RE-ENTER TNMG 120 @ 4.9400 = $593 | stop 4.9088 (0.63% away) | back above the 4.9188 that threw us out  || resource=srv-daqp02flot8c73ffv6eg instance=srv-daqp02flot8c73ffv6eg-fm8t9
2026-10-02 11:18:58,024 CRITICAL [v33] TNON STILL HOLDING 4 share(s) after 8 chase attempts - the exit did not complete. This position is unprotected until the next pass.  || resource=srv-daqp02flot8c73ffv6eg instance=srv-daqp02flot8c73ffv6eg-fm8t9
2026-10-02 11:18:58,097 INFO [v33] EXIT half-back TNON 116 @ 4.6310 | entry 4.6400 peak 4.6500 stop 4.6450 | held 11s | P/L -1.04 (-0.19% of the trade, -0.01% of the account)  || resource=srv-daqp02flot8c73ffv6eg instance=srv-daqp02flot8c73ffv6eg-fm8t9
2026-10-02 11:18:58,818 INFO [v33] RE-ENTER TNON 89 @ 4.6600 = $415 | stop 4.6210 (0.84% away) | back above the 4.6310 that threw us out  || resource=srv-daqp02flot8c73ffv6eg instance=srv-daqp02flot8c73ffv6eg-fm8t9
2026-10-02 11:19:04,818 CRITICAL [v33] TNON STILL HOLDING 4 share(s) after 8 chase attempts - the exit did not complete. This position is unprotected until the next pass.  || resource=srv-daqp02flot8c73ffv6eg instance=srv-daqp02flot8c73ffv6eg-fm8t9
2026-10-02 11:19:04,893 INFO [v33] EXIT half-back TNON 89 @ 4.6800 | entry 4.6600 peak 4.7181 stop 4.6890 | held 6s | P/L +1.78 (+0.43% of the trade, +0.01% of the account)  || resource=srv-daqp02flot8c73ffv6eg instance=srv-daqp02flot8c73ffv6eg-fm8t9
2026-10-02 11:19:09,318 INFO [v33] EXIT half-back DBGI 96 @ 5.4788 | entry 5.7200 peak 5.7200 stop 5.7100 | held 0s | P/L -23.16 (-4.22% of the trade, -0.11% of the account)  || resource=srv-daqp02flot8c73ffv6eg instance=srv-daqp02flot8c73ffv6eg-fm8t9
2026-10-02 11:19:14,809 INFO [v33] EXIT half-back SDEV 157 @ 5.2700 | entry 5.3100 peak 5.3100 stop 5.2700 | held 172s | P/L -6.28 (-0.75% of the trade, -0.03% of the account)  || resource=srv-daqp02flot8c73ffv6eg instance=srv-daqp02flot8c73ffv6eg-fm8t9
2026-10-02 11:19:22,419 CRITICAL [v33] TNMG STILL HOLDING 25 share(s) after 8 chase attempts - the exit did not complete. This position is unprotected until the next pass.  || resource=srv-daqp02flot8c73ffv6eg instance=srv-daqp02flot8c73ffv6eg-fm8t9
2026-10-02 11:19:22,419 INFO [v33] EXIT half-back TNMG 120 @ 4.9400 | entry 4.9400 peak 4.9495 stop 4.9447 | held 30s | P/L +0.00 (+0.00% of the trade, +0.00% of the account)  || resource=srv-daqp02flot8c73ffv6eg instance=srv-daqp02flot8c73ffv6eg-fm8t9
2026-10-02 11:19:26,869 INFO [v33] EXIT half-back SGRX 258 @ 1.6100 | entry 0.0000 peak 0.0000 stop 0.0000 | held 0s | P/L +0.00 (+0.00% of the trade, +0.00% of the account)  || resource=srv-daqp02flot8c73ffv6eg instance=srv-daqp02flot8c73ffv6eg-fm8t9
2026-10-02 11:19:29,237 INFO [v33] EXIT half-back TNMG 25 @ 4.9400 | entry 4.9517 peak 4.9753 stop 4.9635 | held 37s | P/L -0.29 (-0.24% of the trade, -0.00% of the account)  || resource=srv-daqp02flot8c73ffv6eg instance=srv-daqp02flot8c73ffv6eg-fm8t9
2026-10-02 11:19:34,710 INFO [v33] EXIT half-back TNON 4 @ 4.5450 | entry 4.5213 peak 4.5767 stop 4.5490 | held 36s | P/L +0.09 (+0.52% of the trade, +0.00% of the account)  || resource=srv-daqp02flot8c73ffv6eg instance=srv-daqp02flot8c73ffv6eg-fm8t9
2026-10-02 11:19:38,780 INFO [v33] RE-ENTER TNMG 84 @ 4.9600 = $417 | stop 4.9300 (0.60% away) | back above the 4.9400 that threw us out  || resource=srv-daqp02flot8c73ffv6eg instance=srv-daqp02flot8c73ffv6eg-fm8t9
2026-10-02 11:19:41,137 INFO [v33] EXIT half-back TNMG 84 @ 4.9500 | entry 4.9600 peak 4.9700 stop 4.9650 | held 2s | P/L -0.84 (-0.20% of the trade, -0.00% of the account)  || resource=srv-daqp02flot8c73ffv6eg instance=srv-daqp02flot8c73ffv6eg-fm8t9
2026-10-02 11:19:44,938 INFO [v33] RE-ENTER TNMG 84 @ 4.9700 = $417 | stop 4.9400 (0.60% away) | back above the 4.9500 that threw us out  || resource=srv-daqp02flot8c73ffv6eg instance=srv-daqp02flot8c73ffv6eg-fm8t9
2026-10-02 11:19:46,323 INFO [v33] EXIT half-back TNMG 84 @ 4.9810 | entry 4.9700 peak 5.0000 stop 4.9850 | held 1s | P/L +0.92 (+0.22% of the trade, +0.00% of the account)  || resource=srv-daqp02flot8c73ffv6eg instance=srv-daqp02flot8c73ffv6eg-fm8t9
2026-10-02 11:19:51,166 INFO [v33] RE-ENTER TNON 107 @ 4.5700 = $489 | stop 4.5350 (0.77% away) | back above the 4.5450 that threw us out  || resource=srv-daqp02flot8c73ffv6eg instance=srv-daqp02flot8c73ffv6eg-fm8t9
2026-10-02 11:19:56,881 CRITICAL [v33] TNON STILL HOLDING 23 share(s) after 8 chase attempts - the exit did not complete. This position is unprotected until the next pass.  || resource=srv-daqp02flot8c73ffv6eg instance=srv-daqp02flot8c73ffv6eg-fm8t9
2026-10-02 11:19:56,955 INFO [v33] EXIT half-back TNON 107 @ 4.5100 | entry 4.5700 peak 4.5700 stop 4.5350 | held 6s | P/L -6.42 (-1.31% of the trade, -0.03% of the account)  || resource=srv-daqp02flot8c73ffv6eg instance=srv-daqp02flot8c73ffv6eg-fm8t9
2026-10-02 11:19:57,946 INFO [v33] RE-ENTER TNON 92 @ 4.5300 = $417 | stop 4.5000 (0.66% away) | back above the 4.5100 that threw us out  || resource=srv-daqp02flot8c73ffv6eg instance=srv-daqp02flot8c73ffv6eg-fm8t9
2026-10-02 11:20:01,976 CRITICAL [v33] TNON STILL HOLDING 23 share(s) after 8 chase attempts - the exit did not complete. This position is unprotected until the next pass.  || resource=srv-daqp02flot8c73ffv6eg instance=srv-daqp02flot8c73ffv6eg-fm8t9
2026-10-02 11:20:02,049 INFO [v33] EXIT half-back TNON 92 @ 4.5200 | entry 4.5300 peak 4.5700 stop 4.5500 | held 4s | P/L -0.92 (-0.22% of the trade, -0.00% of the account)  || resource=srv-daqp02flot8c73ffv6eg instance=srv-daqp02flot8c73ffv6eg-fm8t9
2026-10-02 11:20:03,821 INFO [v33] RE-ENTER TNON 151 @ 4.5400 = $686 | stop 4.5100 (0.66% away) | back above the 4.5200 that threw us out  || resource=srv-daqp02flot8c73ffv6eg instance=srv-daqp02flot8c73ffv6eg-fm8t9
2026-10-02 11:20:08,567 CRITICAL [v33] TNON STILL HOLDING 54 share(s) after 8 chase attempts - the exit did not complete. This position is unprotected until the next pass.  || resource=srv-daqp02flot8c73ffv6eg instance=srv-daqp02flot8c73ffv6eg-fm8t9
2026-10-02 11:20:08,641 INFO [v33] EXIT half-back TNON 151 @ 4.5518 | entry 4.5400 peak 4.5659 stop 4.5530 | held 5s | P/L +1.78 (+0.26% of the trade, +0.01% of the account)  || resource=srv-daqp02flot8c73ffv6eg instance=srv-daqp02flot8c73ffv6eg-fm8t9
2026-10-02 11:20:19,901 INFO [v33] RE-ENTER TNMG 112 @ 5.0100 = $561 | stop 4.9710 (0.78% away) | back above the 4.9810 that threw us out  || resource=srv-daqp02flot8c73ffv6eg instance=srv-daqp02flot8c73ffv6eg-fm8t9
2026-10-02 11:20:22,359 INFO [v32] EXIT stop NCT 143 @ 1.4900 | entry 1.5500 peak 1.5300 stop 1.5400 | held 0s | P/L -8.58 (-3.87% of the trade, -0.08% of the account)  || resource=srv-daqp02flot8c73ffv6eg instance=srv-daqp02flot8c73ffv6eg-fm8t9
2026-10-02 11:20:23,394 INFO [v33] EXIT half-back TNMG 112 @ 5.0200 | entry 5.0100 peak 5.0400 stop 5.0250 | held 3s | P/L +1.12 (+0.20% of the trade, +0.01% of the account)  || resource=srv-daqp02flot8c73ffv6eg instance=srv-daqp02flot8c73ffv6eg-fm8t9
2026-10-02 11:20:25,673 INFO [v33] RE-ENTER TNMG 108 @ 5.0400 = $544 | stop 5.0100 (0.60% away) | back above the 5.0200 that threw us out  || resource=srv-daqp02flot8c73ffv6eg instance=srv-daqp02flot8c73ffv6eg-fm8t9
2026-10-02 11:20:34,755 CRITICAL [v33] TNMG STILL HOLDING 57 share(s) after 8 chase attempts - the exit did not complete. This position is unprotected until the next pass.  || resource=srv-daqp02flot8c73ffv6eg instance=srv-daqp02flot8c73ffv6eg-fm8t9
2026-10-02 11:20:34,828 INFO [v33] EXIT half-back TNMG 108 @ 5.0100 | entry 5.0400 peak 5.0400 stop 5.0100 | held 9s | P/L -3.24 (-0.60% of the trade, -0.02% of the account)  || resource=srv-daqp02flot8c73ffv6eg instance=srv-daqp02flot8c73ffv6eg-fm8t9
2026-10-02 11:20:39,219 INFO [v33] EXIT half-back TNON 54 @ 4.5101 | entry 4.5396 peak 4.5396 stop 4.5296 | held 35s | P/L -1.59 (-0.65% of the trade, -0.01% of the account)  || resource=srv-daqp02flot8c73ffv6eg instance=srv-daqp02flot8c73ffv6eg-fm8t9
2026-10-02 11:20:40,439 INFO [v33] RE-ENTER TNMG 156 @ 5.0380 = $786 | stop 5.0000 (0.75% away) | back above the 5.0100 that threw us out  || resource=srv-daqp02flot8c73ffv6eg instance=srv-daqp02flot8c73ffv6eg-fm8t9
2026-10-02 11:20:44,520 CRITICAL [v33] TNMG STILL HOLDING 57 share(s) after 8 chase attempts - the exit did not complete. This position is unprotected until the next pass.  || resource=srv-daqp02flot8c73ffv6eg instance=srv-daqp02flot8c73ffv6eg-fm8t9
2026-10-02 11:20:44,593 INFO [v33] EXIT half-back TNMG 156 @ 5.0340 | entry 5.0380 peak 5.0400 stop 5.0390 | held 4s | P/L -0.62 (-0.08% of the trade, -0.00% of the account)  || resource=srv-daqp02flot8c73ffv6eg instance=srv-daqp02flot8c73ffv6eg-fm8t9
2026-10-02 11:20:49,172 INFO [v33] RE-ENTER TNMG 122 @ 5.0600 = $617 | stop 5.0240 (0.71% away) | back above the 5.0340 that threw us out  || resource=srv-daqp02flot8c73ffv6eg instance=srv-daqp02flot8c73ffv6eg-fm8t9
2026-10-02 11:20:57,731 CRITICAL [v33] TNMG STILL HOLDING 57 share(s) after 8 chase attempts - the exit did not complete. This position is unprotected until the next pass.  || resource=srv-daqp02flot8c73ffv6eg instance=srv-daqp02flot8c73ffv6eg-fm8t9
2026-10-02 11:20:57,805 INFO [v33] EXIT half-back TNMG 122 @ 5.0500 | entry 5.0600 peak 5.0700 stop 5.0650 | held 9s | P/L -1.22 (-0.20% of the trade, -0.01% of the account)  || resource=srv-daqp02flot8c73ffv6eg instance=srv-daqp02flot8c73ffv6eg-fm8t9
2026-10-02 11:20:58,532 INFO [v33] RE-ENTER TNMG 82 @ 5.0700 = $416 | stop 5.0400 (0.59% away) | back above the 5.0500 that threw us out  || resource=srv-daqp02flot8c73ffv6eg instance=srv-daqp02flot8c73ffv6eg-fm8t9
2026-10-02 11:21:02,568 CRITICAL [v33] TNMG STILL HOLDING 57 share(s) after 8 chase attempts - the exit did not complete. This position is unprotected until the next pass.  || resource=srv-daqp02flot8c73ffv6eg instance=srv-daqp02flot8c73ffv6eg-fm8t9
2026-10-02 11:21:02,568 INFO [v33] EXIT half-back TNMG 82 @ 5.0400 | entry 5.0700 peak 5.0700 stop 5.0400 | held 4s | P/L -2.46 (-0.59% of the trade, -0.01% of the account)  || resource=srv-daqp02flot8c73ffv6eg instance=srv-daqp02flot8c73ffv6eg-fm8t9
2026-10-02 11:21:03,301 INFO [v33] RE-ENTER TNMG 82 @ 5.0600 = $415 | stop 5.0300 (0.59% away) | back above the 5.0400 that threw us out  || resource=srv-daqp02flot8c73ffv6eg instance=srv-daqp02flot8c73ffv6eg-fm8t9
2026-10-02 11:21:07,691 CRITICAL [v33] TNMG STILL HOLDING 57 share(s) after 8 chase attempts - the exit did not complete. This position is unprotected until the next pass.  || resource=srv-daqp02flot8c73ffv6eg instance=srv-daqp02flot8c73ffv6eg-fm8t9
2026-10-02 11:21:07,775 INFO [v33] EXIT half-back TNMG 82 @ 5.0600 | entry 5.0600 peak 5.0700 stop 5.0650 | held 4s | P/L +0.00 (+0.00% of the trade, +0.00% of the account)  || resource=srv-daqp02flot8c73ffv6eg instance=srv-daqp02flot8c73ffv6eg-fm8t9
2026-10-02 11:21:08,797 INFO [v33] RE-ENTER TNMG 82 @ 5.0800 = $417 | stop 5.0500 (0.59% away) | back above the 5.0600 that threw us out  || resource=srv-daqp02flot8c73ffv6eg instance=srv-daqp02flot8c73ffv6eg-fm8t9
2026-10-02 11:21:13,179 CRITICAL [v33] TNMG STILL HOLDING 57 share(s) after 8 chase attempts - the exit did not complete. This position is unprotected until the next pass.  || resource=srv-daqp02flot8c73ffv6eg instance=srv-daqp02flot8c73ffv6eg-fm8t9
2026-10-02 11:21:13,266 INFO [v33] EXIT half-back TNMG 82 @ 5.0900 | entry 5.0800 peak 5.1000 stop 5.0900 | held 4s | P/L +0.82 (+0.20% of the trade, +0.00% of the account)  || resource=srv-daqp02flot8c73ffv6eg instance=srv-daqp02flot8c73ffv6eg-fm8t9
2026-10-02 11:21:15,042 INFO [v33] RE-ENTER TNMG 97 @ 5.1100 = $496 | stop 5.0800 (0.59% away) | back above the 5.0900 that threw us out  || resource=srv-daqp02flot8c73ffv6eg instance=srv-daqp02flot8c73ffv6eg-fm8t9
2026-10-02 11:21:20,748 CRITICAL [v33] TNMG STILL HOLDING 57 share(s) after 8 chase attempts - the exit did not complete. This position is unprotected until the next pass.  || resource=srv-daqp02flot8c73ffv6eg instance=srv-daqp02flot8c73ffv6eg-fm8t9
2026-10-02 11:21:20,822 INFO [v33] EXIT half-back TNMG 97 @ 5.1203 | entry 5.1100 peak 5.1400 stop 5.1250 | held 6s | P/L +1.00 (+0.20% of the trade, +0.00% of the account)  || resource=srv-daqp02flot8c73ffv6eg instance=srv-daqp02flot8c73ffv6eg-fm8t9
2026-10-02 11:21:25,112 INFO [v33] RE-ENTER TNMG 84 @ 5.1497 = $433 | stop 5.1103 (0.77% away) | back above the 5.1203 that threw us out  || resource=srv-daqp02flot8c73ffv6eg instance=srv-daqp02flot8c73ffv6eg-fm8t9
2026-10-02 11:21:29,942 CRITICAL [v33] TNMG STILL HOLDING 57 share(s) after 8 chase attempts - the exit did not complete. This position is unprotected until the next pass.  || resource=srv-daqp02flot8c73ffv6eg instance=srv-daqp02flot8c73ffv6eg-fm8t9
2026-10-02 11:21:30,015 INFO [v33] EXIT half-back TNMG 84 @ 5.1246 | entry 5.1497 peak 5.1500 stop 5.1499 | held 5s | P/L -2.11 (-0.49% of the trade, -0.01% of the account)  || resource=srv-daqp02flot8c73ffv6eg instance=srv-daqp02flot8c73ffv6eg-fm8t9
2026-10-02 11:21:34,702 INFO [v33] RE-ENTER TNMG 108 @ 5.1500 = $556 | stop 5.1146 (0.69% away) | back above the 5.1246 that threw us out  || resource=srv-daqp02flot8c73ffv6eg instance=srv-daqp02flot8c73ffv6eg-fm8t9
2026-10-02 11:21:40,890 CRITICAL [v33] TNMG STILL HOLDING 57 share(s) after 8 chase attempts - the exit did not complete. This position is unprotected until the next pass.  || resource=srv-daqp02flot8c73ffv6eg instance=srv-daqp02flot8c73ffv6eg-fm8t9
2026-10-02 11:21:40,963 INFO [v33] EXIT half-back TNMG 108 @ 5.1100 | entry 5.1500 peak 5.1500 stop 5.1146 | held 6s | P/L -4.32 (-0.78% of the trade, -0.02% of the account)  || resource=srv-daqp02flot8c73ffv6eg instance=srv-daqp02flot8c73ffv6eg-fm8t9
2026-10-02 11:21:42,782 INFO [v33] RE-ENTER TNMG 109 @ 5.1300 = $559 | stop 5.1000 (0.58% away) | back above the 5.1100 that threw us out  || resource=srv-daqp02flot8c73ffv6eg instance=srv-daqp02flot8c73ffv6eg-fm8t9
2026-10-02 11:21:47,852 CRITICAL [v33] TNMG STILL HOLDING 58 share(s) after 8 chase attempts - the exit did not complete. This position is unprotected until the next pass.  || resource=srv-daqp02flot8c73ffv6eg instance=srv-daqp02flot8c73ffv6eg-fm8t9
2026-10-02 11:21:47,926 INFO [v33] EXIT half-back TNMG 109 @ 5.1300 | entry 5.1300 peak 5.1354 stop 5.1327 | held 5s | P/L +0.00 (+0.00% of the trade, +0.00% of the account)  || resource=srv-daqp02flot8c73ffv6eg instance=srv-daqp02flot8c73ffv6eg-fm8t9
2026-10-02 11:22:11,223 INFO [v33] RE-ENTER TNMG 133 @ 5.1500 = $685 | stop 5.1200 (0.58% away) | back above the 5.1300 that threw us out  || resource=srv-daqp02flot8c73ffv6eg instance=srv-daqp02flot8c73ffv6eg-fm8t9
2026-10-02 11:22:11,287 INFO [v31] ENTER TNMG 1060 @ 5.1500 = $5459 (27% of equity) | stop 4.9900 (3.11% away) | trigger 5.1427  || resource=srv-daqp02flot8c73ffv6eg instance=srv-daqp02flot8c73ffv6eg-fm8t9
2026-10-02 11:22:16,924 CRITICAL [v33] TNMG STILL HOLDING 80 share(s) after 8 chase attempts - the exit did not complete. This position is unprotected until the next pass.  || resource=srv-daqp02flot8c73ffv6eg instance=srv-daqp02flot8c73ffv6eg-fm8t9
2026-10-02 11:22:16,998 INFO [v33] EXIT half-back TNMG 133 @ 5.1500 | entry 5.1500 peak 5.1598 stop 5.1549 | held 6s | P/L +0.00 (+0.00% of the trade, +0.00% of the account)  || resource=srv-daqp02flot8c73ffv6eg instance=srv-daqp02flot8c73ffv6eg-fm8t9
2026-10-02 11:22:17,754 INFO [v33] RE-ENTER TNMG 80 @ 5.1700 = $414 | stop 5.1400 (0.58% away) | back above the 5.1500 that threw us out  || resource=srv-daqp02flot8c73ffv6eg instance=srv-daqp02flot8c73ffv6eg-fm8t9
2026-10-02 11:22:21,691 CRITICAL [v33] TNMG STILL HOLDING 80 share(s) after 8 chase attempts - the exit did not complete. This position is unprotected until the next pass.  || resource=srv-daqp02flot8c73ffv6eg instance=srv-daqp02flot8c73ffv6eg-fm8t9
2026-10-02 11:22:21,692 INFO [v33] EXIT half-back TNMG 80 @ 5.1400 | entry 5.1700 peak 5.1700 stop 5.1400 | held 4s | P/L -2.40 (-0.58% of the trade, -0.01% of the account)  || resource=srv-daqp02flot8c73ffv6eg instance=srv-daqp02flot8c73ffv6eg-fm8t9
2026-10-02 11:22:22,690 INFO [v33] RE-ENTER TNMG 80 @ 5.1600 = $413 | stop 5.1300 (0.58% away) | back above the 5.1400 that threw us out  || resource=srv-daqp02flot8c73ffv6eg instance=srv-daqp02flot8c73ffv6eg-fm8t9
2026-10-02 11:22:23,060 CRITICAL [v31] TNMG STILL HOLDING 29 share(s) after 8 chase attempts - the exit did not complete. This position is unprotected until the next pass.  || resource=srv-daqp02flot8c73ffv6eg instance=srv-daqp02flot8c73ffv6eg-fm8t9
2026-10-02 11:22:25,256 CRITICAL [v33] TNMG STILL HOLDING 80 share(s) after 8 chase attempts - the exit did not complete. This position is unprotected until the next pass.  || resource=srv-daqp02flot8c73ffv6eg instance=srv-daqp02flot8c73ffv6eg-fm8t9
2026-10-02 11:22:25,330 INFO [v33] EXIT half-back TNMG 80 @ 5.1400 | entry 5.1600 peak 5.1700 stop 5.1650 | held 3s | P/L -1.60 (-0.39% of the trade, -0.01% of the account)  || resource=srv-daqp02flot8c73ffv6eg instance=srv-daqp02flot8c73ffv6eg-fm8t9
2026-10-02 11:22:26,548 INFO [v33] RE-ENTER TNMG 104 @ 5.1700 = $538 | stop 5.1300 (0.77% away) | back above the 5.1400 that threw us out  || resource=srv-daqp02flot8c73ffv6eg instance=srv-daqp02flot8c73ffv6eg-fm8t9
2026-10-02 11:22:27,639 INFO [v31] EXIT entry-stop TNMG 29 @ 5.1500 | entry 5.1607 peak 5.1500 stop 5.1507 | held 16s | P/L -0.31 (-0.21% of the trade, -0.00% of the account)  || resource=srv-daqp02flot8c73ffv6eg instance=srv-daqp02flot8c73ffv6eg-fm8t9
2026-10-02 11:22:28,291 CRITICAL [v33] TNMG STILL HOLDING 80 share(s) after 8 chase attempts - the exit did not complete. This position is unprotected until the next pass.  || resource=srv-daqp02flot8c73ffv6eg instance=srv-daqp02flot8c73ffv6eg-fm8t9
2026-10-02 11:22:28,291 INFO [v33] EXIT half-back TNMG 104 @ 5.1300 | entry 5.1700 peak 5.1700 stop 5.1300 | held 2s | P/L -4.16 (-0.77% of the trade, -0.02% of the account)  || resource=srv-daqp02flot8c73ffv6eg instance=srv-daqp02flot8c73ffv6eg-fm8t9
2026-10-02 11:22:29,840 INFO [v33] RE-ENTER TNMG 83 @ 5.1500 = $427 | stop 5.1200 (0.58% away) | back above the 5.1300 that threw us out  || resource=srv-daqp02flot8c73ffv6eg instance=srv-daqp02flot8c73ffv6eg-fm8t9
2026-10-02 11:22:35,235 CRITICAL [v33] TNMG STILL HOLDING 81 share(s) after 8 chase attempts - the exit did not complete. This position is unprotected until the next pass.  || resource=srv-daqp02flot8c73ffv6eg instance=srv-daqp02flot8c73ffv6eg-fm8t9
2026-10-02 11:22:35,309 INFO [v33] EXIT half-back TNMG 83 @ 5.1100 | entry 5.1500 peak 5.1500 stop 5.1200 | held 5s | P/L -3.32 (-0.78% of the trade, -0.02% of the account)  || resource=srv-daqp02flot8c73ffv6eg instance=srv-daqp02flot8c73ffv6eg-fm8t9
2026-10-02 11:22:36,800 INFO [v33] RE-ENTER TNMG 133 @ 5.1395 = $684 | stop 5.1000 (0.77% away) | back above the 5.1100 that threw us out  || resource=srv-daqp02flot8c73ffv6eg instance=srv-daqp02flot8c73ffv6eg-fm8t9
2026-10-02 11:22:57,592 INFO [v32] ENTER QXL 46 @ 4.5300 = $208 | stop 4.2400 (6.40% away) | day level 4.5300, re-entry at 4.5500  || resource=srv-daqp02flot8c73ffv6eg instance=srv-daqp02flot8c73ffv6eg-fm8t9
2026-10-02 11:22:58,462 INFO [v33] ENTER QXL 92 @ 4.5500 = $419 | stop 4.2400 (6.81% away) | first entry, stop from the bid  || resource=srv-daqp02flot8c73ffv6eg instance=srv-daqp02flot8c73ffv6eg-fm8t9
2026-10-02 11:23:03,877 CRITICAL [v33] TNMG STILL HOLDING 82 share(s) after 8 chase attempts - the exit did not complete. This position is unprotected until the next pass.  || resource=srv-daqp02flot8c73ffv6eg instance=srv-daqp02flot8c73ffv6eg-fm8t9
2026-10-02 11:23:03,954 INFO [v33] EXIT half-back TNMG 133 @ 5.1401 | entry 5.1395 peak 5.1499 stop 5.1447 | held 27s | P/L +0.08 (+0.01% of the trade, +0.00% of the account)  || resource=srv-daqp02flot8c73ffv6eg instance=srv-daqp02flot8c73ffv6eg-fm8t9
2026-10-02 11:23:05,055 INFO [v33] RE-ENTER TNON 92 @ 4.5381 = $418 | stop 4.5001 (0.84% away) | back above the 4.5101 that threw us out  || resource=srv-daqp02flot8c73ffv6eg instance=srv-daqp02flot8c73ffv6eg-fm8t9
2026-10-02 11:23:09,456 INFO [v33] EXIT half-back TNON 92 @ 4.4900 | entry 4.5381 peak 4.5381 stop 4.5001 | held 4s | P/L -4.43 (-1.06% of the trade, -0.02% of the account)  || resource=srv-daqp02flot8c73ffv6eg instance=srv-daqp02flot8c73ffv6eg-fm8t9
2026-10-02 11:23:11,230 INFO [v33] RE-ENTER TNON 137 @ 4.5300 = $621 | stop 4.4800 (1.10% away) | back above the 4.4900 that threw us out  || resource=srv-daqp02flot8c73ffv6eg instance=srv-daqp02flot8c73ffv6eg-fm8t9
2026-10-02 11:23:17,319 CRITICAL [v33] TNON STILL HOLDING 22 share(s) after 8 chase attempts - the exit did not complete. This position is unprotected until the next pass.  || resource=srv-daqp02flot8c73ffv6eg instance=srv-daqp02flot8c73ffv6eg-fm8t9
2026-10-02 11:23:17,394 INFO [v33] EXIT half-back TNON 137 @ 4.5300 | entry 4.5300 peak 4.5390 stop 4.5345 | held 6s | P/L +0.00 (+0.00% of the trade, +0.00% of the account)  || resource=srv-daqp02flot8c73ffv6eg instance=srv-daqp02flot8c73ffv6eg-fm8t9
2026-10-02 11:23:18,323 INFO [v32] RE-ENTER TNON 46 @ 4.5900 = $211 | stop 4.5600 (0.65% away) | day level 4.5700, re-entry at 4.5900  || resource=srv-daqp02flot8c73ffv6eg instance=srv-daqp02flot8c73ffv6eg-fm8t9
2026-10-02 11:23:18,402 INFO [v33] RE-ENTER TNON 91 @ 4.5500 = $414 | stop 4.5200 (0.66% away) | back above the 4.5300 that threw us out  || resource=srv-daqp02flot8c73ffv6eg instance=srv-daqp02flot8c73ffv6eg-fm8t9
2026-10-02 11:23:22,714 CRITICAL [v33] TNON STILL HOLDING 22 share(s) after 8 chase attempts - the exit did not complete. This position is unprotected until the next pass.  || resource=srv-daqp02flot8c73ffv6eg instance=srv-daqp02flot8c73ffv6eg-fm8t9
2026-10-02 11:23:22,788 INFO [v33] EXIT half-back TNON 91 @ 4.5382 | entry 4.5500 peak 4.5554 stop 4.5527 | held 4s | P/L -1.07 (-0.26% of the trade, -0.01% of the account)  || resource=srv-daqp02flot8c73ffv6eg instance=srv-daqp02flot8c73ffv6eg-fm8t9
2026-10-02 11:23:27,642 INFO [v33] RE-ENTER TNON 159 @ 4.5600 = $725 | stop 4.5282 (0.70% away) | back above the 4.5382 that threw us out  || resource=srv-daqp02flot8c73ffv6eg instance=srv-daqp02flot8c73ffv6eg-fm8t9
2026-10-02 11:23:29,785 INFO [v33] EXIT half-back TNMG 82 @ 5.0200 | entry 5.1367 peak 5.1367 stop 5.1267 | held 53s | P/L -9.57 (-2.27% of the trade, -0.05% of the account)  || resource=srv-daqp02flot8c73ffv6eg instance=srv-daqp02flot8c73ffv6eg-fm8t9
2026-10-02 11:23:34,886 CRITICAL [v33] TNON STILL HOLDING 22 share(s) after 8 chase attempts - the exit did not complete. This position is unprotected until the next pass.  || resource=srv-daqp02flot8c73ffv6eg instance=srv-daqp02flot8c73ffv6eg-fm8t9
2026-10-02 11:23:34,960 INFO [v33] EXIT half-back TNON 159 @ 4.5608 | entry 4.5600 peak 4.5700 stop 4.5650 | held 7s | P/L +0.13 (+0.02% of the trade, +0.00% of the account)  || resource=srv-daqp02flot8c73ffv6eg instance=srv-daqp02flot8c73ffv6eg-fm8t9
2026-10-02 11:23:38,760 INFO [v33] RE-ENTER TNON 90 @ 4.5900 = $413 | stop 4.5508 (0.85% away) | back above the 4.5608 that threw us out  || resource=srv-daqp02flot8c73ffv6eg instance=srv-daqp02flot8c73ffv6eg-fm8t9
2026-10-02 11:23:41,109 CRITICAL [v33] TNON STILL HOLDING 22 share(s) after 8 chase attempts - the exit did not complete. This position is unprotected until the next pass.  || resource=srv-daqp02flot8c73ffv6eg instance=srv-daqp02flot8c73ffv6eg-fm8t9
2026-10-02 11:23:41,201 INFO [v33] EXIT half-back TNON 90 @ 4.5801 | entry 4.5900 peak 4.6000 stop 4.5950 | held 2s | P/L -0.89 (-0.22% of the trade, -0.00% of the account)  || resource=srv-daqp02flot8c73ffv6eg instance=srv-daqp02flot8c73ffv6eg-fm8t9
2026-10-02 11:23:47,177 INFO [v33] RE-ENTER TNON 97 @ 4.6300 = $449 | stop 4.5701 (1.29% away) | back above the 4.5801 that threw us out  || resource=srv-daqp02flot8c73ffv6eg instance=srv-daqp02flot8c73ffv6eg-fm8t9
2026-10-02 11:23:57,191 CRITICAL [v33] TNON STILL HOLDING 22 share(s) after 8 chase attempts - the exit did not complete. This position is unprotected until the next pass.  || resource=srv-daqp02flot8c73ffv6eg instance=srv-daqp02flot8c73ffv6eg-fm8t9
2026-10-02 11:23:57,266 INFO [v33] EXIT half-back TNON 97 @ 4.6301 | entry 4.6300 peak 4.6500 stop 4.6400 | held 10s | P/L +0.01 (+0.00% of the trade, +0.00% of the account)  || resource=srv-daqp02flot8c73ffv6eg instance=srv-daqp02flot8c73ffv6eg-fm8t9
2026-10-02 11:23:58,263 INFO [v33] RE-ENTER TNON 89 @ 4.6597 = $415 | stop 4.6201 (0.85% away) | back above the 4.6301 that threw us out  || resource=srv-daqp02flot8c73ffv6eg instance=srv-daqp02flot8c73ffv6eg-fm8t9
2026-10-02 11:24:14,954 INFO [v33] EXIT half-back AIXI 392 @ 1.4000 | entry 1.4000 peak 1.4100 stop 1.4050 | held 476s | P/L +0.00 (+0.00% of the trade, +0.00% of the account)  || resource=srv-daqp02flot8c73ffv6eg instance=srv-daqp02flot8c73ffv6eg-fm8t9
2026-10-02 11:24:18,986 CRITICAL [v33] TNON STILL HOLDING 22 share(s) after 8 chase attempts - the exit did not complete. This position is unprotected until the next pass.  || resource=srv-daqp02flot8c73ffv6eg instance=srv-daqp02flot8c73ffv6eg-fm8t9
2026-10-02 11:24:18,986 INFO [v33] EXIT half-back TNON 89 @ 4.6100 | entry 4.6597 peak 4.6597 stop 4.6201 | held 21s | P/L -4.42 (-1.07% of the trade, -0.02% of the account)  || resource=srv-daqp02flot8c73ffv6eg instance=srv-daqp02flot8c73ffv6eg-fm8t9
2026-10-02 11:24:20,013 INFO [v33] RE-ENTER TNON 90 @ 4.6300 = $417 | stop 4.6000 (0.65% away) | back above the 4.6100 that threw us out  || resource=srv-daqp02flot8c73ffv6eg instance=srv-daqp02flot8c73ffv6eg-fm8t9
2026-10-02 11:24:28,898 INFO [v33] EXIT half-back TNON 112 @ 4.6390 | entry 4.6300 peak 4.6500 stop 4.6400 | held 9s | P/L +1.01 (+0.19% of the trade, +0.00% of the account)  || resource=srv-daqp02flot8c73ffv6eg instance=srv-daqp02flot8c73ffv6eg-fm8t9
2026-10-02 11:24:34,383 INFO [v31] ENTER AMOD 2150 @ 2.3400 = $5031 (25% of equity) | stop 2.3166 (1.00% away) | trigger 2.3301  || resource=srv-daqp02flot8c73ffv6eg instance=srv-daqp02flot8c73ffv6eg-fm8t9
2026-10-02 11:24:41,492 INFO [v33] RE-ENTER TNON 90 @ 4.6600 = $419 | stop 4.6290 (0.67% away) | back above the 4.6390 that threw us out  || resource=srv-daqp02flot8c73ffv6eg instance=srv-daqp02flot8c73ffv6eg-fm8t9
2026-10-02 11:24:48,729 CRITICAL [v33] TNON STILL HOLDING 3 share(s) after 8 chase attempts - the exit did not complete. This position is unprotected until the next pass.  || resource=srv-daqp02flot8c73ffv6eg instance=srv-daqp02flot8c73ffv6eg-fm8t9
2026-10-02 11:24:48,805 INFO [v33] EXIT half-back TNON 90 @ 4.6700 | entry 4.6600 peak 4.7000 stop 4.6800 | held 7s | P/L +0.90 (+0.21% of the trade, +0.00% of the account)  || resource=srv-daqp02flot8c73ffv6eg instance=srv-daqp02flot8c73ffv6eg-fm8t9
2026-10-02 11:24:49,667 INFO [v33] RE-ENTER TNON 88 @ 4.7100 = $414 | stop 4.6600 (1.06% away) | back above the 4.6700 that threw us out  || resource=srv-daqp02flot8c73ffv6eg instance=srv-daqp02flot8c73ffv6eg-fm8t9
2026-10-02 11:24:52,472 CRITICAL [v33] TNON STILL HOLDING 3 share(s) after 8 chase attempts - the exit did not complete. This position is unprotected until the next pass.  || resource=srv-daqp02flot8c73ffv6eg instance=srv-daqp02flot8c73ffv6eg-fm8t9
2026-10-02 11:24:52,473 INFO [v33] EXIT half-back TNON 88 @ 4.6800 | entry 4.7100 peak 4.7200 stop 4.7150 | held 3s | P/L -2.64 (-0.64% of the trade, -0.01% of the account)  || resource=srv-daqp02flot8c73ffv6eg instance=srv-daqp02flot8c73ffv6eg-fm8t9
2026-10-02 11:24:53,972 INFO [v33] RE-ENTER TNON 96 @ 4.7189 = $453 | stop 4.6700 (1.04% away) | back above the 4.6800 that threw us out  || resource=srv-daqp02flot8c73ffv6eg instance=srv-daqp02flot8c73ffv6eg-fm8t9
2026-10-02 11:24:55,485 CRITICAL [v33] TNON STILL HOLDING 10 share(s) after 8 chase attempts - the exit did not complete. This position is unprotected until the next pass.  || resource=srv-daqp02flot8c73ffv6eg instance=srv-daqp02flot8c73ffv6eg-fm8t9
2026-10-02 11:24:55,560 INFO [v33] EXIT half-back TNON 96 @ 4.6700 | entry 4.7189 peak 4.7189 stop 4.6700 | held 2s | P/L -4.69 (-1.04% of the trade, -0.02% of the account)  || resource=srv-daqp02flot8c73ffv6eg instance=srv-daqp02flot8c73ffv6eg-fm8t9
2026-10-02 11:24:59,981 INFO [v33] RE-ENTER TNON 89 @ 4.6900 = $417 | stop 4.6600 (0.64% away) | back above the 4.6700 that threw us out  || resource=srv-daqp02flot8c73ffv6eg instance=srv-daqp02flot8c73ffv6eg-fm8t9
2026-10-02 11:25:07,482 CRITICAL [v33] TNON STILL HOLDING 10 share(s) after 8 chase attempts - the exit did not complete. This position is unprotected until the next pass.  || resource=srv-daqp02flot8c73ffv6eg instance=srv-daqp02flot8c73ffv6eg-fm8t9
2026-10-02 11:25:07,558 INFO [v33] EXIT half-back TNON 89 @ 4.6800 | entry 4.6900 peak 4.7000 stop 4.6950 | held 8s | P/L -0.89 (-0.21% of the trade, -0.00% of the account)  || resource=srv-daqp02flot8c73ffv6eg instance=srv-daqp02flot8c73ffv6eg-fm8t9
2026-10-02 11:25:12,784 INFO [v33] RE-ENTER TNON 105 @ 4.7000 = $494 | stop 4.6700 (0.64% away) | back above the 4.6800 that threw us out  || resource=srv-daqp02flot8c73ffv6eg instance=srv-daqp02flot8c73ffv6eg-fm8t9
2026-10-02 11:25:14,719 CRITICAL [v33] TNON STILL HOLDING 10 share(s) after 8 chase attempts - the exit did not complete. This position is unprotected until the next pass.  || resource=srv-daqp02flot8c73ffv6eg instance=srv-daqp02flot8c73ffv6eg-fm8t9
2026-10-02 11:25:14,793 INFO [v33] EXIT half-back TNON 105 @ 4.7000 | entry 4.7000 peak 4.7300 stop 4.7150 | held 2s | P/L +0.00 (+0.00% of the trade, +0.00% of the account)  || resource=srv-daqp02flot8c73ffv6eg instance=srv-daqp02flot8c73ffv6eg-fm8t9
2026-10-02 11:25:16,627 INFO [v33] RE-ENTER TNON 130 @ 4.7238 = $614 | stop 4.6900 (0.72% away) | back above the 4.7000 that threw us out  || resource=srv-daqp02flot8c73ffv6eg instance=srv-daqp02flot8c73ffv6eg-fm8t9
2026-10-02 11:25:18,821 CRITICAL [v33] TNON STILL HOLDING 11 share(s) after 8 chase attempts - the exit did not complete. This position is unprotected until the next pass.  || resource=srv-daqp02flot8c73ffv6eg instance=srv-daqp02flot8c73ffv6eg-fm8t9
2026-10-02 11:25:18,821 INFO [v33] EXIT half-back TNON 130 @ 4.7000 | entry 4.7238 peak 4.7297 stop 4.7268 | held 2s | P/L -3.09 (-0.50% of the trade, -0.01% of the account)  || resource=srv-daqp02flot8c73ffv6eg instance=srv-daqp02flot8c73ffv6eg-fm8t9
2026-10-02 11:25:20,323 INFO [v33] RE-ENTER TNON 144 @ 4.7287 = $681 | stop 4.6900 (0.82% away) | back above the 4.7000 that threw us out  || resource=srv-daqp02flot8c73ffv6eg instance=srv-daqp02flot8c73ffv6eg-fm8t9
2026-10-02 11:25:24,917 CRITICAL [v33] TNON STILL HOLDING 11 share(s) after 8 chase attempts - the exit did not complete. This position is unprotected until the next pass.  || resource=srv-daqp02flot8c73ffv6eg instance=srv-daqp02flot8c73ffv6eg-fm8t9
2026-10-02 11:25:24,917 INFO [v33] EXIT half-back TNON 144 @ 4.7285 | entry 4.7287 peak 4.7300 stop 4.7294 | held 5s | P/L -0.03 (-0.00% of the trade, -0.00% of the account)  || resource=srv-daqp02flot8c73ffv6eg instance=srv-daqp02flot8c73ffv6eg-fm8t9
2026-10-02 11:25:24,947 INFO [v32] EXIT dead-tape RECT 162 @ 1.3600 | entry 1.3600 peak 1.3600 stop 1.3500 | held 0s | P/L +0.00 (+0.00% of the trade, +0.00% of the account)  || resource=srv-daqp02flot8c73ffv6eg instance=srv-daqp02flot8c73ffv6eg-fm8t9
2026-10-02 11:25:33,953 INFO [v33] EXIT dead-tape RECT 345 @ 1.3600 | entry 1.3600 peak 1.3600 stop 1.3500 | held 0s | P/L +0.00 (+0.00% of the trade, +0.00% of the account)  || resource=srv-daqp02flot8c73ffv6eg instance=srv-daqp02flot8c73ffv6eg-fm8t9
2026-10-02 11:25:34,180 INFO [v33] EXIT half-back TNON 11 @ 4.6700 | entry 4.7126 peak 4.7126 stop 4.7026 | held 14s | P/L -0.47 (-0.90% of the trade, -0.00% of the account)  || resource=srv-daqp02flot8c73ffv6eg instance=srv-daqp02flot8c73ffv6eg-fm8t9
2026-10-02 11:25:38,184 INFO [v33] RE-ENTER AIXI 294 @ 1.4200 = $417 | stop 1.3900 (2.11% away) | back above the 1.4000 that threw us out  || resource=srv-daqp02flot8c73ffv6eg instance=srv-daqp02flot8c73ffv6eg-fm8t9
2026-10-02 11:26:01,979 INFO [v32] EXIT stop TNON 46 @ 4.5600 | entry 4.5900 peak 4.5900 stop 4.5600 | held 164s | P/L -1.38 (-0.65% of the trade, -0.01% of the account)  || resource=srv-daqp02flot8c73ffv6eg instance=srv-daqp02flot8c73ffv6eg-fm8t9
2026-10-02 11:26:02,994 INFO [v32] RE-ENTER TNON 46 @ 4.5900 = $211 | stop 4.5600 (0.65% away) | day level 4.5700, re-entry at 4.5900  || resource=srv-daqp02flot8c73ffv6eg instance=srv-daqp02flot8c73ffv6eg-fm8t9
2026-10-02 11:26:04,259 INFO [v32] EXIT stop TNON 46 @ 4.5600 | entry 4.5900 peak 4.5900 stop 4.5600 | held 1s | P/L -1.38 (-0.65% of the trade, -0.01% of the account)  || resource=srv-daqp02flot8c73ffv6eg instance=srv-daqp02flot8c73ffv6eg-fm8t9
2026-10-02 11:26:05,252 INFO [v32] RE-ENTER TNON 46 @ 4.6000 = $212 | stop 4.5600 (0.87% away) | day level 4.5700, re-entry at 4.5900  || resource=srv-daqp02flot8c73ffv6eg instance=srv-daqp02flot8c73ffv6eg-fm8t9
2026-10-02 11:26:07,321 INFO [v32] EXIT stop TNON 46 @ 4.5600 | entry 4.6000 peak 4.6000 stop 4.5600 | held 2s | P/L -1.84 (-0.87% of the trade, -0.02% of the account)  || resource=srv-daqp02flot8c73ffv6eg instance=srv-daqp02flot8c73ffv6eg-fm8t9
2026-10-02 11:26:08,344 INFO [v32] RE-ENTER TNON 46 @ 4.5900 = $211 | stop 4.5600 (0.65% away) | day level 4.5700, re-entry at 4.5900  || resource=srv-daqp02flot8c73ffv6eg instance=srv-daqp02flot8c73ffv6eg-fm8t9
2026-10-02 11:26:28,478 INFO [v33] RE-ENTER TNON 119 @ 4.6900 = $558 | stop 4.6600 (0.64% away) | back above the 4.6700 that threw us out  || resource=srv-daqp02flot8c73ffv6eg instance=srv-daqp02flot8c73ffv6eg-fm8t9
2026-10-02 11:26:30,908 INFO [v33] EXIT half-back TNON 119 @ 4.6401 | entry 4.6900 peak 4.6900 stop 4.6600 | held 2s | P/L -5.94 (-1.06% of the trade, -0.03% of the account)  || resource=srv-daqp02flot8c73ffv6eg instance=srv-daqp02flot8c73ffv6eg-fm8t9
2026-10-02 11:26:32,676 INFO [v33] RE-ENTER TNON 91 @ 4.6900 = $427 | stop 4.6301 (1.28% away) | back above the 4.6401 that threw us out  || resource=srv-daqp02flot8c73ffv6eg instance=srv-daqp02flot8c73ffv6eg-fm8t9
2026-10-02 11:26:35,144 INFO [v32] EXIT dead-tape ALP 78 @ 4.5500 | entry 4.7000 peak 4.5500 stop 4.6900 | held 0s | P/L -11.70 (-3.19% of the trade, -0.11% of the account)  || resource=srv-daqp02flot8c73ffv6eg instance=srv-daqp02flot8c73ffv6eg-fm8t9
2026-10-02 11:26:40,334 INFO [v32] EXIT stop SGRX 199 @ 1.6000 | entry 1.6100 peak 1.6100 stop 1.6000 | held 472s | P/L -1.99 (-0.62% of the trade, -0.02% of the account)  || resource=srv-daqp02flot8c73ffv6eg instance=srv-daqp02flot8c73ffv6eg-fm8t9
2026-10-02 11:26:44,514 INFO [v33] EXIT half-back AIXI 294 @ 1.4300 | entry 1.4200 peak 1.4400 stop 1.4300 | held 66s | P/L +2.94 (+0.70% of the trade, +0.01% of the account)  || resource=srv-daqp02flot8c73ffv6eg instance=srv-daqp02flot8c73ffv6eg-fm8t9
2026-10-02 11:26:46,514 INFO [v33] ENTER ONX 49 @ 8.9595 = $439 | stop 8.9000 (0.66% away) | first entry, stop from the bid  || resource=srv-daqp02flot8c73ffv6eg instance=srv-daqp02flot8c73ffv6eg-fm8t9
2026-10-02 11:26:46,515 INFO [v32] ENTER ONX 35 @ 8.9595 = $314 | stop 8.9000 (0.66% away) | day level 8.9595, re-entry at 8.9795  || resource=srv-daqp02flot8c73ffv6eg instance=srv-daqp02flot8c73ffv6eg-fm8t9
2026-10-02 11:26:47,877 INFO [v33] RE-ENTER AIXI 288 @ 1.4500 = $418 | stop 1.4200 (2.07% away) | back above the 1.4300 that threw us out  || resource=srv-daqp02flot8c73ffv6eg instance=srv-daqp02flot8c73ffv6eg-fm8t9
2026-10-02 11:26:51,837 CRITICAL [v33] TNON STILL HOLDING 85 share(s) after 8 chase attempts - the exit did not complete. This position is unprotected until the next pass.  || resource=srv-daqp02flot8c73ffv6eg instance=srv-daqp02flot8c73ffv6eg-fm8t9
2026-10-02 11:26:51,915 INFO [v33] EXIT half-back TNON 91 @ 4.6210 | entry 4.6900 peak 4.6900 stop 4.6301 | held 19s | P/L -6.28 (-1.47% of the trade, -0.03% of the account)  || resource=srv-daqp02flot8c73ffv6eg instance=srv-daqp02flot8c73ffv6eg-fm8t9
2026-10-02 11:26:55,050 INFO [v33] RE-ENTER TNON 139 @ 4.6496 = $646 | stop 4.6110 (0.83% away) | back above the 4.6210 that threw us out  || resource=srv-daqp02flot8c73ffv6eg instance=srv-daqp02flot8c73ffv6eg-fm8t9
2026-10-02 11:27:00,220 CRITICAL [v33] TNON STILL HOLDING 100 share(s) after 8 chase attempts - the exit did not complete. This position is unprotected until the next pass.  || resource=srv-daqp02flot8c73ffv6eg instance=srv-daqp02flot8c73ffv6eg-fm8t9
2026-10-02 11:27:00,295 INFO [v33] EXIT half-back TNON 139 @ 4.6400 | entry 4.6496 peak 4.6500 stop 4.6498 | held 5s | P/L -1.33 (-0.21% of the trade, -0.01% of the account)  || resource=srv-daqp02flot8c73ffv6eg instance=srv-daqp02flot8c73ffv6eg-fm8t9
2026-10-02 11:27:04,734 INFO [v33] RE-ENTER TNON 89 @ 4.6600 = $415 | stop 4.6300 (0.64% away) | back above the 4.6400 that threw us out  || resource=srv-daqp02flot8c73ffv6eg instance=srv-daqp02flot8c73ffv6eg-fm8t9
2026-10-02 11:27:06,917 CRITICAL [v33] TNON STILL HOLDING 100 share(s) after 8 chase attempts - the exit did not complete. This position is unprotected until the next pass.  || resource=srv-daqp02flot8c73ffv6eg instance=srv-daqp02flot8c73ffv6eg-fm8t9
2026-10-02 11:27:06,991 INFO [v33] EXIT half-back TNON 89 @ 4.6660 | entry 4.6600 peak 4.6800 stop 4.6700 | held 2s | P/L +0.53 (+0.13% of the trade, +0.00% of the account)  || resource=srv-daqp02flot8c73ffv6eg instance=srv-daqp02flot8c73ffv6eg-fm8t9
2026-10-02 11:27:08,015 INFO [v33] RE-ENTER TNON 89 @ 4.6900 = $417 | stop 4.6560 (0.72% away) | back above the 4.6660 that threw us out  || resource=srv-daqp02flot8c73ffv6eg instance=srv-daqp02flot8c73ffv6eg-fm8t9
2026-10-02 11:27:09,468 CRITICAL [v33] TNON STILL HOLDING 100 share(s) after 8 chase attempts - the exit did not complete. This position is unprotected until the next pass.  || resource=srv-daqp02flot8c73ffv6eg instance=srv-daqp02flot8c73ffv6eg-fm8t9
2026-10-02 11:27:09,468 INFO [v33] EXIT half-back TNON 89 @ 4.6801 | entry 4.6900 peak 4.7000 stop 4.6950 | held 1s | P/L -0.88 (-0.21% of the trade, -0.00% of the account)  || resource=srv-daqp02flot8c73ffv6eg instance=srv-daqp02flot8c73ffv6eg-fm8t9
2026-10-02 11:27:20,179 INFO [v33] RE-ENTER TNON 156 @ 4.7100 = $735 | stop 4.6701 (0.85% away) | back above the 4.6801 that threw us out  || resource=srv-daqp02flot8c73ffv6eg instance=srv-daqp02flot8c73ffv6eg-fm8t9
2026-10-02 11:27:25,385 CRITICAL [v33] TNON STILL HOLDING 104 share(s) after 8 chase attempts - the exit did not complete. This position is unprotected until the next pass.  || resource=srv-daqp02flot8c73ffv6eg instance=srv-daqp02flot8c73ffv6eg-fm8t9
2026-10-02 11:27:25,386 INFO [v33] EXIT half-back TNON 156 @ 4.7100 | entry 4.7100 peak 4.7200 stop 4.7150 | held 5s | P/L +0.00 (+0.00% of the trade, +0.00% of the account)  || resource=srv-daqp02flot8c73ffv6eg instance=srv-daqp02flot8c73ffv6eg-fm8t9
2026-10-02 11:27:27,912 INFO [v33] RE-ENTER TNON 136 @ 4.7400 = $645 | stop 4.7000 (0.84% away) | back above the 4.7100 that threw us out  || resource=srv-daqp02flot8c73ffv6eg instance=srv-daqp02flot8c73ffv6eg-fm8t9
2026-10-02 11:27:30,153 CRITICAL [v33] TNON STILL HOLDING 104 share(s) after 8 chase attempts - the exit did not complete. This position is unprotected until the next pass.  || resource=srv-daqp02flot8c73ffv6eg instance=srv-daqp02flot8c73ffv6eg-fm8t9
2026-10-02 11:27:30,226 INFO [v33] EXIT half-back TNON 136 @ 4.7000 | entry 4.7400 peak 4.7400 stop 4.7000 | held 2s | P/L -5.44 (-0.84% of the trade, -0.03% of the account)  || resource=srv-daqp02flot8c73ffv6eg instance=srv-daqp02flot8c73ffv6eg-fm8t9
2026-10-02 11:27:32,757 INFO [v33] RE-ENTER TNON 96 @ 4.7200 = $453 | stop 4.6900 (0.64% away) | back above the 4.7000 that threw us out  || resource=srv-daqp02flot8c73ffv6eg instance=srv-daqp02flot8c73ffv6eg-fm8t9
2026-10-02 11:27:37,645 INFO [v32] EXIT stop TNON 46 @ 4.5600 | entry 4.5900 peak 4.5900 stop 4.5600 | held 89s | P/L -1.38 (-0.65% of the trade, -0.01% of the account)  || resource=srv-daqp02flot8c73ffv6eg instance=srv-daqp02flot8c73ffv6eg-fm8t9
2026-10-02 11:27:39,129 INFO [v32] RE-ENTER TNON 72 @ 4.6000 = $331 | stop 4.5600 (0.87% away) | day level 4.5700, re-entry at 4.5900  || resource=srv-daqp02flot8c73ffv6eg instance=srv-daqp02flot8c73ffv6eg-fm8t9
2026-10-02 11:27:39,544 CRITICAL [v33] TNON STILL HOLDING 137 share(s) after 8 chase attempts - the exit did not complete. This position is unprotected until the next pass.  || resource=srv-daqp02flot8c73ffv6eg instance=srv-daqp02flot8c73ffv6eg-fm8t9
2026-10-02 11:27:39,617 INFO [v33] EXIT half-back TNON 96 @ 4.7000 | entry 4.7200 peak 4.7400 stop 4.7300 | held 7s | P/L -1.92 (-0.42% of the trade, -0.01% of the account)  || resource=srv-daqp02flot8c73ffv6eg instance=srv-daqp02flot8c73ffv6eg-fm8t9
2026-10-02 11:27:43,248 INFO [v33] RE-ENTER TNON 88 @ 4.7400 = $417 | stop 4.6900 (1.05% away) | back above the 4.7000 that threw us out  || resource=srv-daqp02flot8c73ffv6eg instance=srv-daqp02flot8c73ffv6eg-fm8t9
2026-10-02 11:27:44,941 INFO [v32] EXIT stop TNON 72 @ 4.5400 | entry 4.6000 peak 4.6000 stop 4.5600 | held 6s | P/L -4.32 (-1.30% of the trade, -0.04% of the account)  || resource=srv-daqp02flot8c73ffv6eg instance=srv-daqp02flot8c73ffv6eg-fm8t9
2026-10-02 11:27:45,429 CRITICAL [v33] TNON STILL HOLDING 137 share(s) after 8 chase attempts - the exit did not complete. This position is unprotected until the next pass.  || resource=srv-daqp02flot8c73ffv6eg instance=srv-daqp02flot8c73ffv6eg-fm8t9
2026-10-02 11:27:45,502 INFO [v33] EXIT half-back TNON 88 @ 4.7300 | entry 4.7400 peak 4.7500 stop 4.7450 | held 2s | P/L -0.88 (-0.21% of the trade, -0.00% of the account)  || resource=srv-daqp02flot8c73ffv6eg instance=srv-daqp02flot8c73ffv6eg-fm8t9
2026-10-02 11:27:45,939 INFO [v32] RE-ENTER TNON 46 @ 4.5900 = $211 | stop 4.5600 (0.65% away) | day level 4.5700, re-entry at 4.5900  || resource=srv-daqp02flot8c73ffv6eg instance=srv-daqp02flot8c73ffv6eg-fm8t9
2026-10-02 11:27:47,396 INFO [v32] EXIT stop TNON 46 @ 4.5600 | entry 4.5900 peak 4.5900 stop 4.5600 | held 1s | P/L -1.38 (-0.65% of the trade, -0.01% of the account)  || resource=srv-daqp02flot8c73ffv6eg instance=srv-daqp02flot8c73ffv6eg-fm8t9
2026-10-02 11:27:47,917 INFO [v33] RE-ENTER TNON 109 @ 4.7500 = $518 | stop 4.7200 (0.63% away) | back above the 4.7300 that threw us out  || resource=srv-daqp02flot8c73ffv6eg instance=srv-daqp02flot8c73ffv6eg-fm8t9
2026-10-02 11:27:48,943 INFO [v32] RE-ENTER TNON 89 @ 4.5900 = $409 | stop 4.5600 (0.65% away) | day level 4.5700, re-entry at 4.5900  || resource=srv-daqp02flot8c73ffv6eg instance=srv-daqp02flot8c73ffv6eg-fm8t9
2026-10-02 11:27:52,540 CRITICAL [v33] TNON STILL HOLDING 137 share(s) after 8 chase attempts - the exit did not complete. This position is unprotected until the next pass.  || resource=srv-daqp02flot8c73ffv6eg instance=srv-daqp02flot8c73ffv6eg-fm8t9
2026-10-02 11:27:52,614 INFO [v33] EXIT half-back TNON 109 @ 4.7500 | entry 4.7500 peak 4.7700 stop 4.7600 | held 5s | P/L +0.00 (+0.00% of the trade, +0.00% of the account)  || resource=srv-daqp02flot8c73ffv6eg instance=srv-daqp02flot8c73ffv6eg-fm8t9
2026-10-02 11:27:52,686 INFO [v32] EXIT stop TNON 89 @ 4.5600 | entry 4.5900 peak 4.5900 stop 4.5600 | held 4s | P/L -2.67 (-0.65% of the trade, -0.03% of the account)  || resource=srv-daqp02flot8c73ffv6eg instance=srv-daqp02flot8c73ffv6eg-fm8t9
2026-10-02 11:27:54,099 INFO [v33] RE-ENTER TNON 88 @ 4.7700 = $420 | stop 4.7400 (0.63% away) | back above the 4.7500 that threw us out  || resource=srv-daqp02flot8c73ffv6eg instance=srv-daqp02flot8c73ffv6eg-fm8t9
2026-10-02 11:27:54,467 INFO [v32] RE-ENTER TNON 75 @ 4.5954 = $345 | stop 4.5600 (0.77% away) | day level 4.5700, re-entry at 4.5900  || resource=srv-daqp02flot8c73ffv6eg instance=srv-daqp02flot8c73ffv6eg-fm8t9
2026-10-02 11:27:55,604 CRITICAL [v33] TNON STILL HOLDING 138 share(s) after 8 chase attempts - the exit did not complete. This position is unprotected until the next pass.  || resource=srv-daqp02flot8c73ffv6eg instance=srv-daqp02flot8c73ffv6eg-fm8t9
2026-10-02 11:27:55,605 INFO [v33] EXIT half-back TNON 88 @ 4.7700 | entry 4.7700 peak 4.7800 stop 4.7750 | held 2s | P/L +0.00 (+0.00% of the trade, +0.00% of the account)  || resource=srv-daqp02flot8c73ffv6eg instance=srv-daqp02flot8c73ffv6eg-fm8t9
2026-10-02 11:27:57,365 INFO [v33] RE-ENTER TNON 93 @ 4.7900 = $445 | stop 4.7600 (0.63% away) | back above the 4.7700 that threw us out  || resource=srv-daqp02flot8c73ffv6eg instance=srv-daqp02flot8c73ffv6eg-fm8t9
2026-10-02 11:27:58,128 CRITICAL [v32] TNON STILL HOLDING 8 share(s) after 8 chase attempts - the exit did not complete. This position is unprotected until the next pass.  || resource=srv-daqp02flot8c73ffv6eg instance=srv-daqp02flot8c73ffv6eg-fm8t9
2026-10-02 11:27:58,201 INFO [v32] EXIT stop TNON 75 @ 4.5600 | entry 4.5954 peak 4.5954 stop 4.5600 | held 4s | P/L -2.66 (-0.77% of the trade, -0.03% of the account)  || resource=srv-daqp02flot8c73ffv6eg instance=srv-daqp02flot8c73ffv6eg-fm8t9
2026-10-02 11:28:03,427 CRITICAL [v33] TNON STILL HOLDING 141 share(s) after 8 chase attempts - the exit did not complete. This position is unprotected until the next pass.  || resource=srv-daqp02flot8c73ffv6eg instance=srv-daqp02flot8c73ffv6eg-fm8t9
2026-10-02 11:28:03,500 INFO [v33] EXIT half-back TNON 93 @ 4.7562 | entry 4.7900 peak 4.7900 stop 4.7600 | held 6s | P/L -3.14 (-0.71% of the trade, -0.02% of the account)  || resource=srv-daqp02flot8c73ffv6eg instance=srv-daqp02flot8c73ffv6eg-fm8t9
2026-10-02 11:28:05,266 INFO [v33] RE-ENTER TNMG 98 @ 5.0490 = $495 | stop 5.0100 (0.77% away) | back above the 5.0200 that threw us out  || resource=srv-daqp02flot8c73ffv6eg instance=srv-daqp02flot8c73ffv6eg-fm8t9
2026-10-02 11:28:06,745 INFO [v33] RE-ENTER TNON 100 @ 4.7900 = $479 | stop 4.7462 (0.91% away) | back above the 4.7562 that threw us out  || resource=srv-daqp02flot8c73ffv6eg instance=srv-daqp02flot8c73ffv6eg-fm8t9
2026-10-02 11:28:10,505 CRITICAL [v33] TNON STILL HOLDING 142 share(s) after 8 chase attempts - the exit did not complete. This position is unprotected until the next pass.  || resource=srv-daqp02flot8c73ffv6eg instance=srv-daqp02flot8c73ffv6eg-fm8t9
2026-10-02 11:28:10,579 INFO [v33] EXIT half-back TNON 100 @ 4.7400 | entry 4.7900 peak 4.7900 stop 4.7462 | held 4s | P/L -5.00 (-1.04% of the trade, -0.02% of the account)  || resource=srv-daqp02flot8c73ffv6eg instance=srv-daqp02flot8c73ffv6eg-fm8t9
2026-10-02 11:28:11,625 INFO [v33] RE-ENTER TNON 87 @ 4.7600 = $414 | stop 4.7300 (0.63% away) | back above the 4.7400 that threw us out  || resource=srv-daqp02flot8c73ffv6eg instance=srv-daqp02flot8c73ffv6eg-fm8t9
2026-10-02 11:28:12,946 CRITICAL [v33] TNON STILL HOLDING 142 share(s) after 8 chase attempts - the exit did not complete. This position is unprotected until the next pass.  || resource=srv-daqp02flot8c73ffv6eg instance=srv-daqp02flot8c73ffv6eg-fm8t9
2026-10-02 11:28:12,946 INFO [v33] EXIT half-back TNON 87 @ 4.7562 | entry 4.7600 peak 4.7838 stop 4.7719 | held 1s | P/L -0.33 (-0.08% of the trade, -0.00% of the account)  || resource=srv-daqp02flot8c73ffv6eg instance=srv-daqp02flot8c73ffv6eg-fm8t9
2026-10-02 11:28:14,432 INFO [v33] RE-ENTER TNON 111 @ 4.7838 = $531 | stop 4.7462 (0.79% away) | back above the 4.7562 that threw us out  || resource=srv-daqp02flot8c73ffv6eg instance=srv-daqp02flot8c73ffv6eg-fm8t9
2026-10-02 11:28:22,541 CRITICAL [v33] TNON STILL HOLDING 170 share(s) after 8 chase attempts - the exit did not complete. This position is unprotected until the next pass.  || resource=srv-daqp02flot8c73ffv6eg instance=srv-daqp02flot8c73ffv6eg-fm8t9
2026-10-02 11:28:22,541 INFO [v33] EXIT half-back TNON 111 @ 4.7306 | entry 4.7838 peak 4.7838 stop 4.7462 | held 8s | P/L -5.91 (-1.11% of the trade, -0.03% of the account)  || resource=srv-daqp02flot8c73ffv6eg instance=srv-daqp02flot8c73ffv6eg-fm8t9
2026-10-02 11:28:24,079 INFO [v33] RE-ENTER TNON 159 @ 4.7600 = $757 | stop 4.7206 (0.83% away) | back above the 4.7306 that threw us out  || resource=srv-daqp02flot8c73ffv6eg instance=srv-daqp02flot8c73ffv6eg-fm8t9
2026-10-02 11:28:26,115 CRITICAL [v33] TNON STILL HOLDING 170 share(s) after 8 chase attempts - the exit did not complete. This position is unprotected until the next pass.  || resource=srv-daqp02flot8c73ffv6eg instance=srv-daqp02flot8c73ffv6eg-fm8t9
2026-10-02 11:28:26,115 INFO [v33] EXIT half-back TNON 159 @ 4.7200 | entry 4.7600 peak 4.7600 stop 4.7206 | held 2s | P/L -6.36 (-0.84% of the trade, -0.03% of the account)  || resource=srv-daqp02flot8c73ffv6eg instance=srv-daqp02flot8c73ffv6eg-fm8t9
2026-10-02 11:28:29,728 CRITICAL [v33] TNMG STILL HOLDING 2 share(s) after 8 chase attempts - the exit did not complete. This position is unprotected until the next pass.  || resource=srv-daqp02flot8c73ffv6eg instance=srv-daqp02flot8c73ffv6eg-fm8t9
2026-10-02 11:28:29,801 INFO [v33] EXIT half-back TNMG 98 @ 5.0400 | entry 5.0490 peak 5.0505 stop 5.0498 | held 24s | P/L -0.88 (-0.18% of the trade, -0.00% of the account)  || resource=srv-daqp02flot8c73ffv6eg instance=srv-daqp02flot8c73ffv6eg-fm8t9
2026-10-02 11:28:30,097 INFO [v32] EXIT stop TNON 8 @ 4.5600 | entry 4.5800 peak 4.5700 stop 4.5700 | held 36s | P/L -0.16 (-0.44% of the trade, -0.00% of the account)  || resource=srv-daqp02flot8c73ffv6eg instance=srv-daqp02flot8c73ffv6eg-fm8t9
2026-10-02 11:28:32,073 INFO [v33] EXIT half-back TNMG 2 @ 5.0400 | entry 5.0490 peak 5.0505 stop 5.0498 | held 27s | P/L -0.02 (-0.18% of the trade, -0.00% of the account)  || resource=srv-daqp02flot8c73ffv6eg instance=srv-daqp02flot8c73ffv6eg-fm8t9
2026-10-02 11:28:34,456 INFO [v33] EXIT half-back TNON 170 @ 4.6200 | entry 4.5489 peak 4.7100 stop 4.6295 | held 10s | P/L +12.08 (+1.56% of the trade, +0.06% of the account)  || resource=srv-daqp02flot8c73ffv6eg instance=srv-daqp02flot8c73ffv6eg-fm8t9
2026-10-02 11:28:35,978 INFO [v33] RE-ENTER TNON 112 @ 4.6583 = $522 | stop 4.6100 (1.04% away) | back above the 4.6200 that threw us out  || resource=srv-daqp02flot8c73ffv6eg instance=srv-daqp02flot8c73ffv6eg-fm8t9
2026-10-02 11:28:40,924 INFO [v33] EXIT half-back TNON 112 @ 4.6100 | entry 4.6583 peak 4.6583 stop 4.6100 | held 5s | P/L -5.41 (-1.04% of the trade, -0.03% of the account)  || resource=srv-daqp02flot8c73ffv6eg instance=srv-daqp02flot8c73ffv6eg-fm8t9
2026-10-02 11:28:46,532 INFO [v33] RE-ENTER TNON 175 @ 4.6399 = $812 | stop 4.6000 (0.86% away) | back above the 4.6100 that threw us out  || resource=srv-daqp02flot8c73ffv6eg instance=srv-daqp02flot8c73ffv6eg-fm8t9
2026-10-02 11:28:47,897 INFO [v33] EXIT half-back TNON 175 @ 4.6000 | entry 4.6399 peak 4.6399 stop 4.6000 | held 1s | P/L -6.98 (-0.86% of the trade, -0.03% of the account)  || resource=srv-daqp02flot8c73ffv6eg instance=srv-daqp02flot8c73ffv6eg-fm8t9
2026-10-02 11:28:52,264 INFO [v33] RE-ENTER TNMG 82 @ 5.0600 = $415 | stop 5.0300 (0.59% away) | back above the 5.0400 that threw us out  || resource=srv-daqp02flot8c73ffv6eg instance=srv-daqp02flot8c73ffv6eg-fm8t9
2026-10-02 11:28:59,021 INFO [v33] EXIT half-back TNMG 82 @ 5.0195 | entry 5.0600 peak 5.0600 stop 5.0300 | held 4s | P/L -3.32 (-0.80% of the trade, -0.02% of the account)  || resource=srv-daqp02flot8c73ffv6eg instance=srv-daqp02flot8c73ffv6eg-fm8t9
2026-10-02 11:29:00,812 INFO [v33] RE-ENTER TNMG 103 @ 5.0500 = $520 | stop 5.0095 (0.80% away) | back above the 5.0195 that threw us out  || resource=srv-daqp02flot8c73ffv6eg instance=srv-daqp02flot8c73ffv6eg-fm8t9
2026-10-02 11:29:01,530 INFO [v33] RE-ENTER TNON 89 @ 4.6500 = $414 | stop 4.5900 (1.29% away) | back above the 4.6000 that threw us out  || resource=srv-daqp02flot8c73ffv6eg instance=srv-daqp02flot8c73ffv6eg-fm8t9
2026-10-02 11:29:07,755 INFO [v33] EXIT half-back TNON 89 @ 4.5900 | entry 4.6500 peak 4.6500 stop 4.5900 | held 6s | P/L -5.34 (-1.29% of the trade, -0.03% of the account)  || resource=srv-daqp02flot8c73ffv6eg instance=srv-daqp02flot8c73ffv6eg-fm8t9
2026-10-02 11:29:11,543 INFO [v33] RE-ENTER TNON 90 @ 4.6362 = $417 | stop 4.5800 (1.21% away) | back above the 4.5900 that threw us out  || resource=srv-daqp02flot8c73ffv6eg instance=srv-daqp02flot8c73ffv6eg-fm8t9
2026-10-02 11:29:12,865 INFO [v33] EXIT half-back TNON 90 @ 4.6100 | entry 4.6362 peak 4.6500 stop 4.6431 | held 1s | P/L -2.36 (-0.57% of the trade, -0.01% of the account)  || resource=srv-daqp02flot8c73ffv6eg instance=srv-daqp02flot8c73ffv6eg-fm8t9
2026-10-02 11:29:16,922 INFO [v33] RE-ENTER TNON 90 @ 4.6316 = $417 | stop 4.6000 (0.68% away) | back above the 4.6100 that threw us out  || resource=srv-daqp02flot8c73ffv6eg instance=srv-daqp02flot8c73ffv6eg-fm8t9
2026-10-02 11:29:23,623 CRITICAL [v33] TNMG STILL HOLDING 32 share(s) after 8 chase attempts - the exit did not complete. This position is unprotected until the next pass.  || resource=srv-daqp02flot8c73ffv6eg instance=srv-daqp02flot8c73ffv6eg-fm8t9
2026-10-02 11:29:23,623 INFO [v33] EXIT half-back TNMG 103 @ 5.0200 | entry 5.0500 peak 5.0581 stop 5.0541 | held 23s | P/L -3.09 (-0.59% of the trade, -0.02% of the account)  || resource=srv-daqp02flot8c73ffv6eg instance=srv-daqp02flot8c73ffv6eg-fm8t9
2026-10-02 11:29:24,873 INFO [v33] EXIT half-back TNON 90 @ 4.6100 | entry 4.6316 peak 4.6400 stop 4.6358 | held 8s | P/L -1.94 (-0.47% of the trade, -0.01% of the account)  || resource=srv-daqp02flot8c73ffv6eg instance=srv-daqp02flot8c73ffv6eg-fm8t9
2026-10-02 11:29:28,933 INFO [v33] RE-ENTER TNMG 82 @ 5.0400 = $413 | stop 5.0100 (0.60% away) | back above the 5.0200 that threw us out  || resource=srv-daqp02flot8c73ffv6eg instance=srv-daqp02flot8c73ffv6eg-fm8t9
2026-10-02 11:29:30,235 CRITICAL [v33] TNMG STILL HOLDING 32 share(s) after 8 chase attempts - the exit did not complete. This position is unprotected until the next pass.  || resource=srv-daqp02flot8c73ffv6eg instance=srv-daqp02flot8c73ffv6eg-fm8t9
2026-10-02 11:29:30,308 INFO [v33] EXIT half-back TNMG 82 @ 5.0300 | entry 5.0400 peak 5.0500 stop 5.0450 | held 1s | P/L -0.82 (-0.20% of the trade, -0.00% of the account)  || resource=srv-daqp02flot8c73ffv6eg instance=srv-daqp02flot8c73ffv6eg-fm8t9
2026-10-02 11:29:34,412 INFO [v33] RE-ENTER TNMG 82 @ 5.0590 = $415 | stop 5.0200 (0.77% away) | back above the 5.0300 that threw us out  || resource=srv-daqp02flot8c73ffv6eg instance=srv-daqp02flot8c73ffv6eg-fm8t9
2026-10-02 11:29:41,639 CRITICAL [v33] TNMG STILL HOLDING 32 share(s) after 8 chase attempts - the exit did not complete. This position is unprotected until the next pass.  || resource=srv-daqp02flot8c73ffv6eg instance=srv-daqp02flot8c73ffv6eg-fm8t9
2026-10-02 11:29:41,711 INFO [v33] EXIT half-back TNMG 82 @ 5.0600 | entry 5.0590 peak 5.0700 stop 5.0645 | held 7s | P/L +0.08 (+0.02% of the trade, +0.00% of the account)  || resource=srv-daqp02flot8c73ffv6eg instance=srv-daqp02flot8c73ffv6eg-fm8t9
2026-10-02 11:29:46,770 INFO [v33] RE-ENTER TNMG 94 @ 5.0800 = $478 | stop 5.0500 (0.59% away) | back above the 5.0600 that threw us out  || resource=srv-daqp02flot8c73ffv6eg instance=srv-daqp02flot8c73ffv6eg-fm8t9
2026-10-02 11:29:49,100 CRITICAL [v33] TNMG STILL HOLDING 32 share(s) after 8 chase attempts - the exit did not complete. This position is unprotected until the next pass.  || resource=srv-daqp02flot8c73ffv6eg instance=srv-daqp02flot8c73ffv6eg-fm8t9
2026-10-02 11:29:49,213 INFO [v33] EXIT half-back TNMG 94 @ 5.0800 | entry 5.0800 peak 5.0802 stop 5.0801 | held 2s | P/L +0.00 (+0.00% of the trade, +0.00% of the account)  || resource=srv-daqp02flot8c73ffv6eg instance=srv-daqp02flot8c73ffv6eg-fm8t9
2026-10-02 11:29:53,289 INFO [v33] RE-ENTER TNMG 81 @ 5.1000 = $413 | stop 5.0700 (0.59% away) | back above the 5.0800 that threw us out  || resource=srv-daqp02flot8c73ffv6eg instance=srv-daqp02flot8c73ffv6eg-fm8t9
2026-10-02 11:29:59,007 CRITICAL [v33] TNMG STILL HOLDING 32 share(s) after 8 chase attempts - the exit did not complete. This position is unprotected until the next pass.  || resource=srv-daqp02flot8c73ffv6eg instance=srv-daqp02flot8c73ffv6eg-fm8t9
2026-10-02 11:29:59,080 INFO [v33] EXIT half-back TNMG 81 @ 5.0700 | entry 5.1000 peak 5.1000 stop 5.0700 | held 6s | P/L -2.43 (-0.59% of the trade, -0.01% of the account)  || resource=srv-daqp02flot8c73ffv6eg instance=srv-daqp02flot8c73ffv6eg-fm8t9
2026-10-02 11:30:00,856 INFO [v33] RE-ENTER TNMG 106 @ 5.0900 = $540 | stop 5.0600 (0.59% away) | back above the 5.0700 that threw us out  || resource=srv-daqp02flot8c73ffv6eg instance=srv-daqp02flot8c73ffv6eg-fm8t9
2026-10-02 11:30:06,181 CRITICAL [v33] TNMG STILL HOLDING 32 share(s) after 8 chase attempts - the exit did not complete. This position is unprotected until the next pass.  || resource=srv-daqp02flot8c73ffv6eg instance=srv-daqp02flot8c73ffv6eg-fm8t9
2026-10-02 11:30:06,254 INFO [v33] EXIT half-back TNMG 106 @ 5.0900 | entry 5.0900 peak 5.1000 stop 5.0950 | held 5s | P/L +0.00 (+0.00% of the trade, +0.00% of the account)  || resource=srv-daqp02flot8c73ffv6eg instance=srv-daqp02flot8c73ffv6eg-fm8t9
2026-10-02 11:30:07,823 INFO [v33] RE-ENTER TNMG 83 @ 5.1100 = $424 | stop 5.0800 (0.59% away) | back above the 5.0900 that threw us out  || resource=srv-daqp02flot8c73ffv6eg instance=srv-daqp02flot8c73ffv6eg-fm8t9
2026-10-02 11:30:13,191 CRITICAL [v33] TNMG STILL HOLDING 36 share(s) after 8 chase attempts - the exit did not complete. This position is unprotected until the next pass.  || resource=srv-daqp02flot8c73ffv6eg instance=srv-daqp02flot8c73ffv6eg-fm8t9
2026-10-02 11:30:13,263 INFO [v33] EXIT half-back TNMG 83 @ 5.1300 | entry 5.1100 peak 5.1500 stop 5.1300 | held 5s | P/L +1.66 (+0.39% of the trade, +0.01% of the account)  || resource=srv-daqp02flot8c73ffv6eg instance=srv-daqp02flot8c73ffv6eg-fm8t9
2026-10-02 11:30:15,036 INFO [v33] RE-ENTER TNMG 89 @ 5.1500 = $458 | stop 5.1200 (0.58% away) | back above the 5.1300 that threw us out  || resource=srv-daqp02flot8c73ffv6eg instance=srv-daqp02flot8c73ffv6eg-fm8t9
2026-10-02 11:30:19,603 CRITICAL [v33] TNMG STILL HOLDING 43 share(s) after 8 chase attempts - the exit did not complete. This position is unprotected until the next pass.  || resource=srv-daqp02flot8c73ffv6eg instance=srv-daqp02flot8c73ffv6eg-fm8t9
2026-10-02 11:30:19,676 INFO [v33] EXIT half-back TNMG 89 @ 5.1200 | entry 5.1500 peak 5.1500 stop 5.1200 | held 5s | P/L -2.67 (-0.58% of the trade, -0.01% of the account)  || resource=srv-daqp02flot8c73ffv6eg instance=srv-daqp02flot8c73ffv6eg-fm8t9
2026-10-02 11:30:24,261 INFO [v33] RE-ENTER TNMG 157 @ 5.1400 = $807 | stop 5.1100 (0.58% away) | back above the 5.1200 that threw us out  || resource=srv-daqp02flot8c73ffv6eg instance=srv-daqp02flot8c73ffv6eg-fm8t9
2026-10-02 11:30:30,677 CRITICAL [v33] TNMG STILL HOLDING 43 share(s) after 8 chase attempts - the exit did not complete. This position is unprotected until the next pass.  || resource=srv-daqp02flot8c73ffv6eg instance=srv-daqp02flot8c73ffv6eg-fm8t9
2026-10-02 11:30:30,749 INFO [v33] EXIT half-back TNMG 157 @ 5.1400 | entry 5.1400 peak 5.1500 stop 5.1450 | held 6s | P/L +0.00 (+0.00% of the trade, +0.00% of the account)  || resource=srv-daqp02flot8c73ffv6eg instance=srv-daqp02flot8c73ffv6eg-fm8t9
2026-10-02 11:30:32,409 INFO [v33] RE-ENTER TNMG 151 @ 5.1600 = $779 | stop 5.1300 (0.58% away) | back above the 5.1400 that threw us out  || resource=srv-daqp02flot8c73ffv6eg instance=srv-daqp02flot8c73ffv6eg-fm8t9
2026-10-02 11:30:36,586 CRITICAL [v33] TNMG STILL HOLDING 43 share(s) after 8 chase attempts - the exit did not complete. This position is unprotected until the next pass.  || resource=srv-daqp02flot8c73ffv6eg instance=srv-daqp02flot8c73ffv6eg-fm8t9
2026-10-02 11:30:36,658 INFO [v33] EXIT half-back TNMG 151 @ 5.1500 | entry 5.1600 peak 5.1700 stop 5.1650 | held 4s | P/L -1.51 (-0.19% of the trade, -0.01% of the account)  || resource=srv-daqp02flot8c73ffv6eg instance=srv-daqp02flot8c73ffv6eg-fm8t9
2026-10-02 11:30:38,154 INFO [v33] RE-ENTER TNMG 152 @ 5.1700 = $786 | stop 5.1400 (0.58% away) | back above the 5.1500 that threw us out  || resource=srv-daqp02flot8c73ffv6eg instance=srv-daqp02flot8c73ffv6eg-fm8t9
2026-10-02 11:30:45,812 CRITICAL [v33] TNMG STILL HOLDING 46 share(s) after 8 chase attempts - the exit did not complete. This position is unprotected until the next pass.  || resource=srv-daqp02flot8c73ffv6eg instance=srv-daqp02flot8c73ffv6eg-fm8t9
2026-10-02 11:30:45,885 INFO [v33] EXIT half-back TNMG 152 @ 5.1700 | entry 5.1700 peak 5.1800 stop 5.1750 | held 8s | P/L +0.00 (+0.00% of the trade, +0.00% of the account)  || resource=srv-daqp02flot8c73ffv6eg instance=srv-daqp02flot8c73ffv6eg-fm8t9
2026-10-02 11:30:49,972 INFO [v33] RE-ENTER TNMG 80 @ 5.1900 = $415 | stop 5.1600 (0.58% away) | back above the 5.1700 that threw us out  || resource=srv-daqp02flot8c73ffv6eg instance=srv-daqp02flot8c73ffv6eg-fm8t9
2026-10-02 11:30:50,923 CRITICAL [v33] TNMG STILL HOLDING 46 share(s) after 8 chase attempts - the exit did not complete. This position is unprotected until the next pass.  || resource=srv-daqp02flot8c73ffv6eg instance=srv-daqp02flot8c73ffv6eg-fm8t9
2026-10-02 11:30:50,996 INFO [v33] EXIT half-back TNMG 80 @ 5.2000 | entry 5.1900 peak 5.2100 stop 5.2000 | held 1s | P/L +0.80 (+0.19% of the trade, +0.00% of the account)  || resource=srv-daqp02flot8c73ffv6eg instance=srv-daqp02flot8c73ffv6eg-fm8t9
2026-10-02 11:30:55,207 INFO [v33] RE-ENTER TNMG 80 @ 5.2200 = $418 | stop 5.1900 (0.57% away) | back above the 5.2000 that threw us out  || resource=srv-daqp02flot8c73ffv6eg instance=srv-daqp02flot8c73ffv6eg-fm8t9
2026-10-02 11:30:58,613 CRITICAL [v33] TNMG STILL HOLDING 46 share(s) after 8 chase attempts - the exit did not complete. This position is unprotected until the next pass.  || resource=srv-daqp02flot8c73ffv6eg instance=srv-daqp02flot8c73ffv6eg-fm8t9
2026-10-02 11:30:58,686 INFO [v33] EXIT half-back TNMG 80 @ 5.2200 | entry 5.2200 peak 5.2235 stop 5.2218 | held 3s | P/L +0.00 (+0.00% of the trade, +0.00% of the account)  || resource=srv-daqp02flot8c73ffv6eg instance=srv-daqp02flot8c73ffv6eg-fm8t9
2026-10-02 11:31:03,108 INFO [v33] EXIT half-back AIXI 288 @ 1.4200 | entry 1.4500 peak 1.4500 stop 1.4200 | held 255s | P/L -8.64 (-2.07% of the trade, -0.04% of the account)  || resource=srv-daqp02flot8c73ffv6eg instance=srv-daqp02flot8c73ffv6eg-fm8t9
2026-10-02 11:31:58,117 INFO [v33] ENTER CYPH 130 @ 3.2000 = $416 | stop 3.1800 (0.63% away) | first entry, stop from the bid  || resource=srv-daqp02flot8c73ffv6eg instance=srv-daqp02flot8c73ffv6eg-fm8t9
2026-10-02 11:31:58,625 INFO [v32] ENTER CYPH 85 @ 3.2000 = $272 | stop 3.1800 (0.63% away) | day level 3.2000, re-entry at 3.2200  || resource=srv-daqp02flot8c73ffv6eg instance=srv-daqp02flot8c73ffv6eg-fm8t9
2026-10-02 11:32:22,566 INFO [v33] EXIT half-back TNMG 46 @ 5.0400 | entry 5.0190 peak 5.0700 stop 5.0445 | held 87s | P/L +0.96 (+0.42% of the trade, +0.00% of the account)  || resource=srv-daqp02flot8c73ffv6eg instance=srv-daqp02flot8c73ffv6eg-fm8t9
2026-10-02 11:32:25,296 INFO [v33] RE-ENTER AIXI 290 @ 1.4400 = $418 | stop 1.4100 (2.08% away) | back above the 1.4200 that threw us out  || resource=srv-daqp02flot8c73ffv6eg instance=srv-daqp02flot8c73ffv6eg-fm8t9
2026-10-02 11:32:26,278 INFO [v33] RE-ENTER TNMG 82 @ 5.0600 = $415 | stop 5.0300 (0.59% away) | back above the 5.0400 that threw us out  || resource=srv-daqp02flot8c73ffv6eg instance=srv-daqp02flot8c73ffv6eg-fm8t9
2026-10-02 11:32:28,053 INFO [v33] RE-ENTER AMOD 165 @ 2.5200 = $416 | stop 2.4800 (1.59% away) | back above the 2.4900 that threw us out  || resource=srv-daqp02flot8c73ffv6eg instance=srv-daqp02flot8c73ffv6eg-fm8t9
2026-10-02 11:32:29,219 INFO [v33] EXIT half-back AMOD 165 @ 2.5200 | entry 2.5200 peak 2.5300 stop 2.5250 | held 1s | P/L +0.00 (+0.00% of the trade, +0.00% of the account)  || resource=srv-daqp02flot8c73ffv6eg instance=srv-daqp02flot8c73ffv6eg-fm8t9
2026-10-02 11:32:33,952 INFO [v33] RE-ENTER AMOD 216 @ 2.5400 = $549 | stop 2.5100 (1.18% away) | back above the 2.5200 that threw us out  || resource=srv-daqp02flot8c73ffv6eg instance=srv-daqp02flot8c73ffv6eg-fm8t9
2026-10-02 11:32:37,319 INFO [v33] EXIT half-back AMOD 216 @ 2.5401 | entry 2.5400 peak 2.5500 stop 2.5450 | held 3s | P/L +0.02 (+0.00% of the trade, +0.00% of the account)  || resource=srv-daqp02flot8c73ffv6eg instance=srv-daqp02flot8c73ffv6eg-fm8t9
2026-10-02 11:32:43,257 INFO [v33] EXIT half-back TNMG 82 @ 5.0700 | entry 5.0600 peak 5.0800 stop 5.0700 | held 17s | P/L +0.82 (+0.20% of the trade, +0.00% of the account)  || resource=srv-daqp02flot8c73ffv6eg instance=srv-daqp02flot8c73ffv6eg-fm8t9
2026-10-02 11:32:44,789 INFO [v33] RE-ENTER TNMG 101 @ 5.0900 = $514 | stop 5.0600 (0.59% away) | back above the 5.0700 that threw us out  || resource=srv-daqp02flot8c73ffv6eg instance=srv-daqp02flot8c73ffv6eg-fm8t9
2026-10-02 11:32:46,386 CRITICAL [v33] TNMG STILL HOLDING 58 share(s) after 8 chase attempts - the exit did not complete. This position is unprotected until the next pass.  || resource=srv-daqp02flot8c73ffv6eg instance=srv-daqp02flot8c73ffv6eg-fm8t9
2026-10-02 11:32:46,386 INFO [v33] EXIT half-back TNMG 101 @ 5.1000 | entry 5.0900 peak 5.1100 stop 5.1000 | held 2s | P/L +1.01 (+0.20% of the trade, +0.00% of the account)  || resource=srv-daqp02flot8c73ffv6eg instance=srv-daqp02flot8c73ffv6eg-fm8t9
2026-10-02 11:32:47,379 INFO [v33] RE-ENTER TNMG 81 @ 5.1200 = $415 | stop 5.0900 (0.59% away) | back above the 5.1000 that threw us out  || resource=srv-daqp02flot8c73ffv6eg instance=srv-daqp02flot8c73ffv6eg-fm8t9
2026-10-02 11:32:49,657 CRITICAL [v33] TNMG STILL HOLDING 58 share(s) after 8 chase attempts - the exit did not complete. This position is unprotected until the next pass.  || resource=srv-daqp02flot8c73ffv6eg instance=srv-daqp02flot8c73ffv6eg-fm8t9
2026-10-02 11:32:49,729 INFO [v33] EXIT half-back TNMG 81 @ 5.1210 | entry 5.1200 peak 5.1353 stop 5.1277 | held 2s | P/L +0.08 (+0.02% of the trade, +0.00% of the account)  || resource=srv-daqp02flot8c73ffv6eg instance=srv-daqp02flot8c73ffv6eg-fm8t9
2026-10-02 11:33:06,887 INFO [v33] RE-ENTER TNMG 81 @ 5.1500 = $417 | stop 5.1110 (0.76% away) | back above the 5.1210 that threw us out  || resource=srv-daqp02flot8c73ffv6eg instance=srv-daqp02flot8c73ffv6eg-fm8t9
2026-10-02 11:33:08,074 CRITICAL [v33] TNMG STILL HOLDING 58 share(s) after 8 chase attempts - the exit did not complete. This position is unprotected until the next pass.  || resource=srv-daqp02flot8c73ffv6eg instance=srv-daqp02flot8c73ffv6eg-fm8t9
2026-10-02 11:33:08,076 INFO [v32] EXIT dead-tape GLOO 81 @ 4.4400 | entry 4.4400 peak 4.3600 stop 4.4300 | held 0s | P/L +0.00 (+0.00% of the trade, +0.00% of the account)  || resource=srv-daqp02flot8c73ffv6eg instance=srv-daqp02flot8c73ffv6eg-fm8t9
2026-10-02 11:33:08,148 INFO [v33] EXIT half-back TNMG 81 @ 5.1000 | entry 5.1500 peak 5.1500 stop 5.1110 | held 1s | P/L -4.05 (-0.97% of the trade, -0.02% of the account)  || resource=srv-daqp02flot8c73ffv6eg instance=srv-daqp02flot8c73ffv6eg-fm8t9
2026-10-02 11:33:09,323 INFO [v32] EXIT dead-tape QXL 46 @ 4.5300 | entry 4.5300 peak 4.5300 stop 4.2400 | held 612s | P/L +0.00 (+0.00% of the trade, +0.00% of the account)  || resource=srv-daqp02flot8c73ffv6eg instance=srv-daqp02flot8c73ffv6eg-fm8t9
2026-10-02 11:33:10,201 INFO [v33] RE-ENTER TNMG 100 @ 5.1295 = $513 | stop 5.0900 (0.77% away) | back above the 5.1000 that threw us out  || resource=srv-daqp02flot8c73ffv6eg instance=srv-daqp02flot8c73ffv6eg-fm8t9
2026-10-02 11:33:11,860 INFO [v33] EXIT dead-tape GLOO 3 @ 4.4400 | entry 4.4400 peak 4.4400 stop 4.4300 | held 0s | P/L +0.00 (+0.00% of the trade, +0.00% of the account)  || resource=srv-daqp02flot8c73ffv6eg instance=srv-daqp02flot8c73ffv6eg-fm8t9
2026-10-02 11:33:12,824 INFO [v33] EXIT dead-tape QXL 99 @ 4.5300 | entry 4.5500 peak 4.5500 stop 4.2400 | held 614s | P/L -1.98 (-0.44% of the trade, -0.01% of the account)  || resource=srv-daqp02flot8c73ffv6eg instance=srv-daqp02flot8c73ffv6eg-fm8t9
2026-10-02 11:33:22,224 CRITICAL [v33] TNMG STILL HOLDING 65 share(s) after 8 chase attempts - the exit did not complete. This position is unprotected until the next pass.  || resource=srv-daqp02flot8c73ffv6eg instance=srv-daqp02flot8c73ffv6eg-fm8t9
2026-10-02 11:33:22,225 INFO [v33] EXIT half-back TNMG 100 @ 5.1200 | entry 5.1295 peak 5.1300 stop 5.1297 | held 12s | P/L -0.95 (-0.19% of the trade, -0.00% of the account)  || resource=srv-daqp02flot8c73ffv6eg instance=srv-daqp02flot8c73ffv6eg-fm8t9
2026-10-02 11:33:29,419 INFO [v33] EXIT half-back TNMG 65 @ 5.1011 | entry 5.1343 peak 5.1343 stop 5.1243 | held 19s | P/L -2.16 (-0.65% of the trade, -0.01% of the account)  || resource=srv-daqp02flot8c73ffv6eg instance=srv-daqp02flot8c73ffv6eg-fm8t9
2026-10-02 11:33:38,697 INFO [v33] RE-ENTER TNMG 141 @ 5.1399 = $725 | stop 5.0911 (0.95% away) | back above the 5.1011 that threw us out  || resource=srv-daqp02flot8c73ffv6eg instance=srv-daqp02flot8c73ffv6eg-fm8t9
2026-10-02 11:33:55,687 CRITICAL [v33] TNMG STILL HOLDING 5 share(s) after 8 chase attempts - the exit did not complete. This position is unprotected until the next pass.  || resource=srv-daqp02flot8c73ffv6eg instance=srv-daqp02flot8c73ffv6eg-fm8t9
2026-10-02 11:33:55,766 INFO [v33] EXIT half-back TNMG 141 @ 5.0900 | entry 5.1399 peak 5.1399 stop 5.0911 | held 17s | P/L -7.04 (-0.97% of the trade, -0.03% of the account)  || resource=srv-daqp02flot8c73ffv6eg instance=srv-daqp02flot8c73ffv6eg-fm8t9
2026-10-02 11:33:57,256 INFO [v33] RE-ENTER TNMG 124 @ 5.1100 = $634 | stop 5.0800 (0.59% away) | back above the 5.0900 that threw us out  || resource=srv-daqp02flot8c73ffv6eg instance=srv-daqp02flot8c73ffv6eg-fm8t9
2026-10-02 11:34:10,148 CRITICAL [v33] TNMG STILL HOLDING 16 share(s) after 8 chase attempts - the exit did not complete. This position is unprotected until the next pass.  || resource=srv-daqp02flot8c73ffv6eg instance=srv-daqp02flot8c73ffv6eg-fm8t9
2026-10-02 11:34:10,220 INFO [v33] EXIT half-back TNMG 124 @ 5.1300 | entry 5.1100 peak 5.1662 stop 5.1381 | held 13s | P/L +2.48 (+0.39% of the trade, +0.01% of the account)  || resource=srv-daqp02flot8c73ffv6eg instance=srv-daqp02flot8c73ffv6eg-fm8t9
2026-10-02 11:34:11,676 INFO [v33] RE-ENTER TNMG 81 @ 5.1500 = $417 | stop 5.1200 (0.58% away) | back above the 5.1300 that threw us out  || resource=srv-daqp02flot8c73ffv6eg instance=srv-daqp02flot8c73ffv6eg-fm8t9
2026-10-02 11:34:15,571 CRITICAL [v33] TNMG STILL HOLDING 16 share(s) after 8 chase attempts - the exit did not complete. This position is unprotected until the next pass.  || resource=srv-daqp02flot8c73ffv6eg instance=srv-daqp02flot8c73ffv6eg-fm8t9
2026-10-02 11:34:15,643 INFO [v33] EXIT half-back TNMG 81 @ 5.1500 | entry 5.1500 peak 5.1600 stop 5.1550 | held 4s | P/L +0.00 (+0.00% of the trade, +0.00% of the account)  || resource=srv-daqp02flot8c73ffv6eg instance=srv-daqp02flot8c73ffv6eg-fm8t9
2026-10-02 11:34:30,966 INFO [v33] EXIT half-back TNMG 16 @ 5.1300 | entry 5.1518 peak 5.1518 stop 5.1418 | held 19s | P/L -0.35 (-0.42% of the trade, -0.00% of the account)  || resource=srv-daqp02flot8c73ffv6eg instance=srv-daqp02flot8c73ffv6eg-fm8t9
2026-10-02 11:34:38,699 INFO [v33] EXIT half-back CYPH 130 @ 3.2000 | entry 3.2000 peak 3.2100 stop 3.2050 | held 161s | P/L +0.00 (+0.00% of the trade, +0.00% of the account)  || resource=srv-daqp02flot8c73ffv6eg instance=srv-daqp02flot8c73ffv6eg-fm8t9
2026-10-02 11:35:04,832 INFO [v33] RE-ENTER TNMG 81 @ 5.1500 = $417 | stop 5.1200 (0.58% away) | back above the 5.1300 that threw us out  || resource=srv-daqp02flot8c73ffv6eg instance=srv-daqp02flot8c73ffv6eg-fm8t9
2026-10-02 11:35:07,134 INFO [v32] ENTER LICN 195 @ 1.0800 = $211 | stop 1.0100 (6.48% away) | day level 1.0800, re-entry at 1.1000  || resource=srv-daqp02flot8c73ffv6eg instance=srv-daqp02flot8c73ffv6eg-fm8t9
2026-10-02 11:35:07,394 INFO [v33] ENTER LICN 415 @ 1.0800 = $448 | stop 1.0100 (6.48% away) | first entry, stop from the bid  || resource=srv-daqp02flot8c73ffv6eg instance=srv-daqp02flot8c73ffv6eg-fm8t9
2026-10-02 11:35:11,475 INFO [v33] EXIT half-back TNMG 81 @ 5.1800 | entry 5.1500 peak 5.2100 stop 5.1800 | held 7s | P/L +2.43 (+0.58% of the trade, +0.01% of the account)  || resource=srv-daqp02flot8c73ffv6eg instance=srv-daqp02flot8c73ffv6eg-fm8t9
2026-10-02 11:35:15,985 INFO [v33] RE-ENTER TNMG 80 @ 5.2069 = $417 | stop 5.1700 (0.71% away) | back above the 5.1800 that threw us out  || resource=srv-daqp02flot8c73ffv6eg instance=srv-daqp02flot8c73ffv6eg-fm8t9
2026-10-02 11:35:17,082 INFO [v33] EXIT half-back TNMG 80 @ 5.1900 | entry 5.2069 peak 5.2200 stop 5.2134 | held 1s | P/L -1.35 (-0.32% of the trade, -0.01% of the account)  || resource=srv-daqp02flot8c73ffv6eg instance=srv-daqp02flot8c73ffv6eg-fm8t9
2026-10-02 11:35:18,102 INFO [v33] RE-ENTER TNMG 80 @ 5.2199 = $418 | stop 5.1800 (0.76% away) | back above the 5.1900 that threw us out  || resource=srv-daqp02flot8c73ffv6eg instance=srv-daqp02flot8c73ffv6eg-fm8t9
2026-10-02 11:35:22,985 INFO [v33] EXIT half-back TNMG 80 @ 5.2009 | entry 5.2199 peak 5.2200 stop 5.2199 | held 5s | P/L -1.52 (-0.36% of the trade, -0.01% of the account)  || resource=srv-daqp02flot8c73ffv6eg instance=srv-daqp02flot8c73ffv6eg-fm8t9
2026-10-02 11:35:24,473 INFO [v33] RE-ENTER TNMG 117 @ 5.2300 = $612 | stop 5.1909 (0.75% away) | back above the 5.2009 that threw us out  || resource=srv-daqp02flot8c73ffv6eg instance=srv-daqp02flot8c73ffv6eg-fm8t9
2026-10-02 11:35:30,814 CRITICAL [v33] TNMG STILL HOLDING 16 share(s) after 8 chase attempts - the exit did not complete. This position is unprotected until the next pass.  || resource=srv-daqp02flot8c73ffv6eg instance=srv-daqp02flot8c73ffv6eg-fm8t9
2026-10-02 11:35:30,887 INFO [v33] EXIT half-back TNMG 117 @ 5.2310 | entry 5.2300 peak 5.2400 stop 5.2350 | held 6s | P/L +0.12 (+0.02% of the trade, +0.00% of the account)  || resource=srv-daqp02flot8c73ffv6eg instance=srv-daqp02flot8c73ffv6eg-fm8t9
2026-10-02 11:35:32,102 INFO [v33] RE-ENTER TNMG 84 @ 5.2599 = $442 | stop 5.2210 (0.74% away) | back above the 5.2310 that threw us out  || resource=srv-daqp02flot8c73ffv6eg instance=srv-daqp02flot8c73ffv6eg-fm8t9
2026-10-02 11:35:34,491 CRITICAL [v33] TNMG STILL HOLDING 28 share(s) after 8 chase attempts - the exit did not complete. This position is unprotected until the next pass.  || resource=srv-daqp02flot8c73ffv6eg instance=srv-daqp02flot8c73ffv6eg-fm8t9
2026-10-02 11:35:34,491 INFO [v33] EXIT half-back TNMG 84 @ 5.2200 | entry 5.2599 peak 5.2599 stop 5.2210 | held 2s | P/L -3.35 (-0.76% of the trade, -0.02% of the account)  || resource=srv-daqp02flot8c73ffv6eg instance=srv-daqp02flot8c73ffv6eg-fm8t9
2026-10-02 11:35:35,228 INFO [v33] RE-ENTER TNMG 79 @ 5.2400 = $414 | stop 5.2100 (0.57% away) | back above the 5.2200 that threw us out  || resource=srv-daqp02flot8c73ffv6eg instance=srv-daqp02flot8c73ffv6eg-fm8t9
2026-10-02 11:35:36,681 CRITICAL [v33] TNMG STILL HOLDING 28 share(s) after 8 chase attempts - the exit did not complete. This position is unprotected until the next pass.  || resource=srv-daqp02flot8c73ffv6eg instance=srv-daqp02flot8c73ffv6eg-fm8t9
2026-10-02 11:35:36,757 INFO [v33] EXIT half-back TNMG 79 @ 5.2210 | entry 5.2400 peak 5.2500 stop 5.2450 | held 1s | P/L -1.50 (-0.36% of the trade, -0.01% of the account)  || resource=srv-daqp02flot8c73ffv6eg instance=srv-daqp02flot8c73ffv6eg-fm8t9
2026-10-02 11:35:37,489 INFO [v33] RE-ENTER TNMG 79 @ 5.2452 = $414 | stop 5.2110 (0.65% away) | back above the 5.2210 that threw us out  || resource=srv-daqp02flot8c73ffv6eg instance=srv-daqp02flot8c73ffv6eg-fm8t9
2026-10-02 11:35:40,190 CRITICAL [v33] TNMG STILL HOLDING 28 share(s) after 8 chase attempts - the exit did not complete. This position is unprotected until the next pass.  || resource=srv-daqp02flot8c73ffv6eg instance=srv-daqp02flot8c73ffv6eg-fm8t9
2026-10-02 11:35:40,190 INFO [v33] EXIT half-back TNMG 79 @ 5.2100 | entry 5.2452 peak 5.2452 stop 5.2110 | held 3s | P/L -2.78 (-0.67% of the trade, -0.01% of the account)  || resource=srv-daqp02flot8c73ffv6eg instance=srv-daqp02flot8c73ffv6eg-fm8t9
2026-10-02 11:35:41,708 INFO [v33] RE-ENTER TNMG 100 @ 5.2400 = $524 | stop 5.2000 (0.76% away) | back above the 5.2100 that threw us out  || resource=srv-daqp02flot8c73ffv6eg instance=srv-daqp02flot8c73ffv6eg-fm8t9
2026-10-02 11:35:44,185 CRITICAL [v33] TNMG STILL HOLDING 77 share(s) after 8 chase attempts - the exit did not complete. This position is unprotected until the next pass.  || resource=srv-daqp02flot8c73ffv6eg instance=srv-daqp02flot8c73ffv6eg-fm8t9
2026-10-02 11:35:44,258 INFO [v33] EXIT half-back TNMG 100 @ 5.2400 | entry 5.2400 peak 5.2500 stop 5.2450 | held 2s | P/L +0.00 (+0.00% of the trade, +0.00% of the account)  || resource=srv-daqp02flot8c73ffv6eg instance=srv-daqp02flot8c73ffv6eg-fm8t9
2026-10-02 11:35:45,760 INFO [v33] RE-ENTER TNMG 114 @ 5.2600 = $600 | stop 5.2300 (0.57% away) | back above the 5.2400 that threw us out  || resource=srv-daqp02flot8c73ffv6eg instance=srv-daqp02flot8c73ffv6eg-fm8t9
2026-10-02 11:35:50,929 CRITICAL [v33] TNMG STILL HOLDING 77 share(s) after 8 chase attempts - the exit did not complete. This position is unprotected until the next pass.  || resource=srv-daqp02flot8c73ffv6eg instance=srv-daqp02flot8c73ffv6eg-fm8t9
2026-10-02 11:35:51,001 INFO [v33] EXIT half-back TNMG 114 @ 5.2800 | entry 5.2600 peak 5.3200 stop 5.2900 | held 5s | P/L +2.28 (+0.38% of the trade, +0.01% of the account)  || resource=srv-daqp02flot8c73ffv6eg instance=srv-daqp02flot8c73ffv6eg-fm8t9
2026-10-02 11:35:52,645 INFO [v33] RE-ENTER TNMG 94 @ 5.3000 = $498 | stop 5.2700 (0.57% away) | back above the 5.2800 that threw us out  || resource=srv-daqp02flot8c73ffv6eg instance=srv-daqp02flot8c73ffv6eg-fm8t9
2026-10-02 11:35:53,892 CRITICAL [v33] TNMG STILL HOLDING 77 share(s) after 8 chase attempts - the exit did not complete. This position is unprotected until the next pass.  || resource=srv-daqp02flot8c73ffv6eg instance=srv-daqp02flot8c73ffv6eg-fm8t9
2026-10-02 11:35:53,892 INFO [v33] EXIT half-back TNMG 94 @ 5.2900 | entry 5.3000 peak 5.3100 stop 5.3050 | held 1s | P/L -0.94 (-0.19% of the trade, -0.00% of the account)  || resource=srv-daqp02flot8c73ffv6eg instance=srv-daqp02flot8c73ffv6eg-fm8t9
2026-10-02 11:35:54,617 INFO [v33] RE-ENTER TNMG 78 @ 5.3100 = $414 | stop 5.2800 (0.56% away) | back above the 5.2900 that threw us out  || resource=srv-daqp02flot8c73ffv6eg instance=srv-daqp02flot8c73ffv6eg-fm8t9
2026-10-02 11:35:59,283 CRITICAL [v33] TNMG STILL HOLDING 77 share(s) after 8 chase attempts - the exit did not complete. This position is unprotected until the next pass.  || resource=srv-daqp02flot8c73ffv6eg instance=srv-daqp02flot8c73ffv6eg-fm8t9
2026-10-02 11:35:59,355 INFO [v33] EXIT half-back TNMG 78 @ 5.3100 | entry 5.3100 peak 5.3103 stop 5.3102 | held 5s | P/L +0.00 (+0.00% of the trade, +0.00% of the account)  || resource=srv-daqp02flot8c73ffv6eg instance=srv-daqp02flot8c73ffv6eg-fm8t9
2026-10-02 11:36:46,501 INFO [v33] RE-ENTER SSM 154 @ 2.7000 = $416 | stop 2.6690 (1.15% away) | back above the 2.6790 that threw us out  || resource=srv-daqp02flot8c73ffv6eg instance=srv-daqp02flot8c73ffv6eg-fm8t9
2026-10-02 11:36:48,852 INFO [v33] EXIT half-back TNMG 77 @ 5.2700 | entry 5.2694 peak 5.2895 stop 5.2794 | held 54s | P/L +0.05 (+0.01% of the trade, +0.00% of the account)  || resource=srv-daqp02flot8c73ffv6eg instance=srv-daqp02flot8c73ffv6eg-fm8t9
2026-10-02 11:36:50,109 INFO [v33] EXIT half-back SSM 154 @ 2.7100 | entry 2.7000 peak 2.7200 stop 2.7100 | held 4s | P/L +1.54 (+0.37% of the trade, +0.01% of the account)  || resource=srv-daqp02flot8c73ffv6eg instance=srv-daqp02flot8c73ffv6eg-fm8t9
2026-10-02 11:36:51,773 INFO [v33] RE-ENTER SSM 203 @ 2.7300 = $554 | stop 2.7000 (1.10% away) | back above the 2.7100 that threw us out  || resource=srv-daqp02flot8c73ffv6eg instance=srv-daqp02flot8c73ffv6eg-fm8t9
2026-10-02 11:36:53,812 CRITICAL [v33] SSM STILL HOLDING 2 share(s) after 8 chase attempts - the exit did not complete. This position is unprotected until the next pass.  || resource=srv-daqp02flot8c73ffv6eg instance=srv-daqp02flot8c73ffv6eg-fm8t9
2026-10-02 11:36:53,886 INFO [v33] EXIT half-back SSM 203 @ 2.7300 | entry 2.7300 peak 2.7400 stop 2.7350 | held 2s | P/L +0.00 (+0.00% of the trade, +0.00% of the account)  || resource=srv-daqp02flot8c73ffv6eg instance=srv-daqp02flot8c73ffv6eg-fm8t9
2026-10-02 11:36:55,392 INFO [v33] RE-ENTER SSM 261 @ 2.7500 = $718 | stop 2.7200 (1.09% away) | back above the 2.7300 that threw us out  || resource=srv-daqp02flot8c73ffv6eg instance=srv-daqp02flot8c73ffv6eg-fm8t9
2026-10-02 11:37:00,596 CRITICAL [v33] SSM STILL HOLDING 2 share(s) after 8 chase attempts - the exit did not complete. This position is unprotected until the next pass.  || resource=srv-daqp02flot8c73ffv6eg instance=srv-daqp02flot8c73ffv6eg-fm8t9
2026-10-02 11:37:00,668 INFO [v33] EXIT half-back SSM 261 @ 2.7200 | entry 2.7500 peak 2.7500 stop 2.7200 | held 5s | P/L -7.83 (-1.09% of the trade, -0.04% of the account)  || resource=srv-daqp02flot8c73ffv6eg instance=srv-daqp02flot8c73ffv6eg-fm8t9
2026-10-02 11:37:01,378 INFO [v33] RE-ENTER SSM 152 @ 2.7400 = $416 | stop 2.7100 (1.09% away) | back above the 2.7200 that threw us out  || resource=srv-daqp02flot8c73ffv6eg instance=srv-daqp02flot8c73ffv6eg-fm8t9
2026-10-02 11:37:06,505 CRITICAL [v33] SSM STILL HOLDING 2 share(s) after 8 chase attempts - the exit did not complete. This position is unprotected until the next pass.  || resource=srv-daqp02flot8c73ffv6eg instance=srv-daqp02flot8c73ffv6eg-fm8t9
2026-10-02 11:37:06,579 INFO [v33] EXIT half-back SSM 152 @ 2.7300 | entry 2.7400 peak 2.7500 stop 2.7450 | held 5s | P/L -1.52 (-0.36% of the trade, -0.01% of the account)  || resource=srv-daqp02flot8c73ffv6eg instance=srv-daqp02flot8c73ffv6eg-fm8t9
2026-10-02 11:37:11,414 INFO [v33] RE-ENTER SSM 182 @ 2.7500 = $500 | stop 2.7200 (1.09% away) | back above the 2.7300 that threw us out  || resource=srv-daqp02flot8c73ffv6eg instance=srv-daqp02flot8c73ffv6eg-fm8t9
2026-10-02 11:37:12,712 CRITICAL [v33] SSM STILL HOLDING 2 share(s) after 8 chase attempts - the exit did not complete. This position is unprotected until the next pass.  || resource=srv-daqp02flot8c73ffv6eg instance=srv-daqp02flot8c73ffv6eg-fm8t9
2026-10-02 11:37:12,785 INFO [v33] EXIT half-back SSM 182 @ 2.7500 | entry 2.7500 peak 2.7600 stop 2.7550 | held 1s | P/L +0.00 (+0.00% of the trade, +0.00% of the account)  || resource=srv-daqp02flot8c73ffv6eg instance=srv-daqp02flot8c73ffv6eg-fm8t9
2026-10-02 11:37:13,723 INFO [v31] ENTER SSM 1953 @ 2.7900 = $5449 (27% of equity) | stop 2.7200 (2.51% away) | trigger 2.7898  || resource=srv-daqp02flot8c73ffv6eg instance=srv-daqp02flot8c73ffv6eg-fm8t9
2026-10-02 11:37:16,906 INFO [v32] EXIT dead-tape ONX 35 @ 8.9595 | entry 8.9595 peak 8.9595 stop 8.9000 | held 630s | P/L +0.00 (+0.00% of the trade, +0.00% of the account)  || resource=srv-daqp02flot8c73ffv6eg instance=srv-daqp02flot8c73ffv6eg-fm8t9
2026-10-02 11:37:17,284 CRITICAL [v31] SSM STILL HOLDING 204 share(s) after 8 chase attempts - the exit did not complete. This position is unprotected until the next pass.  || resource=srv-daqp02flot8c73ffv6eg instance=srv-daqp02flot8c73ffv6eg-fm8t9
2026-10-02 11:37:17,378 INFO [v33] RE-ENTER SSM 178 @ 2.7700 = $493 | stop 2.7400 (1.08% away) | back above the 2.7500 that threw us out  || resource=srv-daqp02flot8c73ffv6eg instance=srv-daqp02flot8c73ffv6eg-fm8t9
2026-10-02 11:37:20,006 INFO [v32] RE-ENTER ONX 30 @ 8.9900 = $270 | stop 8.9000 (1.00% away) | day level 8.9595, re-entry at 8.9795  || resource=srv-daqp02flot8c73ffv6eg instance=srv-daqp02flot8c73ffv6eg-fm8t9
2026-10-02 11:37:21,520 INFO [v33] EXIT dead-tape ONX 82 @ 8.9595 | entry 8.9595 peak 8.9595 stop 8.9000 | held 635s | P/L +0.00 (+0.00% of the trade, +0.00% of the account)  || resource=srv-daqp02flot8c73ffv6eg instance=srv-daqp02flot8c73ffv6eg-fm8t9
2026-10-02 11:37:22,214 CRITICAL [v33] SSM STILL HOLDING 2 share(s) after 8 chase attempts - the exit did not complete. This position is unprotected until the next pass.  || resource=srv-daqp02flot8c73ffv6eg instance=srv-daqp02flot8c73ffv6eg-fm8t9
2026-10-02 11:37:22,214 INFO [v33] EXIT half-back SSM 178 @ 2.7600 | entry 2.7700 peak 2.7800 stop 2.7750 | held 5s | P/L -1.78 (-0.36% of the trade, -0.01% of the account)  || resource=srv-daqp02flot8c73ffv6eg instance=srv-daqp02flot8c73ffv6eg-fm8t9
2026-10-02 11:37:26,863 INFO [v33] RE-ENTER SSM 221 @ 2.7900 = $617 | stop 2.7500 (1.43% away) | back above the 2.7600 that threw us out  || resource=srv-daqp02flot8c73ffv6eg instance=srv-daqp02flot8c73ffv6eg-fm8t9
2026-10-02 11:37:30,332 INFO [v31] EXIT entry-stop SSM 204 @ 2.7800 | entry 2.7973 peak 2.7800 stop 2.7873 | held 17s | P/L -3.52 (-0.62% of the trade, -0.02% of the account)  || resource=srv-daqp02flot8c73ffv6eg instance=srv-daqp02flot8c73ffv6eg-fm8t9
2026-10-02 11:37:32,033 CRITICAL [v33] SSM STILL HOLDING 2 share(s) after 8 chase attempts - the exit did not complete. This position is unprotected until the next pass.  || resource=srv-daqp02flot8c73ffv6eg instance=srv-daqp02flot8c73ffv6eg-fm8t9
2026-10-02 11:37:32,105 INFO [v33] EXIT half-back SSM 221 @ 2.7700 | entry 2.7900 peak 2.8000 stop 2.7950 | held 5s | P/L -4.42 (-0.72% of the trade, -0.02% of the account)  || resource=srv-daqp02flot8c73ffv6eg instance=srv-daqp02flot8c73ffv6eg-fm8t9
2026-10-02 11:37:33,877 INFO [v33] RE-ENTER SSM 192 @ 2.8000 = $538 | stop 2.7600 (1.43% away) | back above the 2.7700 that threw us out  || resource=srv-daqp02flot8c73ffv6eg instance=srv-daqp02flot8c73ffv6eg-fm8t9
2026-10-02 11:37:38,019 CRITICAL [v33] SSM STILL HOLDING 24 share(s) after 8 chase attempts - the exit did not complete. This position is unprotected until the next pass.  || resource=srv-daqp02flot8c73ffv6eg instance=srv-daqp02flot8c73ffv6eg-fm8t9
2026-10-02 11:37:38,095 INFO [v33] EXIT half-back SSM 192 @ 2.7600 | entry 2.8000 peak 2.8000 stop 2.7600 | held 4s | P/L -7.68 (-1.43% of the trade, -0.04% of the account)  || resource=srv-daqp02flot8c73ffv6eg instance=srv-daqp02flot8c73ffv6eg-fm8t9
2026-10-02 11:37:39,973 INFO [v33] RE-ENTER SSM 254 @ 2.8000 = $711 | stop 2.7500 (1.79% away) | back above the 2.7600 that threw us out  || resource=srv-daqp02flot8c73ffv6eg instance=srv-daqp02flot8c73ffv6eg-fm8t9
2026-10-02 11:37:44,358 CRITICAL [v33] SSM STILL HOLDING 35 share(s) after 8 chase attempts - the exit did not complete. This position is unprotected until the next pass.  || resource=srv-daqp02flot8c73ffv6eg instance=srv-daqp02flot8c73ffv6eg-fm8t9
2026-10-02 11:37:44,430 INFO [v33] EXIT half-back SSM 254 @ 2.7500 | entry 2.8000 peak 2.8000 stop 2.7500 | held 4s | P/L -12.70 (-1.79% of the trade, -0.06% of the account)  || resource=srv-daqp02flot8c73ffv6eg instance=srv-daqp02flot8c73ffv6eg-fm8t9
2026-10-02 11:37:52,017 INFO [v33] RE-ENTER SSM 150 @ 2.7700 = $416 | stop 2.7400 (1.08% away) | back above the 2.7500 that threw us out  || resource=srv-daqp02flot8c73ffv6eg instance=srv-daqp02flot8c73ffv6eg-fm8t9
2026-10-02 11:37:53,333 CRITICAL [v33] SSM STILL HOLDING 35 share(s) after 8 chase attempts - the exit did not complete. This position is unprotected until the next pass.  || resource=srv-daqp02flot8c73ffv6eg instance=srv-daqp02flot8c73ffv6eg-fm8t9
2026-10-02 11:37:53,405 INFO [v33] EXIT half-back SSM 150 @ 2.7800 | entry 2.7700 peak 2.8000 stop 2.7850 | held 1s | P/L +1.50 (+0.36% of the trade, +0.01% of the account)  || resource=srv-daqp02flot8c73ffv6eg instance=srv-daqp02flot8c73ffv6eg-fm8t9
2026-10-02 11:37:56,410 INFO [v32] EXIT stop CYPH 85 @ 3.1800 | entry 3.2000 peak 3.2000 stop 3.1800 | held 358s | P/L -1.70 (-0.63% of the trade, -0.02% of the account)  || resource=srv-daqp02flot8c73ffv6eg instance=srv-daqp02flot8c73ffv6eg-fm8t9
2026-10-02 11:37:57,466 INFO [v33] RE-ENTER SSM 149 @ 2.8000 = $417 | stop 2.7700 (1.07% away) | back above the 2.7800 that threw us out  || resource=srv-daqp02flot8c73ffv6eg instance=srv-daqp02flot8c73ffv6eg-fm8t9
2026-10-02 11:38:01,918 CRITICAL [v33] SSM STILL HOLDING 35 share(s) after 8 chase attempts - the exit did not complete. This position is unprotected until the next pass.  || resource=srv-daqp02flot8c73ffv6eg instance=srv-daqp02flot8c73ffv6eg-fm8t9
2026-10-02 11:38:02,004 INFO [v33] EXIT half-back SSM 149 @ 2.7700 | entry 2.8000 peak 2.8000 stop 2.7700 | held 4s | P/L -4.47 (-1.07% of the trade, -0.02% of the account)  || resource=srv-daqp02flot8c73ffv6eg instance=srv-daqp02flot8c73ffv6eg-fm8t9
2026-10-02 11:38:03,659 INFO [v33] RE-ENTER SSM 174 @ 2.7900 = $485 | stop 2.7600 (1.08% away) | back above the 2.7700 that threw us out  || resource=srv-daqp02flot8c73ffv6eg instance=srv-daqp02flot8c73ffv6eg-fm8t9
2026-10-02 11:38:08,780 CRITICAL [v33] SSM STILL HOLDING 37 share(s) after 8 chase attempts - the exit did not complete. This position is unprotected until the next pass.  || resource=srv-daqp02flot8c73ffv6eg instance=srv-daqp02flot8c73ffv6eg-fm8t9
2026-10-02 11:38:08,851 INFO [v33] EXIT half-back SSM 174 @ 2.7800 | entry 2.7900 peak 2.8000 stop 2.7950 | held 5s | P/L -1.74 (-0.36% of the trade, -0.01% of the account)  || resource=srv-daqp02flot8c73ffv6eg instance=srv-daqp02flot8c73ffv6eg-fm8t9
2026-10-02 11:38:14,180 INFO [v33] RE-ENTER SSM 205 @ 2.8000 = $574 | stop 2.7700 (1.07% away) | back above the 2.7800 that threw us out  || resource=srv-daqp02flot8c73ffv6eg instance=srv-daqp02flot8c73ffv6eg-fm8t9
2026-10-02 11:38:22,304 CRITICAL [v33] SSM STILL HOLDING 37 share(s) after 8 chase attempts - the exit did not complete. This position is unprotected until the next pass.  || resource=srv-daqp02flot8c73ffv6eg instance=srv-daqp02flot8c73ffv6eg-fm8t9
2026-10-02 11:38:22,377 INFO [v33] EXIT half-back SSM 205 @ 2.7800 | entry 2.8000 peak 2.8600 stop 2.8300 | held 8s | P/L -4.10 (-0.71% of the trade, -0.02% of the account)  || resource=srv-daqp02flot8c73ffv6eg instance=srv-daqp02flot8c73ffv6eg-fm8t9
2026-10-02 11:38:24,124 INFO [v33] RE-ENTER SSM 215 @ 2.8600 = $615 | stop 2.7700 (3.15% away) | back above the 2.7800 that threw us out  || resource=srv-daqp02flot8c73ffv6eg instance=srv-daqp02flot8c73ffv6eg-fm8t9
2026-10-02 11:38:28,684 CRITICAL [v33] SSM STILL HOLDING 37 share(s) after 8 chase attempts - the exit did not complete. This position is unprotected until the next pass.  || resource=srv-daqp02flot8c73ffv6eg instance=srv-daqp02flot8c73ffv6eg-fm8t9
2026-10-02 11:38:28,757 INFO [v33] EXIT half-back SSM 215 @ 2.7700 | entry 2.8600 peak 2.8600 stop 2.7700 | held 5s | P/L -19.35 (-3.15% of the trade, -0.09% of the account)  || resource=srv-daqp02flot8c73ffv6eg instance=srv-daqp02flot8c73ffv6eg-fm8t9
2026-10-02 11:38:29,745 INFO [v33] RE-ENTER SSM 149 @ 2.7900 = $416 | stop 2.7600 (1.08% away) | back above the 2.7700 that threw us out  || resource=srv-daqp02flot8c73ffv6eg instance=srv-daqp02flot8c73ffv6eg-fm8t9
2026-10-02 11:38:35,170 CRITICAL [v33] SSM STILL HOLDING 37 share(s) after 8 chase attempts - the exit did not complete. This position is unprotected until the next pass.  || resource=srv-daqp02flot8c73ffv6eg instance=srv-daqp02flot8c73ffv6eg-fm8t9
2026-10-02 11:38:35,243 INFO [v33] EXIT half-back SSM 149 @ 2.7900 | entry 2.7900 peak 2.8000 stop 2.7950 | held 5s | P/L +0.00 (+0.00% of the trade, +0.00% of the account)  || resource=srv-daqp02flot8c73ffv6eg instance=srv-daqp02flot8c73ffv6eg-fm8t9
2026-10-02 11:38:39,029 INFO [v33] RE-ENTER SSM 148 @ 2.8100 = $416 | stop 2.7800 (1.07% away) | back above the 2.7900 that threw us out  || resource=srv-daqp02flot8c73ffv6eg instance=srv-daqp02flot8c73ffv6eg-fm8t9
2026-10-02 11:38:41,662 CRITICAL [v33] SSM STILL HOLDING 37 share(s) after 8 chase attempts - the exit did not complete. This position is unprotected until the next pass.  || resource=srv-daqp02flot8c73ffv6eg instance=srv-daqp02flot8c73ffv6eg-fm8t9
2026-10-02 11:38:44,805 INFO [v33] EXIT half-back SSM 148 @ 2.7800 | entry 2.8100 peak 2.8100 stop 2.7800 | held 3s | P/L -4.44 (-1.07% of the trade, -0.02% of the account)  || resource=srv-daqp02flot8c73ffv6eg instance=srv-daqp02flot8c73ffv6eg-fm8t9
2026-10-02 11:38:45,527 INFO [v33] RE-ENTER SSM 149 @ 2.8000 = $417 | stop 2.7700 (1.07% away) | back above the 2.7800 that threw us out  || resource=srv-daqp02flot8c73ffv6eg instance=srv-daqp02flot8c73ffv6eg-fm8t9
2026-10-02 11:38:46,474 CRITICAL [v33] SSM STILL HOLDING 37 share(s) after 8 chase attempts - the exit did not complete. This position is unprotected until the next pass.  || resource=srv-daqp02flot8c73ffv6eg instance=srv-daqp02flot8c73ffv6eg-fm8t9
2026-10-02 11:38:46,475 INFO [v33] EXIT half-back SSM 149 @ 2.8010 | entry 2.8000 peak 2.8100 stop 2.8050 | held 1s | P/L +0.15 (+0.04% of the trade, +0.00% of the account)  || resource=srv-daqp02flot8c73ffv6eg instance=srv-daqp02flot8c73ffv6eg-fm8t9
2026-10-02 11:38:51,357 INFO [v33] RE-ENTER ONX 62 @ 8.9900 = $557 | stop 8.9495 (0.45% away) | back above the 8.9595 that threw us out  || resource=srv-daqp02flot8c73ffv6eg instance=srv-daqp02flot8c73ffv6eg-fm8t9
2026-10-02 11:38:56,920 INFO [v33] EXIT half-back AIXI 290 @ 1.4600 | entry 1.4400 peak 1.4800 stop 1.4600 | held 392s | P/L +5.80 (+1.39% of the trade, +0.03% of the account)  || resource=srv-daqp02flot8c73ffv6eg instance=srv-daqp02flot8c73ffv6eg-fm8t9
2026-10-02 11:38:58,682 INFO [v33] RE-ENTER SSM 184 @ 2.8300 = $521 | stop 2.7910 (1.38% away) | back above the 2.8010 that threw us out  || resource=srv-daqp02flot8c73ffv6eg instance=srv-daqp02flot8c73ffv6eg-fm8t9
2026-10-02 11:39:08,108 CRITICAL [v33] SSM STILL HOLDING 37 share(s) after 8 chase attempts - the exit did not complete. This position is unprotected until the next pass.  || resource=srv-daqp02flot8c73ffv6eg instance=srv-daqp02flot8c73ffv6eg-fm8t9
2026-10-02 11:39:08,180 INFO [v33] EXIT half-back SSM 184 @ 2.8300 | entry 2.8300 peak 2.8400 stop 2.8350 | held 9s | P/L +0.00 (+0.00% of the trade, +0.00% of the account)  || resource=srv-daqp02flot8c73ffv6eg instance=srv-daqp02flot8c73ffv6eg-fm8t9
2026-10-02 11:39:12,967 INFO [v33] RE-ENTER SSM 147 @ 2.8500 = $419 | stop 2.8200 (1.05% away) | back above the 2.8300 that threw us out  || resource=srv-daqp02flot8c73ffv6eg instance=srv-daqp02flot8c73ffv6eg-fm8t9
2026-10-02 11:39:16,217 CRITICAL [v33] SSM STILL HOLDING 46 share(s) after 8 chase attempts - the exit did not complete. This position is unprotected until the next pass.  || resource=srv-daqp02flot8c73ffv6eg instance=srv-daqp02flot8c73ffv6eg-fm8t9
2026-10-02 11:39:16,292 INFO [v33] EXIT half-back SSM 147 @ 2.8600 | entry 2.8500 peak 2.8700 stop 2.8600 | held 3s | P/L +1.47 (+0.35% of the trade, +0.01% of the account)  || resource=srv-daqp02flot8c73ffv6eg instance=srv-daqp02flot8c73ffv6eg-fm8t9
2026-10-02 11:39:20,569 INFO [v33] RE-ENTER SSM 145 @ 2.8800 = $418 | stop 2.8500 (1.04% away) | back above the 2.8600 that threw us out  || resource=srv-daqp02flot8c73ffv6eg instance=srv-daqp02flot8c73ffv6eg-fm8t9
2026-10-02 11:39:26,671 CRITICAL [v33] SSM STILL HOLDING 148 share(s) after 8 chase attempts - the exit did not complete. This position is unprotected until the next pass.  || resource=srv-daqp02flot8c73ffv6eg instance=srv-daqp02flot8c73ffv6eg-fm8t9
2026-10-02 11:39:26,672 INFO [v33] EXIT half-back SSM 145 @ 2.8500 | entry 2.8800 peak 2.8800 stop 2.8500 | held 6s | P/L -4.35 (-1.04% of the trade, -0.02% of the account)  || resource=srv-daqp02flot8c73ffv6eg instance=srv-daqp02flot8c73ffv6eg-fm8t9
2026-10-02 11:40:05,184 INFO [v33] RE-ENTER AIXI 317 @ 1.4800 = $469 | stop 1.4500 (2.03% away) | back above the 1.4600 that threw us out  || resource=srv-daqp02flot8c73ffv6eg instance=srv-daqp02flot8c73ffv6eg-fm8t9
2026-10-02 11:40:12,529 INFO [v33] EXIT half-back SSM 148 @ 2.7210 | entry 2.7420 peak 2.7420 stop 2.7320 | held 52s | P/L -3.11 (-0.77% of the trade, -0.02% of the account)  || resource=srv-daqp02flot8c73ffv6eg instance=srv-daqp02flot8c73ffv6eg-fm8t9
2026-10-02 11:40:18,983 CRITICAL [v33] AIXI STILL HOLDING 1 share(s) after 8 chase attempts - the exit did not complete. This position is unprotected until the next pass.  || resource=srv-daqp02flot8c73ffv6eg instance=srv-daqp02flot8c73ffv6eg-fm8t9
2026-10-02 11:40:19,056 INFO [v33] EXIT half-back AIXI 317 @ 1.4900 | entry 1.4800 peak 1.5000 stop 1.4900 | held 14s | P/L +3.17 (+0.68% of the trade, +0.02% of the account)  || resource=srv-daqp02flot8c73ffv6eg instance=srv-daqp02flot8c73ffv6eg-fm8t9
2026-10-02 11:40:20,042 INFO [v33] RE-ENTER SSM 151 @ 2.7500 = $415 | stop 2.7110 (1.42% away) | back above the 2.7210 that threw us out  || resource=srv-daqp02flot8c73ffv6eg instance=srv-daqp02flot8c73ffv6eg-fm8t9
2026-10-02 11:40:24,416 INFO [v33] EXIT half-back SSM 151 @ 2.7505 | entry 2.7500 peak 2.7589 stop 2.7545 | held 4s | P/L +0.08 (+0.02% of the trade, +0.00% of the account)  || resource=srv-daqp02flot8c73ffv6eg instance=srv-daqp02flot8c73ffv6eg-fm8t9
2026-10-02 11:40:25,147 INFO [v33] RE-ENTER SSM 150 @ 2.7800 = $417 | stop 2.7405 (1.42% away) | back above the 2.7505 that threw us out  || resource=srv-daqp02flot8c73ffv6eg instance=srv-daqp02flot8c73ffv6eg-fm8t9
2026-10-02 11:40:29,567 INFO [v33] EXIT half-back SSM 150 @ 2.7800 | entry 2.7800 peak 2.7900 stop 2.7850 | held 4s | P/L +0.00 (+0.00% of the trade, +0.00% of the account)  || resource=srv-daqp02flot8c73ffv6eg instance=srv-daqp02flot8c73ffv6eg-fm8t9
2026-10-02 11:40:30,277 INFO [v33] RE-ENTER AIXI 276 @ 1.5100 = $417 | stop 1.4800 (1.99% away) | back above the 1.4900 that threw us out  || resource=srv-daqp02flot8c73ffv6eg instance=srv-daqp02flot8c73ffv6eg-fm8t9
2026-10-02 11:40:34,329 INFO [v33] RE-ENTER SSM 149 @ 2.8000 = $417 | stop 2.7700 (1.07% away) | back above the 2.7800 that threw us out  || resource=srv-daqp02flot8c73ffv6eg instance=srv-daqp02flot8c73ffv6eg-fm8t9
2026-10-02 11:40:42,414 INFO [v33] EXIT half-back SSM 149 @ 2.7495 | entry 2.8000 peak 2.8000 stop 2.7700 | held 8s | P/L -7.52 (-1.80% of the trade, -0.04% of the account)  || resource=srv-daqp02flot8c73ffv6eg instance=srv-daqp02flot8c73ffv6eg-fm8t9
2026-10-02 11:40:44,015 INFO [v33] RE-ENTER SSM 235 @ 2.8014 = $658 | stop 2.7395 (2.21% away) | back above the 2.7495 that threw us out  || resource=srv-daqp02flot8c73ffv6eg instance=srv-daqp02flot8c73ffv6eg-fm8t9
2026-10-02 11:40:50,602 CRITICAL [v33] SSM STILL HOLDING 1 share(s) after 8 chase attempts - the exit did not complete. This position is unprotected until the next pass.  || resource=srv-daqp02flot8c73ffv6eg instance=srv-daqp02flot8c73ffv6eg-fm8t9
2026-10-02 11:40:50,674 INFO [v33] EXIT half-back SSM 235 @ 2.8005 | entry 2.8014 peak 2.8020 stop 2.8017 | held 7s | P/L -0.21 (-0.03% of the trade, -0.00% of the account)  || resource=srv-daqp02flot8c73ffv6eg instance=srv-daqp02flot8c73ffv6eg-fm8t9
2026-10-02 11:40:57,677 CRITICAL [v33] AIXI STILL HOLDING 1 share(s) after 8 chase attempts - the exit did not complete. This position is unprotected until the next pass.  || resource=srv-daqp02flot8c73ffv6eg instance=srv-daqp02flot8c73ffv6eg-fm8t9
2026-10-02 11:40:57,749 INFO [v33] EXIT half-back AIXI 276 @ 1.5100 | entry 1.5100 peak 1.5200 stop 1.5150 | held 27s | P/L +0.00 (+0.00% of the trade, +0.00% of the account)  || resource=srv-daqp02flot8c73ffv6eg instance=srv-daqp02flot8c73ffv6eg-fm8t9
2026-10-02 11:40:58,744 INFO [v33] RE-ENTER AIXI 272 @ 1.5300 = $416 | stop 1.5000 (1.96% away) | back above the 1.5100 that threw us out  || resource=srv-daqp02flot8c73ffv6eg instance=srv-daqp02flot8c73ffv6eg-fm8t9
2026-10-02 11:41:05,139 CRITICAL [v33] AIXI STILL HOLDING 1 share(s) after 8 chase attempts - the exit did not complete. This position is unprotected until the next pass.  || resource=srv-daqp02flot8c73ffv6eg instance=srv-daqp02flot8c73ffv6eg-fm8t9
2026-10-02 11:41:05,213 INFO [v33] EXIT half-back AIXI 272 @ 1.5300 | entry 1.5300 peak 1.5400 stop 1.5350 | held 6s | P/L +0.00 (+0.00% of the trade, +0.00% of the account)  || resource=srv-daqp02flot8c73ffv6eg instance=srv-daqp02flot8c73ffv6eg-fm8t9
2026-10-02 11:41:10,079 INFO [v33] RE-ENTER ONG 89 @ 5.6310 = $501 | stop 5.5900 (0.73% away) | back above the 5.6000 that threw us out  || resource=srv-daqp02flot8c73ffv6eg instance=srv-daqp02flot8c73ffv6eg-fm8t9
2026-10-02 11:41:19,178 INFO [v32] EXIT stop SDEV 47 @ 4.6300 | entry 4.6400 peak 5.3094 stop 4.6300 | held 0s | P/L -0.47 (-0.22% of the trade, -0.00% of the account)  || resource=srv-daqp02flot8c73ffv6eg instance=srv-daqp02flot8c73ffv6eg-fm8t9
2026-10-02 11:41:20,376 INFO [v33] RE-ENTER AMOD 259 @ 2.5700 = $666 | stop 2.5301 (1.55% away) | back above the 2.5401 that threw us out  || resource=srv-daqp02flot8c73ffv6eg instance=srv-daqp02flot8c73ffv6eg-fm8t9
2026-10-02 11:41:23,526 INFO [v32] ENTER SDEV 45 @ 4.6300 = $208 | stop 4.5900 (0.86% away) | day level 4.6300, re-entry at 4.6500  || resource=srv-daqp02flot8c73ffv6eg instance=srv-daqp02flot8c73ffv6eg-fm8t9
2026-10-02 11:41:24,829 CRITICAL [v33] AMOD STILL HOLDING 9 share(s) after 8 chase attempts - the exit did not complete. This position is unprotected until the next pass.  || resource=srv-daqp02flot8c73ffv6eg instance=srv-daqp02flot8c73ffv6eg-fm8t9
2026-10-02 11:41:24,829 INFO [v33] EXIT half-back AMOD 259 @ 2.5703 | entry 2.5700 peak 2.5780 stop 2.5740 | held 4s | P/L +0.08 (+0.01% of the trade, +0.00% of the account)  || resource=srv-daqp02flot8c73ffv6eg instance=srv-daqp02flot8c73ffv6eg-fm8t9
2026-10-02 11:41:29,398 INFO [v33] RE-ENTER AMOD 179 @ 2.6000 = $465 | stop 2.5603 (1.53% away) | back above the 2.5703 that threw us out  || resource=srv-daqp02flot8c73ffv6eg instance=srv-daqp02flot8c73ffv6eg-fm8t9
2026-10-02 11:41:30,816 CRITICAL [v33] AMOD STILL HOLDING 35 share(s) after 8 chase attempts - the exit did not complete. This position is unprotected until the next pass.  || resource=srv-daqp02flot8c73ffv6eg instance=srv-daqp02flot8c73ffv6eg-fm8t9
2026-10-02 11:41:30,892 INFO [v33] EXIT half-back AMOD 179 @ 2.6100 | entry 2.6000 peak 2.6200 stop 2.6100 | held 1s | P/L +1.79 (+0.38% of the trade, +0.01% of the account)  || resource=srv-daqp02flot8c73ffv6eg instance=srv-daqp02flot8c73ffv6eg-fm8t9
2026-10-02 11:41:35,291 INFO [v33] EXIT half-back SSM 1 @ 2.5400 | entry 2.5220 peak 2.5600 stop 2.5410 | held 51s | P/L +0.02 (+0.71% of the trade, +0.00% of the account)  || resource=srv-daqp02flot8c73ffv6eg instance=srv-daqp02flot8c73ffv6eg-fm8t9
2026-10-02 11:41:39,749 INFO [v33] EXIT half-back AMOD 35 @ 2.6100 | entry 2.6000 peak 2.6200 stop 2.6100 | held 10s | P/L +0.35 (+0.38% of the trade, +0.00% of the account)  || resource=srv-daqp02flot8c73ffv6eg instance=srv-daqp02flot8c73ffv6eg-fm8t9
2026-10-02 11:41:40,752 INFO [v33] RE-ENTER SSM 163 @ 2.5600 = $417 | stop 2.5300 (1.17% away) | back above the 2.5400 that threw us out  || resource=srv-daqp02flot8c73ffv6eg instance=srv-daqp02flot8c73ffv6eg-fm8t9
2026-10-02 11:41:44,985 INFO [v33] EXIT half-back SSM 163 @ 2.5600 | entry 2.5600 peak 2.5700 stop 2.5650 | held 4s | P/L +0.00 (+0.00% of the trade, +0.00% of the account)  || resource=srv-daqp02flot8c73ffv6eg instance=srv-daqp02flot8c73ffv6eg-fm8t9
2026-10-02 11:41:45,970 INFO [v33] RE-ENTER SSM 161 @ 2.5800 = $415 | stop 2.5500 (1.16% away) | back above the 2.5600 that threw us out  || resource=srv-daqp02flot8c73ffv6eg instance=srv-daqp02flot8c73ffv6eg-fm8t9
2026-10-02 11:41:50,149 INFO [v33] EXIT half-back SSM 161 @ 2.5800 | entry 2.5800 peak 2.5896 stop 2.5848 | held 4s | P/L +0.00 (+0.00% of the trade, +0.00% of the account)  || resource=srv-daqp02flot8c73ffv6eg instance=srv-daqp02flot8c73ffv6eg-fm8t9
2026-10-02 11:41:51,376 INFO [v33] EXIT half-back AIXI 1 @ 1.5195 | entry 1.5100 peak 1.5300 stop 1.5200 | held 53s | P/L +0.01 (+0.63% of the trade, +0.00% of the account)  || resource=srv-daqp02flot8c73ffv6eg instance=srv-daqp02flot8c73ffv6eg-fm8t9
2026-10-02 11:41:53,827 INFO [v32] RE-ENTER SGRX 208 @ 1.6400 = $341 | stop 1.6000 (2.44% away) | day level 1.6100, re-entry at 1.6300  || resource=srv-daqp02flot8c73ffv6eg instance=srv-daqp02flot8c73ffv6eg-fm8t9
2026-10-02 11:41:55,929 INFO [v33] RE-ENTER SSM 190 @ 2.6000 = $494 | stop 2.5700 (1.15% away) | back above the 2.5800 that threw us out  || resource=srv-daqp02flot8c73ffv6eg instance=srv-daqp02flot8c73ffv6eg-fm8t9
2026-10-02 11:42:01,322 INFO [v33] EXIT half-back SSM 190 @ 2.5700 | entry 2.6000 peak 2.6000 stop 2.5700 | held 5s | P/L -5.70 (-1.15% of the trade, -0.03% of the account)  || resource=srv-daqp02flot8c73ffv6eg instance=srv-daqp02flot8c73ffv6eg-fm8t9
2026-10-02 11:42:06,258 INFO engine up: VERSION v31-r23 | v31, v32, v33 | one data connection | orphan mode adopt | baseline last_equity | quote-confirm on | odd-lot filter on | stop-ref bid | book every 120s | no entries after 19:00 | exposure cap 95% | position cap 25% | min stop 1% | session 04:00-20:00 ET | flatten 19:00 ET | dead exit 10 min  || resource=srv-daqp02flot8c73ffv6eg instance=srv-daqp02flot8c73ffv6eg-7wgvt
2026-10-02 11:42:06,929 INFO [v33] RE-ENTER AMOD 302 @ 2.6300 = $794 | stop 2.6000 (1.14% away) | back above the 2.6100 that threw us out  || resource=srv-daqp02flot8c73ffv6eg instance=srv-daqp02flot8c73ffv6eg-fm8t9
2026-10-02 11:42:10,469 INFO [v32] EXIT stop SGRX 228 @ 1.6500 | entry 1.6600 peak 1.6400 stop 1.6500 | held 0s | P/L -2.28 (-0.60% of the trade, -0.02% of the account)  || resource=srv-daqp02flot8c73ffv6eg instance=srv-daqp02flot8c73ffv6eg-7wgvt
2026-10-02 11:42:11,230 INFO [v32] ENTER SGRX 127 @ 1.6500 = $210 | stop 1.6300 (1.21% away) | day level 1.6500, re-entry at 1.6700  || resource=srv-daqp02flot8c73ffv6eg instance=srv-daqp02flot8c73ffv6eg-7wgvt
2026-10-02 11:42:14,789 INFO [v33] EXIT half-back AMOD 302 @ 2.5894 | entry 2.6057 peak 2.6057 stop 2.5957 | held 0s | P/L -4.93 (-0.63% of the trade, -0.02% of the account)  || resource=srv-daqp02flot8c73ffv6eg instance=srv-daqp02flot8c73ffv6eg-7wgvt
2026-10-02 11:42:15,000 INFO [v33] EXIT half-back AMOD 302 @ 2.6300 | entry 2.6300 peak 2.6315 stop 2.6307 | held 8s | P/L +0.00 (+0.00% of the trade, +0.00% of the account)  || resource=srv-daqp02flot8c73ffv6eg instance=srv-daqp02flot8c73ffv6eg-fm8t9
2026-10-02 11:42:22,862 INFO [v33] RE-ENTER AMOD 166 @ 2.6500 = $440 | stop 2.6200 (1.13% away) | back above the 2.6300 that threw us out  || resource=srv-daqp02flot8c73ffv6eg instance=srv-daqp02flot8c73ffv6eg-fm8t9
2026-10-02 11:42:27,253 INFO [v33] EXIT half-back AMOD 166 @ 2.6511 | entry 2.6500 peak 2.6600 stop 2.6550 | held 4s | P/L +0.18 (+0.04% of the trade, +0.00% of the account)  || resource=srv-daqp02flot8c73ffv6eg instance=srv-daqp02flot8c73ffv6eg-fm8t9
2026-10-02 11:42:31,338 INFO [v33] RE-ENTER SGRX 254 @ 1.6400 = $417 | stop 1.6000 (2.44% away) | back above the 1.6100 that threw us out  || resource=srv-daqp02flot8c73ffv6eg instance=srv-daqp02flot8c73ffv6eg-fm8t9
2026-10-02 11:42:31,761 INFO [v33] ENTER SDEV 126 @ 4.7394 = $597 | stop 4.6800 (1.25% away) | first entry, stop from the bid  || resource=srv-daqp02flot8c73ffv6eg instance=srv-daqp02flot8c73ffv6eg-7wgvt
2026-10-02 11:42:35,466 INFO [v33] EXIT half-back SDEV 126 @ 4.7195 | entry 4.7400 peak 4.7400 stop 4.7300 | held 1572s | P/L -2.58 (-0.43% of the trade, -0.01% of the account)  || resource=srv-daqp02flot8c73ffv6eg instance=srv-daqp02flot8c73ffv6eg-fm8t9
2026-10-02 11:42:39,563 INFO [v33] ENTER SSM 246 @ 2.5600 = $630 | stop 2.5400 (0.78% away) | first entry, stop from the bid  || resource=srv-daqp02flot8c73ffv6eg instance=srv-daqp02flot8c73ffv6eg-7wgvt
2026-10-02 11:42:42,809 INFO [v33] EXIT half-back SDEV 0 @ 4.7300 | entry 4.7394 peak 4.7400 stop 4.7397 | held 8s | P/L -0.00 (-0.20% of the trade, -0.00% of the account)  || resource=srv-daqp02flot8c73ffv6eg instance=srv-daqp02flot8c73ffv6eg-7wgvt
2026-10-02 11:42:47,302 INFO [v33] ENTER SGRX 252 @ 1.6500 = $416 | stop 1.6400 (0.61% away) | first entry, stop from the bid  || resource=srv-daqp02flot8c73ffv6eg instance=srv-daqp02flot8c73ffv6eg-7wgvt
2026-10-02 11:42:51,211 INFO [v33] EXIT half-back SGRX 254 @ 1.6500 | entry 1.6400 peak 1.6600 stop 1.6500 | held 20s | P/L +2.54 (+0.61% of the trade, +0.01% of the account)  || resource=srv-daqp02flot8c73ffv6eg instance=srv-daqp02flot8c73ffv6eg-fm8t9
2026-10-02 11:42:51,311 INFO [v33] ENTER AIXI 266 @ 1.5300 = $407 | stop 1.5200 (0.65% away) | first entry, stop from the bid  || resource=srv-daqp02flot8c73ffv6eg instance=srv-daqp02flot8c73ffv6eg-7wgvt
2026-10-02 11:42:51,496 INFO [v33] EXIT half-back SDEV 0 @ 4.7300 | entry 4.7394 peak 4.7400 stop 4.7397 | held 20s | P/L -0.00 (-0.20% of the trade, -0.00% of the account)  || resource=srv-daqp02flot8c73ffv6eg instance=srv-daqp02flot8c73ffv6eg-7wgvt
2026-10-02 11:42:55,272 INFO [v33] RE-ENTER SDEV 88 @ 4.7400 = $417 | stop 4.7095 (0.64% away) | back above the 4.7195 that threw us out  || resource=srv-daqp02flot8c73ffv6eg instance=srv-daqp02flot8c73ffv6eg-fm8t9
2026-10-02 11:42:58,170 INFO [v32] EXIT stop SGRX 127 @ 1.6300 | entry 1.6500 peak 1.6500 stop 1.6300 | held 47s | P/L -2.54 (-1.21% of the trade, -0.02% of the account)  || resource=srv-daqp02flot8c73ffv6eg instance=srv-daqp02flot8c73ffv6eg-7wgvt
2026-10-02 11:42:59,007 INFO [v33] ENTER TNMG 94 @ 4.9400 = $464 | stop 4.9300 (0.20% away) | first entry, stop from the bid  || resource=srv-daqp02flot8c73ffv6eg instance=srv-daqp02flot8c73ffv6eg-7wgvt
2026-10-02 11:42:59,895 INFO [v33] EXIT half-back SDEV 88 @ 4.7300 | entry 4.7394 peak 4.7400 stop 4.7397 | held 28s | P/L -0.83 (-0.20% of the trade, -0.00% of the account)  || resource=srv-daqp02flot8c73ffv6eg instance=srv-daqp02flot8c73ffv6eg-7wgvt
2026-10-02 11:43:03,078 INFO [v33] EXIT half-back SDEV 0 @ 4.7320 | entry 4.7394 peak 4.7400 stop 4.7397 | held 31s | P/L -0.00 (-0.16% of the trade, -0.00% of the account)  || resource=srv-daqp02flot8c73ffv6eg instance=srv-daqp02flot8c73ffv6eg-7wgvt
2026-10-02 11:43:03,202 INFO [v33] EXIT half-back SDEV 0 @ 4.7300 | entry 4.7394 peak 4.7400 stop 4.7397 | held 31s | P/L -0.00 (-0.20% of the trade, -0.00% of the account)  || resource=srv-daqp02flot8c73ffv6eg instance=srv-daqp02flot8c73ffv6eg-7wgvt
2026-10-02 11:43:03,327 INFO [v33] EXIT half-back SDEV 0 @ 4.7300 | entry 4.7394 peak 4.7400 stop 4.7397 | held 32s | P/L -0.00 (-0.20% of the trade, -0.00% of the account)  || resource=srv-daqp02flot8c73ffv6eg instance=srv-daqp02flot8c73ffv6eg-7wgvt
2026-10-02 11:43:03,452 INFO [v33] EXIT half-back SDEV 0 @ 4.7300 | entry 4.7394 peak 4.7400 stop 4.7397 | held 32s | P/L -0.00 (-0.20% of the trade, -0.00% of the account)  || resource=srv-daqp02flot8c73ffv6eg instance=srv-daqp02flot8c73ffv6eg-7wgvt
2026-10-02 11:43:03,576 INFO [v33] EXIT half-back SDEV 0 @ 4.7300 | entry 4.7394 peak 4.7400 stop 4.7397 | held 32s | P/L -0.00 (-0.20% of the trade, -0.00% of the account)  || resource=srv-daqp02flot8c73ffv6eg instance=srv-daqp02flot8c73ffv6eg-7wgvt
2026-10-02 11:43:03,701 INFO [v33] EXIT half-back SDEV 0 @ 4.7300 | entry 4.7394 peak 4.7400 stop 4.7397 | held 32s | P/L -0.00 (-0.20% of the trade, -0.00% of the account)  || resource=srv-daqp02flot8c73ffv6eg instance=srv-daqp02flot8c73ffv6eg-7wgvt
2026-10-02 11:43:03,826 INFO [v33] EXIT half-back SDEV 0 @ 4.7300 | entry 4.7394 peak 4.7400 stop 4.7397 | held 32s | P/L -0.00 (-0.20% of the trade, -0.00% of the account)  || resource=srv-daqp02flot8c73ffv6eg instance=srv-daqp02flot8c73ffv6eg-7wgvt
2026-10-02 11:43:07,024 INFO [v33] EXIT half-back SDEV 0 @ 4.7300 | entry 0.0000 peak 0.0000 stop 0.0000 | held 35s | P/L +0.00 (+0.00% of the trade, +0.00% of the account)  || resource=srv-daqp02flot8c73ffv6eg instance=srv-daqp02flot8c73ffv6eg-7wgvt
2026-10-02 11:43:07,963 INFO [v33] ENTER SGRX 248 @ 1.6400 = $407 | stop 1.6200 (1.22% away) | first entry, stop from the bid  || resource=srv-daqp02flot8c73ffv6eg instance=srv-daqp02flot8c73ffv6eg-7wgvt
2026-10-02 11:43:13,163 INFO [v33] EXIT half-back TNMG 122 @ 4.9400 | entry 4.9400 peak 4.9403 stop 4.9402 | held 14s | P/L +0.00 (+0.00% of the trade, +0.00% of the account)  || resource=srv-daqp02flot8c73ffv6eg instance=srv-daqp02flot8c73ffv6eg-7wgvt
2026-10-02 11:43:17,362 INFO [v33] EXIT half-back AIXI 266 @ 1.5300 | entry 1.5300 peak 1.5400 stop 1.5350 | held 26s | P/L +0.00 (+0.00% of the trade, +0.00% of the account)  || resource=srv-daqp02flot8c73ffv6eg instance=srv-daqp02flot8c73ffv6eg-7wgvt
2026-10-02 11:43:18,507 INFO [v33] EXIT half-back SGRX 248 @ 1.6400 | entry 1.6400 peak 1.6500 stop 1.6450 | held 10s | P/L +0.00 (+0.00% of the trade, +0.00% of the account)  || resource=srv-daqp02flot8c73ffv6eg instance=srv-daqp02flot8c73ffv6eg-7wgvt
2026-10-02 11:43:23,765 INFO [v33] EXIT half-back SSM 304 @ 2.5600 | entry 2.5600 peak 2.5700 stop 2.5650 | held 44s | P/L +0.00 (+0.00% of the trade, +0.00% of the account)  || resource=srv-daqp02flot8c73ffv6eg instance=srv-daqp02flot8c73ffv6eg-7wgvt
2026-10-02 11:43:27,811 INFO [v33] RE-ENTER SGRX 245 @ 1.6600 = $407 | stop 1.6300 (1.81% away) | back above the 1.6400 that threw us out  || resource=srv-daqp02flot8c73ffv6eg instance=srv-daqp02flot8c73ffv6eg-7wgvt
2026-10-02 11:43:28,747 INFO [v33] RE-ENTER SDEV 85 @ 4.7500 = $404 | stop 4.7200 (0.63% away) | back above the 4.7300 that threw us out  || resource=srv-daqp02flot8c73ffv6eg instance=srv-daqp02flot8c73ffv6eg-7wgvt
2026-10-02 11:43:35,008 INFO [v33] EXIT half-back SDEV 85 @ 4.7500 | entry 4.7500 peak 4.7600 stop 4.7550 | held 6s | P/L +0.00 (+0.00% of the trade, +0.00% of the account)  || resource=srv-daqp02flot8c73ffv6eg instance=srv-daqp02flot8c73ffv6eg-7wgvt
2026-10-02 11:43:39,520 INFO [v33] RE-ENTER AIXI 346 @ 1.5500 = $536 | stop 1.5200 (1.94% away) | back above the 1.5300 that threw us out  || resource=srv-daqp02flot8c73ffv6eg instance=srv-daqp02flot8c73ffv6eg-7wgvt
2026-10-02 11:43:40,440 INFO [v33] RE-ENTER TNMG 82 @ 4.9600 = $407 | stop 4.9300 (0.60% away) | back above the 4.9400 that threw us out  || resource=srv-daqp02flot8c73ffv6eg instance=srv-daqp02flot8c73ffv6eg-7wgvt
2026-10-02 11:43:44,864 INFO [v33] EXIT half-back TNMG 82 @ 4.9400 | entry 4.9600 peak 4.9690 stop 4.9645 | held 4s | P/L -1.64 (-0.40% of the trade, -0.01% of the account)  || resource=srv-daqp02flot8c73ffv6eg instance=srv-daqp02flot8c73ffv6eg-7wgvt
2026-10-02 11:43:48,757 CRITICAL [v33] AIXI STILL HOLDING 21 share(s) after 8 chase attempts - the exit did not complete. This position is unprotected until the next pass.  || resource=srv-daqp02flot8c73ffv6eg instance=srv-daqp02flot8c73ffv6eg-7wgvt
2026-10-02 11:43:48,757 INFO [v33] EXIT half-back AIXI 346 @ 1.5504 | entry 1.5500 peak 1.5600 stop 1.5550 | held 9s | P/L +0.14 (+0.03% of the trade, +0.00% of the account)  || resource=srv-daqp02flot8c73ffv6eg instance=srv-daqp02flot8c73ffv6eg-7wgvt
2026-10-02 11:43:50,958 INFO [v33] RE-ENTER TNMG 114 @ 4.9694 = $567 | stop 4.9300 (0.79% away) | back above the 4.9400 that threw us out  || resource=srv-daqp02flot8c73ffv6eg instance=srv-daqp02flot8c73ffv6eg-7wgvt
2026-10-02 11:43:54,924 INFO [v33] EXIT half-back SGRX 245 @ 1.6627 | entry 1.6600 peak 1.6700 stop 1.6650 | held 27s | P/L +0.66 (+0.16% of the trade, +0.00% of the account)  || resource=srv-daqp02flot8c73ffv6eg instance=srv-daqp02flot8c73ffv6eg-7wgvt
2026-10-02 11:43:59,348 CRITICAL [v33] TNMG STILL HOLDING 7 share(s) after 8 chase attempts - the exit did not complete. This position is unprotected until the next pass.  || resource=srv-daqp02flot8c73ffv6eg instance=srv-daqp02flot8c73ffv6eg-7wgvt
2026-10-02 11:43:59,348 INFO [v33] EXIT half-back TNMG 114 @ 4.9300 | entry 4.9694 peak 4.9694 stop 4.9300 | held 8s | P/L -4.49 (-0.79% of the trade, -0.02% of the account)  || resource=srv-daqp02flot8c73ffv6eg instance=srv-daqp02flot8c73ffv6eg-7wgvt
2026-10-02 11:44:35,019 INFO [v33] EXIT half-back AIXI 21 @ 1.5000 | entry 1.5000 peak 1.5100 stop 1.5050 | held 55s | P/L +0.00 (+0.00% of the trade, +0.00% of the account)  || resource=srv-daqp02flot8c73ffv6eg instance=srv-daqp02flot8c73ffv6eg-7wgvt
2026-10-02 11:45:36,408 INFO [v32] ENTER PLUT 88 @ 2.8400 = $250 | stop 1.2900 (54.58% away) | day level 2.8400, re-entry at 2.8600  || resource=srv-daqp02flot8c73ffv6eg instance=srv-daqp02flot8c73ffv6eg-7wgvt
2026-10-02 11:46:12,306 INFO [v32] ENTER AGIG 248 @ 1.0980 = $272 | stop 1.0400 (5.28% away) | day level 1.0980, re-entry at 1.1180  || resource=srv-daqp02flot8c73ffv6eg instance=srv-daqp02flot8c73ffv6eg-7wgvt
2026-10-02 11:47:18,823 INFO [v33] RE-ENTER SDEV 84 @ 4.8100 = $404 | stop 4.7400 (1.46% away) | back above the 4.7500 that threw us out  || resource=srv-daqp02flot8c73ffv6eg instance=srv-daqp02flot8c73ffv6eg-7wgvt
2026-10-02 11:47:23,304 INFO [v33] EXIT half-back TNMG 7 @ 4.9255 | entry 4.9600 peak 4.9800 stop 4.9700 | held 212s | P/L -0.24 (-0.70% of the trade, -0.00% of the account)  || resource=srv-daqp02flot8c73ffv6eg instance=srv-daqp02flot8c73ffv6eg-7wgvt
2026-10-02 11:47:23,955 INFO [v33] RE-ENTER TNMG 82 @ 4.9500 = $406 | stop 4.9155 (0.70% away) | back above the 4.9255 that threw us out  || resource=srv-daqp02flot8c73ffv6eg instance=srv-daqp02flot8c73ffv6eg-7wgvt
2026-10-02 11:47:28,163 INFO [v33] EXIT half-back TNMG 82 @ 4.9500 | entry 4.9500 peak 4.9600 stop 4.9550 | held 4s | P/L +0.00 (+0.00% of the trade, +0.00% of the account)  || resource=srv-daqp02flot8c73ffv6eg instance=srv-daqp02flot8c73ffv6eg-7wgvt
2026-10-02 11:48:02,364 INFO [v33] RE-ENTER TNMG 87 @ 4.9700 = $432 | stop 4.9400 (0.60% away) | back above the 4.9500 that threw us out  || resource=srv-daqp02flot8c73ffv6eg instance=srv-daqp02flot8c73ffv6eg-7wgvt
2026-10-02 11:48:07,274 INFO [v31] ENTER AMOD 3634 @ 2.6600 = $9666 (49% of equity) | stop 2.6300 (1.13% away) | trigger 2.6502  || resource=srv-daqp02flot8c73ffv6eg instance=srv-daqp02flot8c73ffv6eg-7wgvt
2026-10-02 11:48:08,645 INFO [v33] EXIT half-back TNMG 87 @ 4.9715 | entry 4.9700 peak 4.9800 stop 4.9750 | held 6s | P/L +0.13 (+0.03% of the trade, +0.00% of the account)  || resource=srv-daqp02flot8c73ffv6eg instance=srv-daqp02flot8c73ffv6eg-7wgvt
2026-10-02 11:48:12,868 INFO [v33] RE-ENTER TNMG 81 @ 5.0000 = $405 | stop 4.9615 (0.77% away) | back above the 4.9715 that threw us out  || resource=srv-daqp02flot8c73ffv6eg instance=srv-daqp02flot8c73ffv6eg-7wgvt
2026-10-02 11:48:19,284 INFO [v33] EXIT half-back TNMG 81 @ 4.9889 | entry 5.0000 peak 5.0100 stop 5.0050 | held 6s | P/L -0.90 (-0.22% of the trade, -0.00% of the account)  || resource=srv-daqp02flot8c73ffv6eg instance=srv-daqp02flot8c73ffv6eg-7wgvt
2026-10-02 11:48:20,489 INFO [v33] RE-ENTER TNMG 81 @ 5.0100 = $406 | stop 4.9789 (0.62% away) | back above the 4.9889 that threw us out  || resource=srv-daqp02flot8c73ffv6eg instance=srv-daqp02flot8c73ffv6eg-7wgvt
2026-10-02 11:48:25,270 INFO [v33] ENTER PLUT 236 @ 2.8400 = $670 | stop 1.2900 (54.58% away) | first entry, stop from the bid  || resource=srv-daqp02flot8c73ffv6eg instance=srv-daqp02flot8c73ffv6eg-7wgvt
2026-10-02 11:48:51,955 INFO [v33] RE-ENTER AMOD 156 @ 2.6100 = $407 | stop 2.5794 (1.17% away) | back above the 2.5894 that threw us out  || resource=srv-daqp02flot8c73ffv6eg instance=srv-daqp02flot8c73ffv6eg-7wgvt
2026-10-02 11:48:57,303 INFO [v32] EXIT stop LICN 195 @ 1.0200 | entry 1.0800 peak 1.0800 stop 1.0700 | held 0s | P/L -11.70 (-5.56% of the trade, -0.11% of the account)  || resource=srv-daqp02flot8c73ffv6eg instance=srv-daqp02flot8c73ffv6eg-7wgvt
2026-10-02 11:48:57,338 INFO [v33] EXIT half-back AMOD 156 @ 2.6100 | entry 2.6100 peak 2.6200 stop 2.6150 | held 5s | P/L +0.00 (+0.00% of the trade, +0.00% of the account)  || resource=srv-daqp02flot8c73ffv6eg instance=srv-daqp02flot8c73ffv6eg-7wgvt
2026-10-02 11:49:01,028 INFO [v33] RE-ENTER AMOD 155 @ 2.6300 = $408 | stop 2.6000 (1.14% away) | back above the 2.6100 that threw us out  || resource=srv-daqp02flot8c73ffv6eg instance=srv-daqp02flot8c73ffv6eg-7wgvt
2026-10-02 11:49:01,859 INFO [v33] EXIT half-back AMOD 155 @ 2.6000 | entry 2.6300 peak 2.6300 stop 2.6000 | held 1s | P/L -4.65 (-1.14% of the trade, -0.02% of the account)  || resource=srv-daqp02flot8c73ffv6eg instance=srv-daqp02flot8c73ffv6eg-7wgvt
2026-10-02 11:49:06,093 INFO [v33] EXIT half-back TNMG 81 @ 4.9700 | entry 5.0100 peak 5.0100 stop 4.9789 | held 46s | P/L -3.24 (-0.80% of the trade, -0.02% of the account)  || resource=srv-daqp02flot8c73ffv6eg instance=srv-daqp02flot8c73ffv6eg-7wgvt
2026-10-02 11:49:07,240 INFO [v31] ENTER SDEV 1016 @ 4.9700 = $5050 (25% of equity) | stop 4.9203 (1.00% away) | trigger 4.9700  || resource=srv-daqp02flot8c73ffv6eg instance=srv-daqp02flot8c73ffv6eg-7wgvt
2026-10-02 11:49:07,504 INFO [v33] RE-ENTER AMOD 159 @ 2.6200 = $417 | stop 2.5900 (1.15% away) | back above the 2.6000 that threw us out  || resource=srv-daqp02flot8c73ffv6eg instance=srv-daqp02flot8c73ffv6eg-7wgvt
2026-10-02 11:49:17,947 CRITICAL [v33] AMOD STILL HOLDING 1 share(s) after 8 chase attempts - the exit did not complete. This position is unprotected until the next pass.  || resource=srv-daqp02flot8c73ffv6eg instance=srv-daqp02flot8c73ffv6eg-7wgvt
2026-10-02 11:49:18,010 INFO [v33] EXIT half-back AMOD 159 @ 2.6201 | entry 2.6200 peak 2.6300 stop 2.6250 | held 10s | P/L +0.02 (+0.00% of the trade, +0.00% of the account)  || resource=srv-daqp02flot8c73ffv6eg instance=srv-daqp02flot8c73ffv6eg-7wgvt
2026-10-02 11:49:18,866 INFO [v33] EXIT half-back AMOD 1 @ 2.6201 | entry 2.6200 peak 2.6300 stop 2.6250 | held 11s | P/L +0.00 (+0.00% of the trade, +0.00% of the account)  || resource=srv-daqp02flot8c73ffv6eg instance=srv-daqp02flot8c73ffv6eg-7wgvt
2026-10-02 11:49:23,570 INFO [v33] RE-ENTER TNMG 120 @ 4.9900 = $599 | stop 4.9600 (0.60% away) | back above the 4.9700 that threw us out  || resource=srv-daqp02flot8c73ffv6eg instance=srv-daqp02flot8c73ffv6eg-7wgvt
2026-10-02 11:49:24,480 INFO [v33] RE-ENTER AMOD 153 @ 2.6500 = $405 | stop 2.6101 (1.51% away) | back above the 2.6201 that threw us out  || resource=srv-daqp02flot8c73ffv6eg instance=srv-daqp02flot8c73ffv6eg-7wgvt
2026-10-02 11:49:30,306 INFO [v33] EXIT half-back AMOD 153 @ 2.6500 | entry 2.6500 peak 2.6599 stop 2.6549 | held 6s | P/L +0.00 (+0.00% of the trade, +0.00% of the account)  || resource=srv-daqp02flot8c73ffv6eg instance=srv-daqp02flot8c73ffv6eg-7wgvt
2026-10-02 11:49:34,013 INFO [v33] RE-ENTER AMOD 152 @ 2.6700 = $406 | stop 2.6400 (1.12% away) | back above the 2.6500 that threw us out  || resource=srv-daqp02flot8c73ffv6eg instance=srv-daqp02flot8c73ffv6eg-7wgvt
2026-10-02 11:49:34,993 INFO [v33] ENTER AGIG 371 @ 1.0980 = $407 | stop 1.0400 (5.28% away) | first entry, stop from the bid  || resource=srv-daqp02flot8c73ffv6eg instance=srv-daqp02flot8c73ffv6eg-7wgvt
2026-10-02 11:49:39,205 CRITICAL [v33] TNMG STILL HOLDING 20 share(s) after 8 chase attempts - the exit did not complete. This position is unprotected until the next pass.  || resource=srv-daqp02flot8c73ffv6eg instance=srv-daqp02flot8c73ffv6eg-7wgvt
2026-10-02 11:49:39,265 INFO [v33] EXIT half-back TNMG 120 @ 4.9900 | entry 4.9900 peak 4.9940 stop 4.9920 | held 16s | P/L +0.00 (+0.00% of the trade, +0.00% of the account)  || resource=srv-daqp02flot8c73ffv6eg instance=srv-daqp02flot8c73ffv6eg-7wgvt
2026-10-02 11:49:46,203 INFO [v33] EXIT half-back AMOD 152 @ 2.6700 | entry 2.6700 peak 2.6800 stop 2.6750 | held 12s | P/L +0.00 (+0.00% of the trade, +0.00% of the account)  || resource=srv-daqp02flot8c73ffv6eg instance=srv-daqp02flot8c73ffv6eg-7wgvt
2026-10-02 11:49:47,362 INFO [v33] RE-ENTER SSM 158 @ 2.5800 = $408 | stop 2.5500 (1.16% away) | back above the 2.5600 that threw us out  || resource=srv-daqp02flot8c73ffv6eg instance=srv-daqp02flot8c73ffv6eg-7wgvt
2026-10-02 11:49:55,285 INFO [v33] EXIT half-back SSM 158 @ 2.5800 | entry 2.5800 peak 2.5900 stop 2.5850 | held 8s | P/L +0.00 (+0.00% of the trade, +0.00% of the account)  || resource=srv-daqp02flot8c73ffv6eg instance=srv-daqp02flot8c73ffv6eg-7wgvt
2026-10-02 11:49:59,449 INFO [v33] EXIT half-back SDEV 84 @ 4.9100 | entry 4.8100 peak 5.0100 stop 4.9100 | held 161s | P/L +8.40 (+2.08% of the trade, +0.04% of the account)  || resource=srv-daqp02flot8c73ffv6eg instance=srv-daqp02flot8c73ffv6eg-7wgvt
2026-10-02 11:50:00,358 INFO [v33] RE-ENTER SDEV 82 @ 4.9300 = $404 | stop 4.9000 (0.61% away) | back above the 4.9100 that threw us out  || resource=srv-daqp02flot8c73ffv6eg instance=srv-daqp02flot8c73ffv6eg-7wgvt
2026-10-02 11:50:04,596 INFO [v33] EXIT half-back SDEV 82 @ 4.9000 | entry 4.9300 peak 4.9300 stop 4.9000 | held 4s | P/L -2.46 (-0.61% of the trade, -0.01% of the account)  || resource=srv-daqp02flot8c73ffv6eg instance=srv-daqp02flot8c73ffv6eg-7wgvt
2026-10-02 11:50:06,281 INFO [v33] RE-ENTER AMOD 237 @ 2.6900 = $638 | stop 2.6600 (1.12% away) | back above the 2.6700 that threw us out  || resource=srv-daqp02flot8c73ffv6eg instance=srv-daqp02flot8c73ffv6eg-7wgvt
2026-10-02 11:50:10,503 INFO [v33] EXIT half-back AMOD 237 @ 2.6600 | entry 2.6900 peak 2.6900 stop 2.6600 | held 4s | P/L -7.11 (-1.12% of the trade, -0.04% of the account)  || resource=srv-daqp02flot8c73ffv6eg instance=srv-daqp02flot8c73ffv6eg-7wgvt
2026-10-02 11:50:15,043 INFO [v33] RE-ENTER SDEV 131 @ 4.9200 = $645 | stop 4.8900 (0.61% away) | back above the 4.9000 that threw us out  || resource=srv-daqp02flot8c73ffv6eg instance=srv-daqp02flot8c73ffv6eg-7wgvt
2026-10-02 11:50:21,534 INFO [v33] EXIT half-back TNMG 20 @ 4.9400 | entry 4.9900 peak 4.9900 stop 4.9800 | held 58s | P/L -1.00 (-1.00% of the trade, -0.00% of the account)  || resource=srv-daqp02flot8c73ffv6eg instance=srv-daqp02flot8c73ffv6eg-7wgvt
2026-10-02 11:50:22,686 INFO [v33] EXIT half-back SDEV 131 @ 4.9200 | entry 4.9200 peak 4.9297 stop 4.9249 | held 8s | P/L +0.00 (+0.00% of the trade, +0.00% of the account)  || resource=srv-daqp02flot8c73ffv6eg instance=srv-daqp02flot8c73ffv6eg-7wgvt
2026-10-02 11:50:26,843 INFO [v33] RE-ENTER SDEV 82 @ 4.9485 = $406 | stop 4.9100 (0.78% away) | back above the 4.9200 that threw us out  || resource=srv-daqp02flot8c73ffv6eg instance=srv-daqp02flot8c73ffv6eg-7wgvt
2026-10-02 11:50:32,255 INFO [v33] EXIT half-back SDEV 82 @ 4.9502 | entry 4.9485 peak 4.9600 stop 4.9543 | held 5s | P/L +0.14 (+0.03% of the trade, +0.00% of the account)  || resource=srv-daqp02flot8c73ffv6eg instance=srv-daqp02flot8c73ffv6eg-7wgvt
2026-10-02 11:50:33,422 INFO [v33] RE-ENTER TNMG 82 @ 4.9600 = $407 | stop 4.9300 (0.60% away) | back above the 4.9400 that threw us out  || resource=srv-daqp02flot8c73ffv6eg instance=srv-daqp02flot8c73ffv6eg-7wgvt
2026-10-02 11:50:37,697 INFO [v33] EXIT half-back TNMG 82 @ 4.9600 | entry 4.9600 peak 4.9700 stop 4.9650 | held 4s | P/L +0.00 (+0.00% of the trade, +0.00% of the account)  || resource=srv-daqp02flot8c73ffv6eg instance=srv-daqp02flot8c73ffv6eg-7wgvt
2026-10-02 11:50:42,430 INFO [v33] RE-ENTER AMOD 267 @ 2.6800 = $716 | stop 2.6500 (1.12% away) | back above the 2.6600 that threw us out  || resource=srv-daqp02flot8c73ffv6eg instance=srv-daqp02flot8c73ffv6eg-7wgvt
2026-10-02 11:50:43,586 INFO [v33] EXIT half-back AMOD 267 @ 2.6806 | entry 2.6800 peak 2.6892 stop 2.6846 | held 1s | P/L +0.16 (+0.02% of the trade, +0.00% of the account)  || resource=srv-daqp02flot8c73ffv6eg instance=srv-daqp02flot8c73ffv6eg-7wgvt
2026-10-02 11:50:48,009 INFO [v33] RE-ENTER AMOD 192 @ 2.7100 = $520 | stop 2.6706 (1.45% away) | back above the 2.6806 that threw us out  || resource=srv-daqp02flot8c73ffv6eg instance=srv-daqp02flot8c73ffv6eg-7wgvt
2026-10-02 11:50:53,570 INFO [v33] EXIT half-back AMOD 192 @ 2.6700 | entry 2.7100 peak 2.7100 stop 2.6706 | held 6s | P/L -7.68 (-1.48% of the trade, -0.04% of the account)  || resource=srv-daqp02flot8c73ffv6eg instance=srv-daqp02flot8c73ffv6eg-7wgvt
2026-10-02 11:50:54,728 INFO [v33] RE-ENTER AIXI 268 @ 1.5200 = $407 | stop 1.4900 (1.97% away) | back above the 1.5000 that threw us out  || resource=srv-daqp02flot8c73ffv6eg instance=srv-daqp02flot8c73ffv6eg-7wgvt
2026-10-02 11:50:58,997 INFO [v33] EXIT half-back LICN 522 @ 1.0200 | entry 1.0800 peak 1.0800 stop 1.0700 | held 0s | P/L -31.32 (-5.56% of the trade, -0.15% of the account)  || resource=srv-daqp02flot8c73ffv6eg instance=srv-daqp02flot8c73ffv6eg-7wgvt
2026-10-02 11:50:59,631 INFO [v33] RE-ENTER TNMG 81 @ 4.9900 = $404 | stop 4.9500 (0.80% away) | back above the 4.9600 that threw us out  || resource=srv-daqp02flot8c73ffv6eg instance=srv-daqp02flot8c73ffv6eg-7wgvt
2026-10-02 11:51:03,350 INFO [v33] RE-ENTER SDEV 81 @ 4.9800 = $403 | stop 4.9402 (0.80% away) | back above the 4.9502 that threw us out  || resource=srv-daqp02flot8c73ffv6eg instance=srv-daqp02flot8c73ffv6eg-7wgvt
2026-10-02 11:51:09,609 INFO [v33] EXIT half-back SDEV 81 @ 4.9805 | entry 4.9800 peak 4.9894 stop 4.9847 | held 3s | P/L +0.04 (+0.01% of the trade, +0.00% of the account)  || resource=srv-daqp02flot8c73ffv6eg instance=srv-daqp02flot8c73ffv6eg-7wgvt
2026-10-02 11:51:10,506 INFO [v33] RE-ENTER SDEV 81 @ 5.0050 = $405 | stop 4.9705 (0.69% away) | back above the 4.9805 that threw us out  || resource=srv-daqp02flot8c73ffv6eg instance=srv-daqp02flot8c73ffv6eg-7wgvt
2026-10-02 11:51:14,806 INFO [v33] EXIT half-back SDEV 81 @ 5.0005 | entry 5.0050 peak 5.0100 stop 5.0075 | held 4s | P/L -0.36 (-0.09% of the trade, -0.00% of the account)  || resource=srv-daqp02flot8c73ffv6eg instance=srv-daqp02flot8c73ffv6eg-7wgvt
2026-10-02 11:51:20,185 INFO [v33] EXIT half-back TNMG 81 @ 5.0200 | entry 4.9900 peak 5.0500 stop 5.0200 | held 20s | P/L +2.43 (+0.60% of the trade, +0.01% of the account)  || resource=srv-daqp02flot8c73ffv6eg instance=srv-daqp02flot8c73ffv6eg-7wgvt
2026-10-02 11:51:26,624 INFO [v33] EXIT half-back AIXI 268 @ 1.5500 | entry 1.5200 peak 1.5950 stop 1.5575 | held 32s | P/L +8.04 (+1.97% of the trade, +0.04% of the account)  || resource=srv-daqp02flot8c73ffv6eg instance=srv-daqp02flot8c73ffv6eg-7wgvt
2026-10-02 11:51:28,063 INFO [v33] RE-ENTER AIXI 259 @ 1.5700 = $407 | stop 1.5400 (1.91% away) | back above the 1.5500 that threw us out  || resource=srv-daqp02flot8c73ffv6eg instance=srv-daqp02flot8c73ffv6eg-7wgvt
2026-10-02 11:51:32,083 INFO [v33] EXIT half-back AIXI 259 @ 1.5703 | entry 1.5700 peak 1.5800 stop 1.5750 | held 4s | P/L +0.08 (+0.02% of the trade, +0.00% of the account)  || resource=srv-daqp02flot8c73ffv6eg instance=srv-daqp02flot8c73ffv6eg-7wgvt
2026-10-02 11:51:36,776 INFO [v33] RE-ENTER AIXI 255 @ 1.6000 = $408 | stop 1.5603 (2.48% away) | back above the 1.5703 that threw us out  || resource=srv-daqp02flot8c73ffv6eg instance=srv-daqp02flot8c73ffv6eg-7wgvt
2026-10-02 11:51:38,909 INFO [v33] EXIT half-back AIXI 255 @ 1.6000 | entry 1.6000 peak 1.6100 stop 1.6050 | held 2s | P/L +0.00 (+0.00% of the trade, +0.00% of the account)  || resource=srv-daqp02flot8c73ffv6eg instance=srv-daqp02flot8c73ffv6eg-7wgvt
2026-10-02 11:51:43,337 INFO [v33] RE-ENTER AIXI 340 @ 1.6200 = $551 | stop 1.5900 (1.85% away) | back above the 1.6000 that threw us out  || resource=srv-daqp02flot8c73ffv6eg instance=srv-daqp02flot8c73ffv6eg-7wgvt
2026-10-02 11:51:52,092 CRITICAL [v33] AIXI STILL HOLDING 66 share(s) after 8 chase attempts - the exit did not complete. This position is unprotected until the next pass.  || resource=srv-daqp02flot8c73ffv6eg instance=srv-daqp02flot8c73ffv6eg-7wgvt
2026-10-02 11:51:52,152 INFO [v33] EXIT half-back AIXI 340 @ 1.6300 | entry 1.6200 peak 1.6400 stop 1.6300 | held 9s | P/L +3.40 (+0.62% of the trade, +0.02% of the account)  || resource=srv-daqp02flot8c73ffv6eg instance=srv-daqp02flot8c73ffv6eg-7wgvt
2026-10-02 11:51:56,372 INFO [v33] RE-ENTER AIXI 247 @ 1.6500 = $408 | stop 1.6200 (1.82% away) | back above the 1.6300 that threw us out  || resource=srv-daqp02flot8c73ffv6eg instance=srv-daqp02flot8c73ffv6eg-7wgvt
2026-10-02 11:52:02,611 CRITICAL [v33] AIXI STILL HOLDING 66 share(s) after 8 chase attempts - the exit did not complete. This position is unprotected until the next pass.  || resource=srv-daqp02flot8c73ffv6eg instance=srv-daqp02flot8c73ffv6eg-7wgvt
2026-10-02 11:52:02,680 INFO [v33] EXIT half-back AIXI 247 @ 1.6500 | entry 1.6500 peak 1.6600 stop 1.6550 | held 6s | P/L +0.00 (+0.00% of the trade, +0.00% of the account)  || resource=srv-daqp02flot8c73ffv6eg instance=srv-daqp02flot8c73ffv6eg-7wgvt
2026-10-02 11:52:04,362 INFO [v33] RE-ENTER AIXI 328 @ 1.6700 = $548 | stop 1.6400 (1.80% away) | back above the 1.6500 that threw us out  || resource=srv-daqp02flot8c73ffv6eg instance=srv-daqp02flot8c73ffv6eg-7wgvt
2026-10-02 11:52:10,905 CRITICAL [v33] AIXI STILL HOLDING 66 share(s) after 8 chase attempts - the exit did not complete. This position is unprotected until the next pass.  || resource=srv-daqp02flot8c73ffv6eg instance=srv-daqp02flot8c73ffv6eg-7wgvt
2026-10-02 11:52:10,965 INFO [v33] EXIT half-back AIXI 328 @ 1.6400 | entry 1.6700 peak 1.6700 stop 1.6400 | held 7s | P/L -9.84 (-1.80% of the trade, -0.05% of the account)  || resource=srv-daqp02flot8c73ffv6eg instance=srv-daqp02flot8c73ffv6eg-7wgvt
2026-10-02 11:52:35,777 INFO [v33] EXIT half-back AIXI 66 @ 1.6200 | entry 1.5987 peak 1.6600 stop 1.6293 | held 31s | P/L +1.41 (+1.33% of the trade, +0.01% of the account)  || resource=srv-daqp02flot8c73ffv6eg instance=srv-daqp02flot8c73ffv6eg-7wgvt
2026-10-02 11:52:56,435 INFO [v33] RE-ENTER AIXI 357 @ 1.6490 = $589 | stop 1.6100 (2.37% away) | back above the 1.6200 that threw us out  || resource=srv-daqp02flot8c73ffv6eg instance=srv-daqp02flot8c73ffv6eg-7wgvt
2026-10-02 11:52:57,592 INFO [v33] EXIT half-back AIXI 357 @ 1.6400 | entry 1.6490 peak 1.6500 stop 1.6495 | held 1s | P/L -3.21 (-0.55% of the trade, -0.02% of the account)  || resource=srv-daqp02flot8c73ffv6eg instance=srv-daqp02flot8c73ffv6eg-7wgvt
2026-10-02 11:52:58,228 INFO [v33] RE-ENTER AIXI 245 @ 1.6600 = $407 | stop 1.6300 (1.81% away) | back above the 1.6400 that threw us out  || resource=srv-daqp02flot8c73ffv6eg instance=srv-daqp02flot8c73ffv6eg-7wgvt
2026-10-02 11:52:59,130 INFO [v33] EXIT half-back AIXI 245 @ 1.6600 | entry 1.6600 peak 1.6700 stop 1.6650 | held 1s | P/L +0.00 (+0.00% of the trade, +0.00% of the account)  || resource=srv-daqp02flot8c73ffv6eg instance=srv-daqp02flot8c73ffv6eg-7wgvt
2026-10-02 11:53:03,896 INFO [v33] RE-ENTER AIXI 244 @ 1.6800 = $410 | stop 1.6500 (1.79% away) | back above the 1.6600 that threw us out  || resource=srv-daqp02flot8c73ffv6eg instance=srv-daqp02flot8c73ffv6eg-7wgvt
2026-10-02 11:53:08,330 CRITICAL [v33] AIXI STILL HOLDING 4 share(s) after 8 chase attempts - the exit did not complete. This position is unprotected until the next pass.  || resource=srv-daqp02flot8c73ffv6eg instance=srv-daqp02flot8c73ffv6eg-7wgvt
2026-10-02 11:53:08,330 INFO [v33] EXIT half-back AIXI 244 @ 1.6500 | entry 1.6800 peak 1.6800 stop 1.6500 | held 4s | P/L -7.32 (-1.79% of the trade, -0.04% of the account)  || resource=srv-daqp02flot8c73ffv6eg instance=srv-daqp02flot8c73ffv6eg-7wgvt
2026-10-02 11:53:10,030 INFO [v33] RE-ENTER AIXI 386 @ 1.6700 = $645 | stop 1.6400 (1.80% away) | back above the 1.6500 that threw us out  || resource=srv-daqp02flot8c73ffv6eg instance=srv-daqp02flot8c73ffv6eg-7wgvt
2026-10-02 11:53:15,283 CRITICAL [v33] AIXI STILL HOLDING 20 share(s) after 8 chase attempts - the exit did not complete. This position is unprotected until the next pass.  || resource=srv-daqp02flot8c73ffv6eg instance=srv-daqp02flot8c73ffv6eg-7wgvt
2026-10-02 11:53:15,342 INFO [v33] EXIT half-back AIXI 386 @ 1.6400 | entry 1.6700 peak 1.6700 stop 1.6400 | held 5s | P/L -11.58 (-1.80% of the trade, -0.06% of the account)  || resource=srv-daqp02flot8c73ffv6eg instance=srv-daqp02flot8c73ffv6eg-7wgvt
2026-10-02 11:53:18,811 INFO [v33] EXIT half-back AIXI 20 @ 1.6200 | entry 1.6701 peak 1.6701 stop 1.6601 | held 9s | P/L -1.00 (-3.00% of the trade, -0.00% of the account)  || resource=srv-daqp02flot8c73ffv6eg instance=srv-daqp02flot8c73ffv6eg-7wgvt
2026-10-02 11:53:25,488 INFO [v33] RE-ENTER AIXI 275 @ 1.6482 = $453 | stop 1.6100 (2.32% away) | back above the 1.6200 that threw us out  || resource=srv-daqp02flot8c73ffv6eg instance=srv-daqp02flot8c73ffv6eg-7wgvt
2026-10-02 11:53:27,648 CRITICAL [v33] AIXI STILL HOLDING 4 share(s) after 8 chase attempts - the exit did not complete. This position is unprotected until the next pass.  || resource=srv-daqp02flot8c73ffv6eg instance=srv-daqp02flot8c73ffv6eg-7wgvt
2026-10-02 11:53:27,719 INFO [v33] EXIT half-back AIXI 275 @ 1.6484 | entry 1.6482 peak 1.6500 stop 1.6491 | held 2s | P/L +0.05 (+0.01% of the trade, +0.00% of the account)  || resource=srv-daqp02flot8c73ffv6eg instance=srv-daqp02flot8c73ffv6eg-7wgvt
2026-10-02 11:53:28,697 INFO [v33] RE-ENTER AIXI 244 @ 1.6700 = $407 | stop 1.6384 (1.89% away) | back above the 1.6484 that threw us out  || resource=srv-daqp02flot8c73ffv6eg instance=srv-daqp02flot8c73ffv6eg-7wgvt
2026-10-02 11:53:46,227 CRITICAL [v33] AIXI STILL HOLDING 4 share(s) after 8 chase attempts - the exit did not complete. This position is unprotected until the next pass.  || resource=srv-daqp02flot8c73ffv6eg instance=srv-daqp02flot8c73ffv6eg-7wgvt
2026-10-02 11:53:46,314 INFO [v33] EXIT half-back AIXI 244 @ 1.6384 | entry 1.6700 peak 1.6700 stop 1.6384 | held 18s | P/L -7.71 (-1.89% of the trade, -0.04% of the account)  || resource=srv-daqp02flot8c73ffv6eg instance=srv-daqp02flot8c73ffv6eg-7wgvt
2026-10-02 11:53:49,920 INFO [v33] RE-ENTER AIXI 385 @ 1.6600 = $639 | stop 1.6284 (1.90% away) | back above the 1.6384 that threw us out  || resource=srv-daqp02flot8c73ffv6eg instance=srv-daqp02flot8c73ffv6eg-7wgvt
2026-10-02 11:53:59,622 CRITICAL [v33] AIXI STILL HOLDING 34 share(s) after 8 chase attempts - the exit did not complete. This position is unprotected until the next pass.  || resource=srv-daqp02flot8c73ffv6eg instance=srv-daqp02flot8c73ffv6eg-7wgvt
2026-10-02 11:53:59,697 INFO [v33] EXIT half-back AIXI 385 @ 1.6200 | entry 1.6600 peak 1.6600 stop 1.6284 | held 10s | P/L -15.40 (-2.41% of the trade, -0.08% of the account)  || resource=srv-daqp02flot8c73ffv6eg instance=srv-daqp02flot8c73ffv6eg-7wgvt
2026-10-02 11:54:22,662 INFO [v33] EXIT half-back AIXI 34 @ 1.6280 | entry 1.6502 peak 1.6502 stop 1.6402 | held 33s | P/L -0.75 (-1.34% of the trade, -0.00% of the account)  || resource=srv-daqp02flot8c73ffv6eg instance=srv-daqp02flot8c73ffv6eg-7wgvt
2026-10-02 11:56:09,615 INFO [v33] RE-ENTER AMOD 167 @ 2.6900 = $449 | stop 2.6600 (1.12% away) | back above the 2.6700 that threw us out  || resource=srv-daqp02flot8c73ffv6eg instance=srv-daqp02flot8c73ffv6eg-7wgvt
2026-10-02 11:56:11,422 CRITICAL [v33] AMOD STILL HOLDING 4 share(s) after 8 chase attempts - the exit did not complete. This position is unprotected until the next pass.  || resource=srv-daqp02flot8c73ffv6eg instance=srv-daqp02flot8c73ffv6eg-7wgvt
2026-10-02 11:56:11,422 INFO [v33] EXIT half-back AMOD 167 @ 2.6600 | entry 2.6900 peak 2.6900 stop 2.6600 | held 2s | P/L -5.01 (-1.12% of the trade, -0.02% of the account)  || resource=srv-daqp02flot8c73ffv6eg instance=srv-daqp02flot8c73ffv6eg-7wgvt
2026-10-02 11:56:16,898 INFO [v33] RE-ENTER AMOD 152 @ 2.6800 = $407 | stop 2.6500 (1.12% away) | back above the 2.6600 that threw us out  || resource=srv-daqp02flot8c73ffv6eg instance=srv-daqp02flot8c73ffv6eg-7wgvt
2026-10-02 11:56:20,655 CRITICAL [v33] AMOD STILL HOLDING 4 share(s) after 8 chase attempts - the exit did not complete. This position is unprotected until the next pass.  || resource=srv-daqp02flot8c73ffv6eg instance=srv-daqp02flot8c73ffv6eg-7wgvt
2026-10-02 11:56:20,729 INFO [v33] EXIT half-back AMOD 152 @ 2.6801 | entry 2.6800 peak 2.6900 stop 2.6850 | held 4s | P/L +0.02 (+0.00% of the trade, +0.00% of the account)  || resource=srv-daqp02flot8c73ffv6eg instance=srv-daqp02flot8c73ffv6eg-7wgvt
2026-10-02 11:57:17,696 INFO [v33] EXIT half-back AMOD 4 @ 2.6792 | entry 2.6897 peak 2.6897 stop 2.6797 | held 61s | P/L -0.04 (-0.39% of the trade, -0.00% of the account)  || resource=srv-daqp02flot8c73ffv6eg instance=srv-daqp02flot8c73ffv6eg-7wgvt
2026-10-02 11:57:30,789 INFO [v33] RE-ENTER AMOD 152 @ 2.6999 = $410 | stop 2.6692 (1.14% away) | back above the 2.6792 that threw us out  || resource=srv-daqp02flot8c73ffv6eg instance=srv-daqp02flot8c73ffv6eg-7wgvt
2026-10-02 11:57:37,424 INFO [v33] EXIT half-back AMOD 152 @ 2.6999 | entry 2.6999 peak 2.7000 stop 2.7000 | held 7s | P/L +0.00 (+0.00% of the trade, +0.00% of the account)  || resource=srv-daqp02flot8c73ffv6eg instance=srv-daqp02flot8c73ffv6eg-7wgvt
2026-10-02 11:57:39,175 INFO [v33] RE-ENTER AMOD 282 @ 2.7200 = $767 | stop 2.6899 (1.11% away) | back above the 2.6999 that threw us out  || resource=srv-daqp02flot8c73ffv6eg instance=srv-daqp02flot8c73ffv6eg-7wgvt
2026-10-02 11:57:41,549 INFO [v33] EXIT half-back AMOD 282 @ 2.7200 | entry 2.7200 peak 2.7300 stop 2.7250 | held 2s | P/L +0.00 (+0.00% of the trade, +0.00% of the account)  || resource=srv-daqp02flot8c73ffv6eg instance=srv-daqp02flot8c73ffv6eg-7wgvt
2026-10-02 11:57:42,534 INFO [v33] RE-ENTER AMOD 148 @ 2.7400 = $406 | stop 2.7100 (1.09% away) | back above the 2.7200 that threw us out  || resource=srv-daqp02flot8c73ffv6eg instance=srv-daqp02flot8c73ffv6eg-7wgvt
2026-10-02 11:57:43,398 INFO [v32] EXIT dead-tape PLUT 90 @ 2.8400 | entry 2.8400 peak 2.8400 stop 1.2900 | held 727s | P/L +0.00 (+0.00% of the trade, +0.00% of the account)  || resource=srv-daqp02flot8c73ffv6eg instance=srv-daqp02flot8c73ffv6eg-7wgvt
2026-10-02 11:57:45,228 INFO [v33] EXIT half-back AMOD 148 @ 2.7100 | entry 2.7400 peak 2.7400 stop 2.7100 | held 3s | P/L -4.44 (-1.09% of the trade, -0.02% of the account)  || resource=srv-daqp02flot8c73ffv6eg instance=srv-daqp02flot8c73ffv6eg-7wgvt
2026-10-02 11:59:03,083 INFO [v33] RE-ENTER AMOD 149 @ 2.7300 = $407 | stop 2.7000 (1.10% away) | back above the 2.7100 that threw us out  || resource=srv-daqp02flot8c73ffv6eg instance=srv-daqp02flot8c73ffv6eg-7wgvt
2026-10-02 11:59:11,781 INFO [v33] EXIT half-back AMOD 149 @ 2.7000 | entry 2.7300 peak 2.7300 stop 2.7000 | held 9s | P/L -4.47 (-1.10% of the trade, -0.02% of the account)  || resource=srv-daqp02flot8c73ffv6eg instance=srv-daqp02flot8c73ffv6eg-7wgvt
2026-10-02 11:59:29,451 INFO engine up: VERSION v31-r23 | v31, v32, v33 | one data connection | orphan mode adopt | baseline last_equity | quote-confirm on | odd-lot filter on | stop-ref bid | book every 120s | no entries after 19:00 | exposure cap 95% | position cap 25% | min stop 1% | session 04:00-20:00 ET | flatten 19:00 ET | dead exit 10 min  || resource=srv-daqp02flot8c73ffv6eg instance=srv-daqp02flot8c73ffv6eg-5rm4v
2026-10-02 11:59:34,877 INFO [v33] ENTER AMOD 151 @ 2.6600 = $402 | stop 2.6400 (0.75% away) | first entry, stop from the bid  || resource=srv-daqp02flot8c73ffv6eg instance=srv-daqp02flot8c73ffv6eg-5rm4v
2026-10-02 11:59:36,715 INFO [v33] ENTER SDEV 90 @ 4.8497 = $436 | stop 4.8300 (0.41% away) | first entry, stop from the bid  || resource=srv-daqp02flot8c73ffv6eg instance=srv-daqp02flot8c73ffv6eg-5rm4v
2026-10-02 11:59:40,433 CRITICAL [v33] SDEV STILL HOLDING 1 share(s) after 8 chase attempts - the exit did not complete. This position is unprotected until the next pass.  || resource=srv-daqp02flot8c73ffv6eg instance=srv-daqp02flot8c73ffv6eg-5rm4v
2026-10-02 11:59:40,505 INFO [v33] EXIT half-back SDEV 90 @ 4.8497 | entry 4.8497 peak 4.8499 stop 4.8498 | held 4s | P/L +0.00 (+0.00% of the trade, +0.00% of the account)  || resource=srv-daqp02flot8c73ffv6eg instance=srv-daqp02flot8c73ffv6eg-5rm4v
2026-10-02 11:59:42,460 INFO [v33] ENTER AIXI 340 @ 1.5100 = $513 | stop 1.5000 (0.66% away) | first entry, stop from the bid  || resource=srv-daqp02flot8c73ffv6eg instance=srv-daqp02flot8c73ffv6eg-5rm4v
2026-10-02 11:59:44,499 INFO [v33] ENTER TNMG 94 @ 4.8900 = $460 | stop 4.8700 (0.41% away) | first entry, stop from the bid  || resource=srv-daqp02flot8c73ffv6eg instance=srv-daqp02flot8c73ffv6eg-5rm4v
2026-10-02 11:59:45,826 INFO [v33] EXIT half-back AMOD 151 @ 2.6400 | entry 2.6600 peak 2.6600 stop 2.6400 | held 11s | P/L -3.02 (-0.75% of the trade, -0.01% of the account)  || resource=srv-daqp02flot8c73ffv6eg instance=srv-daqp02flot8c73ffv6eg-5rm4v
2026-10-02 11:59:46,774 INFO [v33] EXIT half-back AIXI 340 @ 1.5000 | entry 1.5100 peak 1.5100 stop 1.5000 | held 4s | P/L -3.40 (-0.66% of the trade, -0.02% of the account)  || resource=srv-daqp02flot8c73ffv6eg instance=srv-daqp02flot8c73ffv6eg-5rm4v
2026-10-02 11:59:49,370 CRITICAL [v33] TNMG STILL HOLDING 8 share(s) after 8 chase attempts - the exit did not complete. This position is unprotected until the next pass.  || resource=srv-daqp02flot8c73ffv6eg instance=srv-daqp02flot8c73ffv6eg-5rm4v
2026-10-02 11:59:49,370 INFO [v33] EXIT half-back TNMG 94 @ 4.8700 | entry 4.8900 peak 4.8900 stop 4.8700 | held 5s | P/L -1.88 (-0.41% of the trade, -0.01% of the account)  || resource=srv-daqp02flot8c73ffv6eg instance=srv-daqp02flot8c73ffv6eg-5rm4v
2026-10-02 12:00:05,492 INFO [v32] ENTER SGRX 126 @ 1.6296 = $205 | stop 1.6100 (1.20% away) | day level 1.6296, re-entry at 1.6496  || resource=srv-daqp02flot8c73ffv6eg instance=srv-daqp02flot8c73ffv6eg-5rm4v
2026-10-02 12:00:08,206 INFO [v33] EXIT half-back ONG 89 @ 5.6000 | entry 5.6500 peak 5.6500 stop 5.6400 | held 0s | P/L -4.45 (-0.88% of the trade, -0.02% of the account)  || resource=srv-daqp02flot8c73ffv6eg instance=srv-daqp02flot8c73ffv6eg-7wgvt
2026-10-02 12:00:08,412 INFO [v33] EXIT half-back ONG 89 @ 5.6000 | entry 5.6500 peak 5.6500 stop 5.6400 | held 0s | P/L -4.45 (-0.88% of the trade, -0.02% of the account)  || resource=srv-daqp02flot8c73ffv6eg instance=srv-daqp02flot8c73ffv6eg-5rm4v
2026-10-02 12:00:09,211 INFO [v33] ENTER SGRX 247 @ 1.6296 = $403 | stop 1.6100 (1.20% away) | first entry, stop from the bid  || resource=srv-daqp02flot8c73ffv6eg instance=srv-daqp02flot8c73ffv6eg-5rm4v
2026-10-02 12:00:10,978 INFO [v33] RE-ENTER AMOD 298 @ 2.6600 = $793 | stop 2.6300 (1.13% away) | back above the 2.6400 that threw us out  || resource=srv-daqp02flot8c73ffv6eg instance=srv-daqp02flot8c73ffv6eg-5rm4v
2026-10-02 12:00:13,511 INFO [v33] RE-ENTER TNMG 96 @ 4.8900 = $469 | stop 4.8600 (0.61% away) | back above the 4.8700 that threw us out  || resource=srv-daqp02flot8c73ffv6eg instance=srv-daqp02flot8c73ffv6eg-5rm4v
2026-10-02 12:00:14,899 INFO [v33] EXIT half-back AMOD 298 @ 2.6700 | entry 2.6600 peak 2.6900 stop 2.6750 | held 4s | P/L +2.98 (+0.38% of the trade, +0.01% of the account)  || resource=srv-daqp02flot8c73ffv6eg instance=srv-daqp02flot8c73ffv6eg-5rm4v
2026-10-02 12:00:16,102 INFO [v33] EXIT dead-tape PLUT 236 @ 2.8400 | entry 2.8400 peak 2.8400 stop 1.2900 | held 711s | P/L +0.00 (+0.00% of the trade, +0.00% of the account)  || resource=srv-daqp02flot8c73ffv6eg instance=srv-daqp02flot8c73ffv6eg-7wgvt
2026-10-02 12:00:16,669 INFO [v33] RE-ENTER SDEV 87 @ 4.8700 = $424 | stop 4.8397 (0.62% away) | back above the 4.8497 that threw us out  || resource=srv-daqp02flot8c73ffv6eg instance=srv-daqp02flot8c73ffv6eg-5rm4v
2026-10-02 12:00:19,445 CRITICAL [v33] SDEV STILL HOLDING 1 share(s) after 8 chase attempts - the exit did not complete. This position is unprotected until the next pass.  || resource=srv-daqp02flot8c73ffv6eg instance=srv-daqp02flot8c73ffv6eg-5rm4v
2026-10-02 12:00:19,445 INFO [v33] EXIT half-back SDEV 87 @ 4.8700 | entry 4.8700 peak 4.8800 stop 4.8750 | held 3s | P/L +0.00 (+0.00% of the trade, +0.00% of the account)  || resource=srv-daqp02flot8c73ffv6eg instance=srv-daqp02flot8c73ffv6eg-5rm4v
2026-10-02 12:00:20,405 INFO [v33] EXIT half-back SDEV 1 @ 4.8596 | entry 4.8698 peak 4.8698 stop 4.8598 | held 550s | P/L -0.01 (-0.21% of the trade, -0.00% of the account)  || resource=srv-daqp02flot8c73ffv6eg instance=srv-daqp02flot8c73ffv6eg-7wgvt
2026-10-02 12:00:20,566 INFO [v33] EXIT half-back SDEV 0 @ 4.8597 | entry 4.8698 peak 4.8698 stop 4.8598 | held 550s | P/L -0.00 (-0.21% of the trade, -0.00% of the account)  || resource=srv-daqp02flot8c73ffv6eg instance=srv-daqp02flot8c73ffv6eg-7wgvt
2026-10-02 12:00:20,719 INFO [v33] EXIT half-back SDEV 0 @ 4.8596 | entry 4.8698 peak 4.8698 stop 4.8598 | held 550s | P/L -0.00 (-0.21% of the trade, -0.00% of the account)  || resource=srv-daqp02flot8c73ffv6eg instance=srv-daqp02flot8c73ffv6eg-7wgvt
2026-10-02 12:00:20,868 INFO [v33] EXIT half-back SDEV 0 @ 4.8595 | entry 4.8698 peak 4.8698 stop 4.8598 | held 550s | P/L -0.00 (-0.21% of the trade, -0.00% of the account)  || resource=srv-daqp02flot8c73ffv6eg instance=srv-daqp02flot8c73ffv6eg-7wgvt
2026-10-02 12:00:20,989 INFO [v33] RE-ENTER AMOD 199 @ 2.6900 = $535 | stop 2.6600 (1.12% away) | back above the 2.6700 that threw us out  || resource=srv-daqp02flot8c73ffv6eg instance=srv-daqp02flot8c73ffv6eg-5rm4v
2026-10-02 12:00:22,359 INFO [v33] EXIT half-back SGRX 247 @ 1.6202 | entry 1.6296 peak 1.6298 stop 1.6297 | held 13s | P/L -2.32 (-0.58% of the trade, -0.01% of the account)  || resource=srv-daqp02flot8c73ffv6eg instance=srv-daqp02flot8c73ffv6eg-5rm4v
2026-10-02 12:00:28,172 CRITICAL [v33] AMOD STILL HOLDING 19 share(s) after 8 chase attempts - the exit did not complete. This position is unprotected until the next pass.  || resource=srv-daqp02flot8c73ffv6eg instance=srv-daqp02flot8c73ffv6eg-5rm4v
2026-10-02 12:00:28,246 INFO [v33] EXIT half-back AMOD 199 @ 2.6600 | entry 2.6900 peak 2.6900 stop 2.6600 | held 7s | P/L -5.97 (-1.12% of the trade, -0.03% of the account)  || resource=srv-daqp02flot8c73ffv6eg instance=srv-daqp02flot8c73ffv6eg-5rm4v
2026-10-02 12:00:29,794 INFO engine up: VERSION v31-r23 | v31, v32, v33 | one data connection | orphan mode adopt | baseline last_equity | quote-confirm on | odd-lot filter on | stop-ref bid | book every 120s | no entries after 19:00 | exposure cap 95% | position cap 25% | min stop 1% | session 04:00-20:00 ET | flatten 19:00 ET | dead exit 10 min  || resource=srv-daqp02flot8c73ffv6eg instance=srv-daqp02flot8c73ffv6eg-tsxlz
2026-10-02 12:00:40,125 INFO [v33] EXIT half-back AMOD 19 @ 2.6600 | entry 2.6900 peak 2.6900 stop 2.6800 | held 19s | P/L -0.57 (-1.12% of the trade, -0.00% of the account)  || resource=srv-daqp02flot8c73ffv6eg instance=srv-daqp02flot8c73ffv6eg-5rm4v
2026-10-02 12:00:42,797 CRITICAL [v32] SGRX STILL HOLDING 3 share(s) after 8 chase attempts - the exit did not complete. This position is unprotected until the next pass.  || resource=srv-daqp02flot8c73ffv6eg instance=srv-daqp02flot8c73ffv6eg-tsxlz
2026-10-02 12:00:42,868 INFO [v32] EXIT stop SGRX 123 @ 1.6100 | entry 1.6300 peak 1.6202 stop 1.6200 | held 0s | P/L -2.46 (-1.23% of the trade, -0.02% of the account)  || resource=srv-daqp02flot8c73ffv6eg instance=srv-daqp02flot8c73ffv6eg-tsxlz
2026-10-02 12:00:43,514 INFO [v33] EXIT half-back AMOD 19 @ 2.6600 | entry 2.6900 peak 2.6900 stop 2.6800 | held 0s | P/L -0.57 (-1.12% of the trade, -0.00% of the account)  || resource=srv-daqp02flot8c73ffv6eg instance=srv-daqp02flot8c73ffv6eg-tsxlz
2026-10-02 12:00:43,917 INFO [v32] EXIT stop SGRX 126 @ 1.6100 | entry 1.6296 peak 1.6296 stop 1.6100 | held 38s | P/L -2.47 (-1.20% of the trade, -0.02% of the account)  || resource=srv-daqp02flot8c73ffv6eg instance=srv-daqp02flot8c73ffv6eg-5rm4v
2026-10-02 12:00:43,923 INFO [v33] RE-ENTER TNMG 81 @ 4.9500 = $401 | stop 4.8600 (1.82% away) | back above the 4.8700 that threw us out  || resource=srv-daqp02flot8c73ffv6eg instance=srv-daqp02flot8c73ffv6eg-5rm4v
2026-10-02 12:00:47,977 INFO [v33] RE-ENTER AMOD 150 @ 2.6800 = $402 | stop 2.6500 (1.12% away) | back above the 2.6600 that threw us out  || resource=srv-daqp02flot8c73ffv6eg instance=srv-daqp02flot8c73ffv6eg-5rm4v
2026-10-02 12:00:48,155 INFO [v33] ENTER SDEV 83 @ 4.8500 = $403 | stop 4.8300 (0.41% away) | first entry, stop from the bid  || resource=srv-daqp02flot8c73ffv6eg instance=srv-daqp02flot8c73ffv6eg-tsxlz
2026-10-02 12:00:51,997 INFO [v33] ENTER TNMG 80 @ 4.9500 = $396 | stop 4.9200 (0.61% away) | first entry, stop from the bid  || resource=srv-daqp02flot8c73ffv6eg instance=srv-daqp02flot8c73ffv6eg-tsxlz
2026-10-02 12:00:56,111 INFO [v33] ENTER AIXI 262 @ 1.5090 = $395 | stop 1.4800 (1.92% away) | first entry, stop from the bid  || resource=srv-daqp02flot8c73ffv6eg instance=srv-daqp02flot8c73ffv6eg-tsxlz
2026-10-02 12:00:59,893 INFO [v33] EXIT half-back AMOD 150 @ 2.6500 | entry 2.6800 peak 2.6800 stop 2.6500 | held 9s | P/L -4.50 (-1.12% of the trade, -0.02% of the account)  || resource=srv-daqp02flot8c73ffv6eg instance=srv-daqp02flot8c73ffv6eg-5rm4v
2026-10-02 12:01:00,193 INFO [v33] EXIT half-back AIXI 262 @ 1.5091 | entry 1.5090 peak 1.5100 stop 1.5095 | held 4s | P/L +0.03 (+0.01% of the trade, +0.00% of the account)  || resource=srv-daqp02flot8c73ffv6eg instance=srv-daqp02flot8c73ffv6eg-tsxlz
2026-10-02 12:01:05,765 CRITICAL [v33] TNMG STILL HOLDING 81 share(s) after 8 chase attempts - the exit did not complete. This position is unprotected until the next pass.  || resource=srv-daqp02flot8c73ffv6eg instance=srv-daqp02flot8c73ffv6eg-tsxlz
2026-10-02 12:01:05,835 INFO [v33] EXIT half-back TNMG 80 @ 4.9200 | entry 4.9500 peak 4.9500 stop 4.9200 | held 14s | P/L -2.40 (-0.61% of the trade, -0.01% of the account)  || resource=srv-daqp02flot8c73ffv6eg instance=srv-daqp02flot8c73ffv6eg-tsxlz
2026-10-02 12:01:06,201 INFO [v33] RE-ENTER AMOD 151 @ 2.6700 = $403 | stop 2.6400 (1.12% away) | back above the 2.6500 that threw us out  || resource=srv-daqp02flot8c73ffv6eg instance=srv-daqp02flot8c73ffv6eg-5rm4v
2026-10-02 12:01:13,857 INFO [v33] ENTER SGRX 438 @ 1.6200 = $710 | stop 1.6000 (1.23% away) | first entry, stop from the bid  || resource=srv-daqp02flot8c73ffv6eg instance=srv-daqp02flot8c73ffv6eg-tsxlz
2026-10-02 12:01:17,062 INFO [v32] EXIT stop SGRX 0 @ 1.6197 | entry 1.6300 peak 1.6202 stop 1.6200 | held 0s | P/L -0.00 (-0.63% of the trade, -0.00% of the account)  || resource=srv-daqp02flot8c73ffv6eg instance=srv-daqp02flot8c73ffv6eg-tsxlz
2026-10-02 12:01:18,298 INFO [v33] EXIT half-back SDEV 83 @ 4.8500 | entry 4.8500 peak 4.8599 stop 4.8549 | held 30s | P/L +0.00 (+0.00% of the trade, +0.00% of the account)  || resource=srv-daqp02flot8c73ffv6eg instance=srv-daqp02flot8c73ffv6eg-tsxlz
2026-10-02 12:01:26,212 INFO [v32] EXIT stop SGRX 0 @ 1.6100 | entry 1.6300 peak 1.6202 stop 1.6200 | held 0s | P/L -0.00 (-1.23% of the trade, -0.00% of the account)  || resource=srv-daqp02flot8c73ffv6eg instance=srv-daqp02flot8c73ffv6eg-tsxlz
2026-10-02 12:01:27,098 INFO [v32] EXIT stop SGRX 0 @ 1.6197 | entry 1.6300 peak 1.6202 stop 1.6200 | held 0s | P/L -0.00 (-0.63% of the trade, -0.00% of the account)  || resource=srv-daqp02flot8c73ffv6eg instance=srv-daqp02flot8c73ffv6eg-tsxlz
2026-10-02 12:01:28,133 INFO [v33] RE-ENTER AMOD 231 @ 2.6800 = $619 | stop 2.6500 (1.12% away) | back above the 2.6600 that threw us out  || resource=srv-daqp02flot8c73ffv6eg instance=srv-daqp02flot8c73ffv6eg-tsxlz
2026-10-02 12:01:34,310 CRITICAL [v33] AMOD STILL HOLDING 32 share(s) after 8 chase attempts - the exit did not complete. This position is unprotected until the next pass.  || resource=srv-daqp02flot8c73ffv6eg instance=srv-daqp02flot8c73ffv6eg-tsxlz
2026-10-02 12:01:34,310 INFO [v33] EXIT half-back AMOD 231 @ 2.6500 | entry 2.6800 peak 2.6800 stop 2.6500 | held 6s | P/L -6.93 (-1.12% of the trade, -0.04% of the account)  || resource=srv-daqp02flot8c73ffv6eg instance=srv-daqp02flot8c73ffv6eg-tsxlz
2026-10-02 12:01:36,304 INFO [v32] ENTER SGRX 203 @ 1.6200 = $329 | stop 1.6000 (1.23% away) | day level 1.6200, re-entry at 1.6400  || resource=srv-daqp02flot8c73ffv6eg instance=srv-daqp02flot8c73ffv6eg-tsxlz
2026-10-02 12:01:41,421 INFO [v33] EXIT half-back TNMG 81 @ 4.9300 | entry 4.9399 peak 4.9400 stop 4.9400 | held 49s | P/L -0.80 (-0.20% of the trade, -0.00% of the account)  || resource=srv-daqp02flot8c73ffv6eg instance=srv-daqp02flot8c73ffv6eg-tsxlz
2026-10-02 12:01:42,332 INFO [v33] RE-ENTER AMOD 148 @ 2.6700 = $395 | stop 2.6400 (1.12% away) | back above the 2.6500 that threw us out  || resource=srv-daqp02flot8c73ffv6eg instance=srv-daqp02flot8c73ffv6eg-tsxlz
2026-10-02 12:01:48,498 CRITICAL [v33] AMOD STILL HOLDING 32 share(s) after 8 chase attempts - the exit did not complete. This position is unprotected until the next pass.  || resource=srv-daqp02flot8c73ffv6eg instance=srv-daqp02flot8c73ffv6eg-tsxlz
2026-10-02 12:01:48,557 INFO [v33] EXIT half-back AMOD 148 @ 2.6701 | entry 2.6700 peak 2.6800 stop 2.6750 | held 6s | P/L +0.01 (+0.00% of the trade, +0.00% of the account)  || resource=srv-daqp02flot8c73ffv6eg instance=srv-daqp02flot8c73ffv6eg-tsxlz
2026-10-02 12:02:04,668 INFO [v32] EXIT stop AGIG 248 @ 1.0700 | entry 1.1100 peak 1.0500 stop 1.1000 | held 0s | P/L -9.92 (-3.60% of the trade, -0.10% of the account)  || resource=srv-daqp02flot8c73ffv6eg instance=srv-daqp02flot8c73ffv6eg-tsxlz
2026-10-02 12:02:05,677 INFO [v33] EXIT half-back AGIG 371 @ 1.0700 | entry 1.1000 peak 1.1000 stop 1.0900 | held 0s | P/L -11.13 (-2.73% of the trade, -0.06% of the account)  || resource=srv-daqp02flot8c73ffv6eg instance=srv-daqp02flot8c73ffv6eg-tsxlz
2026-10-02 12:02:30,303 INFO [v32] ENTER AGIG 239 @ 1.0800 = $258 | stop 1.0400 (3.70% away) | day level 1.0800, re-entry at 1.1000  || resource=srv-daqp02flot8c73ffv6eg instance=srv-daqp02flot8c73ffv6eg-tsxlz
2026-10-02 12:02:35,174 INFO [v33] EXIT half-back AMOD 32 @ 2.5715 | entry 2.6618 peak 2.6618 stop 2.6518 | held 53s | P/L -2.89 (-3.39% of the trade, -0.01% of the account)  || resource=srv-daqp02flot8c73ffv6eg instance=srv-daqp02flot8c73ffv6eg-tsxlz
2026-10-02 12:02:50,714 INFO [v33] EXIT half-back ONX 87 @ 8.8300 | entry 8.9900 peak 8.9900 stop 8.9800 | held 0s | P/L -13.92 (-1.78% of the trade, -0.07% of the account)  || resource=srv-daqp02flot8c73ffv6eg instance=srv-daqp02flot8c73ffv6eg-tsxlz
2026-10-02 12:02:51,797 INFO [v32] EXIT stop ONX 31 @ 8.8300 | entry 8.9900 peak 8.9610 stop 8.9800 | held 0s | P/L -4.96 (-1.78% of the trade, -0.05% of the account)  || resource=srv-daqp02flot8c73ffv6eg instance=srv-daqp02flot8c73ffv6eg-tsxlz
2026-10-02 12:03:05,712 INFO [v33] EXIT half-back SGRX 438 @ 1.6300 | entry 1.6200 peak 1.6400 stop 1.6300 | held 112s | P/L +4.38 (+0.62% of the trade, +0.02% of the account)  || resource=srv-daqp02flot8c73ffv6eg instance=srv-daqp02flot8c73ffv6eg-tsxlz
2026-10-02 12:03:35,207 INFO [v33] RE-ENTER AMOD 155 @ 2.6000 = $403 | stop 2.5615 (1.48% away) | back above the 2.5715 that threw us out  || resource=srv-daqp02flot8c73ffv6eg instance=srv-daqp02flot8c73ffv6eg-tsxlz
2026-10-02 12:03:51,382 CRITICAL [v33] AMOD STILL HOLDING 4 share(s) after 8 chase attempts - the exit did not complete. This position is unprotected until the next pass.  || resource=srv-daqp02flot8c73ffv6eg instance=srv-daqp02flot8c73ffv6eg-tsxlz
2026-10-02 12:03:51,441 INFO [v33] EXIT half-back AMOD 155 @ 2.6001 | entry 2.6000 peak 2.6100 stop 2.6050 | held 16s | P/L +0.02 (+0.00% of the trade, +0.00% of the account)  || resource=srv-daqp02flot8c73ffv6eg instance=srv-daqp02flot8c73ffv6eg-tsxlz
2026-10-02 12:03:55,283 INFO [v33] RE-ENTER AMOD 165 @ 2.6215 = $433 | stop 2.5901 (1.20% away) | back above the 2.6001 that threw us out  || resource=srv-daqp02flot8c73ffv6eg instance=srv-daqp02flot8c73ffv6eg-tsxlz
2026-10-02 12:03:59,166 CRITICAL [v33] AMOD STILL HOLDING 4 share(s) after 8 chase attempts - the exit did not complete. This position is unprotected until the next pass.  || resource=srv-daqp02flot8c73ffv6eg instance=srv-daqp02flot8c73ffv6eg-tsxlz
2026-10-02 12:03:59,226 INFO [v33] EXIT half-back AMOD 165 @ 2.6250 | entry 2.6215 peak 2.6300 stop 2.6258 | held 4s | P/L +0.58 (+0.13% of the trade, +0.00% of the account)  || resource=srv-daqp02flot8c73ffv6eg instance=srv-daqp02flot8c73ffv6eg-tsxlz
2026-10-02 12:04:34,576 INFO [v33] EXIT half-back AMOD 4 @ 2.6200 | entry 2.6293 peak 2.6300 stop 2.6296 | held 39s | P/L -0.04 (-0.35% of the trade, -0.00% of the account)  || resource=srv-daqp02flot8c73ffv6eg instance=srv-daqp02flot8c73ffv6eg-tsxlz
2026-10-02 12:05:03,574 INFO [v33] RE-ENTER SDEV 87 @ 4.8700 = $424 | stop 4.8400 (0.62% away) | back above the 4.8500 that threw us out  || resource=srv-daqp02flot8c73ffv6eg instance=srv-daqp02flot8c73ffv6eg-tsxlz
2026-10-02 12:05:06,482 INFO [v33] EXIT half-back SDEV 87 @ 4.8700 | entry 4.8700 peak 4.8800 stop 4.8750 | held 3s | P/L +0.00 (+0.00% of the trade, +0.00% of the account)  || resource=srv-daqp02flot8c73ffv6eg instance=srv-daqp02flot8c73ffv6eg-tsxlz
2026-10-02 12:05:07,185 INFO [v33] RE-ENTER SDEV 80 @ 4.8900 = $391 | stop 4.8600 (0.61% away) | back above the 4.8700 that threw us out  || resource=srv-daqp02flot8c73ffv6eg instance=srv-daqp02flot8c73ffv6eg-tsxlz
2026-10-02 12:05:12,721 INFO [v33] EXIT half-back SDEV 80 @ 4.8900 | entry 4.8900 peak 4.9000 stop 4.8950 | held 5s | P/L +0.00 (+0.00% of the trade, +0.00% of the account)  || resource=srv-daqp02flot8c73ffv6eg instance=srv-daqp02flot8c73ffv6eg-tsxlz
2026-10-02 12:05:15,563 INFO [v33] RE-ENTER SDEV 139 @ 4.9100 = $682 | stop 4.8800 (0.61% away) | back above the 4.8900 that threw us out  || resource=srv-daqp02flot8c73ffv6eg instance=srv-daqp02flot8c73ffv6eg-tsxlz
2026-10-02 12:05:17,752 CRITICAL [v33] SDEV STILL HOLDING 9 share(s) after 8 chase attempts - the exit did not complete. This position is unprotected until the next pass.  || resource=srv-daqp02flot8c73ffv6eg instance=srv-daqp02flot8c73ffv6eg-tsxlz
2026-10-02 12:05:17,825 INFO [v33] EXIT half-back SDEV 139 @ 4.9100 | entry 4.9100 peak 4.9198 stop 4.9149 | held 2s | P/L +0.00 (+0.00% of the trade, +0.00% of the account)  || resource=srv-daqp02flot8c73ffv6eg instance=srv-daqp02flot8c73ffv6eg-tsxlz
2026-10-02 12:05:19,300 INFO [v33] RE-ENTER SDEV 136 @ 4.9300 = $670 | stop 4.9000 (0.61% away) | back above the 4.9100 that threw us out  || resource=srv-daqp02flot8c73ffv6eg instance=srv-daqp02flot8c73ffv6eg-tsxlz
2026-10-02 12:05:23,671 CRITICAL [v33] SDEV STILL HOLDING 9 share(s) after 8 chase attempts - the exit did not complete. This position is unprotected until the next pass.  || resource=srv-daqp02flot8c73ffv6eg instance=srv-daqp02flot8c73ffv6eg-tsxlz
2026-10-02 12:05:23,743 INFO [v33] EXIT half-back SDEV 136 @ 4.9300 | entry 4.9300 peak 4.9350 stop 4.9325 | held 4s | P/L +0.00 (+0.00% of the trade, +0.00% of the account)  || resource=srv-daqp02flot8c73ffv6eg instance=srv-daqp02flot8c73ffv6eg-tsxlz
2026-10-02 12:05:25,552 INFO [v33] RE-ENTER SDEV 82 @ 4.9500 = $406 | stop 4.9200 (0.61% away) | back above the 4.9300 that threw us out  || resource=srv-daqp02flot8c73ffv6eg instance=srv-daqp02flot8c73ffv6eg-tsxlz
2026-10-02 12:05:27,030 INFO [v33] RE-ENTER AGIG 593 @ 1.1000 = $652 | stop 1.0600 (3.64% away) | back above the 1.0700 that threw us out  || resource=srv-daqp02flot8c73ffv6eg instance=srv-daqp02flot8c73ffv6eg-tsxlz
2026-10-02 12:05:28,317 CRITICAL [v33] SDEV STILL HOLDING 13 share(s) after 8 chase attempts - the exit did not complete. This position is unprotected until the next pass.  || resource=srv-daqp02flot8c73ffv6eg instance=srv-daqp02flot8c73ffv6eg-tsxlz
2026-10-02 12:05:28,317 INFO [v33] EXIT half-back SDEV 82 @ 4.9500 | entry 4.9500 peak 4.9503 stop 4.9502 | held 3s | P/L +0.00 (+0.00% of the trade, +0.00% of the account)  || resource=srv-daqp02flot8c73ffv6eg instance=srv-daqp02flot8c73ffv6eg-tsxlz
2026-10-02 12:05:33,469 INFO [v33] EXIT half-back SDEV 13 @ 4.9300 | entry 4.9501 peak 4.9501 stop 4.9401 | held 8s | P/L -0.26 (-0.41% of the trade, -0.00% of the account)  || resource=srv-daqp02flot8c73ffv6eg instance=srv-daqp02flot8c73ffv6eg-tsxlz
2026-10-02 12:05:41,151 INFO [v33] RE-ENTER SDEV 80 @ 4.9500 = $396 | stop 4.9200 (0.61% away) | back above the 4.9300 that threw us out  || resource=srv-daqp02flot8c73ffv6eg instance=srv-daqp02flot8c73ffv6eg-tsxlz
2026-10-02 12:05:45,291 INFO [v33] EXIT half-back SDEV 80 @ 4.9504 | entry 4.9500 peak 4.9600 stop 4.9550 | held 4s | P/L +0.03 (+0.01% of the trade, +0.00% of the account)  || resource=srv-daqp02flot8c73ffv6eg instance=srv-daqp02flot8c73ffv6eg-tsxlz
2026-10-02 12:05:57,174 INFO [v33] RE-ENTER SDEV 105 @ 4.9704 = $522 | stop 4.9404 (0.60% away) | back above the 4.9504 that threw us out  || resource=srv-daqp02flot8c73ffv6eg instance=srv-daqp02flot8c73ffv6eg-tsxlz
2026-10-02 12:06:00,132 INFO [v33] EXIT half-back SDEV 105 @ 4.9800 | entry 4.9704 peak 4.9900 stop 4.9802 | held 3s | P/L +1.01 (+0.19% of the trade, +0.01% of the account)  || resource=srv-daqp02flot8c73ffv6eg instance=srv-daqp02flot8c73ffv6eg-tsxlz
2026-10-02 12:06:02,779 INFO [v33] RE-ENTER SDEV 112 @ 5.0000 = $560 | stop 4.9700 (0.60% away) | back above the 4.9800 that threw us out  || resource=srv-daqp02flot8c73ffv6eg instance=srv-daqp02flot8c73ffv6eg-tsxlz
2026-10-02 12:06:04,667 INFO [v33] EXIT half-back SDEV 112 @ 5.0000 | entry 5.0000 peak 5.0200 stop 5.0100 | held 2s | P/L +0.00 (+0.00% of the trade, +0.00% of the account)  || resource=srv-daqp02flot8c73ffv6eg instance=srv-daqp02flot8c73ffv6eg-tsxlz
2026-10-02 12:06:05,398 INFO [v33] RE-ENTER SDEV 78 @ 5.0200 = $392 | stop 4.9900 (0.60% away) | back above the 5.0000 that threw us out  || resource=srv-daqp02flot8c73ffv6eg instance=srv-daqp02flot8c73ffv6eg-tsxlz
2026-10-02 12:06:05,844 INFO [v32] ENTER AMIX 67 @ 4.5244 = $303 | stop 4.3400 (4.08% away) | day level 4.5244, re-entry at 4.5444  || resource=srv-daqp02flot8c73ffv6eg instance=srv-daqp02flot8c73ffv6eg-tsxlz
2026-10-02 12:06:07,174 INFO [v33] EXIT half-back SDEV 78 @ 5.0200 | entry 5.0200 peak 5.0220 stop 5.0210 | held 2s | P/L +0.00 (+0.00% of the trade, +0.00% of the account)  || resource=srv-daqp02flot8c73ffv6eg instance=srv-daqp02flot8c73ffv6eg-tsxlz
2026-10-02 12:06:08,934 INFO [v33] RE-ENTER SDEV 88 @ 5.0400 = $444 | stop 5.0100 (0.60% away) | back above the 5.0200 that threw us out  || resource=srv-daqp02flot8c73ffv6eg instance=srv-daqp02flot8c73ffv6eg-tsxlz
2026-10-02 12:06:09,692 CRITICAL [v32] AMIX STILL HOLDING 1 share(s) after 8 chase attempts - the exit did not complete. This position is unprotected until the next pass.  || resource=srv-daqp02flot8c73ffv6eg instance=srv-daqp02flot8c73ffv6eg-tsxlz
2026-10-02 12:06:09,714 INFO [v33] ENTER AMIX 87 @ 4.5244 = $394 | stop 4.1700 (7.83% away) | first entry, stop from the bid  || resource=srv-daqp02flot8c73ffv6eg instance=srv-daqp02flot8c73ffv6eg-tsxlz
2026-10-02 12:06:09,764 INFO [v32] EXIT stop AMIX 67 @ 4.3100 | entry 4.5244 peak 4.5244 stop 4.3400 | held 4s | P/L -14.36 (-4.74% of the trade, -0.14% of the account)  || resource=srv-daqp02flot8c73ffv6eg instance=srv-daqp02flot8c73ffv6eg-tsxlz
2026-10-02 12:06:13,461 CRITICAL [v33] SDEV STILL HOLDING 1 share(s) after 8 chase attempts - the exit did not complete. This position is unprotected until the next pass.  || resource=srv-daqp02flot8c73ffv6eg instance=srv-daqp02flot8c73ffv6eg-tsxlz
2026-10-02 12:06:13,533 INFO [v33] EXIT half-back SDEV 88 @ 5.0450 | entry 5.0400 peak 5.0500 stop 5.0450 | held 5s | P/L +0.44 (+0.10% of the trade, +0.00% of the account)  || resource=srv-daqp02flot8c73ffv6eg instance=srv-daqp02flot8c73ffv6eg-tsxlz
2026-10-02 12:06:17,527 INFO [v33] EXIT half-back AMIX 87 @ 4.1600 | entry 4.5244 peak 4.5244 stop 4.1700 | held 8s | P/L -31.70 (-8.05% of the trade, -0.16% of the account)  || resource=srv-daqp02flot8c73ffv6eg instance=srv-daqp02flot8c73ffv6eg-tsxlz
2026-10-02 12:06:18,248 INFO [v33] RE-ENTER AMIX 93 @ 4.2200 = $392 | stop 4.1500 (1.66% away) | back above the 4.1600 that threw us out  || resource=srv-daqp02flot8c73ffv6eg instance=srv-daqp02flot8c73ffv6eg-tsxlz
2026-10-02 12:06:20,862 INFO [v33] EXIT half-back AMIX 93 @ 4.2800 | entry 4.2200 peak 4.3500 stop 4.2850 | held 3s | P/L +5.58 (+1.42% of the trade, +0.03% of the account)  || resource=srv-daqp02flot8c73ffv6eg instance=srv-daqp02flot8c73ffv6eg-tsxlz
2026-10-02 12:06:30,907 INFO [v33] RE-ENTER AMIX 101 @ 4.3000 = $434 | stop 4.2700 (0.70% away) | back above the 4.2800 that threw us out  || resource=srv-daqp02flot8c73ffv6eg instance=srv-daqp02flot8c73ffv6eg-tsxlz
2026-10-02 12:06:32,977 CRITICAL [v33] AMIX STILL HOLDING 1 share(s) after 8 chase attempts - the exit did not complete. This position is unprotected until the next pass.  || resource=srv-daqp02flot8c73ffv6eg instance=srv-daqp02flot8c73ffv6eg-tsxlz
2026-10-02 12:06:32,977 INFO [v33] EXIT half-back AMIX 101 @ 4.2525 | entry 4.3000 peak 4.3000 stop 4.2700 | held 2s | P/L -4.80 (-1.10% of the trade, -0.02% of the account)  || resource=srv-daqp02flot8c73ffv6eg instance=srv-daqp02flot8c73ffv6eg-tsxlz
2026-10-02 12:06:33,817 INFO [v33] EXIT half-back SDEV 1 @ 5.0520 | entry 5.0516 peak 5.0800 stop 5.0658 | held 25s | P/L +0.00 (+0.01% of the trade, +0.00% of the account)  || resource=srv-daqp02flot8c73ffv6eg instance=srv-daqp02flot8c73ffv6eg-tsxlz
2026-10-02 12:06:34,959 INFO [v33] EXIT half-back AMIX 1 @ 4.3300 | entry 4.3000 peak 4.3600 stop 4.3300 | held 4s | P/L +0.03 (+0.70% of the trade, +0.00% of the account)  || resource=srv-daqp02flot8c73ffv6eg instance=srv-daqp02flot8c73ffv6eg-tsxlz
2026-10-02 12:06:36,425 INFO [v33] RE-ENTER AMIX 135 @ 4.3700 = $590 | stop 4.3200 (1.14% away) | back above the 4.3300 that threw us out  || resource=srv-daqp02flot8c73ffv6eg instance=srv-daqp02flot8c73ffv6eg-tsxlz
2026-10-02 12:06:39,699 INFO [v33] EXIT half-back AMIX 135 @ 4.3945 | entry 4.3700 peak 4.4300 stop 4.4000 | held 3s | P/L +3.31 (+0.56% of the trade, +0.02% of the account)  || resource=srv-daqp02flot8c73ffv6eg instance=srv-daqp02flot8c73ffv6eg-tsxlz
2026-10-02 12:06:41,342 INFO [v33] RE-ENTER SDEV 122 @ 5.0796 = $620 | stop 5.0420 (0.74% away) | back above the 5.0520 that threw us out  || resource=srv-daqp02flot8c73ffv6eg instance=srv-daqp02flot8c73ffv6eg-tsxlz
2026-10-02 12:06:42,403 INFO [v32] EXIT stop AMIX 1 @ 4.2700 | entry 4.2888 peak 4.3823 stop 4.2788 | held 36s | P/L -0.02 (-0.44% of the trade, -0.00% of the account)  || resource=srv-daqp02flot8c73ffv6eg instance=srv-daqp02flot8c73ffv6eg-tsxlz
2026-10-02 12:06:47,287 INFO [v33] EXIT half-back AGIG 593 @ 1.0500 | entry 1.1000 peak 1.1000 stop 1.0600 | held 80s | P/L -29.65 (-4.55% of the trade, -0.15% of the account)  || resource=srv-daqp02flot8c73ffv6eg instance=srv-daqp02flot8c73ffv6eg-tsxlz
2026-10-02 12:06:54,549 CRITICAL [v33] SDEV STILL HOLDING 12 share(s) after 8 chase attempts - the exit did not complete. This position is unprotected until the next pass.  || resource=srv-daqp02flot8c73ffv6eg instance=srv-daqp02flot8c73ffv6eg-tsxlz
2026-10-02 12:06:54,613 INFO [v33] EXIT half-back SDEV 122 @ 5.0800 | entry 5.0796 peak 5.0895 stop 5.0846 | held 13s | P/L +0.05 (+0.01% of the trade, +0.00% of the account)  || resource=srv-daqp02flot8c73ffv6eg instance=srv-daqp02flot8c73ffv6eg-tsxlz
2026-10-02 12:06:56,503 INFO [v33] RE-ENTER AMIX 90 @ 4.4200 = $398 | stop 4.3845 (0.80% away) | back above the 4.3945 that threw us out  || resource=srv-daqp02flot8c73ffv6eg instance=srv-daqp02flot8c73ffv6eg-tsxlz
2026-10-02 12:06:57,874 CRITICAL [v33] AMIX STILL HOLDING 1 share(s) after 8 chase attempts - the exit did not complete. This position is unprotected until the next pass.  || resource=srv-daqp02flot8c73ffv6eg instance=srv-daqp02flot8c73ffv6eg-tsxlz
2026-10-02 12:06:57,875 INFO [v33] EXIT half-back AMIX 90 @ 4.4200 | entry 4.4200 peak 4.4300 stop 4.4250 | held 1s | P/L +0.00 (+0.00% of the trade, +0.00% of the account)  || resource=srv-daqp02flot8c73ffv6eg instance=srv-daqp02flot8c73ffv6eg-tsxlz
2026-10-02 12:06:59,484 INFO [v33] RE-ENTER AMIX 115 @ 4.4700 = $514 | stop 4.4100 (1.34% away) | back above the 4.4200 that threw us out  || resource=srv-daqp02flot8c73ffv6eg instance=srv-daqp02flot8c73ffv6eg-tsxlz
2026-10-02 12:07:03,427 CRITICAL [v33] AMIX STILL HOLDING 1 share(s) after 8 chase attempts - the exit did not complete. This position is unprotected until the next pass.  || resource=srv-daqp02flot8c73ffv6eg instance=srv-daqp02flot8c73ffv6eg-tsxlz
2026-10-02 12:07:03,489 INFO [v33] EXIT half-back AMIX 115 @ 4.4300 | entry 4.4700 peak 4.4891 stop 4.4795 | held 4s | P/L -4.60 (-0.89% of the trade, -0.02% of the account)  || resource=srv-daqp02flot8c73ffv6eg instance=srv-daqp02flot8c73ffv6eg-tsxlz
2026-10-02 12:07:05,388 INFO [v33] RE-ENTER AMIX 89 @ 4.5000 = $400 | stop 4.4200 (1.78% away) | back above the 4.4300 that threw us out  || resource=srv-daqp02flot8c73ffv6eg instance=srv-daqp02flot8c73ffv6eg-tsxlz
2026-10-02 12:07:10,676 CRITICAL [v33] AMIX STILL HOLDING 1 share(s) after 8 chase attempts - the exit did not complete. This position is unprotected until the next pass.  || resource=srv-daqp02flot8c73ffv6eg instance=srv-daqp02flot8c73ffv6eg-tsxlz
2026-10-02 12:07:10,738 INFO [v33] EXIT half-back AMIX 89 @ 4.4100 | entry 4.5000 peak 4.5000 stop 4.4200 | held 5s | P/L -8.01 (-2.00% of the trade, -0.04% of the account)  || resource=srv-daqp02flot8c73ffv6eg instance=srv-daqp02flot8c73ffv6eg-tsxlz
2026-10-02 12:07:15,477 INFO [v33] RE-ENTER AMIX 139 @ 4.4800 = $623 | stop 4.4000 (1.79% away) | back above the 4.4100 that threw us out  || resource=srv-daqp02flot8c73ffv6eg instance=srv-daqp02flot8c73ffv6eg-tsxlz
2026-10-02 12:07:24,975 CRITICAL [v33] AMIX STILL HOLDING 1 share(s) after 8 chase attempts - the exit did not complete. This position is unprotected until the next pass.  || resource=srv-daqp02flot8c73ffv6eg instance=srv-daqp02flot8c73ffv6eg-tsxlz
2026-10-02 12:07:25,036 INFO [v33] EXIT half-back AMIX 139 @ 4.4800 | entry 4.4800 peak 4.4900 stop 4.4850 | held 9s | P/L +0.00 (+0.00% of the trade, +0.00% of the account)  || resource=srv-daqp02flot8c73ffv6eg instance=srv-daqp02flot8c73ffv6eg-tsxlz
2026-10-02 12:07:26,662 INFO [v33] RE-ENTER AIXI 515 @ 1.5300 = $788 | stop 1.4991 (2.02% away) | back above the 1.5091 that threw us out  || resource=srv-daqp02flot8c73ffv6eg instance=srv-daqp02flot8c73ffv6eg-tsxlz
2026-10-02 12:07:31,504 INFO [v32] EXIT stop TNMG 46 @ 4.7300 | entry 4.7400 peak 4.9400 stop 4.7300 | held 0s | P/L -0.46 (-0.21% of the trade, -0.00% of the account)  || resource=srv-daqp02flot8c73ffv6eg instance=srv-daqp02flot8c73ffv6eg-tsxlz
2026-10-02 12:07:31,901 INFO [v33] EXIT half-back AIXI 515 @ 1.5300 | entry 0.0000 peak 0.0000 stop 0.0000 | held 5s | P/L +0.00 (+0.00% of the trade, +0.00% of the account)  || resource=srv-daqp02flot8c73ffv6eg instance=srv-daqp02flot8c73ffv6eg-tsxlz
2026-10-02 12:07:32,781 INFO [v32] ENTER TNMG 44 @ 4.7200 = $208 | stop 4.6400 (1.69% away) | day level 4.7200, re-entry at 4.7400  || resource=srv-daqp02flot8c73ffv6eg instance=srv-daqp02flot8c73ffv6eg-tsxlz
2026-10-02 12:07:35,934 INFO [v33] EXIT half-back AMIX 1 @ 4.3600 | entry 4.4519 peak 4.4519 stop 4.4419 | held 20s | P/L -0.09 (-2.06% of the trade, -0.00% of the account)  || resource=srv-daqp02flot8c73ffv6eg instance=srv-daqp02flot8c73ffv6eg-tsxlz
2026-10-02 12:07:37,601 INFO [v33] RE-ENTER AMIX 103 @ 4.4000 = $453 | stop 4.3500 (1.14% away) | back above the 4.3600 that threw us out  || resource=srv-daqp02flot8c73ffv6eg instance=srv-daqp02flot8c73ffv6eg-tsxlz
2026-10-02 12:07:38,707 INFO [v32] EXIT stop TNMG 44 @ 4.6400 | entry 4.7200 peak 4.7200 stop 4.6400 | held 6s | P/L -3.52 (-1.69% of the trade, -0.03% of the account)  || resource=srv-daqp02flot8c73ffv6eg instance=srv-daqp02flot8c73ffv6eg-tsxlz
2026-10-02 12:07:44,014 CRITICAL [v33] AMIX STILL HOLDING 2 share(s) after 8 chase attempts - the exit did not complete. This position is unprotected until the next pass.  || resource=srv-daqp02flot8c73ffv6eg instance=srv-daqp02flot8c73ffv6eg-tsxlz
2026-10-02 12:07:44,075 INFO [v33] EXIT half-back AMIX 103 @ 4.3400 | entry 4.4000 peak 4.4000 stop 4.3500 | held 6s | P/L -6.18 (-1.36% of the trade, -0.03% of the account)  || resource=srv-daqp02flot8c73ffv6eg instance=srv-daqp02flot8c73ffv6eg-tsxlz
2026-10-02 12:07:48,790 INFO [v33] RE-ENTER AMIX 137 @ 4.3600 = $597 | stop 4.3300 (0.69% away) | back above the 4.3400 that threw us out  || resource=srv-daqp02flot8c73ffv6eg instance=srv-daqp02flot8c73ffv6eg-tsxlz
2026-10-02 12:07:53,743 INFO [v33] ENTER SSM 346 @ 2.4300 = $841 | stop 2.4200 (0.41% away) | first entry, stop from the bid  || resource=srv-daqp02flot8c73ffv6eg instance=srv-daqp02flot8c73ffv6eg-tsxlz
2026-10-02 12:07:58,963 INFO [v33] EXIT half-back SDEV 12 @ 5.0303 | entry 5.0443 peak 5.0443 stop 5.0343 | held 75s | P/L -0.17 (-0.28% of the trade, -0.00% of the account)  || resource=srv-daqp02flot8c73ffv6eg instance=srv-daqp02flot8c73ffv6eg-tsxlz
2026-10-02 12:08:06,730 CRITICAL [v33] AMIX STILL HOLDING 7 share(s) after 8 chase attempts - the exit did not complete. This position is unprotected until the next pass.  || resource=srv-daqp02flot8c73ffv6eg instance=srv-daqp02flot8c73ffv6eg-tsxlz
2026-10-02 12:08:06,792 INFO [v33] EXIT half-back AMIX 137 @ 4.3700 | entry 4.3600 peak 4.4492 stop 4.4046 | held 18s | P/L +1.37 (+0.23% of the trade, +0.01% of the account)  || resource=srv-daqp02flot8c73ffv6eg instance=srv-daqp02flot8c73ffv6eg-tsxlz
2026-10-02 12:08:08,254 INFO [v32] RE-ENTER TNMG 60 @ 4.7400 = $284 | stop 4.6400 (2.11% away) | day level 4.7200, re-entry at 4.7400  || resource=srv-daqp02flot8c73ffv6eg instance=srv-daqp02flot8c73ffv6eg-tsxlz
2026-10-02 12:08:08,552 INFO [v33] RE-ENTER AMIX 90 @ 4.4500 = $400 | stop 4.3600 (2.02% away) | back above the 4.3700 that threw us out  || resource=srv-daqp02flot8c73ffv6eg instance=srv-daqp02flot8c73ffv6eg-tsxlz
2026-10-02 12:08:10,136 INFO [v31] ENTER SDEV 981 @ 5.0550 = $4959 (25% of equity) | stop 4.9702 (1.68% away) | trigger 5.0501  || resource=srv-daqp02flot8c73ffv6eg instance=srv-daqp02flot8c73ffv6eg-tsxlz
2026-10-02 12:08:12,780 CRITICAL [v33] AMIX STILL HOLDING 7 share(s) after 8 chase attempts - the exit did not complete. This position is unprotected until the next pass.  || resource=srv-daqp02flot8c73ffv6eg instance=srv-daqp02flot8c73ffv6eg-tsxlz
2026-10-02 12:08:12,842 INFO [v33] EXIT half-back AMIX 90 @ 4.4300 | entry 4.4500 peak 4.4800 stop 4.4650 | held 4s | P/L -1.80 (-0.45% of the trade, -0.01% of the account)  || resource=srv-daqp02flot8c73ffv6eg instance=srv-daqp02flot8c73ffv6eg-tsxlz
2026-10-02 12:08:13,480 INFO [v33] RE-ENTER AMIX 88 @ 4.4800 = $394 | stop 4.4200 (1.34% away) | back above the 4.4300 that threw us out  || resource=srv-daqp02flot8c73ffv6eg instance=srv-daqp02flot8c73ffv6eg-tsxlz
2026-10-02 12:08:18,922 CRITICAL [v33] AMIX STILL HOLDING 7 share(s) after 8 chase attempts - the exit did not complete. This position is unprotected until the next pass.  || resource=srv-daqp02flot8c73ffv6eg instance=srv-daqp02flot8c73ffv6eg-tsxlz
2026-10-02 12:08:18,983 INFO [v33] EXIT half-back AMIX 88 @ 4.4200 | entry 4.4800 peak 4.4800 stop 4.4200 | held 5s | P/L -5.28 (-1.34% of the trade, -0.03% of the account)  || resource=srv-daqp02flot8c73ffv6eg instance=srv-daqp02flot8c73ffv6eg-tsxlz
2026-10-02 12:08:22,686 INFO [v33] RE-ENTER AMIX 88 @ 4.4557 = $392 | stop 4.4100 (1.03% away) | back above the 4.4200 that threw us out  || resource=srv-daqp02flot8c73ffv6eg instance=srv-daqp02flot8c73ffv6eg-tsxlz
