2026-10-07 08:00:00,124 INFO [v36] WHY-NOT BIYA px 2.0400 | crowd #- $0k, gainer #1 | NO CROWD: not top 2 held 2m, not ripping, not a top gainer with $1000k
2026-10-07 08:00:00,124 INFO [v36b] WHY-NOT BIYA px 2.0400 | crowd #- $0k, gainer #1 | NO CROWD: not top 2 held 2m, not ripping, not a top gainer with $1000k
2026-10-07 08:01:00,102 INFO [v36] WHY-NOT MI px 1.6017 | crowd #3 $598k, gainer #5 | NO CROWD: not top 2 held 2m, not ripping, not a top gainer with $1000k
2026-10-07 08:01:00,103 INFO [v36] WHY-NOT SDEV px 3.7700 | crowd #1 $2200k held 0.0m, gainer #7 | NO CROWD: not top 2 held 2m, not ripping, not a top gainer with $1000k
2026-10-07 08:01:00,103 INFO [v36b] WHY-NOT MI px 1.6017 | crowd #3 $598k, gainer #5 | NO CROWD: not top 2 held 2m, not ripping, not a top gainer with $1000k
2026-10-07 08:01:00,104 INFO [v36b] WHY-NOT SDEV px 3.7700 | crowd #1 $2200k held 0.0m, gainer #7 | NO CROWD: not top 2 held 2m, not ripping, not a top gainer with $1000k
2026-10-07 08:01:00,129 INFO [v36] WHY-NOT BYAH px 4.4100 | crowd #5 $168k, gainer #1 | NO CROWD: not top 2 held 2m, not ripping, not a top gainer with $1000k
2026-10-07 08:01:00,130 INFO [v36b] WHY-NOT BYAH px 4.4100 | crowd #5 $168k, gainer #1 | NO CROWD: not top 2 held 2m, not ripping, not a top gainer with $1000k
2026-10-07 08:01:00,322 INFO [v36] WHY-NOT MTEN px 1.4396 | crowd #2 $667k held 0.0m, gainer #2 | NO CROWD: not top 2 held 2m, not ripping, not a top gainer with $1000k
2026-10-07 08:01:00,322 INFO [v36b] WHY-NOT MTEN px 1.4396 | crowd #2 $667k held 0.0m, gainer #2 | NO CROWD: not top 2 held 2m, not ripping, not a top gainer with $1000k
2026-10-07 08:02:00,130 INFO [v36] WHY-NOT SDEV px 3.7900 | crowd #1 $2200k held 1.0m, gainer #8 | NO CROWD: not top 2 held 2m, not ripping, not a top gainer with $1000k
2026-10-07 08:02:00,130 INFO [v36b] WHY-NOT SDEV px 3.7900 | crowd #1 $2200k held 1.0m, gainer #8 | NO CROWD: not top 2 held 2m, not ripping, not a top gainer with $1000k
2026-10-07 08:02:00,167 INFO [v36] WHY-NOT MI px 1.7700 | crowd #3 $598k, gainer #5 | NO CROWD: not top 2 held 2m, not ripping, not a top gainer with $1000k
2026-10-07 08:02:00,167 INFO [v36b] WHY-NOT MI px 1.7700 | crowd #3 $598k, gainer #5 | NO CROWD: not top 2 held 2m, not ripping, not a top gainer with $1000k
2026-10-07 08:02:00,331 INFO [v36] WHY-NOT MTEN px 1.4796 | crowd #2 $667k held 1.0m, gainer #1 | NO CROWD: not top 2 held 2m, not ripping, not a top gainer with $1000k
2026-10-07 08:02:00,331 INFO [v36b] WHY-NOT MTEN px 1.4796 | crowd #2 $667k held 1.0m, gainer #1 | NO CROWD: not top 2 held 2m, not ripping, not a top gainer with $1000k
2026-10-07 08:02:00,818 INFO [v36] WHY-NOT SXTC px 1.9300 | crowd #7 $39k, gainer #2 | NO CROWD: not top 2 held 2m, not ripping, not a top gainer with $1000k
2026-10-07 08:02:00,819 INFO [v36b] WHY-NOT SXTC px 1.9300 | crowd #7 $39k, gainer #2 | NO CROWD: not top 2 held 2m, not ripping, not a top gainer with $1000k
2026-10-07 08:03:00,140 INFO [v36] WHY-NOT SDEV px 3.9500 | crowd #1 $2578k held 2.0m, gainer #8 | NO PATTERN: no rip | last candles RG, vol 1.9x the 5 before (high break needs 2.0x)
2026-10-07 08:03:00,140 INFO [v36b] WHY-NOT SDEV px 3.9500 | crowd #1 $2578k held 2.0m, gainer #8 | NO PATTERN: no rip | last candles RG, vol 1.9x the 5 before (high break needs 2.0x)
2026-10-07 08:03:00,197 INFO [v36] WHY-NOT MI px 1.8700 | crowd #3 $867k, gainer #4 | NO CROWD: not top 2 held 2m, not ripping, not a top gainer with $1000k
2026-10-07 08:03:00,197 INFO [v36b] WHY-NOT MI px 1.8700 | crowd #3 $867k, gainer #4 | NO CROWD: not top 2 held 2m, not ripping, not a top gainer with $1000k
2026-10-07 08:03:00,353 INFO [v36] WHY-NOT MTEN px 1.5702 | crowd #2 $955k held 2.0m, gainer #1 | NO PATTERN: no rip | last candles GG, vol 2.4x the 5 before (high break needs 2.0x)
2026-10-07 08:03:00,354 INFO [v36b] WHY-NOT MTEN px 1.5702 | crowd #2 $955k held 2.0m, gainer #1 | NO PATTERN: no rip | last candles GG, vol 2.4x the 5 before (high break needs 2.0x)
2026-10-07 08:03:01,029 INFO [v36] WHY-NOT SXTC px 1.9200 | crowd #7 $106k, gainer #2 | NO CROWD: not top 2 held 2m, not ripping, not a top gainer with $1000k
2026-10-07 08:03:01,030 INFO [v36b] WHY-NOT SXTC px 1.9200 | crowd #7 $106k, gainer #2 | NO CROWD: not top 2 held 2m, not ripping, not a top gainer with $1000k
2026-10-07 08:04:00,523 INFO [v36] WHY-NOT MI px 1.7300 | crowd #3 $2780k, gainer #2 | NO PATTERN: rip 04:02 dead | last candles GR, vol 0.6x the 5 before (high break needs 2.0x)
2026-10-07 08:04:00,523 INFO [v36b] WHY-NOT MI px 1.7300 | crowd #3 $2780k, gainer #2 | NO PATTERN: rip 04:02 dead | last candles GR, vol 0.6x the 5 before (high break needs 2.0x)
2026-10-07 08:04:00,567 INFO [v36] WHY-NOT MTEN px 1.5500 | crowd #2 $3273k held 3.0m, gainer #1 | NO PATTERN: no rip | last candles GG, vol 1.5x the 5 before (high break needs 2.0x)
2026-10-07 08:04:00,568 INFO [v36b] WHY-NOT MTEN px 1.5500 | crowd #2 $3273k held 3.0m, gainer #1 | NO PATTERN: no rip | last candles GG, vol 1.5x the 5 before (high break needs 2.0x)
2026-10-07 08:04:01,278 INFO [v36] WHY-NOT SDEV px 3.6800 | crowd #1 $6651k held 3.0m, gainer #8 | NO PATTERN: no rip | last candles GR, vol 0.9x the 5 before (high break needs 2.0x)
2026-10-07 08:04:01,278 INFO [v36b] WHY-NOT SDEV px 3.6800 | crowd #1 $6651k held 3.0m, gainer #8 | NO PATTERN: no rip | last candles GR, vol 0.9x the 5 before (high break needs 2.0x)
2026-10-07 08:05:00,568 INFO [v36] WHY-NOT MTEN px 1.7000 | crowd #2 $2606k held 4.0m, gainer #1 | NO PATTERN: no rip | last candles GG, vol 1.7x the 5 before (high break needs 2.0x)
2026-10-07 08:05:00,568 INFO [v36b] WHY-NOT MTEN px 1.7000 | crowd #2 $2606k held 4.0m, gainer #1 | NO PATTERN: no rip | last candles GG, vol 1.7x the 5 before (high break needs 2.0x)
2026-10-07 08:05:00,901 INFO [v36] WHY-NOT SXTC px 1.7400 | crowd #7 $280k, gainer #2 | NO CROWD: not top 2 held 2m, not ripping, not a top gainer with $1000k
2026-10-07 08:05:00,901 INFO [v36b] WHY-NOT SXTC px 1.7400 | crowd #7 $280k, gainer #2 | NO CROWD: not top 2 held 2m, not ripping, not a top gainer with $1000k
2026-10-07 08:05:01,014 INFO [v36] WHY-NOT MI px 1.6800 | crowd #3 $2183k, gainer #3 | NO CROWD: not top 2 held 2m, not ripping, not a top gainer with $1000k
2026-10-07 08:05:01,014 INFO [v36b] WHY-NOT MI px 1.6800 | crowd #3 $2183k, gainer #3 | NO CROWD: not top 2 held 2m, not ripping, not a top gainer with $1000k
2026-10-07 08:05:01,568 INFO [v36] WHY-NOT SDEV px 3.7797 | crowd #1 $4451k held 4.0m, gainer #8 | NO PATTERN: no rip | last candles RG, vol 0.1x the 5 before (high break needs 2.0x)
2026-10-07 08:05:01,568 INFO [v36b] WHY-NOT SDEV px 3.7797 | crowd #1 $4451k held 4.0m, gainer #8 | NO PATTERN: no rip | last candles RG, vol 0.1x the 5 before (high break needs 2.0x)
2026-10-07 08:06:00,168 INFO [v36] WHY-NOT BIYA px 2.0800 | crowd #5 $1800k, gainer #2 | NO PATTERN: rip 04:02 dead | last candles GG, vol 0.9x the 5 before (high break needs 2.0x)
2026-10-07 08:06:00,168 INFO [v36b] WHY-NOT BIYA px 2.0800 | crowd #5 $1800k, gainer #2 | NO PATTERN: rip 04:02 dead | last candles GG, vol 0.9x the 5 before (high break needs 2.0x)
2026-10-07 08:06:00,975 INFO [v36] WHY-NOT MTEN px 1.5800 | crowd #1 $5504k held 5.0m, gainer #1 | NO PATTERN: no rip | last candles GR, vol 1.7x the 5 before (high break needs 2.0x)
2026-10-07 08:06:00,975 INFO [v36b] WHY-NOT MTEN px 1.5800 | crowd #1 $5504k held 5.0m, gainer #1 | NO PATTERN: no rip | last candles GR, vol 1.7x the 5 before (high break needs 2.0x)
2026-10-07 08:06:01,360 INFO [v36] WHY-NOT MI px 1.7100 | crowd #3 $2132k, gainer #4 | NO CROWD: not top 2 held 2m, not ripping, not a top gainer with $1000k
2026-10-07 08:06:01,361 INFO [v36b] WHY-NOT MI px 1.7100 | crowd #3 $2132k, gainer #4 | NO CROWD: not top 2 held 2m, not ripping, not a top gainer with $1000k
2026-10-07 08:06:01,654 INFO [v36] WHY-NOT SDEV px 3.8797 | crowd #2 $4614k held 5.0m, gainer #7 | NO PATTERN: no rip | last candles GG, vol 0.3x the 5 before (high break needs 2.0x)
2026-10-07 08:06:01,654 INFO [v36b] WHY-NOT SDEV px 3.8797 | crowd #2 $4614k held 5.0m, gainer #7 | NO PATTERN: no rip | last candles GG, vol 0.3x the 5 before (high break needs 2.0x)
2026-10-07 08:07:00,711 INFO [v36] WHY-NOT BIYA px 1.8100 | crowd #3 $1104k, gainer #4 | NO CROWD: not top 2 held 2m, not ripping, not a top gainer with $1000k
2026-10-07 08:07:00,711 INFO [v36b] WHY-NOT BIYA px 1.8100 | crowd #3 $1104k, gainer #4 | NO CROWD: not top 2 held 2m, not ripping, not a top gainer with $1000k
2026-10-07 08:07:00,983 INFO [v36] WHY-NOT MTEN px 1.5400 | crowd #1 $4309k held 6.0m, gainer #1 | NO PATTERN: no rip | last candles RR, vol 0.6x the 5 before (high break needs 2.0x)
2026-10-07 08:07:00,983 INFO [v36b] WHY-NOT MTEN px 1.5400 | crowd #1 $4309k held 6.0m, gainer #1 | NO PATTERN: no rip | last candles RR, vol 0.6x the 5 before (high break needs 2.0x)
2026-10-07 08:07:01,493 INFO [v36] WHY-NOT MI px 1.7900 | crowd #5 $672k, gainer #2 | NO CROWD: not top 2 held 2m, not ripping, not a top gainer with $1000k
2026-10-07 08:07:01,493 INFO [v36b] WHY-NOT MI px 1.7900 | crowd #5 $672k, gainer #2 | NO CROWD: not top 2 held 2m, not ripping, not a top gainer with $1000k
2026-10-07 08:07:01,842 INFO [v36] WHY-NOT SDEV px 3.7804 | crowd #2 $2042k held 6.0m, gainer #8 | NO PATTERN: no rip | last candles GR, vol 0.4x the 5 before (high break needs 2.0x)
2026-10-07 08:07:01,842 INFO [v36b] WHY-NOT SDEV px 3.7804 | crowd #2 $2042k held 6.0m, gainer #8 | NO PATTERN: no rip | last candles GR, vol 0.4x the 5 before (high break needs 2.0x)
2026-10-07 08:08:01,041 INFO [v36] WHY-NOT MTEN px 1.4908 | crowd #1 $4493k held 7.0m, gainer #1 | NO PATTERN: no rip | last candles RR, vol 0.6x the 5 before (high break needs 2.0x)
2026-10-07 08:08:01,041 INFO [v36b] WHY-NOT MTEN px 1.4908 | crowd #1 $4493k held 7.0m, gainer #1 | NO PATTERN: no rip | last candles RR, vol 0.6x the 5 before (high break needs 2.0x)
2026-10-07 08:08:01,125 INFO [v36] WHY-NOT BIYA px 1.8498 | crowd #2 $1214k held 0.0m, gainer #4 | NO CROWD: not top 2 held 2m, not ripping, not a top gainer with $1000k
2026-10-07 08:08:01,125 INFO [v36b] WHY-NOT BIYA px 1.8498 | crowd #2 $1214k held 0.0m, gainer #4 | NO CROWD: not top 2 held 2m, not ripping, not a top gainer with $1000k
2026-10-07 08:08:01,601 INFO [v36] WHY-NOT MI px 1.8700 | crowd #4 $926k, gainer #2 | NO CROWD: not top 2 held 2m, not ripping, not a top gainer with $1000k
2026-10-07 08:08:01,601 INFO [v36b] WHY-NOT MI px 1.8700 | crowd #4 $926k, gainer #2 | NO CROWD: not top 2 held 2m, not ripping, not a top gainer with $1000k
2026-10-07 08:08:01,854 INFO [v36] WHY-NOT SDEV px 3.7400 | crowd #3 $1038k, gainer #8 | NO CROWD: not top 2 held 2m, not ripping, not a top gainer with $1000k
2026-10-07 08:08:01,854 INFO [v36b] WHY-NOT SDEV px 3.7400 | crowd #3 $1038k, gainer #8 | NO CROWD: not top 2 held 2m, not ripping, not a top gainer with $1000k
2026-10-07 08:09:00,043 INFO [v36] WHY-NOT SXTC px 1.8504 | crowd #7 $98k, gainer #2 | NO CROWD: not top 2 held 2m, not ripping, not a top gainer with $1000k
2026-10-07 08:09:00,043 INFO [v36b] WHY-NOT SXTC px 1.8504 | crowd #7 $98k, gainer #2 | NO CROWD: not top 2 held 2m, not ripping, not a top gainer with $1000k
2026-10-07 08:09:01,414 INFO [v36] WHY-NOT BIYA px 1.9300 | crowd #2 $1185k held 1.0m, gainer #4 | NO CROWD: not top 2 held 2m, not ripping, not a top gainer with $1000k
2026-10-07 08:09:01,415 INFO [v36b] WHY-NOT BIYA px 1.9300 | crowd #2 $1185k held 1.0m, gainer #4 | NO CROWD: not top 2 held 2m, not ripping, not a top gainer with $1000k
2026-10-07 08:09:01,644 INFO [v36] WHY-NOT MI px 1.7800 | crowd #3 $1147k, gainer #3 | NO CROWD: not top 2 held 2m, not ripping, not a top gainer with $1000k
2026-10-07 08:09:01,816 INFO [v36] WHY-NOT MTEN px 1.5500 | crowd #1 $3165k held 8.0m, gainer #1 | NO PATTERN: no rip | last candles RG, vol 0.2x the 5 before (high break needs 2.0x)
2026-10-07 08:09:01,817 INFO [v36b] WHY-NOT MTEN px 1.5500 | crowd #1 $3165k held 8.0m, gainer #1 | NO PATTERN: no rip | last candles RG, vol 0.2x the 5 before (high break needs 2.0x)
2026-10-07 08:09:02,401 INFO [v36b] WHY-NOT MI px 1.7700 | crowd #3 $1147k, gainer #3 | NO CROWD: not top 2 held 2m, not ripping, not a top gainer with $1000k
2026-10-07 08:10:01,205 INFO [v36] WHY-NOT SXTC px 1.8450 | crowd #7 $138k, gainer #2 | NO CROWD: not top 2 held 2m, not ripping, not a top gainer with $1000k
2026-10-07 08:10:01,206 INFO [v36b] WHY-NOT SXTC px 1.8450 | crowd #7 $138k, gainer #2 | NO CROWD: not top 2 held 2m, not ripping, not a top gainer with $1000k
2026-10-07 08:10:01,429 INFO [v36] WHY-NOT BIYA px 1.9595 | crowd #2 $1536k held 2.0m, gainer #4 | NO PATTERN: rip 04:02 dead | last candles GG, vol 2.3x the 5 before (high break needs 2.0x)
2026-10-07 08:10:01,429 INFO [v36b] WHY-NOT BIYA px 1.9595 | crowd #2 $1536k held 2.0m, gainer #4 | NO PATTERN: rip 04:02 dead | last candles GG, vol 2.3x the 5 before (high break needs 2.0x)
2026-10-07 08:10:01,828 INFO [v36] WHY-NOT MTEN px 1.4900 | crowd #1 $1828k held 9.0m, gainer #1 | NO PATTERN: no rip | last candles GR, vol 0.4x the 5 before (high break needs 2.0x)
2026-10-07 08:10:01,832 INFO [v36b] WHY-NOT MTEN px 1.4900 | crowd #1 $1828k held 9.0m, gainer #1 | NO PATTERN: no rip | last candles GR, vol 0.4x the 5 before (high break needs 2.0x)
2026-10-07 08:10:02,221 INFO [v36] WHY-NOT MI px 1.8000 | crowd #3 $1212k, gainer #3 | NO CROWD: not top 2 held 2m, not ripping, not a top gainer with $1000k
2026-10-07 08:10:02,570 INFO [v36b] WHY-NOT MI px 1.7903 | crowd #3 $1212k, gainer #3 | NO CROWD: not top 2 held 2m, not ripping, not a top gainer with $1000k
2026-10-07 08:11:01,670 INFO [v36] WHY-NOT BIYA px 1.8600 | crowd #1 $2072k held 3.0m, gainer #4 | WAIT: setup trigger 1.9600
2026-10-07 08:11:01,670 INFO [v36b] WHY-NOT BIYA px 1.8600 | crowd #1 $2072k held 3.0m, gainer #4 | WAIT: setup trigger 1.9600
2026-10-07 08:11:02,473 INFO [v36] WHY-NOT MI px 1.8393 | crowd #3 $1163k, gainer #2 | NO PATTERN: rip 04:02 dead | last candles GG, vol 0.4x the 5 before (high break needs 2.0x)
2026-10-07 08:11:02,514 INFO [v36] WHY-NOT MTEN px 1.5111 | crowd #2 $1410k held 10.0m, gainer #1 | NO PATTERN: no rip | last candles RG, vol 0.3x the 5 before (high break needs 2.0x)
2026-10-07 08:11:02,546 INFO [v36b] WHY-NOT MTEN px 1.5111 | crowd #2 $1410k held 10.0m, gainer #1 | NO PATTERN: no rip | last candles RG, vol 0.3x the 5 before (high break needs 2.0x)
2026-10-07 08:11:02,891 INFO [v36b] WHY-NOT MI px 1.8304 | crowd #3 $1163k, gainer #2 | NO PATTERN: rip 04:02 dead | last candles GG, vol 0.4x the 5 before (high break needs 2.0x)
2026-10-07 08:11:27,799 INFO [v36] WHY-NOT BIYA px 1.9600 | crowd #1 $2072k held 3.5m, gainer #4 | NO TREND at the trigger 1.9600: vwap 1.9291 e9 1.9176 e20 1.9437 macd -0.0283
2026-10-07 08:11:27,801 INFO [v36b] WHY-NOT BIYA px 1.9600 | crowd #1 $2072k held 3.5m, gainer #4 | NO TREND at the trigger 1.9600: vwap 1.9291 e9 1.9176 e20 1.9437 macd -0.0283
2026-10-07 08:11:32,835 INFO [v36] WHY-NOT BIYA px 1.9900 | crowd #1 $2072k held 3.5m, gainer #4 | NO TREND at the trigger 1.9600: vwap 1.9291 e9 1.9176 e20 1.9437 macd -0.0283
2026-10-07 08:11:32,835 INFO [v36b] WHY-NOT BIYA px 1.9900 | crowd #1 $2072k held 3.5m, gainer #4 | NO TREND at the trigger 1.9600: vwap 1.9291 e9 1.9176 e20 1.9437 macd -0.0283
2026-10-07 08:11:37,945 INFO [v36] WHY-NOT BIYA px 1.9999 | crowd #1 $2072k held 3.6m, gainer #4 | NO TREND at the trigger 1.9600: vwap 1.9291 e9 1.9176 e20 1.9437 macd -0.0283
2026-10-07 08:11:38,018 INFO [v36b] WHY-NOT BIYA px 1.9999 | crowd #1 $2072k held 3.6m, gainer #4 | NO TREND at the trigger 1.9600: vwap 1.9291 e9 1.9176 e20 1.9437 macd -0.0283
2026-10-07 08:11:45,483 INFO [v36] WHY-NOT BIYA px 2.0000 | crowd #1 $2072k held 3.8m, gainer #4 | NO TREND at the trigger 1.9600: vwap 1.9291 e9 1.9176 e20 1.9437 macd -0.0283
2026-10-07 08:11:45,484 INFO [v36b] WHY-NOT BIYA px 2.0000 | crowd #1 $2072k held 3.8m, gainer #4 | NO TREND at the trigger 1.9600: vwap 1.9291 e9 1.9176 e20 1.9437 macd -0.0283
2026-10-07 08:11:51,573 INFO [v36] WHY-NOT BIYA px 2.0000 | crowd #1 $2072k held 3.9m, gainer #4 | NO TREND at the trigger 1.9600: vwap 1.9291 e9 1.9176 e20 1.9437 macd -0.0283
2026-10-07 08:11:51,573 INFO [v36b] WHY-NOT BIYA px 2.0000 | crowd #1 $2072k held 3.9m, gainer #4 | NO TREND at the trigger 1.9600: vwap 1.9291 e9 1.9176 e20 1.9437 macd -0.0283
2026-10-07 08:11:56,575 INFO [v36] WHY-NOT BIYA px 2.0403 | crowd #1 $2072k held 3.9m, gainer #4 | NO TREND at the trigger 1.9600: vwap 1.9291 e9 1.9176 e20 1.9437 macd -0.0283
2026-10-07 08:11:56,575 INFO [v36b] WHY-NOT BIYA px 2.0403 | crowd #1 $2072k held 3.9m, gainer #4 | NO TREND at the trigger 1.9600: vwap 1.9291 e9 1.9176 e20 1.9437 macd -0.0283
2026-10-07 08:12:01,401 INFO [v36] WHY-NOT BYAH px 2.8000 | crowd #3 $896k, gainer #8 | NO CROWD: not top 2 held 2m, not ripping, not a top gainer with $1000k
2026-10-07 08:12:01,401 INFO [v36b] WHY-NOT BYAH px 2.8000 | crowd #3 $896k, gainer #8 | NO CROWD: not top 2 held 2m, not ripping, not a top gainer with $1000k
2026-10-07 08:12:03,828 INFO [v36] WHY-NOT MTEN px 1.5211 | crowd #2 $934k held 11.1m, gainer #1 | NO PATTERN: no rip | last candles GG, vol 0.4x the 5 before (high break needs 2.0x)
2026-10-07 08:12:03,828 INFO [v36b] WHY-NOT MTEN px 1.5211 | crowd #2 $934k held 11.1m, gainer #1 | NO PATTERN: no rip | last candles GG, vol 0.4x the 5 before (high break needs 2.0x)
2026-10-07 08:12:56,609 INFO [v36] WHY-NOT BIYA px 2.1400 | crowd #1 $2475k held 4.9m, gainer #2 | NO PATTERN: rip 04:02 alive | last candles RG, vol 1.2x the 5 before (high break needs 2.0x)
2026-10-07 08:12:56,609 INFO [v36b] WHY-NOT BIYA px 2.1400 | crowd #1 $2475k held 4.9m, gainer #2 | NO PATTERN: rip 04:02 alive | last candles RG, vol 1.2x the 5 before (high break needs 2.0x)
2026-10-07 08:13:01,610 INFO [v36] WHY-NOT BYAH px 2.4800 | crowd #2 $768k held 0.0m, gainer #12 | NO CROWD: not top 2 held 2m, not ripping, not a top gainer with $1000k
2026-10-07 08:13:01,611 INFO [v36b] WHY-NOT BYAH px 2.4800 | crowd #2 $768k held 0.0m, gainer #12 | NO CROWD: not top 2 held 2m, not ripping, not a top gainer with $1000k
2026-10-07 08:13:03,948 INFO [v36] WHY-NOT MTEN px 1.5200 | crowd #3 $726k, gainer #1 | NO CROWD: not top 2 held 2m, not ripping, not a top gainer with $1000k
2026-10-07 08:13:03,948 INFO [v36b] WHY-NOT MTEN px 1.5200 | crowd #3 $726k, gainer #1 | NO CROWD: not top 2 held 2m, not ripping, not a top gainer with $1000k
2026-10-07 08:13:44,969 INFO [v36] WHY-NOT BIYA px 2.2500 | crowd #1 $2143k held 5.7m, gainer #2 | NO TREND at the trigger 2.2500: vwap 1.9697 e9 1.9813 e20 1.9706 macd -0.0002
2026-10-07 08:13:44,970 INFO [v36b] WHY-NOT BIYA px 2.2500 | crowd #1 $2143k held 5.7m, gainer #2 | NO TREND at the trigger 2.2500: vwap 1.9697 e9 1.9813 e20 1.9706 macd -0.0002
2026-10-07 08:13:49,989 INFO [v36] WHY-NOT BIYA px 2.3502 | crowd #1 $2143k held 5.8m, gainer #2 | NO TREND at the trigger 2.2500: vwap 1.9697 e9 1.9813 e20 1.9706 macd -0.0002
2026-10-07 08:13:49,989 INFO [v36b] WHY-NOT BIYA px 2.3502 | crowd #1 $2143k held 5.8m, gainer #2 | NO TREND at the trigger 2.2500: vwap 1.9697 e9 1.9813 e20 1.9706 macd -0.0002
2026-10-07 08:13:54,999 INFO [v36] WHY-NOT BIYA px 2.7000 | crowd #1 $2143k held 5.9m, gainer #2 | NO TREND at the trigger 2.2500: vwap 1.9697 e9 1.9813 e20 1.9706 macd -0.0002
2026-10-07 08:13:54,999 INFO [v36b] WHY-NOT BIYA px 2.7000 | crowd #1 $2143k held 5.9m, gainer #2 | NO TREND at the trigger 2.2500: vwap 1.9697 e9 1.9813 e20 1.9706 macd -0.0002
2026-10-07 08:14:00,007 INFO [v36] WHY-NOT BIYA px 2.7597 | crowd #1 $2890k held 6.0m, gainer #1 | NO TREND at the trigger 2.2500: vwap 1.9697 e9 1.9813 e20 1.9706 macd -0.0002
2026-10-07 08:14:00,007 INFO [v36b] WHY-NOT BIYA px 2.7597 | crowd #1 $2890k held 6.0m, gainer #1 | NO TREND at the trigger 2.2500: vwap 1.9697 e9 1.9813 e20 1.9706 macd -0.0002
2026-10-07 08:14:03,428 INFO [v36] WHY-NOT BYAH px 2.3300 | crowd #2 $684k held 1.1m, gainer #16 | NO CROWD: not top 2 held 2m, not ripping, not a top gainer with $1000k
2026-10-07 08:14:03,428 INFO [v36b] WHY-NOT BYAH px 2.3300 | crowd #2 $684k held 1.1m, gainer #16 | NO CROWD: not top 2 held 2m, not ripping, not a top gainer with $1000k
2026-10-07 08:14:04,714 INFO [v36] WHY-NOT MTEN px 1.5200 | crowd #3 $586k, gainer #2 | NO CROWD: not top 2 held 2m, not ripping, not a top gainer with $1000k
2026-10-07 08:14:04,714 INFO [v36b] WHY-NOT MTEN px 1.5200 | crowd #3 $586k, gainer #2 | NO CROWD: not top 2 held 2m, not ripping, not a top gainer with $1000k
2026-10-07 08:15:00,021 INFO [v36] WHY-NOT BIYA px 2.1600 | crowd #1 $5290k held 7.0m, gainer #1 | WAIT: hod trigger 2.8900
2026-10-07 08:15:00,022 INFO [v36b] WHY-NOT BIYA px 2.1600 | crowd #1 $5290k held 7.0m, gainer #1 | WAIT: hod trigger 2.8900
2026-10-07 08:15:05,860 INFO [v36] WHY-NOT MTEN px 1.5100 | crowd #3 $499k, gainer #2 | NO CROWD: not top 2 held 2m, not ripping, not a top gainer with $1000k
2026-10-07 08:15:05,861 INFO [v36b] WHY-NOT MTEN px 1.5100 | crowd #3 $499k, gainer #2 | NO CROWD: not top 2 held 2m, not ripping, not a top gainer with $1000k
2026-10-07 08:15:06,690 INFO [v36] WHY-NOT BYAH px 2.2300 | crowd #2 $546k held 2.1m, gainer #16 | NO PATTERN: no rip | last candles RR, vol 0.8x the 5 before (high break needs 2.0x)
2026-10-07 08:15:06,690 INFO [v36b] WHY-NOT BYAH px 2.2300 | crowd #2 $546k held 2.1m, gainer #16 | NO PATTERN: no rip | last candles RR, vol 0.8x the 5 before (high break needs 2.0x)
2026-10-07 08:16:00,007 INFO [v36] WHY-NOT MI px 2.2400 | crowd #6 $193k, gainer #1 | NO CROWD: not top 2 held 2m, not ripping, not a top gainer with $1000k
2026-10-07 08:16:00,007 INFO [v36b] WHY-NOT MI px 2.2400 | crowd #6 $193k, gainer #1 | NO CROWD: not top 2 held 2m, not ripping, not a top gainer with $1000k
2026-10-07 08:16:00,176 INFO [v36] WHY-NOT BIYA px 2.0400 | crowd #1 $8180k held 8.0m, gainer #3 | WAIT: setup trigger 2.1800
2026-10-07 08:16:00,236 INFO [v36b] WHY-NOT BIYA px 2.0400 | crowd #1 $8180k held 8.0m, gainer #3 | WAIT: setup trigger 2.1800
2026-10-07 08:16:06,275 INFO [v36] WHY-NOT MTEN px 1.4792 | crowd #3 $457k, gainer #2 | NO CROWD: not top 2 held 2m, not ripping, not a top gainer with $1000k
2026-10-07 08:16:06,275 INFO [v36b] WHY-NOT MTEN px 1.4792 | crowd #3 $457k, gainer #2 | NO CROWD: not top 2 held 2m, not ripping, not a top gainer with $1000k
2026-10-07 08:16:21,158 INFO [v36] WHY-NOT BYAH px 2.2500 | crowd #2 $558k held 3.4m, gainer #16 | NO PATTERN: no rip | last candles RG, vol 0.3x the 5 before (high break needs 2.0x)
2026-10-07 08:16:21,158 INFO [v36b] WHY-NOT BYAH px 2.2500 | crowd #2 $558k held 3.4m, gainer #16 | NO PATTERN: no rip | last candles RG, vol 0.3x the 5 before (high break needs 2.0x)
2026-10-07 08:17:00,027 INFO [v36] WHY-NOT MI px 2.4300 | crowd #2 $1369k held 0.0m, gainer #1 | NO PATTERN: rip 04:15 alive | last candles GG, vol 11.1x the 5 before (high break needs 2.0x)
2026-10-07 08:17:00,028 INFO [v36b] WHY-NOT MI px 2.4300 | crowd #2 $1369k held 0.0m, gainer #1 | NO PATTERN: rip 04:15 alive | last candles GG, vol 11.1x the 5 before (high break needs 2.0x)
2026-10-07 08:17:00,311 INFO [v36] WHY-NOT BIYA px 2.0998 | crowd #1 $8511k held 9.0m, gainer #2 | NO PATTERN: rip 04:02 alive | last candles RG, vol 0.3x the 5 before (high break needs 2.0x)
2026-10-07 08:17:00,311 INFO [v36b] WHY-NOT BIYA px 2.0998 | crowd #1 $8511k held 9.0m, gainer #2 | NO PATTERN: rip 04:02 alive | last candles RG, vol 0.3x the 5 before (high break needs 2.0x)
2026-10-07 08:17:06,285 INFO [v36] WHY-NOT MTEN px 1.4500 | crowd #3 $479k, gainer #3 | NO CROWD: not top 2 held 2m, not ripping, not a top gainer with $1000k
2026-10-07 08:17:06,286 INFO [v36b] WHY-NOT MTEN px 1.4500 | crowd #3 $479k, gainer #3 | NO CROWD: not top 2 held 2m, not ripping, not a top gainer with $1000k
2026-10-07 08:18:00,052 INFO [v36] WHY-NOT MI px 2.2104 | crowd #2 $3383k held 1.0m, gainer #1 | WAIT: setup trigger 2.4305
2026-10-07 08:18:00,053 INFO [v36b] WHY-NOT MI px 2.2104 | crowd #2 $3383k held 1.0m, gainer #1 | WAIT: setup trigger 2.4305
2026-10-07 08:18:00,460 INFO [v36] WHY-NOT BIYA px 2.1599 | crowd #1 $5876k held 10.0m, gainer #2 | NO PATTERN: rip 04:02 alive | last candles GG, vol 0.4x the 5 before (high break needs 2.0x)
2026-10-07 08:18:00,461 INFO [v36b] WHY-NOT BIYA px 2.1599 | crowd #1 $5876k held 10.0m, gainer #2 | NO PATTERN: rip 04:02 alive | last candles GG, vol 0.4x the 5 before (high break needs 2.0x)
2026-10-07 08:18:06,583 INFO [v36] WHY-NOT MTEN px 1.3900 | crowd #3 $633k, gainer #4 | NO CROWD: not top 2 held 2m, not ripping, not a top gainer with $1000k
2026-10-07 08:18:06,584 INFO [v36b] WHY-NOT MTEN px 1.3900 | crowd #3 $633k, gainer #4 | NO CROWD: not top 2 held 2m, not ripping, not a top gainer with $1000k
2026-10-07 08:19:00,063 INFO [v36] WHY-NOT MI px 2.0700 | crowd #1 $5689k held 2.0m, gainer #2 | WAIT: setup trigger 2.2204
2026-10-07 08:19:00,064 INFO [v36b] WHY-NOT MI px 2.0700 | crowd #1 $5689k held 2.0m, gainer #2 | WAIT: setup trigger 2.2204
2026-10-07 08:19:00,471 INFO [v36] WHY-NOT BIYA px 2.2700 | crowd #2 $3621k held 11.0m, gainer #1 | NO PATTERN: rip 04:02 alive | last candles GG, vol 0.3x the 5 before (high break needs 2.0x)
2026-10-07 08:19:00,472 INFO [v36b] WHY-NOT BIYA px 2.2700 | crowd #2 $3621k held 11.0m, gainer #1 | NO PATTERN: rip 04:02 alive | last candles GG, vol 0.3x the 5 before (high break needs 2.0x)
2026-10-07 08:19:06,955 INFO [v36] WHY-NOT MTEN px 1.3909 | crowd #3 $1264k, gainer #3 | NO CROWD: not top 2 held 2m, not ripping, not a top gainer with $1000k
2026-10-07 08:19:06,955 INFO [v36b] WHY-NOT MTEN px 1.3909 | crowd #3 $1264k, gainer #3 | NO CROWD: not top 2 held 2m, not ripping, not a top gainer with $1000k
2026-10-07 08:20:00,575 INFO [v36] WHY-NOT BIYA px 2.2300 | crowd #2 $1817k held 12.0m, gainer #2 | WAIT: setup trigger 2.3000
2026-10-07 08:20:00,576 INFO [v36] WHY-NOT MI px 2.0492 | crowd #1 $4458k held 3.0m, gainer #1 | WAIT: setup trigger 2.0800
2026-10-07 08:20:00,576 INFO [v36b] WHY-NOT BIYA px 2.2300 | crowd #2 $1817k held 12.0m, gainer #2 | WAIT: setup trigger 2.3000
2026-10-07 08:20:00,576 INFO [v36b] WHY-NOT MI px 2.0492 | crowd #1 $4458k held 3.0m, gainer #1 | WAIT: setup trigger 2.0800
2026-10-07 08:20:07,119 INFO [v36] WHY-NOT MTEN px 1.3789 | crowd #3 $1070k, gainer #3 | NO CROWD: not top 2 held 2m, not ripping, not a top gainer with $1000k
2026-10-07 08:20:07,176 INFO [v36b] WHY-NOT MTEN px 1.3710 | crowd #3 $1070k, gainer #3 | NO CROWD: not top 2 held 2m, not ripping, not a top gainer with $1000k
2026-10-07 08:20:15,085 INFO [v36] WHY-NOT BIYA px 2.3000 | crowd #2 $1817k held 12.2m, gainer #2 | NO TAPE at the trigger 2.3000: 30s ask 52% bid 38% between 10% of 174989 sh (100% by quote)
2026-10-07 08:20:15,085 INFO [v36b] WHY-NOT BIYA px 2.3000 | crowd #2 $1817k held 12.2m, gainer #2 | NO: a 65% top wick on the last candle - sellers rejected the high
2026-10-07 08:20:20,476 INFO [v36b] WHY-NOT BIYA px 2.3502 | crowd #2 $1817k held 12.3m, gainer #2 | NO: a 65% top wick on the last candle - sellers rejected the high
2026-10-07 08:20:25,510 INFO [v36b] WHY-NOT BIYA px 2.3900 | crowd #2 $1817k held 12.4m, gainer #2 | NO: a 65% top wick on the last candle - sellers rejected the high
2026-10-07 08:20:30,544 INFO [v36b] WHY-NOT BIYA px 2.4300 | crowd #2 $1817k held 12.5m, gainer #2 | NO: a 65% top wick on the last candle - sellers rejected the high
2026-10-07 08:20:36,941 INFO [v36b] WHY-NOT BIYA px 2.4100 | crowd #2 $1817k held 12.6m, gainer #2 | NO: a 65% top wick on the last candle - sellers rejected the high
2026-10-07 08:20:41,953 INFO [v36b] WHY-NOT BIYA px 2.4700 | crowd #2 $1817k held 12.7m, gainer #2 | NO: a 65% top wick on the last candle - sellers rejected the high
2026-10-07 08:20:46,999 INFO [v36b] WHY-NOT BIYA px 2.4700 | crowd #2 $1817k held 12.8m, gainer #2 | NO: a 65% top wick on the last candle - sellers rejected the high
2026-10-07 08:20:52,047 INFO [v36b] WHY-NOT BIYA px 2.4802 | crowd #2 $1817k held 12.9m, gainer #2 | NO: a 65% top wick on the last candle - sellers rejected the high
2026-10-07 08:20:57,229 INFO [v36b] WHY-NOT BIYA px 2.4701 | crowd #2 $1817k held 13.0m, gainer #2 | NO: a 65% top wick on the last candle - sellers rejected the high
2026-10-07 08:21:00,099 INFO [v36] WHY-NOT SDEV px 3.8300 | crowd #3 $1703k, gainer #6 | NO CROWD: not top 2 held 2m, not ripping, not a top gainer with $1000k
2026-10-07 08:21:00,099 INFO [v36b] WHY-NOT SDEV px 3.8300 | crowd #3 $1703k, gainer #6 | NO CROWD: not top 2 held 2m, not ripping, not a top gainer with $1000k
2026-10-07 08:21:00,585 INFO [v36] WHY-NOT MI px 1.9600 | crowd #2 $3602k held 4.0m, gainer #2 | WAIT: setup trigger 2.0592
2026-10-07 08:21:00,586 INFO [v36b] WHY-NOT MI px 1.9600 | crowd #2 $3602k held 4.0m, gainer #2 | WAIT: setup trigger 2.0592
2026-10-07 08:21:15,100 INFO [v36] WHY-NOT BIYA px 2.3800 | crowd #1 $4383k held 13.2m, gainer #1 | NO PATTERN: rip 04:02 alive | last candles RG, vol 1.5x the 5 before (high break needs 2.0x)
2026-10-07 08:21:57,311 INFO [v36b] WHY-NOT BIYA px 2.3800 | crowd #1 $4383k held 14.0m, gainer #1 | NO PATTERN: rip 04:02 alive | last candles RG, vol 1.5x the 5 before (high break needs 2.0x)
2026-10-07 08:22:00,856 INFO [v36] WHY-NOT MI px 2.0100 | crowd #2 $2729k held 5.0m, gainer #2 | NO PATTERN: rip 04:16 alive | last candles RG, vol 0.6x the 5 before (high break needs 2.0x)
2026-10-07 08:22:00,856 INFO [v36b] WHY-NOT MI px 2.0100 | crowd #2 $2729k held 5.0m, gainer #2 | NO PATTERN: rip 04:16 alive | last candles RG, vol 0.6x the 5 before (high break needs 2.0x)
2026-10-07 08:22:01,524 INFO [v36] WHY-NOT SDEV px 3.8599 | crowd #3 $1715k, gainer #6 | NO CROWD: not top 2 held 2m, not ripping, not a top gainer with $1000k
2026-10-07 08:22:01,524 INFO [v36b] WHY-NOT SDEV px 3.8599 | crowd #3 $1715k, gainer #6 | NO CROWD: not top 2 held 2m, not ripping, not a top gainer with $1000k
2026-10-07 08:22:15,141 INFO [v36] WHY-NOT BIYA px 2.3000 | crowd #1 $4763k held 14.2m, gainer #1 | WAIT: setup trigger 2.4600
2026-10-07 08:22:57,324 INFO [v36b] WHY-NOT BIYA px 2.2901 | crowd #1 $4763k held 15.0m, gainer #1 | WAIT: setup trigger 2.4600
2026-10-07 08:23:00,884 INFO [v36] WHY-NOT MI px 2.1550 | crowd #2 $1824k held 6.0m, gainer #1 | NO PATTERN: rip 04:16 alive | last candles GG, vol 0.7x the 5 before (high break needs 2.0x)
2026-10-07 08:23:00,884 INFO [v36b] WHY-NOT MI px 2.1550 | crowd #2 $1824k held 6.0m, gainer #1 | NO PATTERN: rip 04:16 alive | last candles GG, vol 0.7x the 5 before (high break needs 2.0x)
2026-10-07 08:23:01,720 INFO [v36] WHY-NOT SDEV px 3.7500 | crowd #3 $1195k, gainer #6 | NO CROWD: not top 2 held 2m, not ripping, not a top gainer with $1000k
2026-10-07 08:23:01,720 INFO [v36b] WHY-NOT SDEV px 3.7500 | crowd #3 $1195k, gainer #6 | NO CROWD: not top 2 held 2m, not ripping, not a top gainer with $1000k
2026-10-07 08:23:15,761 INFO [v36] WHY-NOT BIYA px 2.2900 | crowd #1 $4242k held 15.3m, gainer #2 | WAIT: setup trigger 2.3895
2026-10-07 08:24:01,088 INFO [v36] WHY-NOT MI px 2.1200 | crowd #2 $2497k held 7.0m, gainer #2 | WAIT: setup trigger 2.1600
2026-10-07 08:24:02,205 INFO [v36b] WHY-NOT BIYA px 2.3100 | crowd #1 $4872k held 16.0m, gainer #2 | NO PATTERN: rip 04:02 alive | last candles RG, vol 1.1x the 5 before (high break needs 2.0x)
2026-10-07 08:24:02,206 INFO [v36b] WHY-NOT MI px 2.1000 | crowd #2 $2497k held 7.0m, gainer #1 | WAIT: setup trigger 2.1600
2026-10-07 08:24:02,207 INFO [v36b] WHY-NOT SDEV px 3.7600 | crowd #3 $1187k, gainer #7 | NO CROWD: not top 2 held 2m, not ripping, not a top gainer with $1000k
2026-10-07 08:24:04,213 INFO [v36] WHY-NOT SDEV px 3.7500 | crowd #3 $1187k, gainer #7 | NO CROWD: not top 2 held 2m, not ripping, not a top gainer with $1000k
2026-10-07 08:25:02,207 INFO [v36b] WHY-NOT BIYA px 2.4600 | crowd #1 $3181k held 17.0m, gainer #1 | NO PATTERN: rip 04:02 alive | last candles GG, vol 0.7x the 5 before (high break needs 2.0x)
2026-10-07 08:25:07,493 INFO [v36] WHY-NOT SDEV px 3.7600 | crowd #3 $583k, gainer #6 | NO: 2 positions open
2026-10-07 08:25:07,493 INFO [v36b] WHY-NOT SDEV px 3.7600 | crowd #3 $583k, gainer #6 | NO CROWD: not top 2 held 2m, not ripping, not a top gainer with $1000k
2026-10-07 08:25:34,209 INFO [v36b] WHY-NOT MI px 2.0900 | crowd #2 $1959k held 8.6m, gainer #2 | NO PATTERN: rip 04:16 alive | last candles RG, vol 0.8x the 5 before (high break needs 2.0x)
2026-10-07 08:25:39,710 INFO [v36] WHY-NOT MI px 2.0800 | crowd #2 $1959k held 8.7m, gainer #2 | NO PATTERN: rip 04:16 alive | last candles RG, vol 0.8x the 5 before (high break needs 2.0x)
2026-10-07 08:26:00,758 INFO [v36] WHY-NOT WETO px 1.1800 | crowd #3 $739k, gainer #7 | NO CROWD: not top 2 held 2m, not ripping, not a top gainer with $1000k
2026-10-07 08:26:00,758 INFO [v36b] WHY-NOT WETO px 1.1800 | crowd #3 $614k, gainer #7 | NO CROWD: not top 2 held 2m, not ripping, not a top gainer with $1000k
2026-10-07 08:26:02,210 INFO [v36b] WHY-NOT BIYA px 2.6695 | crowd #1 $3044k held 18.0m, gainer #1 | NO PATTERN: rip 04:02 alive | last candles GG, vol 1.2x the 5 before (high break needs 2.0x)
2026-10-07 08:26:21,311 INFO [v36] WHY-NOT BIYA px 2.5900 | crowd #1 $4624k held 18.4m, gainer #1 | NO PATTERN: rip 04:02 alive | last candles GG, vol 1.2x the 5 before (high break needs 2.0x)
2026-10-07 08:26:34,555 INFO [v36b] WHY-NOT MI px 2.0300 | crowd #2 $1879k held 9.6m, gainer #2 | WAIT: setup trigger 2.1400
2026-10-07 08:26:40,295 INFO [v36] WHY-NOT MI px 2.0400 | crowd #2 $2251k held 9.7m, gainer #2 | WAIT: setup trigger 2.1400
2026-10-07 08:27:00,919 INFO [v36] WHY-NOT WETO px 1.1100 | crowd #3 $702k, gainer #9 | NO CROWD: not top 2 held 2m, not ripping, not a top gainer with $1000k
2026-10-07 08:27:00,920 INFO [v36b] WHY-NOT WETO px 1.1100 | crowd #3 $702k, gainer #9 | NO CROWD: not top 2 held 2m, not ripping, not a top gainer with $1000k
2026-10-07 08:27:02,259 INFO [v36b] WHY-NOT BIYA px 2.5500 | crowd #1 $5380k held 19.0m, gainer #1 | WAIT: setup trigger 2.6700
2026-10-07 08:27:21,431 INFO [v36] WHY-NOT BIYA px 2.6000 | crowd #1 $5380k held 19.4m, gainer #1 | WAIT: setup trigger 2.6700
2026-10-07 08:27:35,883 INFO [v36b] WHY-NOT MI px 2.0400 | crowd #2 $1992k held 10.6m, gainer #2 | NO PATTERN: rip 04:16 alive | last candles RG, vol 0.6x the 5 before (high break needs 2.0x)
2026-10-07 08:27:40,353 INFO [v36] WHY-NOT MI px 2.0302 | crowd #2 $1992k held 10.7m, gainer #2 | NO PATTERN: rip 04:16 alive | last candles RG, vol 0.6x the 5 before (high break needs 2.0x)
2026-10-07 08:28:00,990 INFO [v36] WHY-NOT WETO px 1.1200 | crowd #3 $574k, gainer #9 | NO CROWD: not top 2 held 2m, not ripping, not a top gainer with $1000k
2026-10-07 08:28:00,990 INFO [v36b] WHY-NOT WETO px 1.1200 | crowd #3 $574k, gainer #9 | NO CROWD: not top 2 held 2m, not ripping, not a top gainer with $1000k
2026-10-07 08:28:02,280 INFO [v36b] WHY-NOT BIYA px 2.5898 | crowd #1 $5227k held 20.0m, gainer #1 | NO PATTERN: rip 04:02 alive | last candles RG, vol 0.9x the 5 before (high break needs 2.0x)
2026-10-07 08:28:21,464 INFO [v36] WHY-NOT BIYA px 2.4502 | crowd #1 $5227k held 20.4m, gainer #1 | NO PATTERN: rip 04:02 alive | last candles RG, vol 0.9x the 5 before (high break needs 2.0x)
2026-10-07 08:28:35,948 INFO [v36b] WHY-NOT MI px 2.1000 | crowd #2 $1347k held 11.6m, gainer #2 | NO PATTERN: rip 04:16 alive | last candles GG, vol 0.3x the 5 before (high break needs 2.0x)
2026-10-07 08:28:40,959 INFO [v36] WHY-NOT MI px 2.1000 | crowd #2 $1347k held 11.7m, gainer #2 | NO PATTERN: rip 04:16 alive | last candles GG, vol 0.3x the 5 before (high break needs 2.0x)
2026-10-07 08:29:01,011 INFO [v36] WHY-NOT MTEN px 1.4311 | crowd #3 $444k, gainer #3 | NO CROWD: not top 2 held 2m, not ripping, not a top gainer with $1000k
2026-10-07 08:29:01,011 INFO [v36b] WHY-NOT MTEN px 1.4311 | crowd #3 $444k, gainer #3 | NO CROWD: not top 2 held 2m, not ripping, not a top gainer with $1000k
2026-10-07 08:29:02,685 INFO [v36b] WHY-NOT BIYA px 2.3900 | crowd #1 $5409k held 21.0m, gainer #1 | WAIT: setup trigger 2.6000
2026-10-07 08:29:22,067 INFO [v36] WHY-NOT BIYA px 2.3900 | crowd #1 $5409k held 21.4m, gainer #1 | WAIT: setup trigger 2.6000
2026-10-07 08:29:36,107 INFO [v36b] WHY-NOT MI px 1.9800 | crowd #2 $1236k held 12.6m, gainer #2 | NO PATTERN: rip 04:16 alive | last candles GG, vol 0.9x the 5 before (high break needs 2.0x)
2026-10-07 08:29:41,193 INFO [v36] WHY-NOT MI px 1.9710 | crowd #2 $1236k held 12.7m, gainer #2 | NO PATTERN: rip 04:16 alive | last candles GG, vol 0.9x the 5 before (high break needs 2.0x)
2026-10-07 08:30:00,481 INFO [v36] WHY-NOT SDEV px 3.7194 | crowd #3 $421k, gainer #6 | NO CROWD: not top 2 held 2m, not ripping, not a top gainer with $1000k
2026-10-07 08:30:00,481 INFO [v36b] WHY-NOT SDEV px 3.7194 | crowd #3 $421k, gainer #6 | NO CROWD: not top 2 held 2m, not ripping, not a top gainer with $1000k
2026-10-07 08:30:02,781 INFO [v36b] WHY-NOT BIYA px 2.3599 | crowd #1 $4471k held 22.0m, gainer #1 | WAIT: setup trigger 2.4100
2026-10-07 08:30:07,675 INFO [v36] WHY-NOT BIYA px 2.4100 | crowd #1 $4471k held 22.1m, gainer #1 | NO TREND at the trigger 2.4100: vwap 2.2891 e9 2.4378 e20 2.3346 macd +0.1200
2026-10-07 08:30:07,876 INFO [v36b] WHY-NOT BIYA px 2.4303 | crowd #1 $4471k held 22.1m, gainer #1 | NO: a 71% top wick on the last candle - sellers rejected the high
2026-10-07 08:30:12,982 INFO [v36b] WHY-NOT BIYA px 2.4797 | crowd #1 $4471k held 22.2m, gainer #1 | NO: a 71% top wick on the last candle - sellers rejected the high
2026-10-07 08:30:18,054 INFO [v36b] WHY-NOT BIYA px 2.4900 | crowd #1 $4471k held 22.3m, gainer #1 | NO: a 71% top wick on the last candle - sellers rejected the high
2026-10-07 08:30:23,091 INFO [v36b] WHY-NOT BIYA px 2.4700 | crowd #1 $4471k held 22.4m, gainer #1 | NO: a 71% top wick on the last candle - sellers rejected the high
2026-10-07 08:30:28,158 INFO [v36b] WHY-NOT BIYA px 2.4598 | crowd #1 $4471k held 22.5m, gainer #1 | NO: a 71% top wick on the last candle - sellers rejected the high
2026-10-07 08:30:33,237 INFO [v36b] WHY-NOT BIYA px 2.4400 | crowd #1 $4471k held 22.6m, gainer #1 | NO: a 71% top wick on the last candle - sellers rejected the high
2026-10-07 08:30:36,133 INFO [v36b] WHY-NOT MI px 1.9500 | crowd #2 $1222k held 13.6m, gainer #2 | WAIT: setup trigger 2.0800
2026-10-07 08:30:39,085 INFO [v36b] WHY-NOT BIYA px 2.4205 | crowd #1 $4471k held 22.6m, gainer #1 | NO: a 71% top wick on the last candle - sellers rejected the high
2026-10-07 08:30:41,761 INFO [v36] WHY-NOT MI px 1.9500 | crowd #2 $1222k held 13.7m, gainer #2 | WAIT: setup trigger 2.0800
2026-10-07 08:30:44,387 INFO [v36b] WHY-NOT BIYA px 2.4100 | crowd #1 $4471k held 22.7m, gainer #1 | NO: a 71% top wick on the last candle - sellers rejected the high
2026-10-07 08:30:49,423 INFO [v36b] WHY-NOT BIYA px 2.4203 | crowd #1 $4471k held 22.8m, gainer #1 | NO: a 71% top wick on the last candle - sellers rejected the high
2026-10-07 08:30:54,711 INFO [v36b] WHY-NOT BIYA px 2.4299 | crowd #1 $4471k held 22.9m, gainer #1 | NO: a 71% top wick on the last candle - sellers rejected the high
2026-10-07 08:31:05,974 INFO [v36] WHY-NOT SDEV px 3.7300 | crowd #3 $291k, gainer #7 | NO CROWD: not top 2 held 2m, not ripping, not a top gainer with $1000k
2026-10-07 08:31:05,974 INFO [v36b] WHY-NOT SDEV px 3.7300 | crowd #3 $291k, gainer #7 | NO CROWD: not top 2 held 2m, not ripping, not a top gainer with $1000k
2026-10-07 08:31:26,818 INFO [v36] WHY-NOT BIYA px 2.3600 | crowd #1 $2904k held 23.4m, gainer #1 | NO PATTERN: rip 04:02 alive | last candles RG, vol 0.5x the 5 before (high break needs 2.0x)
2026-10-07 08:31:36,583 INFO [v36b] WHY-NOT MI px 1.9600 | crowd #2 $915k held 14.6m, gainer #2 | WAIT: setup trigger 2.0200
2026-10-07 08:31:42,347 INFO [v36] WHY-NOT MI px 1.9608 | crowd #2 $915k held 14.7m, gainer #2 | WAIT: setup trigger 2.0200
2026-10-07 08:31:54,714 INFO [v36b] WHY-NOT BIYA px 2.4200 | crowd #1 $2904k held 23.9m, gainer #1 | NO PATTERN: rip 04:02 alive | last candles RG, vol 0.5x the 5 before (high break needs 2.0x)
2026-10-07 08:32:06,519 INFO [v36b] WHY-NOT SDEV px 3.6602 | crowd #3 $730k, gainer #8 | NO CROWD: not top 2 held 2m, not ripping, not a top gainer with $1000k
2026-10-07 08:32:06,591 INFO [v36] WHY-NOT SDEV px 3.6602 | crowd #3 $730k, gainer #8 | NO CROWD: not top 2 held 2m, not ripping, not a top gainer with $1000k
2026-10-07 08:32:26,845 INFO [v36] WHY-NOT BIYA px 2.4000 | crowd #1 $3000k held 24.4m, gainer #1 | WAIT: setup trigger 2.4800
2026-10-07 08:32:38,115 INFO [v36b] WHY-NOT MI px 1.9500 | crowd #2 $1233k held 15.6m, gainer #2 | NO PATTERN: rip 04:16 alive | last candles RG, vol 0.5x the 5 before (high break needs 2.0x)
2026-10-07 08:32:42,691 INFO [v36] WHY-NOT MI px 1.9508 | crowd #2 $1233k held 15.7m, gainer #2 | NO PATTERN: rip 04:16 alive | last candles RG, vol 0.5x the 5 before (high break needs 2.0x)
2026-10-07 08:32:54,971 INFO [v36b] WHY-NOT BIYA px 2.4000 | crowd #1 $3000k held 24.9m, gainer #1 | WAIT: setup trigger 2.4800
2026-10-07 08:33:02,377 INFO [v36b] WHY-NOT MTEN px 1.4909 | crowd #3 $841k, gainer #3 | NO CROWD: not top 2 held 2m, not ripping, not a top gainer with $1000k
2026-10-07 08:33:02,405 INFO [v36] WHY-NOT MTEN px 1.4909 | crowd #3 $841k, gainer #3 | NO CROWD: not top 2 held 2m, not ripping, not a top gainer with $1000k
2026-10-07 08:33:27,301 INFO [v36] WHY-NOT BIYA px 2.3400 | crowd #1 $2466k held 25.5m, gainer #1 | NO PATTERN: rip 04:02 alive | last candles RG, vol 0.8x the 5 before (high break needs 2.0x)
2026-10-07 08:33:38,173 INFO [v36b] WHY-NOT MI px 1.9300 | crowd #2 $945k held 16.6m, gainer #2 | WAIT: setup trigger 1.9700
2026-10-07 08:33:43,159 INFO [v36] WHY-NOT MI px 1.9200 | crowd #2 $945k held 16.7m, gainer #2 | WAIT: setup trigger 1.9700
2026-10-07 08:33:55,864 INFO [v36b] WHY-NOT BIYA px 2.3600 | crowd #1 $2466k held 25.9m, gainer #1 | NO PATTERN: rip 04:02 alive | last candles RG, vol 0.8x the 5 before (high break needs 2.0x)
2026-10-07 08:34:02,649 INFO [v36] WHY-NOT MTEN px 1.5000 | crowd #2 $862k held 0.0m, gainer #2 | NO CROWD: not top 2 held 2m, not ripping, not a top gainer with $1000k
2026-10-07 08:34:02,650 INFO [v36b] WHY-NOT MTEN px 1.5000 | crowd #2 $862k held 0.0m, gainer #2 | NO CROWD: not top 2 held 2m, not ripping, not a top gainer with $1000k
2026-10-07 08:34:22,664 INFO [v36] WHY-NOT BIYA px 2.4000 | crowd #1 $2362k held 26.4m, gainer #1 | NO TREND at the trigger 2.4000: vwap 2.2962 e9 2.4063 e20 2.3525 macd +0.0821
2026-10-07 08:34:22,664 INFO [v36b] WHY-NOT BIYA px 2.4000 | crowd #1 $2362k held 26.4m, gainer #1 | NO TREND at the trigger 2.4000: vwap 2.2962 e9 2.4063 e20 2.3525 macd +0.0821
2026-10-07 08:34:36,269 INFO [v36] WHY-NOT BIYA px 2.4000 | crowd #1 $2362k held 26.6m, gainer #1 | NO TREND at the trigger 2.4000: vwap 2.2962 e9 2.4063 e20 2.3525 macd +0.0821
2026-10-07 08:34:36,269 INFO [v36b] WHY-NOT BIYA px 2.4000 | crowd #1 $2362k held 26.6m, gainer #1 | NO TREND at the trigger 2.4000: vwap 2.2962 e9 2.4063 e20 2.3525 macd +0.0821
2026-10-07 08:34:38,435 INFO [v36b] WHY-NOT MI px 1.9010 | crowd #3 $835k, gainer #3 | NO CROWD: not top 2 held 2m, not ripping, not a top gainer with $1000k
2026-10-07 08:34:43,166 INFO [v36] WHY-NOT MI px 1.9000 | crowd #3 $835k, gainer #3 | NO CROWD: not top 2 held 2m, not ripping, not a top gainer with $1000k
2026-10-07 08:34:46,838 INFO [v36] WHY-NOT BIYA px 2.4000 | crowd #1 $2362k held 26.8m, gainer #1 | NO TREND at the trigger 2.4000: vwap 2.2962 e9 2.4063 e20 2.3525 macd +0.0821
2026-10-07 08:34:46,839 INFO [v36b] WHY-NOT BIYA px 2.4000 | crowd #1 $2362k held 26.8m, gainer #1 | NO TREND at the trigger 2.4000: vwap 2.2962 e9 2.4063 e20 2.3525 macd +0.0821
2026-10-07 08:35:02,654 INFO [v36] WHY-NOT MTEN px 1.5200 | crowd #2 $807k held 1.0m, gainer #2 | NO CROWD: not top 2 held 2m, not ripping, not a top gainer with $1000k
2026-10-07 08:35:02,654 INFO [v36b] WHY-NOT MTEN px 1.5200 | crowd #2 $807k held 1.0m, gainer #2 | NO CROWD: not top 2 held 2m, not ripping, not a top gainer with $1000k
2026-10-07 08:35:39,196 INFO [v36b] WHY-NOT MI px 1.9208 | crowd #3 $769k, gainer #3 | NO CROWD: not top 2 held 2m, not ripping, not a top gainer with $1000k
2026-10-07 08:35:43,836 INFO [v36] WHY-NOT MI px 1.9100 | crowd #3 $769k, gainer #3 | NO CROWD: not top 2 held 2m, not ripping, not a top gainer with $1000k
2026-10-07 08:35:55,429 INFO [v36] WHY-NOT BIYA px 2.3300 | crowd #1 $2060k held 27.9m, gainer #1 | NO PATTERN: rip 04:02 dead | last candles RG, vol 0.5x the 5 before (high break needs 2.0x)
2026-10-07 08:35:58,790 INFO [v36b] WHY-NOT BIYA px 2.3300 | crowd #1 $2060k held 28.0m, gainer #1 | NO PATTERN: rip 04:02 dead | last candles RG, vol 0.5x the 5 before (high break needs 2.0x)
2026-10-07 08:36:02,694 INFO [v36] WHY-NOT MTEN px 1.4750 | crowd #2 $619k held 2.0m, gainer #3 | NO PATTERN: no rip | last candles GR, vol 1.0x the 5 before (high break needs 2.0x)
2026-10-07 08:36:02,694 INFO [v36b] WHY-NOT MTEN px 1.4750 | crowd #2 $841k held 2.0m, gainer #3 | NO PATTERN: no rip | last candles GR, vol 1.0x the 5 before (high break needs 2.0x)
2026-10-07 08:36:39,634 INFO [v36b] WHY-NOT MI px 1.9300 | crowd #3 $756k, gainer #2 | NO CROWD: not top 2 held 2m, not ripping, not a top gainer with $1000k
2026-10-07 08:36:44,344 INFO [v36] WHY-NOT MI px 1.9300 | crowd #3 $612k, gainer #2 | NO CROWD: not top 2 held 2m, not ripping, not a top gainer with $1000k
2026-10-07 08:36:55,438 INFO [v36] WHY-NOT BIYA px 2.2200 | crowd #1 $1467k held 28.9m, gainer #1 | NO PATTERN: rip 04:02 dead | last candles GR, vol 1.2x the 5 before (high break needs 2.0x)
2026-10-07 08:36:59,140 INFO [v36b] WHY-NOT BIYA px 2.2102 | crowd #1 $2092k held 29.0m, gainer #1 | NO PATTERN: rip 04:02 dead | last candles GR, vol 1.2x the 5 before (high break needs 2.0x)
2026-10-07 08:37:03,921 INFO [v36] WHY-NOT MTEN px 1.4900 | crowd #3 $585k, gainer #3 | NO CROWD: not top 2 held 2m, not ripping, not a top gainer with $1000k
2026-10-07 08:37:03,921 INFO [v36b] WHY-NOT MTEN px 1.4900 | crowd #3 $585k, gainer #3 | NO CROWD: not top 2 held 2m, not ripping, not a top gainer with $1000k
2026-10-07 08:37:39,761 INFO [v36b] WHY-NOT MI px 1.9200 | crowd #2 $644k held 0.7m, gainer #2 | NO CROWD: not top 2 held 2m, not ripping, not a top gainer with $1000k
2026-10-07 08:37:47,890 INFO [v36] WHY-NOT MI px 1.9190 | crowd #2 $644k held 0.8m, gainer #2 | NO CROWD: not top 2 held 2m, not ripping, not a top gainer with $1000k
2026-10-07 08:37:55,864 INFO [v36] WHY-NOT BIYA px 2.2100 | crowd #1 $1473k held 29.9m, gainer #1 | WAIT: setup trigger 2.2600
2026-10-07 08:37:59,294 INFO [v36b] WHY-NOT BIYA px 2.2097 | crowd #1 $1473k held 30.0m, gainer #1 | WAIT: setup trigger 2.2600
2026-10-07 08:38:08,461 INFO [v36] WHY-NOT MTEN px 1.4750 | crowd #2 $712k held 0.1m, gainer #3 | NO CROWD: not top 2 held 2m, not ripping, not a top gainer with $1000k
2026-10-07 08:38:08,461 INFO [v36b] WHY-NOT MTEN px 1.4750 | crowd #2 $712k held 0.1m, gainer #3 | NO CROWD: not top 2 held 2m, not ripping, not a top gainer with $1000k
2026-10-07 08:38:40,049 INFO [v36b] WHY-NOT MI px 1.9300 | crowd #3 $595k, gainer #2 | NO CROWD: not top 2 held 2m, not ripping, not a top gainer with $1000k
2026-10-07 08:38:48,519 INFO [v36] WHY-NOT MI px 1.9500 | crowd #3 $595k, gainer #2 | NO CROWD: not top 2 held 2m, not ripping, not a top gainer with $1000k
2026-10-07 08:38:55,958 INFO [v36] WHY-NOT BIYA px 2.1900 | crowd #1 $1914k held 30.9m, gainer #1 | WAIT: setup trigger 2.2295
2026-10-07 08:38:59,778 INFO [v36b] WHY-NOT BIYA px 2.1900 | crowd #1 $1914k held 31.0m, gainer #1 | WAIT: setup trigger 2.2295
2026-10-07 08:39:12,205 INFO [v36] WHY-NOT MTEN px 1.4800 | crowd #2 $473k held 1.2m, gainer #3 | NO CROWD: not top 2 held 2m, not ripping, not a top gainer with $1000k
2026-10-07 08:39:12,206 INFO [v36b] WHY-NOT MTEN px 1.4800 | crowd #2 $473k held 1.2m, gainer #3 | NO CROWD: not top 2 held 2m, not ripping, not a top gainer with $1000k
2026-10-07 08:39:40,163 INFO [v36b] WHY-NOT MI px 1.9300 | crowd #3 $429k, gainer #2 | NO CROWD: not top 2 held 2m, not ripping, not a top gainer with $1000k
2026-10-07 08:39:48,592 INFO [v36] WHY-NOT MI px 1.9350 | crowd #3 $429k, gainer #2 | NO CROWD: not top 2 held 2m, not ripping, not a top gainer with $1000k
2026-10-07 08:39:56,056 INFO [v36] WHY-NOT BIYA px 2.2696 | crowd #1 $2028k held 31.9m, gainer #1 | NO PATTERN: rip 04:02 dead | last candles RR, vol 0.9x the 5 before (high break needs 2.0x)
2026-10-07 08:39:59,986 INFO [v36b] WHY-NOT BIYA px 2.2895 | crowd #1 $2028k held 32.0m, gainer #1 | NO PATTERN: rip 04:02 dead | last candles RR, vol 0.9x the 5 before (high break needs 2.0x)
2026-10-07 08:40:15,183 INFO [v36] WHY-NOT MTEN px 1.4400 | crowd #2 $510k held 2.3m, gainer #3 | NO PATTERN: no rip | last candles GR, vol 1.8x the 5 before (high break needs 2.0x)
2026-10-07 08:40:15,184 INFO [v36b] WHY-NOT MTEN px 1.4400 | crowd #2 $510k held 2.3m, gainer #3 | NO PATTERN: no rip | last candles GR, vol 1.8x the 5 before (high break needs 2.0x)
2026-10-07 08:40:42,014 INFO [v36b] WHY-NOT MI px 1.9302 | crowd #3 $355k, gainer #2 | NO CROWD: not top 2 held 2m, not ripping, not a top gainer with $1000k
2026-10-07 08:40:50,522 INFO [v36] WHY-NOT MI px 1.9300 | crowd #3 $355k, gainer #2 | NO CROWD: not top 2 held 2m, not ripping, not a top gainer with $1000k
2026-10-07 08:40:56,470 INFO [v36] WHY-NOT BIYA px 2.2700 | crowd #1 $1954k held 32.9m, gainer #1 | NO PATTERN: rip 04:02 dead | last candles RG, vol 1.2x the 5 before (high break needs 2.0x)
2026-10-07 08:41:00,148 INFO [v36b] WHY-NOT BIYA px 2.2500 | crowd #1 $1609k held 33.0m, gainer #1 | NO PATTERN: rip 04:02 dead | last candles GR, vol 0.5x the 5 before (high break needs 2.0x)
2026-10-07 08:41:17,591 INFO [v36] WHY-NOT MTEN px 1.4500 | crowd #2 $385k held 3.3m, gainer #3 | NO PATTERN: no rip | last candles RG, vol 0.7x the 5 before (high break needs 2.0x)
2026-10-07 08:41:17,591 INFO [v36b] WHY-NOT MTEN px 1.4500 | crowd #2 $493k held 3.3m, gainer #3 | NO PATTERN: no rip | last candles RG, vol 0.7x the 5 before (high break needs 2.0x)
2026-10-07 08:41:42,223 INFO [v36b] WHY-NOT MI px 1.8100 | crowd #3 $296k, gainer #2 | NO CROWD: not top 2 held 2m, not ripping, not a top gainer with $1000k
2026-10-07 08:41:51,711 INFO [v36] WHY-NOT MI px 1.8096 | crowd #3 $248k, gainer #2 | NO CROWD: not top 2 held 2m, not ripping, not a top gainer with $1000k
2026-10-07 08:41:56,498 INFO [v36] WHY-NOT BIYA px 2.3995 | crowd #1 $1334k held 33.9m, gainer #1 | NO PATTERN: rip 04:02 dead | last candles GR, vol 0.5x the 5 before (high break needs 2.0x)
2026-10-07 08:42:00,628 INFO [v36b] WHY-NOT BIYA px 2.4000 | crowd #1 $1251k held 34.0m, gainer #1 | NO PATTERN: rip 04:02 dead | last candles RG, vol 0.9x the 5 before (high break needs 2.0x)
2026-10-07 08:42:18,468 INFO [v36] WHY-NOT MTEN px 1.4400 | crowd #2 $408k held 4.3m, gainer #2 | NO PATTERN: no rip | last candles GR, vol 0.5x the 5 before (high break needs 2.0x)
2026-10-07 08:42:18,469 INFO [v36b] WHY-NOT MTEN px 1.4400 | crowd #2 $408k held 4.3m, gainer #2 | NO PATTERN: no rip | last candles GR, vol 0.5x the 5 before (high break needs 2.0x)
2026-10-07 08:42:42,720 INFO [v36b] WHY-NOT MI px 1.8411 | crowd #3 $205k, gainer #3 | NO CROWD: not top 2 held 2m, not ripping, not a top gainer with $1000k
2026-10-07 08:42:52,231 INFO [v36] WHY-NOT MI px 1.8403 | crowd #3 $205k, gainer #3 | NO CROWD: not top 2 held 2m, not ripping, not a top gainer with $1000k
2026-10-07 08:42:56,661 INFO [v36] WHY-NOT BIYA px 2.4700 | crowd #1 $1251k held 34.9m, gainer #1 | NO PATTERN: rip 04:02 dead | last candles RG, vol 0.9x the 5 before (high break needs 2.0x)
2026-10-07 08:43:00,646 INFO [v36b] WHY-NOT BIYA px 2.4900 | crowd #1 $2153k held 35.0m, gainer #1 | NO PATTERN: rip 04:02 dead | last candles GG, vol 2.0x the 5 before (high break needs 2.0x)
2026-10-07 08:43:18,720 INFO [v36] WHY-NOT MTEN px 1.4400 | crowd #3 $475k, gainer #2 | NO CROWD: not top 2 held 2m, not ripping, not a top gainer with $1000k
2026-10-07 08:43:18,720 INFO [v36b] WHY-NOT MTEN px 1.4400 | crowd #3 $475k, gainer #2 | NO CROWD: not top 2 held 2m, not ripping, not a top gainer with $1000k
2026-10-07 08:43:43,088 INFO [v36b] WHY-NOT MI px 1.8396 | crowd #2 $616k held 0.7m, gainer #3 | NO CROWD: not top 2 held 2m, not ripping, not a top gainer with $1000k
2026-10-07 08:43:52,431 INFO [v36] WHY-NOT MI px 1.8400 | crowd #2 $616k held 0.9m, gainer #3 | NO CROWD: not top 2 held 2m, not ripping, not a top gainer with $1000k
2026-10-07 08:43:56,751 INFO [v36] WHY-NOT BIYA px 2.4697 | crowd #1 $2153k held 35.9m, gainer #1 | NO PATTERN: rip 04:02 dead | last candles GG, vol 2.0x the 5 before (high break needs 2.0x)
2026-10-07 08:44:00,965 INFO [v36b] WHY-NOT BIYA px 2.4800 | crowd #1 $1602k held 36.0m, gainer #1 | WAIT: setup trigger 2.5000
2026-10-07 08:44:22,439 INFO [v36] WHY-NOT MTEN px 1.4500 | crowd #3 $216k, gainer #2 | NO CROWD: not top 2 held 2m, not ripping, not a top gainer with $1000k
2026-10-07 08:44:22,440 INFO [v36b] WHY-NOT MTEN px 1.4500 | crowd #3 $216k, gainer #2 | NO CROWD: not top 2 held 2m, not ripping, not a top gainer with $1000k
2026-10-07 08:44:43,182 INFO [v36b] WHY-NOT MI px 1.7900 | crowd #2 $546k held 1.7m, gainer #3 | NO CROWD: not top 2 held 2m, not ripping, not a top gainer with $1000k
2026-10-07 08:44:52,648 INFO [v36] WHY-NOT MI px 1.7900 | crowd #2 $546k held 1.9m, gainer #3 | NO CROWD: not top 2 held 2m, not ripping, not a top gainer with $1000k
2026-10-07 08:45:02,648 INFO [v36] WHY-NOT SDEV px 3.7397 | crowd #3 $365k, gainer #7 | NO CROWD: not top 2 held 2m, not ripping, not a top gainer with $1000k
2026-10-07 08:45:03,633 INFO [v36b] WHY-NOT SDEV px 3.7397 | crowd #3 $365k, gainer #7 | NO CROWD: not top 2 held 2m, not ripping, not a top gainer with $1000k
2026-10-07 08:45:10,975 INFO [v36b] WHY-NOT BIYA px 2.6200 | crowd #1 $3320k held 37.2m, gainer #1 | NO PATTERN: rip 04:02 alive | last candles RG, vol 1.3x the 5 before (high break needs 2.0x)
2026-10-07 08:45:24,358 INFO [v36] WHY-NOT MTEN px 1.4700 | crowd #4 $169k, gainer #2 | NO CROWD: not top 2 held 2m, not ripping, not a top gainer with $1000k
2026-10-07 08:45:24,359 INFO [v36b] WHY-NOT MTEN px 1.4700 | crowd #4 $169k, gainer #2 | NO CROWD: not top 2 held 2m, not ripping, not a top gainer with $1000k
2026-10-07 08:45:44,154 INFO [v36b] WHY-NOT MI px 1.8100 | crowd #2 $718k held 2.7m, gainer #3 | NO PATTERN: rip 04:16 dead | last candles RR, vol 1.1x the 5 before (high break needs 2.0x)
2026-10-07 08:45:44,894 INFO [v36] WHY-NOT BIYA px 2.6100 | crowd #1 $3320k held 37.7m, gainer #1 | NO PATTERN: rip 04:02 alive | last candles RG, vol 1.3x the 5 before (high break needs 2.0x)
2026-10-07 08:45:53,207 INFO [v36] WHY-NOT MI px 1.8200 | crowd #2 $718k held 2.9m, gainer #3 | NO PATTERN: rip 04:16 dead | last candles RR, vol 1.1x the 5 before (high break needs 2.0x)
2026-10-07 08:46:03,267 INFO [v36] WHY-NOT SDEV px 3.7301 | crowd #3 $286k, gainer #7 | NO CROWD: not top 2 held 2m, not ripping, not a top gainer with $1000k
2026-10-07 08:46:05,027 INFO [v36b] WHY-NOT SDEV px 3.7300 | crowd #3 $286k, gainer #7 | NO CROWD: not top 2 held 2m, not ripping, not a top gainer with $1000k
2026-10-07 08:46:11,287 INFO [v36b] WHY-NOT BIYA px 2.5798 | crowd #1 $2880k held 38.2m, gainer #1 | WAIT: setup trigger 2.6500
2026-10-07 08:46:24,460 INFO [v36] WHY-NOT MTEN px 1.4989 | crowd #4 $103k, gainer #2 | NO CROWD: not top 2 held 2m, not ripping, not a top gainer with $1000k
2026-10-07 08:46:24,461 INFO [v36b] WHY-NOT MTEN px 1.4989 | crowd #4 $103k, gainer #2 | NO CROWD: not top 2 held 2m, not ripping, not a top gainer with $1000k
2026-10-07 08:46:45,958 INFO [v36b] WHY-NOT MI px 1.8589 | crowd #2 $360k held 3.8m, gainer #3 | NO PATTERN: rip 04:16 dead | last candles RG, vol 1.1x the 5 before (high break needs 2.0x)
2026-10-07 08:46:53,403 INFO [v36] WHY-NOT MI px 1.8489 | crowd #2 $360k held 3.9m, gainer #3 | NO PATTERN: rip 04:16 dead | last candles RG, vol 1.1x the 5 before (high break needs 2.0x)
2026-10-07 08:47:06,937 INFO [v36] WHY-NOT SDEV px 3.6900 | crowd #3 $269k, gainer #7 | NO CROWD: not top 2 held 2m, not ripping, not a top gainer with $1000k
2026-10-07 08:47:06,937 INFO [v36b] WHY-NOT SDEV px 3.6900 | crowd #3 $269k, gainer #7 | NO CROWD: not top 2 held 2m, not ripping, not a top gainer with $1000k
2026-10-07 08:47:31,947 INFO [v36] WHY-NOT MTEN px 1.4700 | crowd #4 $172k, gainer #2 | NO CROWD: not top 2 held 2m, not ripping, not a top gainer with $1000k
2026-10-07 08:47:31,947 INFO [v36b] WHY-NOT MTEN px 1.4700 | crowd #4 $172k, gainer #2 | NO CROWD: not top 2 held 2m, not ripping, not a top gainer with $1000k
2026-10-07 08:47:49,779 INFO [v36b] WHY-NOT MI px 1.8500 | crowd #2 $382k held 4.8m, gainer #3 | NO PATTERN: rip 04:16 dead | last candles GG, vol 0.5x the 5 before (high break needs 2.0x)
2026-10-07 08:47:54,212 INFO [v36] WHY-NOT MI px 1.8410 | crowd #2 $382k held 4.9m, gainer #3 | NO PATTERN: rip 04:16 dead | last candles GG, vol 0.5x the 5 before (high break needs 2.0x)
2026-10-07 08:48:02,743 INFO [v36] WHY-NOT BIYA px 2.7700 | crowd #1 $4610k held 40.0m, gainer #1 | NO: 6 buys today
2026-10-07 08:48:08,097 INFO [v36] WHY-NOT SDEV px 3.6705 | crowd #3 $387k, gainer #7 | NO CROWD: not top 2 held 2m, not ripping, not a top gainer with $1000k
2026-10-07 08:48:30,578 INFO [v36b] WHY-NOT BIYA px 2.5700 | crowd #1 $3083k held 40.5m, gainer #1 | NO PATTERN: rip 04:02 alive | last candles GG, vol 1.4x the 5 before (high break needs 2.0x)
2026-10-07 08:48:37,738 INFO [v36] WHY-NOT MTEN px 1.4612 | crowd #4 $344k, gainer #2 | NO CROWD: not top 2 held 2m, not ripping, not a top gainer with $1000k
2026-10-07 08:48:37,738 INFO [v36b] WHY-NOT MTEN px 1.4612 | crowd #3 $308k, gainer #2 | NO CROWD: not top 2 held 2m, not ripping, not a top gainer with $1000k
2026-10-07 08:48:52,864 INFO [v36b] WHY-NOT MI px 1.8600 | crowd #2 $405k held 5.9m, gainer #3 | NO PATTERN: rip 04:16 dead | last candles G-, vol 0.5x the 5 before (high break needs 2.0x)
2026-10-07 08:48:54,909 INFO [v36] WHY-NOT MI px 1.8600 | crowd #2 $469k held 5.9m, gainer #3 | NO PATTERN: rip 04:16 dead | last candles G-, vol 0.5x the 5 before (high break needs 2.0x)
2026-10-07 08:49:02,743 INFO [v36] WHY-NOT BIYA px 2.5100 | crowd #1 $3703k held 41.0m, gainer #1 | NO: 6 buys today
2026-10-07 08:49:30,595 INFO [v36b] WHY-NOT BIYA px 2.5398 | crowd #1 $5202k held 41.5m, gainer #1 | WAIT: setup trigger 2.7950
2026-10-07 08:49:37,814 INFO [v36] WHY-NOT MTEN px 1.4550 | crowd #3 $319k, gainer #2 | NO CROWD: not top 2 held 2m, not ripping, not a top gainer with $1000k
2026-10-07 08:49:37,814 INFO [v36b] WHY-NOT MTEN px 1.4550 | crowd #3 $341k, gainer #2 | NO CROWD: not top 2 held 2m, not ripping, not a top gainer with $1000k
2026-10-07 08:49:53,227 INFO [v36b] WHY-NOT MI px 1.9104 | crowd #2 $442k held 6.9m, gainer #3 | NO PATTERN: rip 04:16 dead | last candles -G, vol 1.1x the 5 before (high break needs 2.0x)
2026-10-07 08:49:55,733 INFO [v36] WHY-NOT MI px 1.9200 | crowd #2 $323k held 6.9m, gainer #3 | NO PATTERN: rip 04:16 dead | last candles -G, vol 1.1x the 5 before (high break needs 2.0x)
2026-10-07 08:50:03,065 INFO [v36] WHY-NOT BIYA px 2.5900 | crowd #1 $5299k held 42.0m, gainer #1 | NO: 6 buys today
2026-10-07 08:50:03,325 INFO [v36] WHY-NOT SDEV px 3.6706 | crowd #3 $291k, gainer #8 | NO CROWD: not top 2 held 2m, not ripping, not a top gainer with $1000k
2026-10-07 08:50:03,326 INFO [v36b] WHY-NOT SDEV px 3.6706 | crowd #3 $291k, gainer #8 | NO CROWD: not top 2 held 2m, not ripping, not a top gainer with $1000k
2026-10-07 08:50:30,687 INFO [v36b] WHY-NOT BIYA px 2.6805 | crowd #1 $5299k held 42.5m, gainer #1 | NO PATTERN: rip 04:02 alive | last candles RG, vol 0.9x the 5 before (high break needs 2.0x)
2026-10-07 08:50:53,996 INFO [v36b] WHY-NOT MI px 1.8900 | crowd #2 $440k held 7.9m, gainer #2 | NO PATTERN: rip 04:16 dead | last candles GG, vol 1.3x the 5 before (high break needs 2.0x)
2026-10-07 08:50:56,242 INFO [v36] WHY-NOT MI px 1.8800 | crowd #2 $440k held 7.9m, gainer #2 | NO PATTERN: rip 04:16 dead | last candles GG, vol 1.3x the 5 before (high break needs 2.0x)
2026-10-07 08:51:03,090 INFO [v36] WHY-NOT BIYA px 2.7002 | crowd #1 $5303k held 43.0m, gainer #1 | NO: 6 buys today
2026-10-07 08:51:04,240 INFO [v36] WHY-NOT SDEV px 3.6319 | crowd #3 $217k, gainer #8 | NO CROWD: not top 2 held 2m, not ripping, not a top gainer with $1000k
2026-10-07 08:51:04,240 INFO [v36b] WHY-NOT SDEV px 3.6319 | crowd #3 $217k, gainer #8 | NO CROWD: not top 2 held 2m, not ripping, not a top gainer with $1000k
2026-10-07 08:51:30,798 INFO [v36b] WHY-NOT BIYA px 2.6898 | crowd #1 $5303k held 43.5m, gainer #1 | NO PATTERN: rip 04:02 alive | last candles GG, vol 1.0x the 5 before (high break needs 2.0x)
2026-10-07 08:51:55,097 INFO [v36b] WHY-NOT MI px 1.9008 | crowd #2 $528k held 8.9m, gainer #2 | NO PATTERN: rip 04:16 dead | last candles GR, vol 1.5x the 5 before (high break needs 2.0x)
2026-10-07 08:52:00,077 INFO [v36] WHY-NOT MI px 1.9010 | crowd #2 $543k held 9.0m, gainer #2 | NO PATTERN: rip 04:16 dead | last candles RG, vol 0.6x the 5 before (high break needs 2.0x)
2026-10-07 08:52:03,138 INFO [v36] WHY-NOT BIYA px 2.6400 | crowd #1 $4482k held 44.0m, gainer #1 | NO: 6 buys today
2026-10-07 08:52:04,478 INFO [v36] WHY-NOT SDEV px 3.6004 | crowd #3 $355k, gainer #9 | NO CROWD: not top 2 held 2m, not ripping, not a top gainer with $1000k
2026-10-07 08:52:04,479 INFO [v36b] WHY-NOT SDEV px 3.6004 | crowd #3 $355k, gainer #9 | NO CROWD: not top 2 held 2m, not ripping, not a top gainer with $1000k
2026-10-07 08:52:55,828 INFO [v36b] WHY-NOT MI px 1.8100 | crowd #2 $543k held 9.9m, gainer #2 | NO PATTERN: rip 04:16 dead | last candles RG, vol 0.6x the 5 before (high break needs 2.0x)
2026-10-07 08:53:00,401 INFO [v36] WHY-NOT MI px 1.8110 | crowd #2 $565k held 10.0m, gainer #4 | NO PATTERN: rip 04:16 dead | last candles GR, vol 1.2x the 5 before (high break needs 2.0x)
2026-10-07 08:53:00,850 INFO [v36] WHY-NOT MTEN px 1.4489 | crowd #6 $185k, gainer #2 | NO CROWD: not top 2 held 2m, not ripping, not a top gainer with $1000k
2026-10-07 08:53:00,851 INFO [v36b] WHY-NOT MTEN px 1.4489 | crowd #6 $185k, gainer #2 | NO CROWD: not top 2 held 2m, not ripping, not a top gainer with $1000k
2026-10-07 08:53:03,315 INFO [v36] WHY-NOT BIYA px 2.7203 | crowd #1 $4104k held 45.1m, gainer #1 | NO: 6 buys today
2026-10-07 08:53:06,709 INFO [v36] WHY-NOT SDEV px 3.6000 | crowd #3 $405k, gainer #9 | NO CROWD: not top 2 held 2m, not ripping, not a top gainer with $1000k
2026-10-07 08:53:06,709 INFO [v36b] WHY-NOT SDEV px 3.6000 | crowd #3 $405k, gainer #9 | NO CROWD: not top 2 held 2m, not ripping, not a top gainer with $1000k
2026-10-07 08:53:58,301 INFO [v36b] WHY-NOT MI px 1.8407 | crowd #2 $565k held 11.0m, gainer #4 | NO PATTERN: rip 04:16 dead | last candles GR, vol 1.2x the 5 before (high break needs 2.0x)
2026-10-07 08:54:03,374 INFO [v36] WHY-NOT BIYA px 2.7798 | crowd #1 $4091k held 46.1m, gainer #1 | NO: 6 buys today
2026-10-07 08:54:04,124 INFO [v36] WHY-NOT MI px 1.8492 | crowd #3 $496k, gainer #2 | NO CROWD: not top 2 held 2m, not ripping, not a top gainer with $1000k
2026-10-07 08:54:07,612 INFO [v36] WHY-NOT SDEV px 3.5900 | crowd #2 $544k held 0.1m, gainer #9 | NO CROWD: not top 2 held 2m, not ripping, not a top gainer with $1000k
2026-10-07 08:54:07,612 INFO [v36b] WHY-NOT SDEV px 3.5900 | crowd #2 $544k held 0.1m, gainer #9 | NO CROWD: not top 2 held 2m, not ripping, not a top gainer with $1000k
2026-10-07 08:54:38,335 INFO [v36b] WHY-NOT BIYA px 2.8900 | crowd #1 $4091k held 46.6m, gainer #1 | NO PATTERN: rip 04:02 alive | last candles GG, vol 0.9x the 5 before (high break needs 2.0x)
2026-10-07 08:55:01,185 INFO [v36] WHY-NOT SXTC px 1.8003 | crowd #3 $490k, gainer #4 | NO CROWD: not top 2 held 2m, not ripping, not a top gainer with $1000k
2026-10-07 08:55:01,185 INFO [v36b] WHY-NOT SXTC px 1.8003 | crowd #3 $490k, gainer #4 | NO CROWD: not top 2 held 2m, not ripping, not a top gainer with $1000k
2026-10-07 08:55:01,849 INFO [v36] WHY-NOT MTEN px 1.4600 | crowd #5 $225k, gainer #2 | NO CROWD: not top 2 held 2m, not ripping, not a top gainer with $1000k
2026-10-07 08:55:01,941 INFO [v36b] WHY-NOT MTEN px 1.4600 | crowd #5 $225k, gainer #2 | NO CROWD: not top 2 held 2m, not ripping, not a top gainer with $1000k
2026-10-07 08:55:03,379 INFO [v36] WHY-NOT BIYA px 2.8900 | crowd #1 $5630k held 47.1m, gainer #1 | NO: 6 buys today
2026-10-07 08:55:07,954 INFO [v36] WHY-NOT SDEV px 3.5904 | crowd #2 $563k held 1.1m, gainer #10 | NO CROWD: not top 2 held 2m, not ripping, not a top gainer with $1000k
2026-10-07 08:55:07,954 INFO [v36b] WHY-NOT SDEV px 3.5904 | crowd #2 $563k held 1.1m, gainer #10 | NO CROWD: not top 2 held 2m, not ripping, not a top gainer with $1000k
2026-10-07 08:55:38,401 INFO [v36b] WHY-NOT BIYA px 2.7897 | crowd #1 $5630k held 47.6m, gainer #1 | WAIT: hod trigger 3.0400
2026-10-07 08:56:00,498 INFO [v36] WHY-NOT MI px 1.7900 | crowd #3 $439k, gainer #4 | NO CROWD: not top 2 held 2m, not ripping, not a top gainer with $1000k
2026-10-07 08:56:00,498 INFO [v36b] WHY-NOT MI px 1.7900 | crowd #3 $439k, gainer #4 | NO CROWD: not top 2 held 2m, not ripping, not a top gainer with $1000k
2026-10-07 08:56:01,387 INFO [v36] WHY-NOT SXTC px 1.9000 | crowd #2 $493k held 0.0m, gainer #2 | NO CROWD: not top 2 held 2m, not ripping, not a top gainer with $1000k
2026-10-07 08:56:01,387 INFO [v36b] WHY-NOT SXTC px 1.9000 | crowd #2 $493k held 0.0m, gainer #2 | NO CROWD: not top 2 held 2m, not ripping, not a top gainer with $1000k
2026-10-07 08:56:03,439 INFO [v36] WHY-NOT BIYA px 2.5703 | crowd #1 $7507k held 48.1m, gainer #1 | NO: 6 buys today
2026-10-07 08:56:38,525 INFO [v36b] WHY-NOT BIYA px 2.6397 | crowd #1 $7507k held 48.6m, gainer #1 | WAIT: setup trigger 2.9600
2026-10-07 08:57:01,427 INFO [v36] WHY-NOT MI px 1.8291 | crowd #3 $439k, gainer #4 | NO CROWD: not top 2 held 2m, not ripping, not a top gainer with $1000k
2026-10-07 08:57:01,427 INFO [v36b] WHY-NOT MI px 1.8291 | crowd #3 $439k, gainer #4 | NO CROWD: not top 2 held 2m, not ripping, not a top gainer with $1000k
2026-10-07 08:57:01,480 INFO [v36] WHY-NOT SXTC px 2.0003 | crowd #2 $788k held 1.0m, gainer #2 | NO CROWD: not top 2 held 2m, not ripping, not a top gainer with $1000k
2026-10-07 08:57:01,481 INFO [v36b] WHY-NOT SXTC px 2.0003 | crowd #2 $788k held 1.0m, gainer #2 | NO CROWD: not top 2 held 2m, not ripping, not a top gainer with $1000k
2026-10-07 08:57:04,175 INFO [v36] WHY-NOT BIYA px 2.6300 | crowd #1 $7975k held 49.1m, gainer #1 | NO: 6 buys today
2026-10-07 08:57:38,713 INFO [v36b] WHY-NOT BIYA px 2.6000 | crowd #1 $7975k held 49.6m, gainer #1 | WAIT: setup trigger 2.6800
2026-10-07 08:57:49,857 INFO [v36b] WHY-NOT BIYA px 2.6800 | crowd #1 $7975k held 49.8m, gainer #1 | NO TREND at the trigger 2.6800: vwap 2.4148 e9 2.6857 e20 2.5976 macd +0.1056
2026-10-07 08:58:01,484 INFO [v36] WHY-NOT MI px 1.8104 | crowd #3 $346k, gainer #4 | NO CROWD: not top 2 held 2m, not ripping, not a top gainer with $1000k
2026-10-07 08:58:01,484 INFO [v36b] WHY-NOT MI px 1.8104 | crowd #3 $346k, gainer #4 | NO CROWD: not top 2 held 2m, not ripping, not a top gainer with $1000k
2026-10-07 08:58:01,701 INFO [v36] WHY-NOT SXTC px 2.1600 | crowd #2 $613k held 2.0m, gainer #2 | WAIT: hod trigger 2.2697
2026-10-07 08:58:01,701 INFO [v36b] WHY-NOT SXTC px 2.1600 | crowd #2 $613k held 2.0m, gainer #2 | WAIT: hod trigger 2.2697
2026-10-07 08:58:04,182 INFO [v36] WHY-NOT BIYA px 2.6100 | crowd #1 $6931k held 50.1m, gainer #1 | NO: 6 buys today
2026-10-07 08:58:49,956 INFO [v36b] WHY-NOT BIYA px 2.6003 | crowd #1 $6931k held 50.8m, gainer #1 | NO: 6 buys today
2026-10-07 08:59:00,158 INFO [v36] WHY-NOT SDEV px 3.4100 | crowd #3 $691k, gainer #13 | NO CROWD: not top 2 held 2m, not ripping, not a top gainer with $1000k
2026-10-07 08:59:00,159 INFO [v36b] WHY-NOT SDEV px 3.4100 | crowd #3 $691k, gainer #13 | NO CROWD: not top 2 held 2m, not ripping, not a top gainer with $1000k
2026-10-07 08:59:02,420 INFO [v36] WHY-NOT SXTC px 2.1000 | crowd #2 $1816k held 3.0m, gainer #2 | WAIT: setup trigger 2.1494
2026-10-07 08:59:02,420 INFO [v36b] WHY-NOT SXTC px 2.1000 | crowd #2 $1816k held 3.0m, gainer #2 | WAIT: setup trigger 2.1494
2026-10-07 08:59:04,859 INFO [v36] WHY-NOT BIYA px 2.6003 | crowd #1 $5757k held 51.1m, gainer #1 | NO: 6 buys today
2026-10-07 08:59:49,962 INFO [v36b] WHY-NOT BIYA px 2.7302 | crowd #1 $5757k held 51.8m, gainer #1 | NO: 6 buys today
2026-10-07 09:00:00,401 INFO [v36] WHY-NOT SDEV px 3.4595 | crowd #3 $988k, gainer #12 | NO CROWD: not top 2 held 2m, not ripping, not a top gainer with $1000k
2026-10-07 09:00:00,401 INFO [v36b] WHY-NOT SDEV px 3.4595 | crowd #3 $988k, gainer #12 | NO CROWD: not top 2 held 2m, not ripping, not a top gainer with $1000k
2026-10-07 09:00:02,465 INFO [v36] WHY-NOT SXTC px 1.8793 | crowd #2 $2234k held 4.0m, gainer #2 | WAIT: setup trigger 2.1100
2026-10-07 09:00:02,465 INFO [v36b] WHY-NOT SXTC px 1.8793 | crowd #2 $2234k held 4.0m, gainer #2 | WAIT: setup trigger 2.1100
2026-10-07 09:00:05,055 INFO [v36] WHY-NOT BIYA px 2.7100 | crowd #1 $4025k held 52.1m, gainer #1 | NO: 6 buys today
2026-10-07 09:00:49,974 INFO [v36b] WHY-NOT BIYA px 2.8003 | crowd #1 $4025k held 52.8m, gainer #1 | NO: 6 buys today
2026-10-07 09:01:01,163 INFO [v36] WHY-NOT SDEV px 3.4400 | crowd #3 $1150k, gainer #12 | NO CROWD: not top 2 held 2m, not ripping, not a top gainer with $1000k
2026-10-07 09:01:01,163 INFO [v36b] WHY-NOT SDEV px 3.4400 | crowd #3 $1150k, gainer #12 | NO CROWD: not top 2 held 2m, not ripping, not a top gainer with $1000k
2026-10-07 09:01:04,340 INFO [v36] WHY-NOT SXTC px 1.8794 | crowd #2 $2072k held 5.1m, gainer #2 | NO PATTERN: rip 04:57 alive | last candles R-, vol 0.6x the 5 before (high break needs 2.0x)
2026-10-07 09:01:04,341 INFO [v36b] WHY-NOT SXTC px 1.8794 | crowd #2 $2072k held 5.1m, gainer #2 | NO PATTERN: rip 04:57 alive | last candles R-, vol 0.6x the 5 before (high break needs 2.0x)
2026-10-07 09:01:05,629 INFO [v36] WHY-NOT BIYA px 2.7400 | crowd #1 $3767k held 53.1m, gainer #1 | NO: 6 buys today
2026-10-07 09:01:50,570 INFO [v36b] WHY-NOT BIYA px 2.7400 | crowd #1 $3767k held 53.8m, gainer #1 | NO: 6 buys today
2026-10-07 09:02:00,178 INFO [v36] WHY-NOT MTEN px 1.4910 | crowd #4 $312k, gainer #2 | NO CROWD: not top 2 held 2m, not ripping, not a top gainer with $1000k
2026-10-07 09:02:00,179 INFO [v36b] WHY-NOT MTEN px 1.4910 | crowd #4 $312k, gainer #2 | NO CROWD: not top 2 held 2m, not ripping, not a top gainer with $1000k
2026-10-07 09:02:01,490 INFO [v36] WHY-NOT SDEV px 3.4661 | crowd #3 $1122k, gainer #10 | NO CROWD: not top 2 held 2m, not ripping, not a top gainer with $1000k
2026-10-07 09:02:01,490 INFO [v36b] WHY-NOT SDEV px 3.4661 | crowd #3 $1122k, gainer #10 | NO CROWD: not top 2 held 2m, not ripping, not a top gainer with $1000k
2026-10-07 09:02:04,353 INFO [v36] WHY-NOT SXTC px 1.8396 | crowd #2 $1358k held 6.1m, gainer #4 | NO PATTERN: rip 04:57 alive | last candles -R, vol 0.3x the 5 before (high break needs 2.0x)
2026-10-07 09:02:04,353 INFO [v36b] WHY-NOT SXTC px 1.8396 | crowd #2 $1358k held 6.1m, gainer #4 | NO PATTERN: rip 04:57 alive | last candles -R, vol 0.3x the 5 before (high break needs 2.0x)
2026-10-07 09:02:05,866 INFO [v36] WHY-NOT BIYA px 2.6803 | crowd #1 $3424k held 54.1m, gainer #1 | NO: 6 buys today
2026-10-07 09:02:50,861 INFO [v36b] WHY-NOT BIYA px 2.6100 | crowd #1 $3424k held 54.8m, gainer #1 | NO: 6 buys today
2026-10-07 09:03:00,468 INFO [v36] WHY-NOT MTEN px 1.5411 | crowd #3 $814k, gainer #2 | NO CROWD: not top 2 held 2m, not ripping, not a top gainer with $1000k
2026-10-07 09:03:00,469 INFO [v36b] WHY-NOT MTEN px 1.5411 | crowd #3 $814k, gainer #2 | NO CROWD: not top 2 held 2m, not ripping, not a top gainer with $1000k
2026-10-07 09:03:05,049 INFO [v36] WHY-NOT SXTC px 1.8200 | crowd #2 $1151k held 7.1m, gainer #4 | NO PATTERN: rip 04:57 dead | last candles R-, vol 0.6x the 5 before (high break needs 2.0x)
2026-10-07 09:03:05,049 INFO [v36b] WHY-NOT SXTC px 1.8200 | crowd #2 $1151k held 7.1m, gainer #4 | NO PATTERN: rip 04:57 dead | last candles R-, vol 0.6x the 5 before (high break needs 2.0x)
2026-10-07 09:03:06,010 INFO [v36] WHY-NOT BIYA px 2.6000 | crowd #1 $3669k held 55.1m, gainer #1 | NO: 6 buys today
2026-10-07 09:03:51,212 INFO [v36b] WHY-NOT BIYA px 2.6500 | crowd #1 $3669k held 55.9m, gainer #1 | NO: 6 buys today
2026-10-07 09:04:00,648 INFO [v36] WHY-NOT MTEN px 1.4800 | crowd #2 $1110k held 0.0m, gainer #2 | NO PATTERN: no rip | last candles GR, vol 2.0x the 5 before (high break needs 2.0x)
2026-10-07 09:04:00,648 INFO [v36b] WHY-NOT MTEN px 1.4800 | crowd #2 $1110k held 0.0m, gainer #2 | NO PATTERN: no rip | last candles GR, vol 2.0x the 5 before (high break needs 2.0x)
2026-10-07 09:04:05,575 INFO [v36] WHY-NOT SXTC px 1.7900 | crowd #3 $763k, gainer #4 | NO CROWD: not top 2 held 2m, not ripping, not a top gainer with $1000k
2026-10-07 09:04:05,575 INFO [v36b] WHY-NOT SXTC px 1.7900 | crowd #3 $763k, gainer #4 | NO CROWD: not top 2 held 2m, not ripping, not a top gainer with $1000k
2026-10-07 09:04:06,018 INFO [v36] WHY-NOT BIYA px 2.6202 | crowd #1 $3133k held 56.1m, gainer #1 | NO: 6 buys today
2026-10-07 09:04:51,441 INFO [v36b] WHY-NOT BIYA px 2.5900 | crowd #1 $3133k held 56.9m, gainer #1 | NO: 6 buys today
2026-10-07 09:05:00,358 INFO [v36] WHY-NOT WETO px 1.1900 | crowd #3 $895k, gainer #6 | NO CROWD: not top 2 held 2m, not ripping, not a top gainer with $1000k
2026-10-07 09:05:00,359 INFO [v36b] WHY-NOT WETO px 1.1900 | crowd #3 $895k, gainer #6 | NO CROWD: not top 2 held 2m, not ripping, not a top gainer with $1000k
2026-10-07 09:05:01,682 INFO [v36] WHY-NOT MTEN px 1.4700 | crowd #2 $1167k held 1.0m, gainer #2 | NO PATTERN: no rip | last candles R-, vol 0.6x the 5 before (high break needs 2.0x)
2026-10-07 09:05:01,682 INFO [v36b] WHY-NOT MTEN px 1.4700 | crowd #2 $1167k held 1.0m, gainer #2 | NO PATTERN: no rip | last candles R-, vol 0.6x the 5 before (high break needs 2.0x)
2026-10-07 09:05:06,099 INFO [v36] WHY-NOT BIYA px 2.5697 | crowd #1 $2274k held 57.1m, gainer #1 | NO: 6 buys today
2026-10-07 09:05:53,142 INFO [v36b] WHY-NOT BIYA px 2.6203 | crowd #1 $2274k held 57.9m, gainer #1 | NO: 6 buys today
2026-10-07 09:06:00,516 INFO [v36] WHY-NOT WETO px 1.2200 | crowd #2 $1190k held 0.0m, gainer #6 | NO CROWD: not top 2 held 2m, not ripping, not a top gainer with $1000k
2026-10-07 09:06:00,517 INFO [v36b] WHY-NOT WETO px 1.2200 | crowd #2 $1190k held 0.0m, gainer #6 | NO CROWD: not top 2 held 2m, not ripping, not a top gainer with $1000k
2026-10-07 09:06:01,847 INFO [v36b] WHY-NOT MTEN px 1.4500 | crowd #3 $1115k, gainer #2 | NO PATTERN: no rip | last candles -R, vol 0.5x the 5 before (high break needs 2.0x)
2026-10-07 09:06:01,921 INFO [v36] WHY-NOT MTEN px 1.4500 | crowd #3 $1115k, gainer #2 | NO PATTERN: no rip | last candles -R, vol 0.5x the 5 before (high break needs 2.0x)
2026-10-07 09:06:06,410 INFO [v36] WHY-NOT BIYA px 2.6003 | crowd #1 $2054k held 58.1m, gainer #1 | NO: 6 buys today
2026-10-07 09:06:53,279 INFO [v36b] WHY-NOT BIYA px 2.6900 | crowd #1 $2054k held 58.9m, gainer #1 | NO: 6 buys today
2026-10-07 09:07:00,910 INFO [v36] WHY-NOT WETO px 1.1797 | crowd #2 $1366k held 1.0m, gainer #6 | NO CROWD: not top 2 held 2m, not ripping, not a top gainer with $1000k
2026-10-07 09:07:00,910 INFO [v36b] WHY-NOT WETO px 1.1797 | crowd #2 $1366k held 1.0m, gainer #6 | NO CROWD: not top 2 held 2m, not ripping, not a top gainer with $1000k
2026-10-07 09:07:04,756 INFO [v36] WHY-NOT MTEN px 1.4503 | crowd #3 $653k, gainer #2 | NO CROWD: not top 2 held 2m, not ripping, not a top gainer with $1000k
2026-10-07 09:07:04,756 INFO [v36b] WHY-NOT MTEN px 1.4503 | crowd #3 $653k, gainer #2 | NO CROWD: not top 2 held 2m, not ripping, not a top gainer with $1000k
2026-10-07 09:07:06,561 INFO [v36] WHY-NOT BIYA px 2.6800 | crowd #1 $1631k held 59.1m, gainer #1 | NO: 6 buys today
2026-10-07 09:07:53,374 INFO [v36b] WHY-NOT BIYA px 2.6201 | crowd #1 $1631k held 59.9m, gainer #1 | NO: 6 buys today
2026-10-07 09:08:00,109 INFO [v36] WHY-NOT SXTC px 2.0200 | crowd #3 $741k, gainer #2 | NO CROWD: not top 2 held 2m, not ripping, not a top gainer with $1000k
2026-10-07 09:08:00,110 INFO [v36b] WHY-NOT SXTC px 2.0200 | crowd #3 $741k, gainer #2 | NO CROWD: not top 2 held 2m, not ripping, not a top gainer with $1000k
2026-10-07 09:08:01,331 INFO [v36] WHY-NOT WETO px 1.1702 | crowd #2 $1349k held 2.0m, gainer #6 | NO PATTERN: no rip | last candles RR, vol 0.8x the 5 before (high break needs 2.0x)
2026-10-07 09:08:01,332 INFO [v36b] WHY-NOT WETO px 1.1702 | crowd #2 $1349k held 2.0m, gainer #6 | NO PATTERN: no rip | last candles RR, vol 0.8x the 5 before (high break needs 2.0x)
2026-10-07 09:08:07,093 INFO [v36] WHY-NOT BIYA px 2.6200 | crowd #1 $1711k held 60.1m, gainer #1 | NO: 6 buys today
2026-10-07 09:08:54,126 INFO [v36b] WHY-NOT BIYA px 2.6900 | crowd #1 $1711k held 60.9m, gainer #1 | NO: 6 buys today
2026-10-07 09:09:00,151 INFO [v36] WHY-NOT SXTC px 2.0004 | crowd #2 $1085k held 0.0m, gainer #2 | WAIT: setup trigger 2.0300
2026-10-07 09:09:00,151 INFO [v36b] WHY-NOT SXTC px 2.0004 | crowd #2 $1085k held 0.0m, gainer #2 | WAIT: setup trigger 2.0300
2026-10-07 09:09:01,743 INFO [v36] WHY-NOT WETO px 1.1700 | crowd #3 $989k, gainer #6 | NO CROWD: not top 2 held 2m, not ripping, not a top gainer with $1000k
2026-10-07 09:09:01,743 INFO [v36b] WHY-NOT WETO px 1.1700 | crowd #3 $989k, gainer #6 | NO CROWD: not top 2 held 2m, not ripping, not a top gainer with $1000k
2026-10-07 09:09:07,164 INFO [v36] WHY-NOT BIYA px 2.6500 | crowd #1 $1709k held 61.1m, gainer #1 | NO: 6 buys today
2026-10-07 09:09:28,855 INFO [v36] WHY-NOT SXTC px 2.0300 | crowd #2 $1085k held 0.5m, gainer #2 | NO TAPE at the trigger 2.0300: 30s ask 28% bid 29% between 43% of 50736 sh (94% by quote)
2026-10-07 09:09:28,855 INFO [v36b] WHY-NOT SXTC px 2.0300 | crowd #2 $1085k held 0.5m, gainer #2 | NO: a 62% top wick on the last candle - sellers rejected the high
2026-10-07 09:09:34,322 INFO [v36] WHY-NOT SXTC px 2.0300 | crowd #2 $1085k held 0.6m, gainer #2 | NO TAPE at the trigger 2.0300: 30s ask 31% bid 37% between 32% of 49520 sh (94% by quote)
2026-10-07 09:09:34,322 INFO [v36b] WHY-NOT SXTC px 2.0300 | crowd #2 $1085k held 0.6m, gainer #2 | NO: a 62% top wick on the last candle - sellers rejected the high
2026-10-07 09:09:42,005 INFO [v36] WHY-NOT SXTC px 2.0300 | crowd #2 $1085k held 0.7m, gainer #2 | NO TAPE at the trigger 2.0300: 30s ask 33% bid 29% between 38% of 45832 sh (100% by quote)
2026-10-07 09:09:42,006 INFO [v36b] WHY-NOT SXTC px 2.0300 | crowd #2 $1085k held 0.7m, gainer #2 | NO: a 62% top wick on the last candle - sellers rejected the high
2026-10-07 09:09:54,201 INFO [v36b] WHY-NOT BIYA px 2.7100 | crowd #1 $1709k held 61.9m, gainer #1 | NO: 6 buys today
2026-10-07 09:10:04,215 INFO [v36] WHY-NOT WETO px 1.2001 | crowd #3 $730k, gainer #6 | NO CROWD: not top 2 held 2m, not ripping, not a top gainer with $1000k
2026-10-07 09:10:04,216 INFO [v36b] WHY-NOT WETO px 1.2001 | crowd #3 $730k, gainer #6 | NO CROWD: not top 2 held 2m, not ripping, not a top gainer with $1000k
2026-10-07 09:10:07,626 INFO [v36] WHY-NOT BIYA px 2.6700 | crowd #1 $1656k held 62.1m, gainer #1 | NO: 6 buys today
2026-10-07 09:10:42,172 INFO [v36] WHY-NOT SXTC px 1.9200 | crowd #2 $1021k held 1.7m, gainer #2 | WAIT: setup trigger 2.0104
2026-10-07 09:10:42,172 INFO [v36b] WHY-NOT SXTC px 1.9200 | crowd #2 $1021k held 1.7m, gainer #2 | WAIT: setup trigger 2.0104
2026-10-07 09:10:54,279 INFO [v36b] WHY-NOT BIYA px 2.6805 | crowd #1 $1656k held 62.9m, gainer #1 | NO: 6 buys today
2026-10-07 09:11:04,713 INFO [v36] WHY-NOT WETO px 1.2500 | crowd #3 $483k, gainer #6 | NO CROWD: not top 2 held 2m, not ripping, not a top gainer with $1000k
2026-10-07 09:11:04,713 INFO [v36b] WHY-NOT WETO px 1.2500 | crowd #3 $483k, gainer #6 | NO CROWD: not top 2 held 2m, not ripping, not a top gainer with $1000k
2026-10-07 09:11:07,670 INFO [v36] WHY-NOT BIYA px 2.6700 | crowd #1 $1240k held 63.1m, gainer #1 | NO: 6 buys today
2026-10-07 09:11:42,896 INFO [v36] WHY-NOT SXTC px 1.9150 | crowd #2 $969k held 2.7m, gainer #2 | WAIT: setup trigger 1.9706
2026-10-07 09:11:42,897 INFO [v36b] WHY-NOT SXTC px 1.9150 | crowd #2 $969k held 2.7m, gainer #2 | WAIT: setup trigger 1.9706
2026-10-07 09:11:58,213 INFO [v36b] WHY-NOT BIYA px 2.6500 | crowd #1 $1240k held 64.0m, gainer #1 | NO: 6 buys today
2026-10-07 09:12:04,899 INFO [v36] WHY-NOT WETO px 1.2200 | crowd #3 $724k, gainer #6 | NO CROWD: not top 2 held 2m, not ripping, not a top gainer with $1000k
2026-10-07 09:12:04,900 INFO [v36b] WHY-NOT WETO px 1.2200 | crowd #3 $724k, gainer #6 | NO CROWD: not top 2 held 2m, not ripping, not a top gainer with $1000k
2026-10-07 09:12:10,268 INFO [v36] WHY-NOT BIYA px 2.6515 | crowd #1 $1630k held 64.2m, gainer #1 | NO: 6 buys today
2026-10-07 09:12:42,923 INFO [v36] WHY-NOT SXTC px 2.0396 | crowd #2 $964k held 3.7m, gainer #2 | NO PATTERN: rip 04:57 dead | last candles RR, vol 0.4x the 5 before (high break needs 2.0x)
2026-10-07 09:12:42,923 INFO [v36b] WHY-NOT SXTC px 2.0396 | crowd #2 $964k held 3.7m, gainer #2 | NO PATTERN: rip 04:57 dead | last candles RR, vol 0.4x the 5 before (high break needs 2.0x)
2026-10-07 09:12:58,633 INFO [v36b] WHY-NOT BIYA px 2.6400 | crowd #1 $1630k held 65.0m, gainer #1 | NO: 6 buys today
2026-10-07 09:13:05,539 INFO [v36] WHY-NOT WETO px 1.2600 | crowd #3 $726k, gainer #6 | NO CROWD: not top 2 held 2m, not ripping, not a top gainer with $1000k
2026-10-07 09:13:05,539 INFO [v36b] WHY-NOT WETO px 1.2600 | crowd #3 $726k, gainer #6 | NO CROWD: not top 2 held 2m, not ripping, not a top gainer with $1000k
2026-10-07 09:13:11,960 INFO [v36] WHY-NOT BIYA px 2.6202 | crowd #1 $1395k held 65.2m, gainer #1 | NO: 6 buys today
2026-10-07 09:13:43,548 INFO [v36] WHY-NOT SXTC px 2.0200 | crowd #2 $808k held 4.7m, gainer #2 | NO PATTERN: rip 04:57 dead | last candles RG, vol 1.4x the 5 before (high break needs 2.0x)
2026-10-07 09:13:43,548 INFO [v36b] WHY-NOT SXTC px 2.0200 | crowd #2 $808k held 4.7m, gainer #2 | NO PATTERN: rip 04:57 dead | last candles RG, vol 1.4x the 5 before (high break needs 2.0x)
2026-10-07 09:13:59,117 INFO [v36b] WHY-NOT BIYA px 2.6102 | crowd #1 $1395k held 66.0m, gainer #1 | NO: 6 buys today
2026-10-07 09:14:06,622 INFO [v36] WHY-NOT WETO px 1.2402 | crowd #3 $823k, gainer #6 | NO CROWD: not top 2 held 2m, not ripping, not a top gainer with $1000k
2026-10-07 09:14:06,622 INFO [v36b] WHY-NOT WETO px 1.2402 | crowd #3 $823k, gainer #6 | NO CROWD: not top 2 held 2m, not ripping, not a top gainer with $1000k
2026-10-07 09:14:12,781 INFO [v36] WHY-NOT BIYA px 2.6500 | crowd #1 $1281k held 66.2m, gainer #1 | NO: 6 buys today
2026-10-07 09:14:43,709 INFO [v36] WHY-NOT SXTC px 2.0000 | crowd #2 $845k held 5.7m, gainer #2 | NO PATTERN: rip 04:57 dead | last candles GR, vol 0.8x the 5 before (high break needs 2.0x)
2026-10-07 09:14:43,709 INFO [v36b] WHY-NOT SXTC px 2.0000 | crowd #2 $845k held 5.7m, gainer #2 | NO PATTERN: rip 04:57 dead | last candles GR, vol 0.8x the 5 before (high break needs 2.0x)
2026-10-07 09:14:59,435 INFO [v36b] WHY-NOT BIYA px 2.6600 | crowd #1 $1281k held 67.0m, gainer #1 | NO: 6 buys today
2026-10-07 09:15:10,610 INFO [v36] WHY-NOT WETO px 1.2350 | crowd #3 $640k, gainer #6 | NO CROWD: not top 2 held 2m, not ripping, not a top gainer with $1000k
2026-10-07 09:15:10,611 INFO [v36b] WHY-NOT WETO px 1.2350 | crowd #3 $640k, gainer #6 | NO CROWD: not top 2 held 2m, not ripping, not a top gainer with $1000k
2026-10-07 09:15:12,924 INFO [v36] WHY-NOT BIYA px 2.6900 | crowd #1 $918k held 67.2m, gainer #1 | NO: 6 buys today
2026-10-07 09:15:43,999 INFO [v36] WHY-NOT SXTC px 2.0504 | crowd #2 $800k held 6.7m, gainer #2 | NO PATTERN: rip 04:57 dead | last candles RR, vol 0.6x the 5 before (high break needs 2.0x)
2026-10-07 09:15:44,000 INFO [v36b] WHY-NOT SXTC px 2.0504 | crowd #2 $800k held 6.7m, gainer #2 | NO PATTERN: rip 04:57 dead | last candles RR, vol 0.6x the 5 before (high break needs 2.0x)
2026-10-07 09:15:59,475 INFO [v36b] WHY-NOT BIYA px 2.7200 | crowd #1 $918k held 68.0m, gainer #1 | NO: 6 buys today
2026-10-07 09:16:10,653 INFO [v36] WHY-NOT WETO px 1.2298 | crowd #3 $533k, gainer #6 | NO CROWD: not top 2 held 2m, not ripping, not a top gainer with $1000k
2026-10-07 09:16:10,654 INFO [v36b] WHY-NOT WETO px 1.2298 | crowd #3 $533k, gainer #6 | NO CROWD: not top 2 held 2m, not ripping, not a top gainer with $1000k
2026-10-07 09:16:13,077 INFO [v36] WHY-NOT BIYA px 2.7497 | crowd #1 $1230k held 68.2m, gainer #1 | NO: 6 buys today
2026-10-07 09:16:44,205 INFO [v36] WHY-NOT SXTC px 1.9800 | crowd #2 $840k held 7.7m, gainer #2 | NO PATTERN: rip 04:57 dead | last candles RG, vol 0.7x the 5 before (high break needs 2.0x)
2026-10-07 09:16:44,206 INFO [v36b] WHY-NOT SXTC px 1.9800 | crowd #2 $840k held 7.7m, gainer #2 | NO PATTERN: rip 04:57 dead | last candles RG, vol 0.7x the 5 before (high break needs 2.0x)
2026-10-07 09:16:59,550 INFO [v36b] WHY-NOT BIYA px 2.7800 | crowd #1 $1230k held 69.0m, gainer #1 | NO: 6 buys today
2026-10-07 09:17:00,593 INFO [v36] WHY-NOT SDEV px 3.6000 | crowd #3 $456k, gainer #10 | NO CROWD: not top 2 held 2m, not ripping, not a top gainer with $1000k
2026-10-07 09:17:00,593 INFO [v36b] WHY-NOT SDEV px 3.6000 | crowd #3 $456k, gainer #10 | NO CROWD: not top 2 held 2m, not ripping, not a top gainer with $1000k
2026-10-07 09:17:13,115 INFO [v36] WHY-NOT BIYA px 2.7600 | crowd #1 $1649k held 69.2m, gainer #1 | NO: 6 buys today
2026-10-07 09:17:44,573 INFO [v36b] WHY-NOT SXTC px 1.9793 | crowd #2 $589k held 8.7m, gainer #2 | NO PATTERN: rip 04:57 dead | last candles GR, vol 0.6x the 5 before (high break needs 2.0x)
2026-10-07 09:17:44,634 INFO [v36] WHY-NOT SXTC px 1.9793 | crowd #2 $589k held 8.7m, gainer #2 | NO PATTERN: rip 04:57 dead | last candles GR, vol 0.6x the 5 before (high break needs 2.0x)
2026-10-07 09:17:59,785 INFO [v36b] WHY-NOT BIYA px 2.7300 | crowd #1 $1649k held 70.0m, gainer #1 | NO: 6 buys today
2026-10-07 09:18:09,557 INFO [v36] WHY-NOT SDEV px 3.6000 | crowd #3 $438k, gainer #8 | NO CROWD: not top 2 held 2m, not ripping, not a top gainer with $1000k
2026-10-07 09:18:09,558 INFO [v36b] WHY-NOT SDEV px 3.6000 | crowd #3 $438k, gainer #8 | NO CROWD: not top 2 held 2m, not ripping, not a top gainer with $1000k
2026-10-07 09:18:13,305 INFO [v36] WHY-NOT BIYA px 2.6600 | crowd #1 $1891k held 70.2m, gainer #1 | NO: 6 buys today
2026-10-07 09:18:45,155 INFO [v36] WHY-NOT SXTC px 1.9900 | crowd #2 $464k held 9.8m, gainer #2 | NO PATTERN: rip 04:57 dead | last candles RG, vol 0.5x the 5 before (high break needs 2.0x)
2026-10-07 09:18:45,155 INFO [v36b] WHY-NOT SXTC px 1.9900 | crowd #2 $464k held 9.8m, gainer #2 | NO PATTERN: rip 04:57 dead | last candles RG, vol 0.5x the 5 before (high break needs 2.0x)
2026-10-07 09:19:00,171 INFO [v36b] WHY-NOT BIYA px 2.6795 | crowd #1 $2078k held 71.0m, gainer #1 | NO: 6 buys today
2026-10-07 09:19:00,290 INFO [v36] WHY-NOT WETO px 1.3003 | crowd #2 $645k held 0.0m, gainer #5 | NO CROWD: not top 2 held 2m, not ripping, not a top gainer with $1000k
2026-10-07 09:19:00,290 INFO [v36b] WHY-NOT WETO px 1.3003 | crowd #2 $645k held 0.0m, gainer #5 | NO CROWD: not top 2 held 2m, not ripping, not a top gainer with $1000k
2026-10-07 09:19:13,684 INFO [v36] WHY-NOT SDEV px 3.5800 | crowd #3 $426k, gainer #10 | NO CROWD: not top 2 held 2m, not ripping, not a top gainer with $1000k
2026-10-07 09:19:13,684 INFO [v36b] WHY-NOT SDEV px 3.5800 | crowd #3 $426k, gainer #10 | NO CROWD: not top 2 held 2m, not ripping, not a top gainer with $1000k
2026-10-07 09:19:13,787 INFO [v36] WHY-NOT BIYA px 2.6600 | crowd #1 $2078k held 71.2m, gainer #1 | NO: 6 buys today
2026-10-07 09:19:45,304 INFO [v36] WHY-NOT SXTC px 1.9900 | crowd #4 $397k, gainer #2 | NO CROWD: not top 2 held 2m, not ripping, not a top gainer with $1000k
2026-10-07 09:19:45,304 INFO [v36b] WHY-NOT SXTC px 1.9900 | crowd #4 $397k, gainer #2 | NO CROWD: not top 2 held 2m, not ripping, not a top gainer with $1000k
2026-10-07 09:20:00,298 INFO [v36] WHY-NOT WETO px 1.2700 | crowd #2 $940k held 1.0m, gainer #5 | NO CROWD: not top 2 held 2m, not ripping, not a top gainer with $1000k
2026-10-07 09:20:00,298 INFO [v36b] WHY-NOT WETO px 1.2700 | crowd #2 $940k held 1.0m, gainer #5 | NO CROWD: not top 2 held 2m, not ripping, not a top gainer with $1000k
2026-10-07 09:20:00,394 INFO [v36] WHY-NOT MI px 1.7200 | crowd #3 $382k, gainer #4 | NO CROWD: not top 2 held 2m, not ripping, not a top gainer with $1000k
2026-10-07 09:20:00,395 INFO [v36b] WHY-NOT MI px 1.7200 | crowd #3 $382k, gainer #4 | NO CROWD: not top 2 held 2m, not ripping, not a top gainer with $1000k
2026-10-07 09:20:01,622 INFO [v36b] WHY-NOT BIYA px 2.6798 | crowd #1 $1751k held 72.0m, gainer #1 | NO: 6 buys today
2026-10-07 09:20:14,668 INFO [v36] WHY-NOT BIYA px 2.6700 | crowd #1 $1751k held 72.2m, gainer #1 | NO: 6 buys today
2026-10-07 09:20:45,364 INFO [v36] WHY-NOT SXTC px 2.1900 | crowd #4 $356k, gainer #2 | NO CROWD: not top 2 held 2m, not ripping, not a top gainer with $1000k
2026-10-07 09:20:45,365 INFO [v36b] WHY-NOT SXTC px 2.1900 | crowd #4 $356k, gainer #2 | NO CROWD: not top 2 held 2m, not ripping, not a top gainer with $1000k
2026-10-07 09:21:00,377 INFO [v36] WHY-NOT WETO px 1.2050 | crowd #2 $1219k held 2.0m, gainer #6 | NO PATTERN: no rip | last candles RR, vol 1.8x the 5 before (high break needs 2.0x)
2026-10-07 09:21:00,377 INFO [v36b] WHY-NOT WETO px 1.2050 | crowd #2 $1219k held 2.0m, gainer #6 | NO PATTERN: no rip | last candles RR, vol 1.8x the 5 before (high break needs 2.0x)
2026-10-07 09:21:01,644 INFO [v36b] WHY-NOT BIYA px 2.6300 | crowd #1 $1344k held 73.0m, gainer #1 | NO: 6 buys today
2026-10-07 09:21:15,189 INFO [v36] WHY-NOT BIYA px 2.6400 | crowd #1 $1344k held 73.3m, gainer #1 | NO: 6 buys today
2026-10-07 09:21:45,396 INFO [v36] WHY-NOT SXTC px 2.1500 | crowd #3 $994k, gainer #2 | NO CROWD: not top 2 held 2m, not ripping, not a top gainer with $1000k
2026-10-07 09:21:45,397 INFO [v36b] WHY-NOT SXTC px 2.1500 | crowd #3 $994k, gainer #2 | NO CROWD: not top 2 held 2m, not ripping, not a top gainer with $1000k
2026-10-07 09:22:00,448 INFO [v36] WHY-NOT WETO px 1.2009 | crowd #2 $1246k held 3.0m, gainer #6 | NO PATTERN: no rip | last candles RR, vol 0.4x the 5 before (high break needs 2.0x)
2026-10-07 09:22:00,448 INFO [v36b] WHY-NOT WETO px 1.2009 | crowd #2 $1246k held 3.0m, gainer #6 | NO PATTERN: no rip | last candles RR, vol 0.4x the 5 before (high break needs 2.0x)
2026-10-07 09:22:02,196 INFO [v36b] WHY-NOT BIYA px 2.6395 | crowd #3 $1033k, gainer #1 | NO: 6 buys today
2026-10-07 09:22:15,303 INFO [v36] WHY-NOT BIYA px 2.5500 | crowd #3 $1033k, gainer #1 | NO: 6 buys today
2026-10-07 09:23:00,673 INFO [v36] WHY-NOT WETO px 1.1800 | crowd #3 $1150k, gainer #7 | NO CROWD: not top 2 held 2m, not ripping, not a top gainer with $1000k
2026-10-07 09:23:00,673 INFO [v36b] WHY-NOT WETO px 1.1800 | crowd #3 $1150k, gainer #7 | NO CROWD: not top 2 held 2m, not ripping, not a top gainer with $1000k
2026-10-07 09:23:02,225 INFO [v36b] WHY-NOT BIYA px 2.5605 | crowd #2 $1555k held 0.0m, gainer #1 | NO: 6 buys today
2026-10-07 09:23:16,063 INFO [v36] WHY-NOT BIYA px 2.5399 | crowd #2 $1555k held 0.3m, gainer #1 | NO: 6 buys today
2026-10-07 09:24:02,172 INFO [v36] WHY-NOT WETO px 1.1800 | crowd #3 $871k, gainer #7 | NO CROWD: not top 2 held 2m, not ripping, not a top gainer with $1000k
2026-10-07 09:24:02,172 INFO [v36b] WHY-NOT WETO px 1.1800 | crowd #3 $871k, gainer #7 | NO CROWD: not top 2 held 2m, not ripping, not a top gainer with $1000k
2026-10-07 09:24:02,816 INFO [v36b] WHY-NOT BIYA px 2.5999 | crowd #2 $1640k held 1.0m, gainer #1 | NO: 6 buys today
2026-10-07 09:24:16,248 INFO [v36] WHY-NOT BIYA px 2.6400 | crowd #2 $1640k held 1.3m, gainer #1 | NO: 6 buys today
2026-10-07 09:25:01,328 INFO [v36b] WHY-NOT SXTC px 2.1300 | crowd #2 $1104k held 3.0m, gainer #2 | WAIT: setup trigger 2.1799
2026-10-07 09:25:02,559 INFO [v36b] WHY-NOT WETO px 1.1700 | crowd #3 $622k, gainer #7 | NO CROWD: not top 2 held 2m, not ripping, not a top gainer with $1000k
2026-10-07 09:25:03,318 INFO [v36b] WHY-NOT BIYA px 2.6350 | crowd #1 $1694k held 2.1m, gainer #1 | NO: 6 buys today
2026-10-07 09:25:03,732 INFO [v36] WHY-NOT SXTC px 2.1200 | crowd #2 $1104k held 3.1m, gainer #2 | WAIT: setup trigger 2.1799
2026-10-07 09:25:03,733 INFO [v36] WHY-NOT WETO px 1.1700 | crowd #3 $622k, gainer #7 | NO CROWD: not top 2 held 2m, not ripping, not a top gainer with $1000k
2026-10-07 09:25:16,954 INFO [v36] WHY-NOT BIYA px 2.6305 | crowd #1 $1694k held 2.3m, gainer #1 | NO: 6 buys today
2026-10-07 09:26:01,915 INFO [v36b] WHY-NOT SXTC px 2.0797 | crowd #2 $980k held 4.0m, gainer #2 | NO PATTERN: rip 05:20 dead | last candles RR, vol 0.8x the 5 before (high break needs 2.0x)
2026-10-07 09:26:04,002 INFO [v36b] WHY-NOT BIYA px 2.6305 | crowd #1 $1797k held 3.1m, gainer #1 | NO: 6 buys today
2026-10-07 09:26:04,221 INFO [v36] WHY-NOT SXTC px 2.0793 | crowd #2 $980k held 4.1m, gainer #2 | NO PATTERN: rip 05:20 dead | last candles RR, vol 0.8x the 5 before (high break needs 2.0x)
2026-10-07 09:26:05,304 INFO [v36] WHY-NOT WETO px 1.1700 | crowd #3 $550k, gainer #7 | NO CROWD: not top 2 held 2m, not ripping, not a top gainer with $1000k
2026-10-07 09:26:05,304 INFO [v36b] WHY-NOT WETO px 1.1700 | crowd #3 $550k, gainer #7 | NO CROWD: not top 2 held 2m, not ripping, not a top gainer with $1000k
2026-10-07 09:26:16,962 INFO [v36] WHY-NOT BIYA px 2.6300 | crowd #1 $1797k held 3.3m, gainer #1 | NO: 6 buys today
2026-10-07 09:27:02,041 INFO [v36b] WHY-NOT SXTC px 2.0000 | crowd #2 $770k held 5.0m, gainer #2 | NO PATTERN: rip 05:20 dead | last candles RR, vol 0.6x the 5 before (high break needs 2.0x)
2026-10-07 09:27:04,591 INFO [v36] WHY-NOT SXTC px 1.9997 | crowd #2 $770k held 5.1m, gainer #2 | NO PATTERN: rip 05:20 dead | last candles RR, vol 0.6x the 5 before (high break needs 2.0x)
2026-10-07 09:27:05,659 INFO [v36b] WHY-NOT BIYA px 2.6304 | crowd #1 $1162k held 4.1m, gainer #1 | NO: 6 buys today
2026-10-07 09:27:08,060 INFO [v36] WHY-NOT WETO px 1.1750 | crowd #3 $295k, gainer #7 | NO CROWD: not top 2 held 2m, not ripping, not a top gainer with $1000k
2026-10-07 09:27:08,061 INFO [v36b] WHY-NOT WETO px 1.1750 | crowd #3 $295k, gainer #7 | NO CROWD: not top 2 held 2m, not ripping, not a top gainer with $1000k
2026-10-07 09:27:17,210 INFO [v36] WHY-NOT BIYA px 2.6303 | crowd #1 $1162k held 4.3m, gainer #1 | NO: 6 buys today
2026-10-07 09:28:02,213 INFO [v36b] WHY-NOT SXTC px 2.0300 | crowd #2 $722k held 6.0m, gainer #2 | NO PATTERN: rip 05:20 dead | last candles RG, vol 0.7x the 5 before (high break needs 2.0x)
2026-10-07 09:28:05,406 INFO [v36] WHY-NOT SXTC px 2.0302 | crowd #2 $722k held 6.1m, gainer #2 | NO PATTERN: rip 05:20 dead | last candles RG, vol 0.7x the 5 before (high break needs 2.0x)
2026-10-07 09:28:08,115 INFO [v36] WHY-NOT WETO px 1.2100 | crowd #3 $230k, gainer #6 | NO CROWD: not top 2 held 2m, not ripping, not a top gainer with $1000k
2026-10-07 09:28:08,116 INFO [v36b] WHY-NOT WETO px 1.2100 | crowd #3 $230k, gainer #6 | NO CROWD: not top 2 held 2m, not ripping, not a top gainer with $1000k
2026-10-07 09:28:08,762 INFO [v36b] WHY-NOT BIYA px 2.6302 | crowd #1 $1050k held 5.1m, gainer #1 | NO: 6 buys today
2026-10-07 09:28:17,777 INFO [v36] WHY-NOT BIYA px 2.6400 | crowd #1 $1050k held 5.3m, gainer #1 | NO: 6 buys today
2026-10-07 09:29:02,306 INFO [v36b] WHY-NOT SXTC px 2.1400 | crowd #2 $757k held 7.0m, gainer #2 | NO PATTERN: rip 05:20 dead | last candles GG, vol 1.0x the 5 before (high break needs 2.0x)
2026-10-07 09:29:05,603 INFO [v36] WHY-NOT SXTC px 2.1600 | crowd #2 $757k held 7.1m, gainer #2 | NO PATTERN: rip 05:20 dead | last candles GG, vol 1.0x the 5 before (high break needs 2.0x)
2026-10-07 09:29:09,158 INFO [v36b] WHY-NOT BIYA px 2.6199 | crowd #1 $809k held 6.1m, gainer #1 | NO: 6 buys today
2026-10-07 09:29:09,513 INFO [v36] WHY-NOT WETO px 1.1900 | crowd #3 $203k, gainer #6 | NO CROWD: not top 2 held 2m, not ripping, not a top gainer with $1000k
2026-10-07 09:29:09,514 INFO [v36b] WHY-NOT WETO px 1.1900 | crowd #3 $203k, gainer #6 | NO CROWD: not top 2 held 2m, not ripping, not a top gainer with $1000k
2026-10-07 09:29:19,970 INFO [v36] WHY-NOT BIYA px 2.6350 | crowd #1 $809k held 6.3m, gainer #1 | NO: 6 buys today
2026-10-07 09:30:02,510 INFO [v36b] WHY-NOT SXTC px 2.1500 | crowd #1 $680k held 8.0m, gainer #2 | NO PATTERN: rip 05:20 dead | last candles GG, vol 1.0x the 5 before (high break needs 2.0x)
2026-10-07 09:30:05,675 INFO [v36] WHY-NOT SXTC px 2.1591 | crowd #1 $680k held 8.1m, gainer #2 | NO PATTERN: rip 05:20 dead | last candles GG, vol 1.0x the 5 before (high break needs 2.0x)
2026-10-07 09:30:09,237 INFO [v36b] WHY-NOT BIYA px 2.6150 | crowd #2 $583k held 7.2m, gainer #1 | NO: 6 buys today
2026-10-07 09:30:10,669 INFO [v36] WHY-NOT WETO px 1.2000 | crowd #3 $212k, gainer #6 | NO CROWD: not top 2 held 2m, not ripping, not a top gainer with $1000k
2026-10-07 09:30:10,669 INFO [v36b] WHY-NOT WETO px 1.2000 | crowd #3 $212k, gainer #6 | NO CROWD: not top 2 held 2m, not ripping, not a top gainer with $1000k
2026-10-07 09:30:21,537 INFO [v36] WHY-NOT BIYA px 2.6300 | crowd #2 $583k held 7.4m, gainer #1 | NO: 6 buys today
2026-10-07 09:31:03,523 INFO [v36b] WHY-NOT SXTC px 2.0900 | crowd #2 $632k held 9.1m, gainer #2 | NO PATTERN: rip 05:20 dead | last candles GR, vol 0.5x the 5 before (high break needs 2.0x)
2026-10-07 09:31:06,133 INFO [v36] WHY-NOT SXTC px 2.0900 | crowd #2 $632k held 9.1m, gainer #2 | NO PATTERN: rip 05:20 dead | last candles GR, vol 0.5x the 5 before (high break needs 2.0x)
2026-10-07 09:31:09,443 INFO [v36b] WHY-NOT BIYA px 2.7200 | crowd #1 $829k held 8.2m, gainer #1 | NO: 6 buys today
2026-10-07 09:31:17,474 INFO [v36] WHY-NOT WETO px 1.2000 | crowd #3 $242k, gainer #6 | NO CROWD: not top 2 held 2m, not ripping, not a top gainer with $1000k
2026-10-07 09:31:17,475 INFO [v36b] WHY-NOT WETO px 1.2000 | crowd #3 $242k, gainer #6 | NO CROWD: not top 2 held 2m, not ripping, not a top gainer with $1000k
2026-10-07 09:31:21,603 INFO [v36] WHY-NOT BIYA px 2.7101 | crowd #1 $829k held 8.4m, gainer #1 | NO: 6 buys today
2026-10-07 09:32:03,551 INFO [v36b] WHY-NOT SXTC px 2.1500 | crowd #2 $481k held 10.1m, gainer #2 | NO PATTERN: rip 05:20 dead | last candles RG, vol 1.4x the 5 before (high break needs 2.0x)
2026-10-07 09:32:06,382 INFO [v36] WHY-NOT SXTC px 2.1500 | crowd #2 $481k held 10.1m, gainer #2 | NO PATTERN: rip 05:20 dead | last candles RG, vol 1.4x the 5 before (high break needs 2.0x)
2026-10-07 09:32:09,546 INFO [v36b] WHY-NOT BIYA px 2.7300 | crowd #1 $620k held 9.2m, gainer #1 | NO: 6 buys today
2026-10-07 09:32:18,843 INFO [v36] WHY-NOT WETO px 1.1900 | crowd #3 $183k, gainer #6 | NO CROWD: not top 2 held 2m, not ripping, not a top gainer with $1000k
2026-10-07 09:32:18,844 INFO [v36b] WHY-NOT WETO px 1.1900 | crowd #3 $183k, gainer #6 | NO CROWD: not top 2 held 2m, not ripping, not a top gainer with $1000k
2026-10-07 09:32:22,083 INFO [v36] WHY-NOT BIYA px 2.7500 | crowd #1 $620k held 9.4m, gainer #1 | NO: 6 buys today
2026-10-07 09:33:01,804 INFO [v36] WHY-NOT MI px 1.5900 | crowd #3 $256k, gainer #4 | NO CROWD: not top 2 held 2m, not ripping, not a top gainer with $1000k
2026-10-07 09:33:01,804 INFO [v36b] WHY-NOT MI px 1.5900 | crowd #3 $256k, gainer #4 | NO CROWD: not top 2 held 2m, not ripping, not a top gainer with $1000k
2026-10-07 09:33:04,130 INFO [v36b] WHY-NOT SXTC px 2.2200 | crowd #2 $529k held 11.1m, gainer #2 | NO PATTERN: rip 05:20 dead | last candles GR, vol 1.5x the 5 before (high break needs 2.0x)
2026-10-07 09:33:07,083 INFO [v36] WHY-NOT SXTC px 2.2400 | crowd #2 $529k held 11.1m, gainer #2 | NO PATTERN: rip 05:20 dead | last candles GR, vol 1.5x the 5 before (high break needs 2.0x)
2026-10-07 09:33:10,044 INFO [v36b] WHY-NOT BIYA px 2.7600 | crowd #1 $794k held 10.2m, gainer #1 | NO: 6 buys today
2026-10-07 09:33:22,101 INFO [v36] WHY-NOT BIYA px 2.7300 | crowd #1 $794k held 10.4m, gainer #1 | NO: 6 buys today
2026-10-07 09:34:01,816 INFO [v36] WHY-NOT MI px 1.6200 | crowd #3 $464k, gainer #4 | NO CROWD: not top 2 held 2m, not ripping, not a top gainer with $1000k
2026-10-07 09:34:01,817 INFO [v36b] WHY-NOT MI px 1.6200 | crowd #3 $464k, gainer #4 | NO CROWD: not top 2 held 2m, not ripping, not a top gainer with $1000k
2026-10-07 09:34:04,678 INFO [v36b] WHY-NOT SXTC px 2.2213 | crowd #2 $1036k held 12.1m, gainer #2 | NO PATTERN: rip 05:20 alive | last candles RG, vol 2.2x the 5 before (high break needs 2.0x)
2026-10-07 09:34:07,110 INFO [v36] WHY-NOT SXTC px 2.2297 | crowd #2 $1036k held 12.1m, gainer #2 | NO PATTERN: rip 05:20 alive | last candles RG, vol 2.2x the 5 before (high break needs 2.0x)
2026-10-07 09:34:10,285 INFO [v36b] WHY-NOT BIYA px 2.7650 | crowd #1 $1458k held 11.2m, gainer #1 | NO: 6 buys today
2026-10-07 09:34:22,409 INFO [v36] WHY-NOT BIYA px 2.7703 | crowd #1 $1458k held 11.4m, gainer #1 | NO: 6 buys today
2026-10-07 09:35:02,241 INFO [v36] WHY-NOT MI px 1.6500 | crowd #3 $406k, gainer #4 | NO CROWD: not top 2 held 2m, not ripping, not a top gainer with $1000k
2026-10-07 09:35:02,242 INFO [v36b] WHY-NOT MI px 1.6500 | crowd #3 $406k, gainer #4 | NO CROWD: not top 2 held 2m, not ripping, not a top gainer with $1000k
2026-10-07 09:35:02,416 INFO [v36] WHY-NOT SXTC px 2.2600 | crowd #2 $933k held 13.0m, gainer #2 | NO TAPE at the trigger 2.2547: 30s ask 36% bid 30% between 34% of 31683 sh (97% by quote)
2026-10-07 09:35:02,417 INFO [v36b] WHY-NOT SXTC px 2.2600 | crowd #2 $933k held 13.0m, gainer #2 | NO: a 65% top wick on the last candle - sellers rejected the high
2026-10-07 09:35:10,338 INFO [v36b] WHY-NOT BIYA px 2.7700 | crowd #1 $965k held 12.2m, gainer #1 | NO: 6 buys today
2026-10-07 09:35:22,781 INFO [v36] WHY-NOT BIYA px 2.7800 | crowd #1 $965k held 12.4m, gainer #1 | NO: 6 buys today
2026-10-07 09:36:02,520 INFO [v36] WHY-NOT SXTC px 2.0800 | crowd #2 $1177k held 14.0m, gainer #2 | WAIT: setup trigger 2.2404
2026-10-07 09:36:02,520 INFO [v36b] WHY-NOT SXTC px 2.0800 | crowd #2 $1177k held 14.0m, gainer #2 | WAIT: setup trigger 2.2404
2026-10-07 09:36:08,783 INFO [v36] WHY-NOT SDEV px 3.5097 | crowd #3 $473k, gainer #13 | NO CROWD: not top 2 held 2m, not ripping, not a top gainer with $1000k
2026-10-07 09:36:08,783 INFO [v36b] WHY-NOT SDEV px 3.5097 | crowd #3 $473k, gainer #13 | NO CROWD: not top 2 held 2m, not ripping, not a top gainer with $1000k
2026-10-07 09:36:10,501 INFO [v36b] WHY-NOT BIYA px 2.9303 | crowd #1 $2117k held 13.2m, gainer #1 | NO: 6 buys today
2026-10-07 09:36:23,006 INFO [v36] WHY-NOT BIYA px 2.9000 | crowd #1 $2117k held 13.4m, gainer #1 | NO: 6 buys today
2026-10-07 09:37:03,396 INFO [v36] WHY-NOT SXTC px 2.1300 | crowd #2 $1097k held 15.1m, gainer #2 | NO PATTERN: rip 05:20 alive | last candles RG, vol 0.6x the 5 before (high break needs 2.0x)
2026-10-07 09:37:03,396 INFO [v36b] WHY-NOT SXTC px 2.1300 | crowd #2 $1097k held 15.1m, gainer #2 | NO PATTERN: rip 05:20 alive | last candles RG, vol 0.6x the 5 before (high break needs 2.0x)
2026-10-07 09:37:11,221 INFO [v36b] WHY-NOT BIYA px 2.8800 | crowd #1 $2339k held 14.2m, gainer #1 | NO: 6 buys today
2026-10-07 09:37:14,256 INFO [v36] WHY-NOT SDEV px 3.5100 | crowd #3 $295k, gainer #13 | NO CROWD: not top 2 held 2m, not ripping, not a top gainer with $1000k
2026-10-07 09:37:14,256 INFO [v36b] WHY-NOT SDEV px 3.5100 | crowd #3 $295k, gainer #13 | NO CROWD: not top 2 held 2m, not ripping, not a top gainer with $1000k
2026-10-07 09:37:23,010 INFO [v36] WHY-NOT BIYA px 2.9517 | crowd #1 $2339k held 14.4m, gainer #1 | NO: 6 buys today
2026-10-07 09:38:01,678 INFO [v36] WHY-NOT MI px 1.6500 | crowd #3 $167k, gainer #4 | NO CROWD: not top 2 held 2m, not ripping, not a top gainer with $1000k
2026-10-07 09:38:01,678 INFO [v36b] WHY-NOT MI px 1.6500 | crowd #3 $167k, gainer #4 | NO CROWD: not top 2 held 2m, not ripping, not a top gainer with $1000k
2026-10-07 09:38:05,053 INFO [v36] WHY-NOT SXTC px 2.1300 | crowd #2 $653k held 16.1m, gainer #2 | NO PATTERN: rip 05:20 dead | last candles GG, vol 0.4x the 5 before (high break needs 2.0x)
2026-10-07 09:38:05,054 INFO [v36b] WHY-NOT SXTC px 2.1300 | crowd #2 $653k held 16.1m, gainer #2 | NO PATTERN: rip 05:20 dead | last candles GG, vol 0.4x the 5 before (high break needs 2.0x)
2026-10-07 09:38:11,300 INFO [v36b] WHY-NOT BIYA px 2.9500 | crowd #1 $2114k held 15.2m, gainer #1 | NO: 6 buys today
2026-10-07 09:38:23,163 INFO [v36] WHY-NOT BIYA px 2.9202 | crowd #1 $2114k held 15.4m, gainer #1 | NO: 6 buys today
2026-10-07 09:39:06,473 INFO [v36] WHY-NOT SDEV px 3.5100 | crowd #3 $160k, gainer #13 | NO CROWD: not top 2 held 2m, not ripping, not a top gainer with $1000k
2026-10-07 09:39:06,474 INFO [v36b] WHY-NOT SDEV px 3.5100 | crowd #3 $160k, gainer #13 | NO CROWD: not top 2 held 2m, not ripping, not a top gainer with $1000k
2026-10-07 09:39:06,814 INFO [v36] WHY-NOT SXTC px 2.1200 | crowd #2 $589k held 17.1m, gainer #2 | NO PATTERN: rip 05:20 dead | last candles GR, vol 0.3x the 5 before (high break needs 2.0x)
2026-10-07 09:39:06,815 INFO [v36b] WHY-NOT SXTC px 2.1200 | crowd #2 $589k held 17.1m, gainer #2 | NO PATTERN: rip 05:20 dead | last candles GR, vol 0.3x the 5 before (high break needs 2.0x)
2026-10-07 09:39:11,415 INFO [v36b] WHY-NOT BIYA px 3.0500 | crowd #1 $4586k held 16.2m, gainer #1 | NO: 6 buys today
2026-10-07 09:39:23,397 INFO [v36] WHY-NOT BIYA px 3.0399 | crowd #1 $4586k held 16.4m, gainer #1 | NO: 6 buys today
2026-10-07 09:40:06,859 INFO [v36] WHY-NOT SXTC px 2.2106 | crowd #2 $463k held 18.1m, gainer #2 | NO PATTERN: rip 05:20 dead | last candles RG, vol 0.8x the 5 before (high break needs 2.0x)
2026-10-07 09:40:06,859 INFO [v36b] WHY-NOT SXTC px 2.2106 | crowd #2 $463k held 18.1m, gainer #2 | NO PATTERN: rip 05:20 dead | last candles RG, vol 0.8x the 5 before (high break needs 2.0x)
2026-10-07 09:40:10,815 INFO [v36] WHY-NOT SDEV px 3.5000 | crowd #3 $132k, gainer #13 | NO CROWD: not top 2 held 2m, not ripping, not a top gainer with $1000k
2026-10-07 09:40:10,816 INFO [v36b] WHY-NOT SDEV px 3.5000 | crowd #3 $132k, gainer #13 | NO CROWD: not top 2 held 2m, not ripping, not a top gainer with $1000k
2026-10-07 09:40:11,585 INFO [v36b] WHY-NOT BIYA px 2.9000 | crowd #1 $4482k held 17.2m, gainer #1 | NO: 6 buys today
2026-10-07 09:40:23,478 INFO [v36] WHY-NOT BIYA px 2.9600 | crowd #1 $4482k held 17.4m, gainer #1 | NO: 6 buys today
2026-10-07 09:41:00,392 INFO [v36] WHY-NOT WETO px 1.1400 | crowd #3 $173k, gainer #8 | NO CROWD: not top 2 held 2m, not ripping, not a top gainer with $1000k
2026-10-07 09:41:00,392 INFO [v36b] WHY-NOT WETO px 1.1400 | crowd #3 $173k, gainer #8 | NO CROWD: not top 2 held 2m, not ripping, not a top gainer with $1000k
2026-10-07 09:41:06,916 INFO [v36b] WHY-NOT SXTC px 2.4805 | crowd #2 $964k held 19.1m, gainer #2 | NO PATTERN: rip 05:40 dead | last candles GG, vol 4.0x the 5 before (high break needs 2.0x)
2026-10-07 09:41:07,004 INFO [v36] WHY-NOT SXTC px 2.4806 | crowd #2 $964k held 19.1m, gainer #2 | NO PATTERN: rip 05:40 dead | last candles GG, vol 4.0x the 5 before (high break needs 2.0x)
2026-10-07 09:41:11,701 INFO [v36b] WHY-NOT BIYA px 2.8803 | crowd #1 $4583k held 18.2m, gainer #1 | NO: 6 buys today
2026-10-07 09:41:23,808 INFO [v36] WHY-NOT BIYA px 2.9202 | crowd #1 $4583k held 18.4m, gainer #1 | NO: 6 buys today
2026-10-07 09:42:00,701 INFO [v36] WHY-NOT WETO px 1.1400 | crowd #3 $161k, gainer #8 | NO CROWD: not top 2 held 2m, not ripping, not a top gainer with $1000k
2026-10-07 09:42:00,701 INFO [v36b] WHY-NOT WETO px 1.1400 | crowd #3 $161k, gainer #8 | NO CROWD: not top 2 held 2m, not ripping, not a top gainer with $1000k
2026-10-07 09:42:06,962 INFO [v36b] WHY-NOT SXTC px 2.1997 | crowd #2 $868k held 20.1m, gainer #2 | WAIT: setup trigger 2.5000
2026-10-07 09:42:07,045 INFO [v36] WHY-NOT SXTC px 2.2000 | crowd #2 $868k held 20.1m, gainer #2 | WAIT: setup trigger 2.5000
2026-10-07 09:42:11,748 INFO [v36b] WHY-NOT BIYA px 2.9203 | crowd #1 $4515k held 19.2m, gainer #1 | NO: 6 buys today
2026-10-07 09:42:23,816 INFO [v36] WHY-NOT BIYA px 2.9597 | crowd #1 $4515k held 19.4m, gainer #1 | NO: 6 buys today
2026-10-07 09:43:01,372 INFO [v36] WHY-NOT WETO px 1.1308 | crowd #3 $255k, gainer #8 | NO CROWD: not top 2 held 2m, not ripping, not a top gainer with $1000k
2026-10-07 09:43:01,373 INFO [v36b] WHY-NOT WETO px 1.1308 | crowd #3 $255k, gainer #8 | NO CROWD: not top 2 held 2m, not ripping, not a top gainer with $1000k
2026-10-07 09:43:07,113 INFO [v36] WHY-NOT SXTC px 2.3200 | crowd #2 $1896k held 21.1m, gainer #2 | NO PATTERN: rip 05:40 alive | last candles RG, vol 1.6x the 5 before (high break needs 2.0x)
2026-10-07 09:43:07,114 INFO [v36b] WHY-NOT SXTC px 2.3200 | crowd #2 $1896k held 21.1m, gainer #2 | NO PATTERN: rip 05:40 alive | last candles RG, vol 1.6x the 5 before (high break needs 2.0x)
2026-10-07 09:43:11,948 INFO [v36b] WHY-NOT BIYA px 2.9300 | crowd #1 $3256k held 20.2m, gainer #1 | NO: 6 buys today
2026-10-07 09:43:24,285 INFO [v36] WHY-NOT BIYA px 2.9000 | crowd #1 $3256k held 20.4m, gainer #1 | NO: 6 buys today
2026-10-07 09:44:00,082 INFO [v36b] WHY-NOT MTEN px 1.5200 | crowd #3 $352k, gainer #3 | NO CROWD: not top 2 held 2m, not ripping, not a top gainer with $1000k
2026-10-07 09:44:00,084 INFO [v36] WHY-NOT MTEN px 1.5200 | crowd #3 $352k, gainer #3 | NO CROWD: not top 2 held 2m, not ripping, not a top gainer with $1000k
2026-10-07 09:44:07,159 INFO [v36] WHY-NOT SXTC px 2.3003 | crowd #2 $2014k held 22.1m, gainer #2 | NO PATTERN: rip 05:40 alive | last candles GG, vol 0.6x the 5 before (high break needs 2.0x)
2026-10-07 09:44:07,160 INFO [v36b] WHY-NOT SXTC px 2.3003 | crowd #2 $2014k held 22.1m, gainer #2 | NO PATTERN: rip 05:40 alive | last candles GG, vol 0.6x the 5 before (high break needs 2.0x)
2026-10-07 09:44:11,972 INFO [v36b] WHY-NOT BIYA px 2.9100 | crowd #1 $2498k held 21.2m, gainer #1 | NO: 6 buys today
2026-10-07 09:44:25,555 INFO [v36] WHY-NOT BIYA px 2.9200 | crowd #1 $2498k held 21.4m, gainer #1 | NO: 6 buys today
2026-10-07 09:45:00,211 INFO [v36] WHY-NOT MTEN px 1.4891 | crowd #3 $498k, gainer #3 | NO CROWD: not top 2 held 2m, not ripping, not a top gainer with $1000k
2026-10-07 09:45:00,211 INFO [v36b] WHY-NOT MTEN px 1.4891 | crowd #3 $498k, gainer #3 | NO CROWD: not top 2 held 2m, not ripping, not a top gainer with $1000k
2026-10-07 09:45:07,214 INFO [v36] WHY-NOT SXTC px 2.3700 | crowd #2 $1529k held 23.1m, gainer #2 | NO PATTERN: rip 05:40 dead | last candles G-, vol 0.5x the 5 before (high break needs 2.0x)
2026-10-07 09:45:07,215 INFO [v36b] WHY-NOT SXTC px 2.3700 | crowd #2 $1529k held 23.1m, gainer #2 | NO PATTERN: rip 05:40 dead | last candles G-, vol 0.5x the 5 before (high break needs 2.0x)
2026-10-07 09:45:12,458 INFO [v36b] WHY-NOT BIYA px 2.9200 | crowd #1 $1880k held 22.2m, gainer #1 | NO: 6 buys today
2026-10-07 09:45:25,846 INFO [v36] WHY-NOT BIYA px 2.9700 | crowd #1 $1880k held 22.4m, gainer #1 | NO: 6 buys today
2026-10-07 09:46:01,252 INFO [v36] WHY-NOT MTEN px 1.4611 | crowd #3 $576k, gainer #3 | NO CROWD: not top 2 held 2m, not ripping, not a top gainer with $1000k
2026-10-07 09:46:01,252 INFO [v36b] WHY-NOT MTEN px 1.4611 | crowd #3 $576k, gainer #3 | NO CROWD: not top 2 held 2m, not ripping, not a top gainer with $1000k
2026-10-07 09:46:07,964 INFO [v36] WHY-NOT SXTC px 2.3800 | crowd #2 $1295k held 24.1m, gainer #2 | NO PATTERN: rip 05:40 dead | last candles -G, vol 0.8x the 5 before (high break needs 2.0x)
2026-10-07 09:46:07,964 INFO [v36b] WHY-NOT SXTC px 2.3800 | crowd #2 $1295k held 24.1m, gainer #2 | NO PATTERN: rip 05:40 dead | last candles -G, vol 0.8x the 5 before (high break needs 2.0x)
2026-10-07 09:46:12,797 INFO [v36b] WHY-NOT BIYA px 2.9900 | crowd #1 $1811k held 23.2m, gainer #1 | NO: 6 buys today
2026-10-07 09:46:25,969 INFO [v36] WHY-NOT BIYA px 2.9800 | crowd #1 $1811k held 23.4m, gainer #1 | NO: 6 buys today
2026-10-07 09:47:02,714 INFO [v36] WHY-NOT MTEN px 1.4900 | crowd #3 $529k, gainer #3 | NO CROWD: not top 2 held 2m, not ripping, not a top gainer with $1000k
2026-10-07 09:47:02,715 INFO [v36b] WHY-NOT MTEN px 1.4900 | crowd #3 $529k, gainer #3 | NO CROWD: not top 2 held 2m, not ripping, not a top gainer with $1000k
2026-10-07 09:47:07,998 INFO [v36b] WHY-NOT SXTC px 2.4900 | crowd #2 $804k held 25.1m, gainer #2 | NO PATTERN: rip 05:40 dead | last candles GG, vol 0.8x the 5 before (high break needs 2.0x)
2026-10-07 09:47:07,999 INFO [v36] WHY-NOT SXTC px 2.4900 | crowd #2 $804k held 25.1m, gainer #2 | NO PATTERN: rip 05:40 dead | last candles GG, vol 0.8x the 5 before (high break needs 2.0x)
2026-10-07 09:47:12,873 INFO [v36b] WHY-NOT BIYA px 2.8100 | crowd #1 $1199k held 24.2m, gainer #1 | NO: 6 buys today
2026-10-07 09:47:26,206 INFO [v36] WHY-NOT BIYA px 2.8202 | crowd #1 $1199k held 24.4m, gainer #1 | NO: 6 buys today
2026-10-07 09:48:04,143 INFO [v36] WHY-NOT MTEN px 1.5000 | crowd #3 $367k, gainer #3 | NO CROWD: not top 2 held 2m, not ripping, not a top gainer with $1000k
2026-10-07 09:48:04,217 INFO [v36b] WHY-NOT MTEN px 1.5000 | crowd #3 $367k, gainer #3 | NO CROWD: not top 2 held 2m, not ripping, not a top gainer with $1000k
2026-10-07 09:48:08,068 INFO [v36] WHY-NOT SXTC px 2.5000 | crowd #2 $895k held 26.1m, gainer #2 | NO PATTERN: rip 05:40 alive | last candles GG, vol 2.0x the 5 before (high break needs 2.0x)
2026-10-07 09:48:08,069 INFO [v36b] WHY-NOT SXTC px 2.5000 | crowd #2 $895k held 26.1m, gainer #2 | NO PATTERN: rip 05:40 alive | last candles GG, vol 2.0x the 5 before (high break needs 2.0x)
2026-10-07 09:48:12,875 INFO [v36b] WHY-NOT BIYA px 2.7897 | crowd #1 $1639k held 25.2m, gainer #1 | NO: 6 buys today
2026-10-07 09:48:26,707 INFO [v36] WHY-NOT BIYA px 2.7900 | crowd #1 $1639k held 25.4m, gainer #1 | NO: 6 buys today
2026-10-07 09:49:00,511 INFO [v36] WHY-NOT BURU px 1.2100 | crowd #3 $502k, gainer #21 | NO CROWD: not top 2 held 2m, not ripping, not a top gainer with $1000k
2026-10-07 09:49:00,511 INFO [v36b] WHY-NOT BURU px 1.2100 | crowd #3 $502k, gainer #21 | NO CROWD: not top 2 held 2m, not ripping, not a top gainer with $1000k
2026-10-07 09:49:13,564 INFO [v36b] WHY-NOT BIYA px 2.7997 | crowd #1 $2887k held 26.2m, gainer #1 | NO: 6 buys today
2026-10-07 09:49:26,977 INFO [v36] WHY-NOT BIYA px 2.8000 | crowd #1 $2887k held 26.4m, gainer #1 | NO: 6 buys today
2026-10-07 09:50:00,165 INFO [v36] WHY-NOT SXTC px 2.4700 | crowd #2 $2342k held 28.0m, gainer #2 | WAIT: setup trigger 2.5393
2026-10-07 09:50:00,166 INFO [v36b] WHY-NOT SXTC px 2.4700 | crowd #2 $2342k held 28.0m, gainer #2 | WAIT: setup trigger 2.5393
2026-10-07 09:50:00,858 INFO [v36] WHY-NOT MI px 1.7808 | crowd #3 $753k, gainer #4 | NO CROWD: not top 2 held 2m, not ripping, not a top gainer with $1000k
2026-10-07 09:50:00,930 INFO [v36b] WHY-NOT MI px 1.7808 | crowd #3 $753k, gainer #4 | NO CROWD: not top 2 held 2m, not ripping, not a top gainer with $1000k
2026-10-07 09:50:13,809 INFO [v36b] WHY-NOT BIYA px 2.7800 | crowd #1 $2648k held 27.2m, gainer #1 | NO: 6 buys today
2026-10-07 09:50:27,107 INFO [v36] WHY-NOT BIYA px 2.7798 | crowd #1 $2648k held 27.5m, gainer #1 | NO: 6 buys today
2026-10-07 09:51:00,917 INFO [v36] WHY-NOT MI px 1.7200 | crowd #3 $807k, gainer #4 | NO CROWD: not top 2 held 2m, not ripping, not a top gainer with $1000k
2026-10-07 09:51:00,938 INFO [v36b] WHY-NOT MI px 1.7300 | crowd #3 $668k, gainer #4 | NO CROWD: not top 2 held 2m, not ripping, not a top gainer with $1000k
2026-10-07 09:51:01,494 INFO [v36] WHY-NOT SXTC px 2.3997 | crowd #2 $2395k held 29.0m, gainer #2 | WAIT: setup trigger 2.4800
2026-10-07 09:51:01,494 INFO [v36b] WHY-NOT SXTC px 2.3997 | crowd #1 $2002k held 29.0m, gainer #2 | WAIT: setup trigger 2.4800
2026-10-07 09:51:13,885 INFO [v36b] WHY-NOT BIYA px 2.6996 | crowd #2 $1935k held 28.2m, gainer #1 | NO: 6 buys today
2026-10-07 09:51:27,472 INFO [v36] WHY-NOT BIYA px 2.7100 | crowd #1 $2598k held 28.5m, gainer #1 | NO: 6 buys today
2026-10-07 09:52:02,389 INFO [v36] WHY-NOT MI px 1.6792 | crowd #3 $852k, gainer #4 | NO CROWD: not top 2 held 2m, not ripping, not a top gainer with $1000k
2026-10-07 09:52:02,390 INFO [v36b] WHY-NOT MI px 1.6792 | crowd #3 $852k, gainer #4 | NO CROWD: not top 2 held 2m, not ripping, not a top gainer with $1000k
2026-10-07 09:52:14,605 INFO [v36b] WHY-NOT BIYA px 2.7050 | crowd #1 $1997k held 29.2m, gainer #1 | NO: 6 buys today
2026-10-07 09:52:27,797 INFO [v36] WHY-NOT BIYA px 2.7203 | crowd #1 $1997k held 29.5m, gainer #1 | NO: 6 buys today
2026-10-07 09:52:32,243 INFO [v36b] WHY-NOT SXTC px 2.4000 | crowd #2 $1976k held 30.5m, gainer #2 | NO PATTERN: rip 05:40 alive | last candles RG, vol 0.5x the 5 before (high break needs 2.0x)
2026-10-07 09:53:02,455 INFO [v36] WHY-NOT MI px 1.7300 | crowd #3 $721k, gainer #4 | NO CROWD: not top 2 held 2m, not ripping, not a top gainer with $1000k
2026-10-07 09:53:02,456 INFO [v36b] WHY-NOT MI px 1.7300 | crowd #3 $721k, gainer #4 | NO CROWD: not top 2 held 2m, not ripping, not a top gainer with $1000k
2026-10-07 09:53:17,759 INFO [v36b] WHY-NOT BIYA px 2.7095 | crowd #1 $1688k held 30.3m, gainer #1 | NO: 6 buys today
2026-10-07 09:53:27,885 INFO [v36] WHY-NOT BIYA px 2.7000 | crowd #1 $1688k held 30.5m, gainer #1 | NO: 6 buys today
2026-10-07 09:53:32,652 INFO [v36b] WHY-NOT SXTC px 2.3805 | crowd #2 $1546k held 31.5m, gainer #2 | NO PATTERN: rip 05:40 dead | last candles GG, vol 0.2x the 5 before (high break needs 2.0x)
2026-10-07 09:54:00,062 INFO [v36] WHY-NOT MTEN px 1.5300 | crowd #3 $810k, gainer #3 | NO CROWD: not top 2 held 2m, not ripping, not a top gainer with $1000k
2026-10-07 09:54:00,063 INFO [v36b] WHY-NOT MTEN px 1.5300 | crowd #3 $810k, gainer #3 | NO CROWD: not top 2 held 2m, not ripping, not a top gainer with $1000k
2026-10-07 09:54:20,616 INFO [v36b] WHY-NOT BIYA px 2.6997 | crowd #1 $1431k held 31.3m, gainer #1 | NO: 6 buys today
2026-10-07 09:54:28,778 INFO [v36] WHY-NOT BIYA px 2.7200 | crowd #1 $1431k held 31.5m, gainer #1 | NO: 6 buys today
2026-10-07 09:54:32,979 INFO [v36] WHY-NOT SXTC px 2.3400 | crowd #2 $994k held 32.5m, gainer #2 | NO PATTERN: rip 05:40 dead | last candles GR, vol 0.5x the 5 before (high break needs 2.0x)
2026-10-07 09:54:33,195 INFO [v36b] WHY-NOT SXTC px 2.3404 | crowd #2 $994k held 32.6m, gainer #2 | NO PATTERN: rip 05:40 dead | last candles GR, vol 0.5x the 5 before (high break needs 2.0x)
2026-10-07 09:55:01,113 INFO [v36] WHY-NOT MTEN px 1.5500 | crowd #2 $844k held 0.0m, gainer #3 | NO CROWD: not top 2 held 2m, not ripping, not a top gainer with $1000k
2026-10-07 09:55:01,114 INFO [v36b] WHY-NOT MTEN px 1.5500 | crowd #2 $844k held 0.0m, gainer #3 | NO CROWD: not top 2 held 2m, not ripping, not a top gainer with $1000k
2026-10-07 09:55:22,717 INFO [v36b] WHY-NOT BIYA px 2.6903 | crowd #1 $979k held 32.4m, gainer #1 | NO: 6 buys today
2026-10-07 09:55:29,963 INFO [v36] WHY-NOT BIYA px 2.7000 | crowd #1 $979k held 32.5m, gainer #1 | NO: 6 buys today
2026-10-07 09:55:33,353 INFO [v36] WHY-NOT SXTC px 2.2406 | crowd #3 $824k, gainer #2 | NO CROWD: not top 2 held 2m, not ripping, not a top gainer with $1000k
2026-10-07 09:55:33,353 INFO [v36b] WHY-NOT SXTC px 2.2406 | crowd #3 $824k, gainer #2 | NO CROWD: not top 2 held 2m, not ripping, not a top gainer with $1000k
2026-10-07 09:56:02,287 INFO [v36] WHY-NOT MTEN px 1.5400 | crowd #1 $1088k held 1.0m, gainer #3 | NO CROWD: not top 2 held 2m, not ripping, not a top gainer with $1000k
2026-10-07 09:56:02,288 INFO [v36b] WHY-NOT MTEN px 1.5400 | crowd #1 $1088k held 1.0m, gainer #3 | NO CROWD: not top 2 held 2m, not ripping, not a top gainer with $1000k
2026-10-07 09:56:23,711 INFO [v36b] WHY-NOT BIYA px 2.7000 | crowd #3 $802k, gainer #1 | NO: 6 buys today
2026-10-07 09:56:30,713 INFO [v36] WHY-NOT BIYA px 2.7003 | crowd #3 $802k, gainer #1 | NO: 6 buys today
2026-10-07 09:56:33,737 INFO [v36] WHY-NOT SXTC px 2.3096 | crowd #2 $812k held 0.6m, gainer #2 | NO CROWD: not top 2 held 2m, not ripping, not a top gainer with $1000k
2026-10-07 09:56:33,737 INFO [v36b] WHY-NOT SXTC px 2.3096 | crowd #2 $812k held 0.6m, gainer #2 | NO CROWD: not top 2 held 2m, not ripping, not a top gainer with $1000k
2026-10-07 09:57:02,446 INFO [v36] WHY-NOT MTEN px 1.5350 | crowd #1 $1104k held 2.0m, gainer #3 | NO PATTERN: no rip | last candles RR, vol 0.6x the 5 before (high break needs 2.0x)
2026-10-07 09:57:02,446 INFO [v36b] WHY-NOT MTEN px 1.5350 | crowd #1 $1104k held 2.0m, gainer #3 | NO PATTERN: no rip | last candles RR, vol 0.6x the 5 before (high break needs 2.0x)
2026-10-07 09:57:23,754 INFO [v36b] WHY-NOT BIYA px 2.6850 | crowd #3 $706k, gainer #1 | NO: 6 buys today
2026-10-07 09:57:31,218 INFO [v36] WHY-NOT BIYA px 2.7000 | crowd #3 $706k, gainer #1 | NO: 6 buys today
2026-10-07 09:57:35,004 INFO [v36] WHY-NOT SXTC px 2.3700 | crowd #2 $891k held 1.6m, gainer #2 | NO CROWD: not top 2 held 2m, not ripping, not a top gainer with $1000k
2026-10-07 09:57:35,004 INFO [v36b] WHY-NOT SXTC px 2.3700 | crowd #2 $891k held 1.6m, gainer #2 | NO CROWD: not top 2 held 2m, not ripping, not a top gainer with $1000k
2026-10-07 09:58:03,146 INFO [v36] WHY-NOT MTEN px 1.5211 | crowd #2 $789k held 3.1m, gainer #3 | NO PATTERN: no rip | last candles RR, vol 0.4x the 5 before (high break needs 2.0x)
2026-10-07 09:58:03,146 INFO [v36b] WHY-NOT MTEN px 1.5211 | crowd #2 $789k held 3.1m, gainer #3 | NO PATTERN: no rip | last candles RR, vol 0.4x the 5 before (high break needs 2.0x)
2026-10-07 09:58:25,157 INFO [v36b] WHY-NOT BIYA px 2.7200 | crowd #3 $659k, gainer #1 | NO: 6 buys today
2026-10-07 09:58:31,620 INFO [v36] WHY-NOT BIYA px 2.7300 | crowd #3 $659k, gainer #1 | NO: 6 buys today
2026-10-07 09:58:35,220 INFO [v36] WHY-NOT SXTC px 2.3300 | crowd #1 $795k held 2.6m, gainer #2 | NO PATTERN: rip 05:40 dead | last candles GG, vol 0.5x the 5 before (high break needs 2.0x)
2026-10-07 09:58:35,221 INFO [v36b] WHY-NOT SXTC px 2.3300 | crowd #1 $795k held 2.6m, gainer #2 | NO PATTERN: rip 05:40 dead | last candles GG, vol 0.5x the 5 before (high break needs 2.0x)
2026-10-07 09:59:03,686 INFO [v36] WHY-NOT MTEN px 1.5100 | crowd #1 $771k held 4.1m, gainer #3 | NO PATTERN: no rip | last candles RR, vol 0.6x the 5 before (high break needs 2.0x)
2026-10-07 09:59:03,686 INFO [v36b] WHY-NOT MTEN px 1.5100 | crowd #1 $771k held 4.1m, gainer #3 | NO PATTERN: no rip | last candles RR, vol 0.6x the 5 before (high break needs 2.0x)
2026-10-07 09:59:25,707 INFO [v36b] WHY-NOT BIYA px 2.7103 | crowd #3 $606k, gainer #1 | NO: 6 buys today
2026-10-07 09:59:32,414 INFO [v36] WHY-NOT BIYA px 2.7300 | crowd #3 $606k, gainer #1 | NO: 6 buys today
2026-10-07 09:59:36,232 INFO [v36] WHY-NOT SXTC px 2.3707 | crowd #2 $664k held 3.6m, gainer #2 | NO PATTERN: rip 05:40 dead | last candles GR, vol 0.5x the 5 before (high break needs 2.0x)
2026-10-07 09:59:36,233 INFO [v36b] WHY-NOT SXTC px 2.3707 | crowd #2 $664k held 3.6m, gainer #2 | NO PATTERN: rip 05:40 dead | last candles GR, vol 0.5x the 5 before (high break needs 2.0x)
2026-10-07 10:00:04,746 INFO [v36] WHY-NOT MTEN px 1.5000 | crowd #3 $434k, gainer #3 | NO CROWD: not top 2 held 2m, not ripping, not a top gainer with $1000k
2026-10-07 10:00:04,747 INFO [v36b] WHY-NOT MTEN px 1.5000 | crowd #3 $434k, gainer #3 | NO CROWD: not top 2 held 2m, not ripping, not a top gainer with $1000k
2026-10-07 10:00:26,976 INFO [v36b] WHY-NOT BIYA px 2.7104 | crowd #1 $525k held 0.4m, gainer #1 | NO: 6 buys today
2026-10-07 10:00:32,805 INFO [v36] WHY-NOT BIYA px 2.7102 | crowd #1 $525k held 0.5m, gainer #1 | NO: 6 buys today
2026-10-07 10:00:36,240 INFO [v36b] WHY-NOT SXTC px 2.3200 | crowd #2 $481k held 4.6m, gainer #2 | NO PATTERN: rip 05:40 dead | last candles RG, vol 0.5x the 5 before (high break needs 2.0x)
2026-10-07 10:00:38,117 INFO [v36] WHY-NOT SXTC px 2.3108 | crowd #2 $481k held 4.6m, gainer #2 | NO PATTERN: rip 05:40 dead | last candles RG, vol 0.5x the 5 before (high break needs 2.0x)
2026-10-07 10:01:04,818 INFO [v36] WHY-NOT MTEN px 1.5008 | crowd #2 $377k held 0.1m, gainer #3 | NO CROWD: not top 2 held 2m, not ripping, not a top gainer with $1000k
2026-10-07 10:01:04,818 INFO [v36b] WHY-NOT MTEN px 1.5008 | crowd #2 $377k held 0.1m, gainer #3 | NO CROWD: not top 2 held 2m, not ripping, not a top gainer with $1000k
2026-10-07 10:01:27,104 INFO [v36b] WHY-NOT BIYA px 2.6800 | crowd #1 $507k held 1.4m, gainer #1 | NO: 6 buys today
2026-10-07 10:01:33,156 INFO [v36] WHY-NOT BIYA px 2.6700 | crowd #1 $507k held 1.6m, gainer #1 | NO: 6 buys today
2026-10-07 10:01:37,707 INFO [v36b] WHY-NOT SXTC px 2.3000 | crowd #3 $374k, gainer #2 | NO CROWD: not top 2 held 2m, not ripping, not a top gainer with $1000k
2026-10-07 10:01:38,590 INFO [v36] WHY-NOT SXTC px 2.2900 | crowd #3 $374k, gainer #2 | NO CROWD: not top 2 held 2m, not ripping, not a top gainer with $1000k
2026-10-07 10:02:00,023 INFO [v36] WHY-NOT MI px 1.7800 | crowd #2 $316k held 0.0m, gainer #4 | NO CROWD: not top 2 held 2m, not ripping, not a top gainer with $1000k
2026-10-07 10:02:00,023 INFO [v36b] WHY-NOT MI px 1.7800 | crowd #2 $316k held 0.0m, gainer #4 | NO CROWD: not top 2 held 2m, not ripping, not a top gainer with $1000k
2026-10-07 10:02:27,444 INFO [v36b] WHY-NOT BIYA px 2.7800 | crowd #1 $336k held 2.5m, gainer #1 | NO: 6 buys today
2026-10-07 10:02:33,234 INFO [v36] WHY-NOT BIYA px 2.7699 | crowd #1 $336k held 2.6m, gainer #1 | NO: 6 buys today
2026-10-07 10:02:37,977 INFO [v36b] WHY-NOT SXTC px 2.1401 | crowd #3 $275k, gainer #2 | NO CROWD: not top 2 held 2m, not ripping, not a top gainer with $1000k
2026-10-07 10:02:38,875 INFO [v36] WHY-NOT SXTC px 2.1306 | crowd #3 $275k, gainer #2 | NO CROWD: not top 2 held 2m, not ripping, not a top gainer with $1000k
2026-10-07 10:03:00,696 INFO [v36] WHY-NOT MI px 1.7800 | crowd #3 $306k, gainer #4 | NO CROWD: not top 2 held 2m, not ripping, not a top gainer with $1000k
2026-10-07 10:03:00,696 INFO [v36b] WHY-NOT MI px 1.7800 | crowd #3 $306k, gainer #4 | NO CROWD: not top 2 held 2m, not ripping, not a top gainer with $1000k
2026-10-07 10:03:27,464 INFO [v36b] WHY-NOT BIYA px 2.7500 | crowd #1 $561k held 3.5m, gainer #1 | NO: 6 buys today
2026-10-07 10:03:34,292 INFO [v36] WHY-NOT BIYA px 2.7500 | crowd #1 $561k held 3.6m, gainer #1 | NO: 6 buys today
2026-10-07 10:03:38,481 INFO [v36b] WHY-NOT SXTC px 2.1600 | crowd #2 $313k held 0.6m, gainer #2 | NO CROWD: not top 2 held 2m, not ripping, not a top gainer with $1000k
2026-10-07 10:03:39,207 INFO [v36] WHY-NOT SXTC px 2.1504 | crowd #2 $313k held 0.7m, gainer #2 | NO CROWD: not top 2 held 2m, not ripping, not a top gainer with $1000k
2026-10-07 10:04:00,934 INFO [v36] WHY-NOT MTEN px 1.5400 | crowd #3 $477k, gainer #3 | NO CROWD: not top 2 held 2m, not ripping, not a top gainer with $1000k
2026-10-07 10:04:00,934 INFO [v36b] WHY-NOT MTEN px 1.5400 | crowd #3 $477k, gainer #3 | NO CROWD: not top 2 held 2m, not ripping, not a top gainer with $1000k
2026-10-07 10:04:27,515 INFO [v36b] WHY-NOT BIYA px 2.7400 | crowd #1 $1213k held 4.5m, gainer #1 | NO: 6 buys today
2026-10-07 10:04:34,413 INFO [v36] WHY-NOT BIYA px 2.7500 | crowd #1 $1213k held 4.6m, gainer #1 | NO: 6 buys today
2026-10-07 10:04:39,611 INFO [v36] WHY-NOT SXTC px 2.2100 | crowd #2 $775k held 1.7m, gainer #2 | NO CROWD: not top 2 held 2m, not ripping, not a top gainer with $1000k
2026-10-07 10:04:39,611 INFO [v36b] WHY-NOT SXTC px 2.2100 | crowd #2 $775k held 1.7m, gainer #2 | NO CROWD: not top 2 held 2m, not ripping, not a top gainer with $1000k
2026-10-07 10:05:01,103 INFO [v36] WHY-NOT MTEN px 1.5500 | crowd #3 $450k, gainer #3 | NO CROWD: not top 2 held 2m, not ripping, not a top gainer with $1000k
2026-10-07 10:05:01,179 INFO [v36b] WHY-NOT MTEN px 1.5500 | crowd #3 $450k, gainer #3 | NO CROWD: not top 2 held 2m, not ripping, not a top gainer with $1000k
2026-10-07 10:05:28,194 INFO [v36b] WHY-NOT BIYA px 2.6950 | crowd #1 $1251k held 5.5m, gainer #1 | NO: 6 buys today
2026-10-07 10:05:34,749 INFO [v36] WHY-NOT BIYA px 2.6900 | crowd #1 $1251k held 5.6m, gainer #1 | NO: 6 buys today
2026-10-07 10:05:41,239 INFO [v36] WHY-NOT SXTC px 2.2896 | crowd #2 $822k held 2.7m, gainer #2 | NO PATTERN: rip 05:40 dead | last candles GG, vol 0.8x the 5 before (high break needs 2.0x)
2026-10-07 10:05:41,239 INFO [v36b] WHY-NOT SXTC px 2.2896 | crowd #2 $822k held 2.7m, gainer #2 | NO PATTERN: rip 05:40 dead | last candles GG, vol 0.8x the 5 before (high break needs 2.0x)
2026-10-07 10:06:04,836 INFO [v36] WHY-NOT MTEN px 1.5400 | crowd #3 $438k, gainer #3 | NO CROWD: not top 2 held 2m, not ripping, not a top gainer with $1000k
2026-10-07 10:06:04,837 INFO [v36b] WHY-NOT MTEN px 1.5400 | crowd #3 $438k, gainer #3 | NO CROWD: not top 2 held 2m, not ripping, not a top gainer with $1000k
2026-10-07 10:06:28,469 INFO [v36b] WHY-NOT BIYA px 2.6502 | crowd #1 $1043k held 6.5m, gainer #1 | NO: 6 buys today
2026-10-07 10:06:35,960 INFO [v36] WHY-NOT BIYA px 2.6500 | crowd #1 $1043k held 6.6m, gainer #1 | NO: 6 buys today
2026-10-07 10:06:41,879 INFO [v36] WHY-NOT SXTC px 2.2296 | crowd #2 $870k held 3.7m, gainer #2 | NO PATTERN: rip 05:40 dead | last candles GR, vol 0.9x the 5 before (high break needs 2.0x)
2026-10-07 10:06:41,879 INFO [v36b] WHY-NOT SXTC px 2.2296 | crowd #2 $870k held 3.7m, gainer #2 | NO PATTERN: rip 05:40 dead | last candles GR, vol 0.9x the 5 before (high break needs 2.0x)
2026-10-07 10:07:05,429 INFO [v36] WHY-NOT MTEN px 1.5200 | crowd #3 $349k, gainer #3 | NO CROWD: not top 2 held 2m, not ripping, not a top gainer with $1000k
2026-10-07 10:07:05,430 INFO [v36b] WHY-NOT MTEN px 1.5200 | crowd #3 $349k, gainer #3 | NO CROWD: not top 2 held 2m, not ripping, not a top gainer with $1000k
2026-10-07 10:07:29,813 INFO [v36b] WHY-NOT BIYA px 2.6800 | crowd #1 $838k held 7.5m, gainer #1 | NO: 6 buys today
2026-10-07 10:07:36,012 INFO [v36] WHY-NOT BIYA px 2.6900 | crowd #1 $838k held 7.6m, gainer #1 | NO: 6 buys today
2026-10-07 10:07:42,487 INFO [v36] WHY-NOT SXTC px 2.2500 | crowd #2 $548k held 4.7m, gainer #2 | NO PATTERN: rip 05:40 dead | last candles RR, vol 0.3x the 5 before (high break needs 2.0x)
2026-10-07 10:07:42,488 INFO [v36b] WHY-NOT SXTC px 2.2500 | crowd #2 $548k held 4.7m, gainer #2 | NO PATTERN: rip 05:40 dead | last candles RR, vol 0.3x the 5 before (high break needs 2.0x)
2026-10-07 10:08:08,864 INFO [v36] WHY-NOT MTEN px 1.5108 | crowd #3 $374k, gainer #3 | NO CROWD: not top 2 held 2m, not ripping, not a top gainer with $1000k
2026-10-07 10:08:08,864 INFO [v36b] WHY-NOT MTEN px 1.5108 | crowd #3 $374k, gainer #3 | NO CROWD: not top 2 held 2m, not ripping, not a top gainer with $1000k
2026-10-07 10:08:30,167 INFO [v36b] WHY-NOT BIYA px 2.6800 | crowd #1 $780k held 8.5m, gainer #1 | NO: 6 buys today
2026-10-07 10:08:36,611 INFO [v36] WHY-NOT BIYA px 2.6900 | crowd #1 $780k held 8.6m, gainer #1 | NO: 6 buys today
2026-10-07 10:08:42,897 INFO [v36] WHY-NOT SXTC px 2.1896 | crowd #2 $429k held 5.7m, gainer #2 | NO PATTERN: rip 05:40 dead | last candles RG, vol 0.2x the 5 before (high break needs 2.0x)
2026-10-07 10:08:42,897 INFO [v36b] WHY-NOT SXTC px 2.1896 | crowd #2 $429k held 5.7m, gainer #2 | NO PATTERN: rip 05:40 dead | last candles RG, vol 0.2x the 5 before (high break needs 2.0x)
2026-10-07 10:09:10,112 INFO [v36] WHY-NOT MTEN px 1.5200 | crowd #2 $311k held 0.2m, gainer #3 | NO CROWD: not top 2 held 2m, not ripping, not a top gainer with $1000k
2026-10-07 10:09:10,113 INFO [v36b] WHY-NOT MTEN px 1.5200 | crowd #2 $311k held 0.2m, gainer #3 | NO CROWD: not top 2 held 2m, not ripping, not a top gainer with $1000k
2026-10-07 10:09:30,218 INFO [v36b] WHY-NOT BIYA px 2.6900 | crowd #1 $657k held 9.5m, gainer #1 | NO: 6 buys today
2026-10-07 10:09:42,493 INFO [v36] WHY-NOT BIYA px 2.6802 | crowd #1 $657k held 9.7m, gainer #1 | NO: 6 buys today
2026-10-07 10:09:45,384 INFO [v36] WHY-NOT SXTC px 2.2102 | crowd #3 $286k, gainer #2 | NO CROWD: not top 2 held 2m, not ripping, not a top gainer with $1000k
2026-10-07 10:09:45,384 INFO [v36b] WHY-NOT SXTC px 2.2102 | crowd #3 $286k, gainer #2 | NO CROWD: not top 2 held 2m, not ripping, not a top gainer with $1000k
2026-10-07 10:10:00,407 INFO [v36] WHY-NOT WETO px 1.2391 | crowd #2 $242k held 0.0m, gainer #6 | NO CROWD: not top 2 held 2m, not ripping, not a top gainer with $1000k
2026-10-07 10:10:15,362 INFO [v36b] WHY-NOT MTEN px 1.5000 | crowd #2 $183k held 1.3m, gainer #3 | NO CROWD: not top 2 held 2m, not ripping, not a top gainer with $1000k
2026-10-07 10:10:15,362 INFO [v36] WHY-NOT MTEN px 1.5000 | crowd #3 $225k, gainer #3 | NO CROWD: not top 2 held 2m, not ripping, not a top gainer with $1000k
2026-10-07 10:10:30,480 INFO [v36b] WHY-NOT BIYA px 2.6900 | crowd #1 $551k held 10.5m, gainer #1 | NO: 6 buys today
2026-10-07 10:10:43,166 INFO [v36] WHY-NOT BIYA px 2.7198 | crowd #1 $606k held 10.7m, gainer #1 | NO: 6 buys today
2026-10-07 10:10:45,728 INFO [v36] WHY-NOT SXTC px 2.1399 | crowd #4 $203k, gainer #2 | NO CROWD: not top 2 held 2m, not ripping, not a top gainer with $1000k
2026-10-07 10:10:45,729 INFO [v36b] WHY-NOT SXTC px 2.1399 | crowd #3 $169k, gainer #2 | NO CROWD: not top 2 held 2m, not ripping, not a top gainer with $1000k
2026-10-07 10:11:00,268 INFO [v36] WHY-NOT BURU px 1.1080 | crowd #2 $323k held 0.0m, gainer #25 | NO CROWD: not top 2 held 2m, not ripping, not a top gainer with $1000k
2026-10-07 10:11:00,269 INFO [v36b] WHY-NOT BURU px 1.1080 | crowd #2 $323k held 0.0m, gainer #25 | NO CROWD: not top 2 held 2m, not ripping, not a top gainer with $1000k
2026-10-07 10:11:00,842 INFO [v36] WHY-NOT WETO px 1.2207 | crowd #3 $321k, gainer #6 | NO CROWD: not top 2 held 2m, not ripping, not a top gainer with $1000k
2026-10-07 10:11:00,842 INFO [v36b] WHY-NOT WETO px 1.2207 | crowd #3 $321k, gainer #6 | NO CROWD: not top 2 held 2m, not ripping, not a top gainer with $1000k
2026-10-07 10:11:30,831 INFO [v36b] WHY-NOT BIYA px 2.7697 | crowd #1 $534k held 11.5m, gainer #1 | NO: 6 buys today
2026-10-07 10:11:43,211 INFO [v36] WHY-NOT BIYA px 2.7500 | crowd #1 $534k held 11.7m, gainer #1 | NO: 6 buys today
2026-10-07 10:11:46,220 INFO [v36] WHY-NOT SXTC px 2.1402 | crowd #4 $212k, gainer #2 | NO CROWD: not top 2 held 2m, not ripping, not a top gainer with $1000k
2026-10-07 10:11:46,220 INFO [v36b] WHY-NOT SXTC px 2.1402 | crowd #4 $212k, gainer #2 | NO CROWD: not top 2 held 2m, not ripping, not a top gainer with $1000k
2026-10-07 10:12:00,502 INFO [v36] WHY-NOT BURU px 1.1150 | crowd #2 $501k held 1.0m, gainer #25 | NO CROWD: not top 2 held 2m, not ripping, not a top gainer with $1000k
2026-10-07 10:12:00,502 INFO [v36b] WHY-NOT BURU px 1.1150 | crowd #2 $501k held 1.0m, gainer #25 | NO CROWD: not top 2 held 2m, not ripping, not a top gainer with $1000k
2026-10-07 10:12:01,883 INFO [v36] WHY-NOT WETO px 1.2200 | crowd #3 $368k, gainer #6 | NO CROWD: not top 2 held 2m, not ripping, not a top gainer with $1000k
2026-10-07 10:12:01,883 INFO [v36b] WHY-NOT WETO px 1.2200 | crowd #3 $368k, gainer #6 | NO CROWD: not top 2 held 2m, not ripping, not a top gainer with $1000k
2026-10-07 10:12:31,648 INFO [v36b] WHY-NOT BIYA px 2.7800 | crowd #1 $619k held 12.5m, gainer #1 | NO: 6 buys today
2026-10-07 10:12:43,702 INFO [v36] WHY-NOT BIYA px 2.7501 | crowd #1 $619k held 12.7m, gainer #1 | NO: 6 buys today
2026-10-07 10:12:46,421 INFO [v36] WHY-NOT SXTC px 2.1493 | crowd #4 $246k, gainer #2 | NO CROWD: not top 2 held 2m, not ripping, not a top gainer with $1000k
2026-10-07 10:12:46,421 INFO [v36b] WHY-NOT SXTC px 2.1493 | crowd #4 $246k, gainer #2 | NO CROWD: not top 2 held 2m, not ripping, not a top gainer with $1000k
2026-10-07 10:13:00,619 INFO [v36] WHY-NOT BURU px 1.1195 | crowd #2 $448k held 2.0m, gainer #25 | NO PATTERN: no rip | last candles GG, vol 0.5x the 5 before (high break needs 2.0x)
2026-10-07 10:13:00,619 INFO [v36b] WHY-NOT BURU px 1.1195 | crowd #2 $448k held 2.0m, gainer #25 | NO PATTERN: no rip | last candles GG, vol 0.5x the 5 before (high break needs 2.0x)
2026-10-07 10:13:03,375 INFO [v36] WHY-NOT WETO px 1.1995 | crowd #3 $338k, gainer #6 | NO CROWD: not top 2 held 2m, not ripping, not a top gainer with $1000k
2026-10-07 10:13:03,375 INFO [v36b] WHY-NOT WETO px 1.1995 | crowd #3 $338k, gainer #6 | NO CROWD: not top 2 held 2m, not ripping, not a top gainer with $1000k
2026-10-07 10:13:34,284 INFO [v36b] WHY-NOT BIYA px 2.7503 | crowd #1 $790k held 13.6m, gainer #1 | NO: 6 buys today
2026-10-07 10:13:44,576 INFO [v36] WHY-NOT BIYA px 2.7503 | crowd #1 $790k held 13.7m, gainer #1 | NO: 6 buys today
2026-10-07 10:13:48,012 INFO [v36] WHY-NOT SXTC px 2.1800 | crowd #5 $233k, gainer #2 | NO CROWD: not top 2 held 2m, not ripping, not a top gainer with $1000k
2026-10-07 10:13:48,012 INFO [v36b] WHY-NOT SXTC px 2.1800 | crowd #5 $233k, gainer #2 | NO CROWD: not top 2 held 2m, not ripping, not a top gainer with $1000k
2026-10-07 10:14:00,925 INFO [v36] WHY-NOT BURU px 1.1395 | crowd #2 $438k held 3.0m, gainer #24 | NO PATTERN: no rip | last candles GG, vol 0.4x the 5 before (high break needs 2.0x)
2026-10-07 10:14:00,925 INFO [v36b] WHY-NOT BURU px 1.1395 | crowd #2 $438k held 3.0m, gainer #24 | NO PATTERN: no rip | last candles GG, vol 0.4x the 5 before (high break needs 2.0x)
2026-10-07 10:14:37,506 INFO [v36b] WHY-NOT BIYA px 2.7401 | crowd #1 $883k held 14.6m, gainer #1 | NO: 6 buys today
2026-10-07 10:14:44,657 INFO [v36] WHY-NOT BIYA px 2.7499 | crowd #1 $883k held 14.7m, gainer #1 | NO: 6 buys today
2026-10-07 10:14:49,605 INFO [v36] WHY-NOT SXTC px 2.2000 | crowd #3 $258k, gainer #2 | NO CROWD: not top 2 held 2m, not ripping, not a top gainer with $1000k
2026-10-07 10:14:49,605 INFO [v36b] WHY-NOT SXTC px 2.2000 | crowd #3 $258k, gainer #2 | NO CROWD: not top 2 held 2m, not ripping, not a top gainer with $1000k
2026-10-07 10:15:00,363 INFO [v36] WHY-NOT MTEN px 1.4400 | crowd #3 $373k, gainer #3 | NO CROWD: not top 2 held 2m, not ripping, not a top gainer with $1000k
2026-10-07 10:15:00,363 INFO [v36b] WHY-NOT MTEN px 1.4400 | crowd #3 $373k, gainer #3 | NO CROWD: not top 2 held 2m, not ripping, not a top gainer with $1000k
2026-10-07 10:15:01,280 INFO [v36] WHY-NOT BURU px 1.0700 | crowd #2 $414k held 4.0m, gainer #25 | NO PATTERN: no rip | last candles GR, vol 1.5x the 5 before (high break needs 2.0x)
2026-10-07 10:15:01,281 INFO [v36b] WHY-NOT BURU px 1.0700 | crowd #2 $414k held 4.0m, gainer #25 | NO PATTERN: no rip | last candles GR, vol 1.5x the 5 before (high break needs 2.0x)
2026-10-07 10:15:39,312 INFO [v36b] WHY-NOT BIYA px 2.6903 | crowd #1 $798k held 15.7m, gainer #1 | NO: 6 buys today
2026-10-07 10:15:46,863 INFO [v36] WHY-NOT BIYA px 2.6900 | crowd #1 $798k held 15.8m, gainer #1 | NO: 6 buys today
2026-10-07 10:15:49,852 INFO [v36] WHY-NOT SXTC px 2.1806 | crowd #4 $288k, gainer #2 | NO CROWD: not top 2 held 2m, not ripping, not a top gainer with $1000k
2026-10-07 10:15:49,852 INFO [v36b] WHY-NOT SXTC px 2.1806 | crowd #4 $288k, gainer #2 | NO CROWD: not top 2 held 2m, not ripping, not a top gainer with $1000k
2026-10-07 10:16:01,313 INFO [v36] WHY-NOT MTEN px 1.4605 | crowd #2 $387k held 0.0m, gainer #3 | NO CROWD: not top 2 held 2m, not ripping, not a top gainer with $1000k
2026-10-07 10:16:01,313 INFO [v36b] WHY-NOT MTEN px 1.4605 | crowd #2 $387k held 0.0m, gainer #3 | NO CROWD: not top 2 held 2m, not ripping, not a top gainer with $1000k
2026-10-07 10:16:02,361 INFO [v36] WHY-NOT BURU px 1.0989 | crowd #3 $301k, gainer #25 | NO CROWD: not top 2 held 2m, not ripping, not a top gainer with $1000k
2026-10-07 10:16:02,361 INFO [v36b] WHY-NOT BURU px 1.0989 | crowd #3 $301k, gainer #25 | NO CROWD: not top 2 held 2m, not ripping, not a top gainer with $1000k
2026-10-07 10:16:39,524 INFO [v36b] WHY-NOT BIYA px 2.6799 | crowd #1 $742k held 16.7m, gainer #1 | NO: 6 buys today
2026-10-07 10:16:47,527 INFO [v36] WHY-NOT BIYA px 2.6798 | crowd #1 $742k held 16.8m, gainer #1 | NO: 6 buys today
2026-10-07 10:16:50,024 INFO [v36] WHY-NOT SXTC px 2.1400 | crowd #4 $245k, gainer #2 | NO CROWD: not top 2 held 2m, not ripping, not a top gainer with $1000k
2026-10-07 10:16:50,032 INFO [v36b] WHY-NOT SXTC px 2.1400 | crowd #4 $245k, gainer #2 | NO CROWD: not top 2 held 2m, not ripping, not a top gainer with $1000k
2026-10-07 10:17:01,461 INFO [v36] WHY-NOT MTEN px 1.4589 | crowd #2 $360k held 1.0m, gainer #3 | NO CROWD: not top 2 held 2m, not ripping, not a top gainer with $1000k
2026-10-07 10:17:01,462 INFO [v36b] WHY-NOT MTEN px 1.4589 | crowd #2 $360k held 1.0m, gainer #3 | NO CROWD: not top 2 held 2m, not ripping, not a top gainer with $1000k
2026-10-07 10:17:05,446 INFO [v36] WHY-NOT BURU px 1.0902 | crowd #3 $283k, gainer #26 | NO CROWD: not top 2 held 2m, not ripping, not a top gainer with $1000k
2026-10-07 10:17:05,446 INFO [v36b] WHY-NOT BURU px 1.0902 | crowd #3 $283k, gainer #26 | NO CROWD: not top 2 held 2m, not ripping, not a top gainer with $1000k
2026-10-07 10:17:39,911 INFO [v36b] WHY-NOT BIYA px 2.6600 | crowd #1 $672k held 17.7m, gainer #1 | NO: 6 buys today
2026-10-07 10:17:47,894 INFO [v36] WHY-NOT BIYA px 2.6598 | crowd #1 $672k held 17.8m, gainer #1 | NO: 6 buys today
2026-10-07 10:17:57,386 INFO [v36] WHY-NOT SXTC px 2.1300 | crowd #4 $252k, gainer #2 | NO CROWD: not top 2 held 2m, not ripping, not a top gainer with $1000k
2026-10-07 10:17:57,388 INFO [v36b] WHY-NOT SXTC px 2.1300 | crowd #4 $252k, gainer #2 | NO CROWD: not top 2 held 2m, not ripping, not a top gainer with $1000k
2026-10-07 10:18:02,266 INFO [v36] WHY-NOT MTEN px 1.4698 | crowd #2 $334k held 2.0m, gainer #3 | NO PATTERN: no rip | last candles RG, vol 0.4x the 5 before (high break needs 2.0x)
2026-10-07 10:18:02,266 INFO [v36b] WHY-NOT MTEN px 1.4698 | crowd #2 $334k held 2.0m, gainer #3 | NO PATTERN: no rip | last candles RG, vol 0.4x the 5 before (high break needs 2.0x)
2026-10-07 10:18:07,436 INFO [v36] WHY-NOT BURU px 1.0900 | crowd #3 $243k, gainer #26 | NO CROWD: not top 2 held 2m, not ripping, not a top gainer with $1000k
2026-10-07 10:18:07,437 INFO [v36b] WHY-NOT BURU px 1.0900 | crowd #3 $243k, gainer #26 | NO CROWD: not top 2 held 2m, not ripping, not a top gainer with $1000k
2026-10-07 10:18:41,810 INFO [v36b] WHY-NOT BIYA px 2.6700 | crowd #1 $523k held 18.7m, gainer #1 | NO: 6 buys today
2026-10-07 10:18:48,361 INFO [v36] WHY-NOT BIYA px 2.6800 | crowd #1 $523k held 18.8m, gainer #1 | NO: 6 buys today
2026-10-07 10:18:58,351 INFO [v36] WHY-NOT SXTC px 2.1100 | crowd #4 $193k, gainer #2 | NO CROWD: not top 2 held 2m, not ripping, not a top gainer with $1000k
2026-10-07 10:18:58,352 INFO [v36b] WHY-NOT SXTC px 2.1100 | crowd #4 $193k, gainer #2 | NO CROWD: not top 2 held 2m, not ripping, not a top gainer with $1000k
2026-10-07 10:19:00,226 INFO [v36] WHY-NOT ALP px 4.3891 | crowd #2 $384k held 0.0m, gainer #12 | NO CROWD: not top 2 held 2m, not ripping, not a top gainer with $1000k
2026-10-07 10:19:00,226 INFO [v36b] WHY-NOT ALP px 4.3891 | crowd #2 $384k held 0.0m, gainer #12 | NO CROWD: not top 2 held 2m, not ripping, not a top gainer with $1000k
2026-10-07 10:19:07,534 INFO [v36b] WHY-NOT BURU px 1.0187 | crowd #3 $355k, gainer #27 | NO CROWD: not top 2 held 2m, not ripping, not a top gainer with $1000k
2026-10-07 10:19:07,606 INFO [v36] WHY-NOT BURU px 1.0187 | crowd #3 $355k, gainer #27 | NO CROWD: not top 2 held 2m, not ripping, not a top gainer with $1000k
2026-10-07 10:19:43,881 INFO [v36b] WHY-NOT BIYA px 2.6802 | crowd #1 $619k held 19.7m, gainer #1 | NO: 6 buys today
2026-10-07 10:19:48,689 INFO [v36] WHY-NOT BIYA px 2.6705 | crowd #1 $619k held 19.8m, gainer #1 | NO: 6 buys today
2026-10-07 10:19:59,732 INFO [v36] WHY-NOT SXTC px 2.0800 | crowd #4 $233k, gainer #2 | NO CROWD: not top 2 held 2m, not ripping, not a top gainer with $1000k
2026-10-07 10:19:59,732 INFO [v36b] WHY-NOT SXTC px 2.0800 | crowd #4 $233k, gainer #2 | NO CROWD: not top 2 held 2m, not ripping, not a top gainer with $1000k
2026-10-07 10:20:00,758 INFO [v36] WHY-NOT ALP px 4.2865 | crowd #2 $493k held 1.0m, gainer #13 | NO CROWD: not top 2 held 2m, not ripping, not a top gainer with $1000k
2026-10-07 10:20:00,758 INFO [v36b] WHY-NOT ALP px 4.2865 | crowd #2 $493k held 1.0m, gainer #13 | NO CROWD: not top 2 held 2m, not ripping, not a top gainer with $1000k
2026-10-07 10:20:08,038 INFO [v36] WHY-NOT BURU px 1.0000 | crowd #3 $370k, gainer #28 | NO CROWD: not top 2 held 2m, not ripping, not a top gainer with $1000k
2026-10-07 10:20:08,038 INFO [v36b] WHY-NOT BURU px 1.0000 | crowd #3 $370k, gainer #28 | NO CROWD: not top 2 held 2m, not ripping, not a top gainer with $1000k
2026-10-07 10:20:44,601 INFO [v36b] WHY-NOT BIYA px 2.6703 | crowd #1 $517k held 20.7m, gainer #1 | NO: 6 buys today
2026-10-07 10:20:50,361 INFO [v36] WHY-NOT BIYA px 2.6700 | crowd #1 $517k held 20.8m, gainer #1 | NO: 6 buys today
2026-10-07 10:21:01,106 INFO [v36] WHY-NOT ALP px 4.4350 | crowd #1 $588k held 2.0m, gainer #10 | NO PATTERN: no rip | last candles RG, vol 1.1x the 5 before (high break needs 2.0x)
2026-10-07 10:21:01,107 INFO [v36b] WHY-NOT ALP px 4.4350 | crowd #1 $588k held 2.0m, gainer #10 | NO PATTERN: no rip | last candles RG, vol 1.1x the 5 before (high break needs 2.0x)
2026-10-07 10:21:01,386 INFO [v36] WHY-NOT SXTC px 2.0400 | crowd #4 $312k, gainer #2 | NO CROWD: not top 2 held 2m, not ripping, not a top gainer with $1000k
2026-10-07 10:21:01,386 INFO [v36b] WHY-NOT SXTC px 2.0400 | crowd #4 $312k, gainer #2 | NO CROWD: not top 2 held 2m, not ripping, not a top gainer with $1000k
2026-10-07 10:21:08,754 INFO [v36] WHY-NOT BURU px 1.0116 | crowd #3 $395k, gainer #27 | NO CROWD: not top 2 held 2m, not ripping, not a top gainer with $1000k
2026-10-07 10:21:08,754 INFO [v36b] WHY-NOT BURU px 1.0116 | crowd #3 $395k, gainer #27 | NO CROWD: not top 2 held 2m, not ripping, not a top gainer with $1000k
2026-10-07 10:21:48,116 INFO [v36b] WHY-NOT BIYA px 2.6797 | crowd #2 $474k held 21.8m, gainer #1 | NO: 6 buys today
2026-10-07 10:21:50,465 INFO [v36] WHY-NOT BIYA px 2.6900 | crowd #2 $474k held 21.8m, gainer #1 | NO: 6 buys today
2026-10-07 10:22:01,605 INFO [v36] WHY-NOT ALP px 4.2900 | crowd #1 $568k held 3.0m, gainer #13 | NO PATTERN: no rip | last candles GR, vol 0.9x the 5 before (high break needs 2.0x)
2026-10-07 10:22:01,605 INFO [v36b] WHY-NOT ALP px 4.2900 | crowd #1 $568k held 3.0m, gainer #13 | NO PATTERN: no rip | last candles GR, vol 0.9x the 5 before (high break needs 2.0x)
2026-10-07 10:22:02,334 INFO [v36] WHY-NOT SXTC px 2.0700 | crowd #4 $326k, gainer #2 | NO CROWD: not top 2 held 2m, not ripping, not a top gainer with $1000k
2026-10-07 10:22:02,414 INFO [v36b] WHY-NOT SXTC px 2.0700 | crowd #4 $326k, gainer #2 | NO CROWD: not top 2 held 2m, not ripping, not a top gainer with $1000k
2026-10-07 10:22:08,796 INFO [v36] WHY-NOT BURU px 1.0050 | crowd #3 $400k, gainer #27 | NO CROWD: not top 2 held 2m, not ripping, not a top gainer with $1000k
2026-10-07 10:22:08,796 INFO [v36b] WHY-NOT BURU px 1.0050 | crowd #3 $400k, gainer #27 | NO CROWD: not top 2 held 2m, not ripping, not a top gainer with $1000k
2026-10-07 10:22:48,814 INFO [v36b] WHY-NOT BIYA px 2.6697 | crowd #2 $431k held 22.8m, gainer #1 | NO: 6 buys today
2026-10-07 10:22:50,645 INFO [v36] WHY-NOT BIYA px 2.6603 | crowd #2 $431k held 22.8m, gainer #1 | NO: 6 buys today
2026-10-07 10:23:00,713 INFO [v36] WHY-NOT MTEN px 1.5100 | crowd #2 $482k held 0.0m, gainer #3 | NO PATTERN: rip 06:22 alive | last candles RG, vol 7.5x the 5 before (high break needs 2.0x)
2026-10-07 10:23:00,714 INFO [v36b] WHY-NOT MTEN px 1.5100 | crowd #2 $482k held 0.0m, gainer #3 | NO PATTERN: rip 06:22 alive | last candles RG, vol 7.5x the 5 before (high break needs 2.0x)
2026-10-07 10:23:01,808 INFO [v36] WHY-NOT ALP px 4.3100 | crowd #3 $441k, gainer #13 | NO CROWD: not top 2 held 2m, not ripping, not a top gainer with $1000k
2026-10-07 10:23:01,808 INFO [v36b] WHY-NOT ALP px 4.3100 | crowd #3 $441k, gainer #13 | NO CROWD: not top 2 held 2m, not ripping, not a top gainer with $1000k
2026-10-07 10:23:04,924 INFO [v36] WHY-NOT SXTC px 2.0700 | crowd #4 $275k, gainer #2 | NO CROWD: not top 2 held 2m, not ripping, not a top gainer with $1000k
2026-10-07 10:23:04,924 INFO [v36b] WHY-NOT SXTC px 2.0700 | crowd #4 $275k, gainer #2 | NO CROWD: not top 2 held 2m, not ripping, not a top gainer with $1000k
2026-10-07 10:23:49,008 INFO [v36b] WHY-NOT BIYA px 2.5750 | crowd #1 $487k held 23.8m, gainer #1 | NO: 6 buys today
2026-10-07 10:23:50,789 INFO [v36] WHY-NOT BIYA px 2.5799 | crowd #1 $487k held 23.8m, gainer #1 | NO: 6 buys today
2026-10-07 10:24:01,877 INFO [v36] WHY-NOT ALP px 4.4405 | crowd #3 $332k, gainer #11 | NO CROWD: not top 2 held 2m, not ripping, not a top gainer with $1000k
2026-10-07 10:24:01,878 INFO [v36b] WHY-NOT ALP px 4.4405 | crowd #3 $332k, gainer #11 | NO CROWD: not top 2 held 2m, not ripping, not a top gainer with $1000k
2026-10-07 10:24:03,217 INFO [v36] WHY-NOT MTEN px 1.4898 | crowd #1 $467k held 1.0m, gainer #3 | WAIT: setup trigger 1.5200
2026-10-07 10:24:03,217 INFO [v36b] WHY-NOT MTEN px 1.4898 | crowd #1 $467k held 1.0m, gainer #3 | WAIT: setup trigger 1.5200
2026-10-07 10:24:08,080 INFO [v36] WHY-NOT SXTC px 2.0496 | crowd #4 $229k, gainer #2 | NO CROWD: not top 2 held 2m, not ripping, not a top gainer with $1000k
2026-10-07 10:24:08,080 INFO [v36b] WHY-NOT SXTC px 2.0496 | crowd #4 $229k, gainer #2 | NO CROWD: not top 2 held 2m, not ripping, not a top gainer with $1000k
2026-10-07 10:24:21,875 INFO [v36] WHY-NOT MTEN px 1.5200 | crowd #1 $467k held 1.4m, gainer #3 | NO TREND at the trigger 1.5200: vwap 1.5098 e9 1.4679 e20 1.4767 macd -0.0096
2026-10-07 10:24:21,875 INFO [v36b] WHY-NOT MTEN px 1.5200 | crowd #1 $467k held 1.4m, gainer #3 | NO TREND at the trigger 1.5200: vwap 1.5098 e9 1.4679 e20 1.4767 macd -0.0096
2026-10-07 10:24:28,708 INFO [v36] WHY-NOT MTEN px 1.5200 | crowd #1 $467k held 1.5m, gainer #3 | NO TREND at the trigger 1.5200: vwap 1.5098 e9 1.4679 e20 1.4767 macd -0.0096
2026-10-07 10:24:28,708 INFO [v36b] WHY-NOT MTEN px 1.5200 | crowd #1 $467k held 1.5m, gainer #3 | NO TREND at the trigger 1.5200: vwap 1.5098 e9 1.4679 e20 1.4767 macd -0.0096
2026-10-07 10:24:33,813 INFO [v36] WHY-NOT MTEN px 1.5200 | crowd #1 $467k held 1.6m, gainer #3 | NO TREND at the trigger 1.5200: vwap 1.5098 e9 1.4679 e20 1.4767 macd -0.0096
2026-10-07 10:24:33,813 INFO [v36b] WHY-NOT MTEN px 1.5200 | crowd #1 $467k held 1.6m, gainer #3 | NO TREND at the trigger 1.5200: vwap 1.5098 e9 1.4679 e20 1.4767 macd -0.0096
2026-10-07 10:24:39,100 INFO [v36] WHY-NOT MTEN px 1.5200 | crowd #1 $467k held 1.6m, gainer #3 | NO TREND at the trigger 1.5200: vwap 1.5098 e9 1.4679 e20 1.4767 macd -0.0096
2026-10-07 10:24:39,100 INFO [v36b] WHY-NOT MTEN px 1.5200 | crowd #1 $467k held 1.6m, gainer #3 | NO TREND at the trigger 1.5200: vwap 1.5098 e9 1.4679 e20 1.4767 macd -0.0096
2026-10-07 10:24:44,575 INFO [v36] WHY-NOT MTEN px 1.5300 | crowd #1 $467k held 1.7m, gainer #3 | NO TREND at the trigger 1.5200: vwap 1.5098 e9 1.4679 e20 1.4767 macd -0.0096
2026-10-07 10:24:44,575 INFO [v36b] WHY-NOT MTEN px 1.5300 | crowd #1 $467k held 1.7m, gainer #3 | NO TREND at the trigger 1.5200: vwap 1.5098 e9 1.4679 e20 1.4767 macd -0.0096
2026-10-07 10:24:49,728 INFO [v36] WHY-NOT MTEN px 1.5400 | crowd #1 $467k held 1.8m, gainer #3 | NO TREND at the trigger 1.5200: vwap 1.5098 e9 1.4679 e20 1.4767 macd -0.0096
2026-10-07 10:24:49,728 INFO [v36b] WHY-NOT MTEN px 1.5400 | crowd #1 $467k held 1.8m, gainer #3 | NO TREND at the trigger 1.5200: vwap 1.5098 e9 1.4679 e20 1.4767 macd -0.0096
2026-10-07 10:24:50,460 INFO [v36b] WHY-NOT BIYA px 2.6003 | crowd #2 $365k held 24.8m, gainer #1 | NO: 6 buys today
2026-10-07 10:24:50,828 INFO [v36] WHY-NOT BIYA px 2.6004 | crowd #2 $365k held 24.8m, gainer #1 | NO: 6 buys today
2026-10-07 10:24:54,880 INFO [v36] WHY-NOT MTEN px 1.5500 | crowd #1 $467k held 1.9m, gainer #3 | NO TREND at the trigger 1.5200: vwap 1.5098 e9 1.4679 e20 1.4767 macd -0.0096
2026-10-07 10:24:54,881 INFO [v36b] WHY-NOT MTEN px 1.5500 | crowd #1 $467k held 1.9m, gainer #3 | NO TREND at the trigger 1.5200: vwap 1.5098 e9 1.4679 e20 1.4767 macd -0.0096
2026-10-07 10:25:01,878 INFO [v36] WHY-NOT ALP px 4.2600 | crowd #3 $322k, gainer #14 | NO CROWD: not top 2 held 2m, not ripping, not a top gainer with $1000k
2026-10-07 10:25:02,437 INFO [v36b] WHY-NOT ALP px 4.2772 | crowd #3 $322k, gainer #14 | NO CROWD: not top 2 held 2m, not ripping, not a top gainer with $1000k
2026-10-07 10:25:10,126 INFO [v36] WHY-NOT SXTC px 2.0899 | crowd #4 $140k, gainer #2 | NO CROWD: not top 2 held 2m, not ripping, not a top gainer with $1000k
2026-10-07 10:25:10,126 INFO [v36b] WHY-NOT SXTC px 2.0899 | crowd #4 $140k, gainer #2 | NO CROWD: not top 2 held 2m, not ripping, not a top gainer with $1000k
2026-10-07 10:25:50,461 INFO [v36b] WHY-NOT BIYA px 2.6000 | crowd #1 $770k held 25.8m, gainer #1 | NO: 6 buys today
2026-10-07 10:25:51,261 INFO [v36] WHY-NOT BIYA px 2.5903 | crowd #1 $770k held 25.9m, gainer #1 | NO: 6 buys today
2026-10-07 10:25:55,097 INFO [v36] WHY-NOT MTEN px 1.5850 | crowd #2 $554k held 2.9m, gainer #3 | NO PATTERN: rip 06:22 alive | last candles RG, vol 1.7x the 5 before (high break needs 2.0x)
2026-10-07 10:25:55,098 INFO [v36b] WHY-NOT MTEN px 1.5850 | crowd #2 $554k held 2.9m, gainer #3 | NO PATTERN: rip 06:22 alive | last candles RG, vol 1.7x the 5 before (high break needs 2.0x)
2026-10-07 10:26:03,070 INFO [v36] WHY-NOT ALP px 3.7900 | crowd #3 $429k, gainer #26 | NO CROWD: not top 2 held 2m, not ripping, not a top gainer with $1000k
2026-10-07 10:26:03,071 INFO [v36b] WHY-NOT ALP px 3.7900 | crowd #3 $429k, gainer #26 | NO CROWD: not top 2 held 2m, not ripping, not a top gainer with $1000k
2026-10-07 10:26:11,879 INFO [v36] WHY-NOT SXTC px 2.0600 | crowd #5 $124k, gainer #2 | NO CROWD: not top 2 held 2m, not ripping, not a top gainer with $1000k
2026-10-07 10:26:11,879 INFO [v36b] WHY-NOT SXTC px 2.0600 | crowd #5 $124k, gainer #2 | NO CROWD: not top 2 held 2m, not ripping, not a top gainer with $1000k
2026-10-07 10:26:55,254 INFO [v36] WHY-NOT MTEN px 1.5300 | crowd #2 $660k held 3.9m, gainer #3 | NO PATTERN: rip 06:22 alive | last candles GG, vol 2.7x the 5 before (high break needs 2.0x)
2026-10-07 10:26:55,254 INFO [v36b] WHY-NOT MTEN px 1.5300 | crowd #2 $660k held 3.9m, gainer #3 | NO PATTERN: rip 06:22 alive | last candles GG, vol 2.7x the 5 before (high break needs 2.0x)
2026-10-07 10:26:58,677 INFO [v36b] WHY-NOT BIYA px 2.6100 | crowd #1 $869k held 27.0m, gainer #1 | NO: 6 buys today
2026-10-07 10:26:58,874 INFO [v36] WHY-NOT BIYA px 2.6100 | crowd #1 $869k held 27.0m, gainer #1 | NO: 6 buys today
2026-10-07 10:27:03,764 INFO [v36] WHY-NOT ALP px 3.7500 | crowd #3 $681k, gainer #26 | NO CROWD: not top 2 held 2m, not ripping, not a top gainer with $1000k
2026-10-07 10:27:03,765 INFO [v36b] WHY-NOT ALP px 3.7500 | crowd #3 $681k, gainer #26 | NO CROWD: not top 2 held 2m, not ripping, not a top gainer with $1000k
2026-10-07 10:27:13,242 INFO [v36] WHY-NOT SXTC px 2.0904 | crowd #5 $160k, gainer #2 | NO CROWD: not top 2 held 2m, not ripping, not a top gainer with $1000k
2026-10-07 10:27:13,242 INFO [v36b] WHY-NOT SXTC px 2.0904 | crowd #5 $160k, gainer #2 | NO CROWD: not top 2 held 2m, not ripping, not a top gainer with $1000k
2026-10-07 10:27:55,603 INFO [v36] WHY-NOT MTEN px 1.5311 | crowd #1 $1078k held 4.9m, gainer #3 | WAIT: setup trigger 1.5800
2026-10-07 10:27:55,603 INFO [v36b] WHY-NOT MTEN px 1.5311 | crowd #1 $1078k held 4.9m, gainer #3 | WAIT: setup trigger 1.5800
2026-10-07 10:27:59,798 INFO [v36] WHY-NOT BIYA px 2.6300 | crowd #2 $1052k held 28.0m, gainer #1 | NO: 6 buys today
2026-10-07 10:27:59,798 INFO [v36b] WHY-NOT BIYA px 2.6300 | crowd #2 $1052k held 28.0m, gainer #1 | NO: 6 buys today
2026-10-07 10:28:06,546 INFO [v36] WHY-NOT ALP px 3.8000 | crowd #2 $553k held 0.1m, gainer #27 | NO CROWD: not top 2 held 2m, not ripping, not a top gainer with $1000k
2026-10-07 10:28:06,546 INFO [v36b] WHY-NOT ALP px 3.8000 | crowd #2 $553k held 0.1m, gainer #27 | NO CROWD: not top 2 held 2m, not ripping, not a top gainer with $1000k
2026-10-07 10:28:13,526 INFO [v36] WHY-NOT SXTC px 2.1297 | crowd #5 $126k, gainer #2 | NO CROWD: not top 2 held 2m, not ripping, not a top gainer with $1000k
2026-10-07 10:28:13,527 INFO [v36b] WHY-NOT SXTC px 2.1297 | crowd #5 $126k, gainer #2 | NO CROWD: not top 2 held 2m, not ripping, not a top gainer with $1000k
2026-10-07 10:28:56,183 INFO [v36] WHY-NOT MTEN px 1.5200 | crowd #1 $967k held 5.9m, gainer #3 | NO PATTERN: rip 06:22 alive | last candles RG, vol 0.4x the 5 before (high break needs 2.0x)
2026-10-07 10:28:56,183 INFO [v36b] WHY-NOT MTEN px 1.5200 | crowd #1 $967k held 5.9m, gainer #3 | NO PATTERN: rip 06:22 alive | last candles RG, vol 0.4x the 5 before (high break needs 2.0x)
2026-10-07 10:29:00,144 INFO [v36] WHY-NOT BIYA px 2.6300 | crowd #2 $701k held 0.0m, gainer #1 | NO: 6 buys today
2026-10-07 10:29:00,145 INFO [v36b] WHY-NOT BIYA px 2.6300 | crowd #2 $701k held 0.0m, gainer #1 | NO: 6 buys today
2026-10-07 10:29:07,314 INFO [v36] WHY-NOT ALP px 3.6000 | crowd #3 $452k, gainer #28 | NO CROWD: not top 2 held 2m, not ripping, not a top gainer with $1000k
2026-10-07 10:29:07,314 INFO [v36b] WHY-NOT ALP px 3.6000 | crowd #3 $452k, gainer #28 | NO CROWD: not top 2 held 2m, not ripping, not a top gainer with $1000k
2026-10-07 10:29:14,026 INFO [v36] WHY-NOT SXTC px 2.1899 | crowd #4 $281k, gainer #2 | NO CROWD: not top 2 held 2m, not ripping, not a top gainer with $1000k
2026-10-07 10:29:14,027 INFO [v36b] WHY-NOT SXTC px 2.1899 | crowd #4 $281k, gainer #2 | NO CROWD: not top 2 held 2m, not ripping, not a top gainer with $1000k
2026-10-07 10:29:57,563 INFO [v36] WHY-NOT MTEN px 1.5089 | crowd #1 $947k held 6.9m, gainer #3 | WAIT: setup trigger 1.5500
2026-10-07 10:29:57,564 INFO [v36b] WHY-NOT MTEN px 1.5089 | crowd #1 $947k held 6.9m, gainer #3 | WAIT: setup trigger 1.5500
2026-10-07 10:30:00,777 INFO [v36] WHY-NOT BIYA px 2.6200 | crowd #1 $593k held 1.0m, gainer #1 | NO: 6 buys today
2026-10-07 10:30:00,777 INFO [v36b] WHY-NOT BIYA px 2.6200 | crowd #1 $593k held 1.0m, gainer #1 | NO: 6 buys today
2026-10-07 10:30:14,613 INFO [v36] WHY-NOT SXTC px 2.2510 | crowd #3 $569k, gainer #2 | NO CROWD: not top 2 held 2m, not ripping, not a top gainer with $1000k
2026-10-07 10:30:14,613 INFO [v36b] WHY-NOT SXTC px 2.2510 | crowd #3 $569k, gainer #2 | NO CROWD: not top 2 held 2m, not ripping, not a top gainer with $1000k
2026-10-07 10:30:57,766 INFO [v36] WHY-NOT MTEN px 1.5208 | crowd #2 $578k held 8.0m, gainer #3 | WAIT: setup trigger 1.5389
2026-10-07 10:30:57,766 INFO [v36b] WHY-NOT MTEN px 1.5208 | crowd #2 $578k held 8.0m, gainer #3 | WAIT: setup trigger 1.5389
2026-10-07 10:31:00,936 INFO [v36] WHY-NOT BIYA px 2.5900 | crowd #2 $511k held 2.0m, gainer #1 | NO: 6 buys today
2026-10-07 10:31:00,936 INFO [v36b] WHY-NOT BIYA px 2.5900 | crowd #2 $511k held 2.0m, gainer #1 | NO: 6 buys today
2026-10-07 10:31:14,629 INFO [v36] WHY-NOT SXTC px 2.2800 | crowd #1 $719k held 0.2m, gainer #2 | NO CROWD: not top 2 held 2m, not ripping, not a top gainer with $1000k
2026-10-07 10:31:14,630 INFO [v36b] WHY-NOT SXTC px 2.2800 | crowd #1 $719k held 0.2m, gainer #2 | NO CROWD: not top 2 held 2m, not ripping, not a top gainer with $1000k
2026-10-07 10:31:58,859 INFO [v36] WHY-NOT MTEN px 1.5011 | crowd #3 $348k, gainer #3 | NO CROWD: not top 2 held 2m, not ripping, not a top gainer with $1000k
2026-10-07 10:31:58,859 INFO [v36b] WHY-NOT MTEN px 1.5011 | crowd #3 $348k, gainer #3 | NO CROWD: not top 2 held 2m, not ripping, not a top gainer with $1000k
2026-10-07 10:32:00,482 INFO [v36] WHY-NOT LPCN px 2.4609 | crowd #3 $288k, gainer #6 | NO CROWD: not top 2 held 2m, not ripping, not a top gainer with $1000k
2026-10-07 10:32:00,482 INFO [v36b] WHY-NOT LPCN px 2.4609 | crowd #3 $288k, gainer #6 | NO CROWD: not top 2 held 2m, not ripping, not a top gainer with $1000k
2026-10-07 10:32:05,954 INFO [v36] WHY-NOT BIYA px 2.6300 | crowd #2 $299k held 3.1m, gainer #1 | NO: 6 buys today
2026-10-07 10:32:05,954 INFO [v36b] WHY-NOT BIYA px 2.6300 | crowd #2 $299k held 3.1m, gainer #1 | NO: 6 buys today
2026-10-07 10:32:15,797 INFO [v36] WHY-NOT SXTC px 2.2000 | crowd #1 $610k held 1.3m, gainer #2 | NO CROWD: not top 2 held 2m, not ripping, not a top gainer with $1000k
2026-10-07 10:32:15,798 INFO [v36b] WHY-NOT SXTC px 2.2000 | crowd #1 $610k held 1.3m, gainer #2 | NO CROWD: not top 2 held 2m, not ripping, not a top gainer with $1000k
2026-10-07 10:33:00,511 INFO [v36] WHY-NOT LPCN px 2.5100 | crowd #1 $1015k held 0.0m, gainer #6 | WAIT: hod trigger 2.6400
2026-10-07 10:33:00,512 INFO [v36b] WHY-NOT LPCN px 2.5100 | crowd #1 $1015k held 0.0m, gainer #6 | WAIT: hod trigger 2.6400
2026-10-07 10:33:07,512 INFO [v36] WHY-NOT BIYA px 2.6600 | crowd #3 $322k, gainer #1 | NO: 6 buys today
2026-10-07 10:33:07,512 INFO [v36b] WHY-NOT BIYA px 2.6600 | crowd #3 $322k, gainer #1 | NO: 6 buys today
2026-10-07 10:33:16,017 INFO [v36] WHY-NOT SXTC px 2.1600 | crowd #2 $842k held 2.3m, gainer #2 | NO PATTERN: rip 05:40 dead | last candles RR, vol 0.6x the 5 before (high break needs 2.0x)
2026-10-07 10:33:16,017 INFO [v36b] WHY-NOT SXTC px 2.1600 | crowd #2 $842k held 2.3m, gainer #2 | NO PATTERN: rip 05:40 dead | last candles RR, vol 0.6x the 5 before (high break needs 2.0x)
2026-10-07 10:34:00,760 INFO [v36b] WHY-NOT LPCN px 2.5250 | crowd #1 $1623k held 1.0m, gainer #6 | NO PATTERN: rip 06:32 alive | last candles GG, vol 3.2x the 5 before (high break needs 2.0x)
2026-10-07 10:34:07,627 INFO [v36] WHY-NOT BIYA px 2.7100 | crowd #3 $478k, gainer #1 | NO: 6 buys today
2026-10-07 10:34:07,628 INFO [v36b] WHY-NOT BIYA px 2.7100 | crowd #3 $478k, gainer #1 | NO: 6 buys today
2026-10-07 10:34:16,526 INFO [v36] WHY-NOT SXTC px 2.1399 | crowd #2 $623k held 3.3m, gainer #2 | NO PATTERN: rip 05:40 dead | last candles RG, vol 0.5x the 5 before (high break needs 2.0x)
2026-10-07 10:34:16,526 INFO [v36b] WHY-NOT SXTC px 2.1399 | crowd #2 $623k held 3.3m, gainer #2 | NO PATTERN: rip 05:40 dead | last candles RG, vol 0.5x the 5 before (high break needs 2.0x)
2026-10-07 10:35:00,808 INFO [v36b] WHY-NOT LPCN px 2.5600 | crowd #1 $2014k held 2.0m, gainer #5 | NO PATTERN: rip 06:32 alive | last candles GG, vol 1.5x the 5 before (high break needs 2.0x)
2026-10-07 10:35:07,644 INFO [v36b] WHY-NOT BIYA px 2.7499 | crowd #2 $773k held 0.1m, gainer #1 | NO: 6 buys today
2026-10-07 10:35:07,644 INFO [v36] WHY-NOT BIYA px 2.7499 | crowd #2 $773k held 0.1m, gainer #1 | NO: 6 buys today
2026-10-07 10:35:17,482 INFO [v36] WHY-NOT SXTC px 2.1500 | crowd #3 $512k, gainer #2 | NO CROWD: not top 2 held 2m, not ripping, not a top gainer with $1000k
2026-10-07 10:35:17,483 INFO [v36b] WHY-NOT SXTC px 2.1500 | crowd #3 $512k, gainer #2 | NO CROWD: not top 2 held 2m, not ripping, not a top gainer with $1000k
2026-10-07 10:36:00,853 INFO [v36b] WHY-NOT LPCN px 2.4103 | crowd #1 $2153k held 3.0m, gainer #6 | WAIT: setup trigger 2.5800
2026-10-07 10:36:03,309 INFO [v36b] WHY-NOT MTEN px 1.4800 | crowd #3 $472k, gainer #3 | NO CROWD: not top 2 held 2m, not ripping, not a top gainer with $1000k
2026-10-07 10:36:07,417 INFO [v36] WHY-NOT LPCN px 2.4100 | crowd #1 $2153k held 3.1m, gainer #6 | WAIT: setup trigger 2.5800
2026-10-07 10:36:07,422 INFO [v36] WHY-NOT MTEN px 1.4800 | crowd #3 $472k, gainer #3 | NO CROWD: not top 2 held 2m, not ripping, not a top gainer with $1000k
2026-10-07 10:36:10,871 INFO [v36] WHY-NOT BIYA px 2.7000 | crowd #2 $927k held 1.2m, gainer #1 | NO: 6 buys today
2026-10-07 10:36:10,873 INFO [v36b] WHY-NOT BIYA px 2.7000 | crowd #2 $927k held 1.2m, gainer #1 | NO: 6 buys today
2026-10-07 10:36:24,960 INFO [v36] WHY-NOT SXTC px 2.1400 | crowd #4 $316k, gainer #2 | NO CROWD: not top 2 held 2m, not ripping, not a top gainer with $1000k
2026-10-07 10:36:24,960 INFO [v36b] WHY-NOT SXTC px 2.1400 | crowd #4 $316k, gainer #2 | NO CROWD: not top 2 held 2m, not ripping, not a top gainer with $1000k
2026-10-07 10:37:01,837 INFO [v36b] WHY-NOT LPCN px 2.4900 | crowd #1 $2276k held 4.0m, gainer #6 | NO PATTERN: rip 06:32 alive | last candles RG, vol 1.1x the 5 before (high break needs 2.0x)
2026-10-07 10:37:05,440 INFO [v36b] WHY-NOT MTEN px 1.4806 | crowd #3 $391k, gainer #3 | NO CROWD: not top 2 held 2m, not ripping, not a top gainer with $1000k
2026-10-07 10:37:07,509 INFO [v36] WHY-NOT LPCN px 2.5507 | crowd #1 $2276k held 4.1m, gainer #6 | NO PATTERN: rip 06:32 alive | last candles RG, vol 1.1x the 5 before (high break needs 2.0x)
2026-10-07 10:37:08,550 INFO [v36] WHY-NOT MTEN px 1.4900 | crowd #3 $391k, gainer #3 | NO CROWD: not top 2 held 2m, not ripping, not a top gainer with $1000k
2026-10-07 10:37:11,414 INFO [v36] WHY-NOT BIYA px 2.7101 | crowd #2 $875k held 2.2m, gainer #1 | NO: 6 buys today
2026-10-07 10:37:11,415 INFO [v36b] WHY-NOT BIYA px 2.7101 | crowd #2 $875k held 2.2m, gainer #1 | NO: 6 buys today
2026-10-07 10:37:26,225 INFO [v36] WHY-NOT SXTC px 2.1093 | crowd #5 $281k, gainer #2 | NO CROWD: not top 2 held 2m, not ripping, not a top gainer with $1000k
2026-10-07 10:37:26,226 INFO [v36b] WHY-NOT SXTC px 2.1093 | crowd #5 $281k, gainer #2 | NO CROWD: not top 2 held 2m, not ripping, not a top gainer with $1000k
2026-10-07 10:38:01,845 INFO [v36b] WHY-NOT LPCN px 2.5409 | crowd #1 $2247k held 5.0m, gainer #6 | NO PATTERN: rip 06:32 alive | last candles GG, vol 1.3x the 5 before (high break needs 2.0x)
2026-10-07 10:38:05,924 INFO [v36b] WHY-NOT MTEN px 1.4600 | crowd #3 $322k, gainer #3 | NO CROWD: not top 2 held 2m, not ripping, not a top gainer with $1000k
2026-10-07 10:38:07,612 INFO [v36] WHY-NOT LPCN px 2.5510 | crowd #1 $2247k held 5.1m, gainer #6 | NO PATTERN: rip 06:32 alive | last candles GG, vol 1.3x the 5 before (high break needs 2.0x)
2026-10-07 10:38:11,532 INFO [v36] WHY-NOT MTEN px 1.4611 | crowd #3 $322k, gainer #3 | NO CROWD: not top 2 held 2m, not ripping, not a top gainer with $1000k
2026-10-07 10:38:13,103 INFO [v36] WHY-NOT BIYA px 2.7100 | crowd #2 $737k held 3.2m, gainer #1 | NO: 6 buys today
2026-10-07 10:38:13,104 INFO [v36b] WHY-NOT BIYA px 2.7100 | crowd #2 $737k held 3.2m, gainer #1 | NO: 6 buys today
2026-10-07 10:38:29,728 INFO [v36] WHY-NOT SXTC px 2.1200 | crowd #4 $253k, gainer #2 | NO CROWD: not top 2 held 2m, not ripping, not a top gainer with $1000k
2026-10-07 10:38:29,729 INFO [v36b] WHY-NOT SXTC px 2.1200 | crowd #4 $253k, gainer #2 | NO CROWD: not top 2 held 2m, not ripping, not a top gainer with $1000k
2026-10-07 10:39:01,880 INFO [v36b] WHY-NOT LPCN px 2.5209 | crowd #1 $2087k held 6.0m, gainer #6 | NO PATTERN: rip 06:32 alive | last candles GG, vol 0.6x the 5 before (high break needs 2.0x)
2026-10-07 10:39:08,001 INFO [v36b] WHY-NOT MTEN px 1.4900 | crowd #3 $253k, gainer #3 | NO CROWD: not top 2 held 2m, not ripping, not a top gainer with $1000k
2026-10-07 10:39:08,178 INFO [v36] WHY-NOT LPCN px 2.5250 | crowd #1 $2087k held 6.1m, gainer #6 | NO PATTERN: rip 06:32 alive | last candles GG, vol 0.6x the 5 before (high break needs 2.0x)
2026-10-07 10:39:13,402 INFO [v36] WHY-NOT BIYA px 2.6900 | crowd #2 $431k held 4.2m, gainer #1 | NO: 6 buys today
2026-10-07 10:39:13,403 INFO [v36b] WHY-NOT BIYA px 2.6900 | crowd #2 $431k held 4.2m, gainer #1 | NO: 6 buys today
2026-10-07 10:39:15,690 INFO [v36] WHY-NOT MTEN px 1.4806 | crowd #3 $253k, gainer #3 | NO CROWD: not top 2 held 2m, not ripping, not a top gainer with $1000k
2026-10-07 10:39:32,979 INFO [v36b] WHY-NOT SXTC px 2.1102 | crowd #4 $206k, gainer #2 | NO CROWD: not top 2 held 2m, not ripping, not a top gainer with $1000k
2026-10-07 10:39:33,031 INFO [v36] WHY-NOT SXTC px 2.1102 | crowd #4 $206k, gainer #2 | NO CROWD: not top 2 held 2m, not ripping, not a top gainer with $1000k
2026-10-07 10:40:02,077 INFO [v36b] WHY-NOT LPCN px 2.5700 | crowd #1 $2073k held 7.0m, gainer #5 | NO PATTERN: rip 06:32 alive | last candles GG, vol 0.9x the 5 before (high break needs 2.0x)
2026-10-07 10:40:09,021 INFO [v36] WHY-NOT LPCN px 2.5600 | crowd #1 $2073k held 7.1m, gainer #5 | NO PATTERN: rip 06:32 alive | last candles GG, vol 0.9x the 5 before (high break needs 2.0x)
2026-10-07 10:40:13,435 INFO [v36] WHY-NOT BIYA px 2.7100 | crowd #2 $302k held 5.2m, gainer #1 | NO: 6 buys today
2026-10-07 10:40:18,426 INFO [v36b] WHY-NOT BIYA px 2.7100 | crowd #2 $302k held 5.3m, gainer #1 | NO: 6 buys today
2026-10-07 10:40:33,268 INFO [v36] WHY-NOT SXTC px 2.1100 | crowd #3 $212k, gainer #2 | NO CROWD: not top 2 held 2m, not ripping, not a top gainer with $1000k
2026-10-07 10:40:33,268 INFO [v36b] WHY-NOT SXTC px 2.1100 | crowd #3 $212k, gainer #2 | NO CROWD: not top 2 held 2m, not ripping, not a top gainer with $1000k
2026-10-07 10:41:02,297 INFO [v36b] WHY-NOT LPCN px 2.6409 | crowd #1 $1513k held 8.0m, gainer #5 | NO PATTERN: rip 06:32 alive | last candles GG, vol 1.9x the 5 before (high break needs 2.0x)
2026-10-07 10:41:03,231 INFO [v36] WHY-NOT MTEN px 1.4700 | crowd #3 $144k, gainer #3 | NO CROWD: not top 2 held 2m, not ripping, not a top gainer with $1000k
2026-10-07 10:41:03,232 INFO [v36b] WHY-NOT MTEN px 1.4700 | crowd #3 $144k, gainer #3 | NO CROWD: not top 2 held 2m, not ripping, not a top gainer with $1000k
2026-10-07 10:41:09,040 INFO [v36] WHY-NOT LPCN px 2.5800 | crowd #1 $1513k held 8.1m, gainer #5 | NO PATTERN: rip 06:32 alive | last candles GG, vol 1.9x the 5 before (high break needs 2.0x)
2026-10-07 10:41:14,692 INFO [v36] WHY-NOT BIYA px 2.7097 | crowd #2 $222k held 6.2m, gainer #1 | NO: 6 buys today
2026-10-07 10:41:20,159 INFO [v36b] WHY-NOT BIYA px 2.6997 | crowd #2 $222k held 6.3m, gainer #1 | NO: 6 buys today
2026-10-07 10:41:36,512 INFO [v36] WHY-NOT SXTC px 2.1295 | crowd #4 $141k, gainer #2 | NO CROWD: not top 2 held 2m, not ripping, not a top gainer with $1000k
2026-10-07 10:41:36,512 INFO [v36b] WHY-NOT SXTC px 2.1295 | crowd #4 $141k, gainer #2 | NO CROWD: not top 2 held 2m, not ripping, not a top gainer with $1000k
2026-10-07 10:42:02,908 INFO [v36b] WHY-NOT LPCN px 2.6199 | crowd #1 $2518k held 9.0m, gainer #5 | WAIT: setup trigger 2.6700
2026-10-07 10:42:05,794 INFO [v36] WHY-NOT SDEV px 3.6200 | crowd #3 $184k, gainer #9 | NO CROWD: not top 2 held 2m, not ripping, not a top gainer with $1000k
2026-10-07 10:42:05,795 INFO [v36b] WHY-NOT SDEV px 3.6200 | crowd #3 $184k, gainer #9 | NO CROWD: not top 2 held 2m, not ripping, not a top gainer with $1000k
2026-10-07 10:42:09,046 INFO [v36] WHY-NOT LPCN px 2.6200 | crowd #1 $2518k held 9.1m, gainer #5 | WAIT: setup trigger 2.6700
2026-10-07 10:42:15,057 INFO [v36] WHY-NOT BIYA px 2.6503 | crowd #2 $556k held 7.2m, gainer #1 | NO: 6 buys today
2026-10-07 10:42:25,272 INFO [v36b] WHY-NOT BIYA px 2.6500 | crowd #2 $556k held 7.4m, gainer #1 | NO: 6 buys today
2026-10-07 10:42:38,180 INFO [v36] WHY-NOT SXTC px 2.1403 | crowd #5 $150k, gainer #2 | NO CROWD: not top 2 held 2m, not ripping, not a top gainer with $1000k
2026-10-07 10:42:38,180 INFO [v36b] WHY-NOT SXTC px 2.1403 | crowd #5 $150k, gainer #2 | NO CROWD: not top 2 held 2m, not ripping, not a top gainer with $1000k
2026-10-07 10:43:00,283 INFO [v36] WHY-NOT MTEN px 1.4599 | crowd #3 $254k, gainer #3 | NO CROWD: not top 2 held 2m, not ripping, not a top gainer with $1000k
2026-10-07 10:43:00,284 INFO [v36b] WHY-NOT MTEN px 1.4599 | crowd #3 $254k, gainer #3 | NO CROWD: not top 2 held 2m, not ripping, not a top gainer with $1000k
2026-10-07 10:43:16,100 INFO [v36] WHY-NOT BIYA px 2.6203 | crowd #2 $623k held 8.3m, gainer #1 | NO: 6 buys today
2026-10-07 10:43:25,639 INFO [v36b] WHY-NOT BIYA px 2.6398 | crowd #2 $623k held 8.4m, gainer #1 | NO: 6 buys today
2026-10-07 10:43:40,341 INFO [v36] WHY-NOT SXTC px 2.1100 | crowd #6 $157k, gainer #2 | NO CROWD: not top 2 held 2m, not ripping, not a top gainer with $1000k
2026-10-07 10:43:40,342 INFO [v36b] WHY-NOT SXTC px 2.1100 | crowd #6 $157k, gainer #2 | NO CROWD: not top 2 held 2m, not ripping, not a top gainer with $1000k
2026-10-07 10:44:00,880 INFO [v36] WHY-NOT MTEN px 1.4600 | crowd #3 $268k, gainer #3 | NO CROWD: not top 2 held 2m, not ripping, not a top gainer with $1000k
2026-10-07 10:44:00,880 INFO [v36b] WHY-NOT MTEN px 1.4600 | crowd #3 $268k, gainer #3 | NO CROWD: not top 2 held 2m, not ripping, not a top gainer with $1000k
2026-10-07 10:44:16,756 INFO [v36] WHY-NOT BIYA px 2.6250 | crowd #2 $628k held 9.3m, gainer #1 | NO: 6 buys today
2026-10-07 10:44:28,354 INFO [v36b] WHY-NOT BIYA px 2.6500 | crowd #2 $628k held 9.5m, gainer #1 | NO: 6 buys today
2026-10-07 10:44:42,386 INFO [v36] WHY-NOT SXTC px 2.0902 | crowd #4 $202k, gainer #2 | NO CROWD: not top 2 held 2m, not ripping, not a top gainer with $1000k
2026-10-07 10:44:42,386 INFO [v36b] WHY-NOT SXTC px 2.0902 | crowd #4 $202k, gainer #2 | NO CROWD: not top 2 held 2m, not ripping, not a top gainer with $1000k
2026-10-07 10:45:04,463 INFO [v36] WHY-NOT MTEN px 1.4600 | crowd #3 $248k, gainer #3 | NO CROWD: not top 2 held 2m, not ripping, not a top gainer with $1000k
2026-10-07 10:45:04,463 INFO [v36b] WHY-NOT MTEN px 1.4600 | crowd #3 $248k, gainer #3 | NO CROWD: not top 2 held 2m, not ripping, not a top gainer with $1000k
2026-10-07 10:45:19,075 INFO [v36] WHY-NOT BIYA px 2.6300 | crowd #2 $433k held 10.3m, gainer #1 | NO: 6 buys today
2026-10-07 10:45:35,581 INFO [v36b] WHY-NOT BIYA px 2.6400 | crowd #2 $433k held 10.6m, gainer #1 | NO: 6 buys today
2026-10-07 10:45:46,437 INFO [v36] WHY-NOT SXTC px 2.0900 | crowd #5 $211k, gainer #2 | NO CROWD: not top 2 held 2m, not ripping, not a top gainer with $1000k
2026-10-07 10:45:46,437 INFO [v36b] WHY-NOT SXTC px 2.0900 | crowd #5 $211k, gainer #2 | NO CROWD: not top 2 held 2m, not ripping, not a top gainer with $1000k
2026-10-07 10:46:05,992 INFO [v36] WHY-NOT MTEN px 1.4400 | crowd #3 $282k, gainer #3 | NO CROWD: not top 2 held 2m, not ripping, not a top gainer with $1000k
2026-10-07 10:46:05,993 INFO [v36b] WHY-NOT MTEN px 1.4400 | crowd #3 $282k, gainer #3 | NO CROWD: not top 2 held 2m, not ripping, not a top gainer with $1000k
2026-10-07 10:46:20,089 INFO [v36] WHY-NOT BIYA px 2.6302 | crowd #2 $336k held 11.3m, gainer #1 | NO: 6 buys today
2026-10-07 10:46:29,469 INFO [v36b] WHY-NOT LPCN px 2.7800 | crowd #1 $4072k held 13.5m, gainer #5 | NO PATTERN: rip 06:32 alive | last candles RG, vol 1.1x the 5 before (high break needs 2.0x)
2026-10-07 10:46:37,883 INFO [v36b] WHY-NOT BIYA px 2.6296 | crowd #2 $336k held 11.6m, gainer #1 | NO: 6 buys today
2026-10-07 10:46:50,335 INFO [v36] WHY-NOT SXTC px 2.0901 | crowd #5 $196k, gainer #2 | NO CROWD: not top 2 held 2m, not ripping, not a top gainer with $1000k
2026-10-07 10:46:50,335 INFO [v36b] WHY-NOT SXTC px 2.0901 | crowd #5 $196k, gainer #2 | NO CROWD: not top 2 held 2m, not ripping, not a top gainer with $1000k
2026-10-07 10:47:21,893 INFO [v36] WHY-NOT BIYA px 2.6300 | crowd #2 $249k held 12.4m, gainer #1 | NO: 6 buys today
2026-10-07 10:47:29,728 INFO [v36b] WHY-NOT LPCN px 2.7100 | crowd #1 $4127k held 14.5m, gainer #5 | WAIT: setup trigger 2.7800
2026-10-07 10:47:38,567 INFO [v36b] WHY-NOT BIYA px 2.6250 | crowd #2 $249k held 12.6m, gainer #1 | NO: 6 buys today
2026-10-07 10:47:50,531 INFO [v36] WHY-NOT SXTC px 2.1000 | crowd #6 $177k, gainer #2 | NO CROWD: not top 2 held 2m, not ripping, not a top gainer with $1000k
2026-10-07 10:47:50,531 INFO [v36b] WHY-NOT SXTC px 2.1000 | crowd #6 $177k, gainer #2 | NO CROWD: not top 2 held 2m, not ripping, not a top gainer with $1000k
2026-10-07 10:48:00,229 INFO [v36] WHY-NOT MTEN px 1.4600 | crowd #3 $216k, gainer #3 | NO CROWD: not top 2 held 2m, not ripping, not a top gainer with $1000k
2026-10-07 10:48:00,230 INFO [v36b] WHY-NOT MTEN px 1.4600 | crowd #3 $216k, gainer #3 | NO CROWD: not top 2 held 2m, not ripping, not a top gainer with $1000k
2026-10-07 10:48:22,152 INFO [v36] WHY-NOT BIYA px 2.5950 | crowd #2 $249k held 13.4m, gainer #1 | NO: 6 buys today
2026-10-07 10:48:29,746 INFO [v36b] WHY-NOT LPCN px 2.7900 | crowd #1 $3477k held 15.5m, gainer #5 | NO PATTERN: rip 06:32 alive | last candles RG, vol 0.5x the 5 before (high break needs 2.0x)
2026-10-07 10:48:38,601 INFO [v36b] WHY-NOT BIYA px 2.5800 | crowd #2 $249k held 13.6m, gainer #1 | NO: 6 buys today
2026-10-07 10:49:02,164 INFO [v36b] WHY-NOT SXTC px 2.0900 | crowd #6 $74k, gainer #2 | NO CROWD: not top 2 held 2m, not ripping, not a top gainer with $1000k
2026-10-07 10:49:02,218 INFO [v36] WHY-NOT SXTC px 2.0900 | crowd #7 $87k, gainer #2 | NO CROWD: not top 2 held 2m, not ripping, not a top gainer with $1000k
2026-10-07 10:49:03,168 INFO [v36] WHY-NOT MTEN px 1.4589 | crowd #3 $226k, gainer #3 | NO CROWD: not top 2 held 2m, not ripping, not a top gainer with $1000k
2026-10-07 10:49:03,168 INFO [v36b] WHY-NOT MTEN px 1.4589 | crowd #2 $196k held 0.1m, gainer #3 | NO CROWD: not top 2 held 2m, not ripping, not a top gainer with $1000k
2026-10-07 10:49:23,466 INFO [v36] WHY-NOT BIYA px 2.6300 | crowd #2 $330k held 14.4m, gainer #1 | NO: 6 buys today
2026-10-07 10:49:29,893 INFO [v36b] WHY-NOT LPCN px 2.7800 | crowd #1 $2689k held 16.5m, gainer #4 | NO PATTERN: rip 06:32 alive | last candles GG, vol 0.7x the 5 before (high break needs 2.0x)
2026-10-07 10:49:41,288 INFO [v36b] WHY-NOT BIYA px 2.6298 | crowd #3 $174k, gainer #1 | NO: 6 buys today
2026-10-07 10:49:54,681 INFO [v36] WHY-NOT LPCN px 2.8600 | crowd #1 $3379k held 16.9m, gainer #4 | NO PATTERN: rip 06:32 alive | last candles GG, vol 0.7x the 5 before (high break needs 2.0x)
2026-10-07 10:50:03,591 INFO [v36] WHY-NOT MTEN px 1.4600 | crowd #3 $164k, gainer #3 | NO CROWD: not top 2 held 2m, not ripping, not a top gainer with $1000k
2026-10-07 10:50:03,591 INFO [v36b] WHY-NOT MTEN px 1.4600 | crowd #3 $164k, gainer #3 | NO CROWD: not top 2 held 2m, not ripping, not a top gainer with $1000k
2026-10-07 10:50:04,984 INFO [v36] WHY-NOT SXTC px 2.0498 | crowd #7 $69k, gainer #2 | NO CROWD: not top 2 held 2m, not ripping, not a top gainer with $1000k
2026-10-07 10:50:04,985 INFO [v36b] WHY-NOT SXTC px 2.0498 | crowd #7 $69k, gainer #2 | NO CROWD: not top 2 held 2m, not ripping, not a top gainer with $1000k
2026-10-07 10:50:24,081 INFO [v36] WHY-NOT BIYA px 2.5900 | crowd #2 $496k held 15.4m, gainer #1 | NO: 6 buys today
2026-10-07 10:50:29,930 INFO [v36b] WHY-NOT LPCN px 2.7900 | crowd #1 $2333k held 17.5m, gainer #4 | NO PATTERN: rip 06:32 alive | last candles GG, vol 1.1x the 5 before (high break needs 2.0x)
2026-10-07 10:50:43,583 INFO [v36b] WHY-NOT BIYA px 2.6000 | crowd #2 $496k held 0.7m, gainer #1 | NO: 6 buys today
2026-10-07 10:50:54,847 INFO [v36] WHY-NOT LPCN px 2.8100 | crowd #1 $2333k held 17.9m, gainer #4 | NO PATTERN: rip 06:32 alive | last candles GG, vol 1.1x the 5 before (high break needs 2.0x)
2026-10-07 10:51:02,162 INFO [v36] WHY-NOT SDEV px 3.6600 | crowd #3 $145k, gainer #8 | NO CROWD: not top 2 held 2m, not ripping, not a top gainer with $1000k
2026-10-07 10:51:02,163 INFO [v36b] WHY-NOT SDEV px 3.6600 | crowd #3 $145k, gainer #8 | NO CROWD: not top 2 held 2m, not ripping, not a top gainer with $1000k
2026-10-07 10:51:04,994 INFO [v36] WHY-NOT SXTC px 2.0304 | crowd #4 $91k, gainer #2 | NO CROWD: not top 2 held 2m, not ripping, not a top gainer with $1000k
2026-10-07 10:51:04,995 INFO [v36b] WHY-NOT SXTC px 2.0304 | crowd #4 $91k, gainer #2 | NO CROWD: not top 2 held 2m, not ripping, not a top gainer with $1000k
2026-10-07 10:51:25,500 INFO [v36] WHY-NOT BIYA px 2.5900 | crowd #2 $458k held 16.4m, gainer #1 | NO: 6 buys today
2026-10-07 10:51:30,032 INFO [v36b] WHY-NOT LPCN px 2.7900 | crowd #1 $2164k held 18.5m, gainer #4 | WAIT: setup trigger 2.8900
2026-10-07 10:51:47,474 INFO [v36b] WHY-NOT BIYA px 2.5802 | crowd #2 $458k held 1.8m, gainer #1 | NO: 6 buys today
2026-10-07 10:51:55,227 INFO [v36] WHY-NOT LPCN px 2.7600 | crowd #1 $2164k held 18.9m, gainer #4 | WAIT: setup trigger 2.8900
2026-10-07 10:52:03,396 INFO [v36] WHY-NOT SDEV px 3.7198 | crowd #3 $344k, gainer #8 | NO CROWD: not top 2 held 2m, not ripping, not a top gainer with $1000k
2026-10-07 10:52:03,396 INFO [v36b] WHY-NOT SDEV px 3.7198 | crowd #3 $344k, gainer #8 | NO CROWD: not top 2 held 2m, not ripping, not a top gainer with $1000k
2026-10-07 10:52:05,768 INFO [v36] WHY-NOT SXTC px 2.0200 | crowd #4 $207k, gainer #2 | NO CROWD: not top 2 held 2m, not ripping, not a top gainer with $1000k
2026-10-07 10:52:05,768 INFO [v36b] WHY-NOT SXTC px 2.0200 | crowd #4 $207k, gainer #2 | NO CROWD: not top 2 held 2m, not ripping, not a top gainer with $1000k
2026-10-07 10:52:29,783 INFO [v36] WHY-NOT BIYA px 2.5800 | crowd #2 $505k held 17.5m, gainer #1 | NO: 6 buys today
2026-10-07 10:52:48,349 INFO [v36b] WHY-NOT BIYA px 2.5605 | crowd #2 $505k held 2.8m, gainer #1 | NO: 6 buys today
2026-10-07 10:53:04,130 INFO [v36] WHY-NOT SDEV px 3.7295 | crowd #3 $388k, gainer #7 | NO CROWD: not top 2 held 2m, not ripping, not a top gainer with $1000k
2026-10-07 10:53:04,130 INFO [v36b] WHY-NOT SDEV px 3.7295 | crowd #3 $388k, gainer #7 | NO CROWD: not top 2 held 2m, not ripping, not a top gainer with $1000k
2026-10-07 10:53:07,074 INFO [v36] WHY-NOT SXTC px 2.0203 | crowd #4 $269k, gainer #2 | NO CROWD: not top 2 held 2m, not ripping, not a top gainer with $1000k
2026-10-07 10:53:07,074 INFO [v36b] WHY-NOT SXTC px 2.0203 | crowd #4 $269k, gainer #2 | NO CROWD: not top 2 held 2m, not ripping, not a top gainer with $1000k
2026-10-07 10:53:30,492 INFO [v36] WHY-NOT BIYA px 2.6200 | crowd #2 $532k held 18.5m, gainer #1 | NO: 6 buys today
2026-10-07 10:53:50,771 INFO [v36] WHY-NOT LPCN px 2.9200 | crowd #1 $3438k held 20.8m, gainer #4 | NO PATTERN: rip 06:32 alive | last candles RG, vol 0.5x the 5 before (high break needs 2.0x)
2026-10-07 10:53:51,575 INFO [v36b] WHY-NOT BIYA px 2.6400 | crowd #2 $532k held 3.9m, gainer #1 | NO: 6 buys today
2026-10-07 10:53:52,778 INFO [v36b] WHY-NOT LPCN px 2.9200 | crowd #1 $3438k held 20.9m, gainer #4 | NO PATTERN: rip 06:32 alive | last candles RG, vol 0.5x the 5 before (high break needs 2.0x)
2026-10-07 10:54:04,226 INFO [v36] WHY-NOT SDEV px 3.7209 | crowd #3 $396k, gainer #7 | NO CROWD: not top 2 held 2m, not ripping, not a top gainer with $1000k
2026-10-07 10:54:04,226 INFO [v36b] WHY-NOT SDEV px 3.7209 | crowd #3 $396k, gainer #7 | NO CROWD: not top 2 held 2m, not ripping, not a top gainer with $1000k
2026-10-07 10:54:07,330 INFO [v36] WHY-NOT SXTC px 1.9900 | crowd #4 $274k, gainer #2 | NO CROWD: not top 2 held 2m, not ripping, not a top gainer with $1000k
2026-10-07 10:54:07,331 INFO [v36b] WHY-NOT SXTC px 1.9900 | crowd #4 $274k, gainer #2 | NO CROWD: not top 2 held 2m, not ripping, not a top gainer with $1000k
2026-10-07 10:54:32,408 INFO [v36] WHY-NOT BIYA px 2.6402 | crowd #2 $513k held 19.5m, gainer #1 | NO: 6 buys today
2026-10-07 10:54:51,337 INFO [v36] WHY-NOT LPCN px 2.9397 | crowd #1 $3409k held 21.9m, gainer #4 | NO PATTERN: rip 06:32 alive | last candles GG, vol 1.1x the 5 before (high break needs 2.0x)
2026-10-07 10:54:53,322 INFO [v36b] WHY-NOT LPCN px 2.9200 | crowd #1 $3409k held 21.9m, gainer #4 | NO PATTERN: rip 06:32 alive | last candles GG, vol 1.1x the 5 before (high break needs 2.0x)
2026-10-07 10:54:55,582 INFO [v36b] WHY-NOT BIYA px 2.6300 | crowd #2 $513k held 4.9m, gainer #1 | NO: 6 buys today
2026-10-07 10:55:10,124 INFO [v36] WHY-NOT SDEV px 3.7207 | crowd #3 $376k, gainer #7 | NO CROWD: not top 2 held 2m, not ripping, not a top gainer with $1000k
2026-10-07 10:55:10,125 INFO [v36b] WHY-NOT SDEV px 3.7207 | crowd #3 $376k, gainer #7 | NO CROWD: not top 2 held 2m, not ripping, not a top gainer with $1000k
2026-10-07 10:55:10,400 INFO [v36] WHY-NOT SXTC px 1.9600 | crowd #4 $261k, gainer #2 | NO CROWD: not top 2 held 2m, not ripping, not a top gainer with $1000k
2026-10-07 10:55:10,400 INFO [v36b] WHY-NOT SXTC px 1.9600 | crowd #4 $261k, gainer #2 | NO CROWD: not top 2 held 2m, not ripping, not a top gainer with $1000k
2026-10-07 10:55:35,530 INFO [v36] WHY-NOT BIYA px 2.5900 | crowd #2 $555k held 20.6m, gainer #1 | NO: 6 buys today
2026-10-07 10:55:51,432 INFO [v36] WHY-NOT LPCN px 2.9450 | crowd #1 $3122k held 22.9m, gainer #4 | NO PATTERN: rip 06:32 alive | last candles GG, vol 1.0x the 5 before (high break needs 2.0x)
2026-10-07 10:55:53,344 INFO [v36b] WHY-NOT LPCN px 2.9450 | crowd #1 $3122k held 22.9m, gainer #4 | NO PATTERN: rip 06:32 alive | last candles GG, vol 1.0x the 5 before (high break needs 2.0x)
2026-10-07 10:55:57,659 INFO [v36b] WHY-NOT BIYA px 2.5700 | crowd #2 $555k held 6.0m, gainer #1 | NO: 6 buys today
2026-10-07 10:56:00,264 INFO [v36] WHY-NOT MTEN px 1.3900 | crowd #3 $417k, gainer #3 | NO CROWD: not top 2 held 2m, not ripping, not a top gainer with $1000k
2026-10-07 10:56:00,264 INFO [v36b] WHY-NOT MTEN px 1.3900 | crowd #3 $417k, gainer #3 | NO CROWD: not top 2 held 2m, not ripping, not a top gainer with $1000k
2026-10-07 10:56:10,653 INFO [v36] WHY-NOT SXTC px 1.9698 | crowd #4 $283k, gainer #2 | NO CROWD: not top 2 held 2m, not ripping, not a top gainer with $1000k
2026-10-07 10:56:13,486 INFO [v36b] WHY-NOT SXTC px 1.9698 | crowd #4 $283k, gainer #2 | NO CROWD: not top 2 held 2m, not ripping, not a top gainer with $1000k
2026-10-07 10:56:36,460 INFO [v36] WHY-NOT BIYA px 2.5600 | crowd #2 $612k held 21.6m, gainer #1 | NO: 6 buys today
2026-10-07 10:56:58,756 INFO [v36b] WHY-NOT BIYA px 2.5600 | crowd #2 $612k held 7.0m, gainer #1 | NO: 6 buys today
2026-10-07 10:57:00,382 INFO [v36] WHY-NOT MTEN px 1.2900 | crowd #2 $808k held 0.0m, gainer #4 | NO CROWD: not top 2 held 2m, not ripping, not a top gainer with $1000k
2026-10-07 10:57:00,382 INFO [v36b] WHY-NOT MTEN px 1.2900 | crowd #2 $808k held 0.0m, gainer #4 | NO CROWD: not top 2 held 2m, not ripping, not a top gainer with $1000k
2026-10-07 10:57:10,684 INFO [v36] WHY-NOT SXTC px 1.9700 | crowd #4 $272k, gainer #2 | NO CROWD: not top 2 held 2m, not ripping, not a top gainer with $1000k
2026-10-07 10:57:14,466 INFO [v36b] WHY-NOT SXTC px 1.9700 | crowd #4 $272k, gainer #2 | NO CROWD: not top 2 held 2m, not ripping, not a top gainer with $1000k
2026-10-07 10:57:38,337 INFO [v36] WHY-NOT BIYA px 2.5550 | crowd #3 $571k, gainer #1 | NO: 6 buys today
2026-10-07 10:57:48,070 INFO [v36b] WHY-NOT LPCN px 3.0900 | crowd #1 $4453k held 24.8m, gainer #3 | NO PATTERN: rip 06:32 alive | last candles RG, vol 2.1x the 5 before (high break needs 2.0x)
2026-10-07 10:57:54,325 INFO [v36] WHY-NOT LPCN px 3.0700 | crowd #1 $4453k held 24.9m, gainer #3 | NO PATTERN: rip 06:32 alive | last candles RG, vol 2.1x the 5 before (high break needs 2.0x)
2026-10-07 10:58:00,152 INFO [v36b] WHY-NOT BIYA px 2.5200 | crowd #3 $384k, gainer #1 | NO: 6 buys today
2026-10-07 10:58:00,770 INFO [v36] WHY-NOT MTEN px 1.3209 | crowd #2 $770k held 1.0m, gainer #4 | NO CROWD: not top 2 held 2m, not ripping, not a top gainer with $1000k
2026-10-07 10:58:00,770 INFO [v36b] WHY-NOT MTEN px 1.3209 | crowd #2 $770k held 1.0m, gainer #4 | NO CROWD: not top 2 held 2m, not ripping, not a top gainer with $1000k
2026-10-07 10:58:10,776 INFO [v36] WHY-NOT SXTC px 1.9400 | crowd #4 $229k, gainer #2 | NO CROWD: not top 2 held 2m, not ripping, not a top gainer with $1000k
2026-10-07 10:58:15,892 INFO [v36b] WHY-NOT SXTC px 1.9400 | crowd #4 $229k, gainer #2 | NO CROWD: not top 2 held 2m, not ripping, not a top gainer with $1000k
2026-10-07 10:58:41,655 INFO [v36] WHY-NOT BIYA px 2.5600 | crowd #3 $384k, gainer #1 | NO: 6 buys today
2026-10-07 10:58:48,193 INFO [v36b] WHY-NOT LPCN px 3.0998 | crowd #1 $3539k held 25.8m, gainer #3 | NO PATTERN: rip 06:32 alive | last candles GG, vol 1.6x the 5 before (high break needs 2.0x)
2026-10-07 10:58:54,389 INFO [v36] WHY-NOT LPCN px 3.0800 | crowd #1 $3539k held 25.9m, gainer #3 | NO PATTERN: rip 06:32 alive | last candles GG, vol 1.6x the 5 before (high break needs 2.0x)
2026-10-07 10:59:01,050 INFO [v36b] WHY-NOT BIYA px 2.5700 | crowd #3 $687k, gainer #1 | NO: 6 buys today
2026-10-07 10:59:01,743 INFO [v36] WHY-NOT MTEN px 1.3300 | crowd #2 $1057k held 2.0m, gainer #4 | NO PATTERN: rip 06:22 alive | last candles GG, vol 0.8x the 5 before (high break needs 2.0x)
2026-10-07 10:59:01,743 INFO [v36b] WHY-NOT MTEN px 1.3300 | crowd #2 $1057k held 2.0m, gainer #4 | NO PATTERN: rip 06:22 alive | last candles GG, vol 0.8x the 5 before (high break needs 2.0x)
2026-10-07 10:59:11,706 INFO [v36] WHY-NOT SXTC px 1.9400 | crowd #4 $316k, gainer #2 | NO CROWD: not top 2 held 2m, not ripping, not a top gainer with $1000k
2026-10-07 10:59:18,226 INFO [v36b] WHY-NOT SXTC px 1.9400 | crowd #4 $316k, gainer #2 | NO CROWD: not top 2 held 2m, not ripping, not a top gainer with $1000k
2026-10-07 10:59:41,722 INFO [v36] WHY-NOT BIYA px 2.5296 | crowd #3 $687k, gainer #1 | NO: 6 buys today
2026-10-07 10:59:48,245 INFO [v36b] WHY-NOT LPCN px 3.0900 | crowd #1 $5440k held 26.8m, gainer #3 | NO PATTERN: rip 06:32 alive | last candles GG, vol 1.0x the 5 before (high break needs 2.0x)
2026-10-07 10:59:54,546 INFO [v36] WHY-NOT LPCN px 3.0900 | crowd #1 $5440k held 26.9m, gainer #3 | NO PATTERN: rip 06:32 alive | last candles GG, vol 1.0x the 5 before (high break needs 2.0x)
2026-10-07 11:00:02,094 INFO [v36b] WHY-NOT BIYA px 2.5300 | crowd #3 $549k, gainer #1 | NO: 6 buys today
2026-10-07 11:00:03,659 INFO [v36] WHY-NOT MTEN px 1.3285 | crowd #2 $814k held 3.1m, gainer #4 | WAIT: setup trigger 1.3400
2026-10-07 11:00:03,659 INFO [v36b] WHY-NOT MTEN px 1.3285 | crowd #2 $814k held 3.1m, gainer #4 | WAIT: setup trigger 1.3400
2026-10-07 11:00:08,716 INFO [v36b] WHY-NOT MTEN px 1.3400 | crowd #2 $814k held 3.1m, gainer #4 | NO TREND at the trigger 1.3400: vwap 1.5002 e9 1.3639 e20 1.4049 macd -0.0397
2026-10-07 11:00:12,573 INFO [v36] WHY-NOT MTEN px 1.3400 | crowd #2 $814k held 3.2m, gainer #4 | NO TREND at the trigger 1.3400: vwap 1.5002 e9 1.3639 e20 1.4049 macd -0.0397
2026-10-07 11:00:12,578 INFO [v36] WHY-NOT SXTC px 1.9600 | crowd #4 $251k, gainer #2 | NO CROWD: not top 2 held 2m, not ripping, not a top gainer with $1000k
2026-10-07 11:00:15,507 INFO [v36b] WHY-NOT MTEN px 1.3400 | crowd #2 $814k held 3.3m, gainer #4 | NO TREND at the trigger 1.3400: vwap 1.5002 e9 1.3639 e20 1.4049 macd -0.0397
2026-10-07 11:00:19,127 INFO [v36] WHY-NOT MTEN px 1.3400 | crowd #2 $814k held 3.3m, gainer #4 | NO TREND at the trigger 1.3400: vwap 1.5002 e9 1.3639 e20 1.4049 macd -0.0397
2026-10-07 11:00:19,296 INFO [v36b] WHY-NOT SXTC px 1.9600 | crowd #4 $251k, gainer #2 | NO CROWD: not top 2 held 2m, not ripping, not a top gainer with $1000k
2026-10-07 11:00:20,618 INFO [v36b] WHY-NOT MTEN px 1.3400 | crowd #2 $814k held 3.3m, gainer #4 | NO TREND at the trigger 1.3400: vwap 1.5002 e9 1.3639 e20 1.4049 macd -0.0397
2026-10-07 11:00:43,092 INFO [v36] WHY-NOT BIYA px 2.4600 | crowd #3 $549k, gainer #1 | NO: 6 buys today
2026-10-07 11:01:00,095 INFO [v36] WHY-NOT LPCN px 3.2750 | crowd #1 $10386k held 28.0m, gainer #3 | NO PATTERN: rip 07:00 alive | last candles RG, vol 4.5x the 5 before (high break needs 2.0x)
2026-10-07 11:01:00,095 INFO [v36b] WHY-NOT LPCN px 3.2750 | crowd #1 $10386k held 28.0m, gainer #3 | NO PATTERN: rip 07:00 alive | last candles RG, vol 4.5x the 5 before (high break needs 2.0x)
2026-10-07 11:01:02,264 INFO [v36b] WHY-NOT BIYA px 2.4400 | crowd #2 $939k held 0.0m, gainer #1 | NO: 6 buys today
2026-10-07 11:01:12,988 INFO [v36] WHY-NOT SXTC px 1.9601 | crowd #5 $289k, gainer #2 | NO CROWD: not top 2 held 2m, not ripping, not a top gainer with $1000k
2026-10-07 11:01:19,140 INFO [v36] WHY-NOT MTEN px 1.2500 | crowd #3 $795k, gainer #5 | NO CROWD: not top 2 held 2m, not ripping, not a top gainer with $1000k
2026-10-07 11:01:20,613 INFO [v36b] WHY-NOT SXTC px 1.9698 | crowd #5 $289k, gainer #2 | NO CROWD: not top 2 held 2m, not ripping, not a top gainer with $1000k
2026-10-07 11:01:20,858 INFO [v36b] WHY-NOT MTEN px 1.2400 | crowd #3 $795k, gainer #5 | NO CROWD: not top 2 held 2m, not ripping, not a top gainer with $1000k
2026-10-07 11:01:43,283 INFO [v36] WHY-NOT BIYA px 2.3800 | crowd #2 $939k held 0.7m, gainer #1 | NO: 6 buys today
2026-10-07 11:02:00,211 INFO [v36b] WHY-NOT LPCN px 3.2900 | crowd #1 $8788k held 29.0m, gainer #3 | NO PATTERN: rip 07:00 alive | last candles GG, vol 1.1x the 5 before (high break needs 2.0x)
2026-10-07 11:02:00,259 INFO [v36] WHY-NOT LPCN px 3.2900 | crowd #1 $8788k held 29.0m, gainer #3 | NO PATTERN: rip 07:00 alive | last candles GG, vol 1.1x the 5 before (high break needs 2.0x)
2026-10-07 11:02:02,648 INFO [v36b] WHY-NOT BIYA px 2.3700 | crowd #2 $737k held 1.0m, gainer #1 | NO: 6 buys today
2026-10-07 11:02:17,789 INFO [v36] WHY-NOT SXTC px 1.9500 | crowd #5 $215k, gainer #2 | NO CROWD: not top 2 held 2m, not ripping, not a top gainer with $1000k
2026-10-07 11:02:20,110 INFO [v36] WHY-NOT MTEN px 1.2400 | crowd #3 $565k, gainer #5 | NO CROWD: not top 2 held 2m, not ripping, not a top gainer with $1000k
2026-10-07 11:02:21,294 INFO [v36b] WHY-NOT MTEN px 1.2489 | crowd #3 $565k, gainer #5 | NO CROWD: not top 2 held 2m, not ripping, not a top gainer with $1000k
2026-10-07 11:02:28,910 INFO [v36b] WHY-NOT SXTC px 1.9597 | crowd #5 $215k, gainer #2 | NO CROWD: not top 2 held 2m, not ripping, not a top gainer with $1000k
2026-10-07 11:02:43,574 INFO [v36] WHY-NOT BIYA px 2.3800 | crowd #2 $737k held 1.7m, gainer #1 | NO: 6 buys today
2026-10-07 11:03:00,226 INFO [v36b] WHY-NOT LPCN px 3.2700 | crowd #1 $10256k held 30.0m, gainer #2 | NO PATTERN: rip 07:00 alive | last candles G-, vol 0.7x the 5 before (high break needs 2.0x)
2026-10-07 11:03:00,343 INFO [v36] WHY-NOT LPCN px 3.2600 | crowd #1 $10256k held 30.0m, gainer #2 | NO PATTERN: rip 07:00 alive | last candles G-, vol 0.7x the 5 before (high break needs 2.0x)
2026-10-07 11:03:04,104 INFO [v36b] WHY-NOT BIYA px 2.3699 | crowd #2 $1115k held 2.1m, gainer #1 | NO: 6 buys today
2026-10-07 11:03:20,175 INFO [v36] WHY-NOT MTEN px 1.2908 | crowd #3 $880k, gainer #5 | NO CROWD: not top 2 held 2m, not ripping, not a top gainer with $1000k
2026-10-07 11:03:21,901 INFO [v36b] WHY-NOT MTEN px 1.3000 | crowd #3 $880k, gainer #5 | NO CROWD: not top 2 held 2m, not ripping, not a top gainer with $1000k
2026-10-07 11:03:43,962 INFO [v36] WHY-NOT BIYA px 2.3650 | crowd #2 $1115k held 2.7m, gainer #1 | NO: 6 buys today
2026-10-07 11:04:00,287 INFO [v36b] WHY-NOT LPCN px 3.2500 | crowd #1 $10884k held 31.0m, gainer #2 | NO PATTERN: rip 07:00 dead | last candles -R, vol 1.3x the 5 before (high break needs 2.0x)
2026-10-07 11:04:00,421 INFO [v36] WHY-NOT LPCN px 3.2600 | crowd #1 $10884k held 31.0m, gainer #2 | NO PATTERN: rip 07:00 dead | last candles -R, vol 1.3x the 5 before (high break needs 2.0x)
2026-10-07 11:04:04,667 INFO [v36b] WHY-NOT BIYA px 2.3597 | crowd #2 $1350k held 3.1m, gainer #1 | NO: 6 buys today
2026-10-07 11:04:22,056 INFO [v36] WHY-NOT MTEN px 1.2700 | crowd #3 $954k, gainer #5 | NO CROWD: not top 2 held 2m, not ripping, not a top gainer with $1000k
2026-10-07 11:04:22,056 INFO [v36b] WHY-NOT MTEN px 1.2700 | crowd #3 $954k, gainer #5 | NO CROWD: not top 2 held 2m, not ripping, not a top gainer with $1000k
2026-10-07 11:04:44,106 INFO [v36] WHY-NOT BIYA px 2.4100 | crowd #2 $1350k held 3.7m, gainer #1 | NO: 6 buys today
2026-10-07 11:05:00,320 INFO [v36b] WHY-NOT LPCN px 3.2300 | crowd #1 $7973k held 32.0m, gainer #3 | NO PATTERN: rip 07:00 dead | last candles RR, vol 0.5x the 5 before (high break needs 2.0x)
2026-10-07 11:05:00,441 INFO [v36] WHY-NOT LPCN px 3.2200 | crowd #1 $7973k held 32.0m, gainer #3 | NO PATTERN: rip 07:00 dead | last candles RR, vol 0.5x the 5 before (high break needs 2.0x)
2026-10-07 11:05:01,569 INFO [v36] WHY-NOT SXTC px 1.9300 | crowd #9 $188k, gainer #2 | NO CROWD: not top 2 held 2m, not ripping, not a top gainer with $1000k
2026-10-07 11:05:01,570 INFO [v36b] WHY-NOT SXTC px 1.9300 | crowd #9 $188k, gainer #2 | NO CROWD: not top 2 held 2m, not ripping, not a top gainer with $1000k
2026-10-07 11:05:05,096 INFO [v36b] WHY-NOT BIYA px 2.3700 | crowd #2 $1198k held 4.1m, gainer #1 | NO: 6 buys today
2026-10-07 11:05:22,467 INFO [v36] WHY-NOT MTEN px 1.2500 | crowd #3 $844k, gainer #5 | NO CROWD: not top 2 held 2m, not ripping, not a top gainer with $1000k
2026-10-07 11:05:22,468 INFO [v36b] WHY-NOT MTEN px 1.2500 | crowd #3 $844k, gainer #5 | NO CROWD: not top 2 held 2m, not ripping, not a top gainer with $1000k
2026-10-07 11:05:44,225 INFO [v36] WHY-NOT BIYA px 2.4200 | crowd #2 $1198k held 4.7m, gainer #1 | NO: 6 buys today
2026-10-07 11:06:00,325 INFO [v36b] WHY-NOT LPCN px 3.1800 | crowd #1 $6859k held 33.0m, gainer #3 | NO PATTERN: rip 07:00 dead | last candles RR, vol 0.7x the 5 before (high break needs 2.0x)
2026-10-07 11:06:00,550 INFO [v36] WHY-NOT BURU px 1.0697 | crowd #3 $556k, gainer #33 | NO CROWD: not top 2 held 2m, not ripping, not a top gainer with $1000k
2026-10-07 11:06:00,550 INFO [v36b] WHY-NOT BURU px 1.0697 | crowd #3 $556k, gainer #33 | NO CROWD: not top 2 held 2m, not ripping, not a top gainer with $1000k
2026-10-07 11:06:01,042 INFO [v36] WHY-NOT LPCN px 3.1800 | crowd #1 $6859k held 33.0m, gainer #3 | NO PATTERN: rip 07:00 dead | last candles RR, vol 0.7x the 5 before (high break needs 2.0x)
2026-10-07 11:06:01,753 INFO [v36] WHY-NOT SXTC px 1.9297 | crowd #8 $186k, gainer #2 | NO CROWD: not top 2 held 2m, not ripping, not a top gainer with $1000k
2026-10-07 11:06:01,753 INFO [v36b] WHY-NOT SXTC px 1.9297 | crowd #8 $186k, gainer #2 | NO CROWD: not top 2 held 2m, not ripping, not a top gainer with $1000k
2026-10-07 11:06:05,759 INFO [v36b] WHY-NOT BIYA px 2.4098 | crowd #2 $836k held 5.1m, gainer #1 | NO: 6 buys today
2026-10-07 11:06:46,588 INFO [v36] WHY-NOT BIYA px 2.4200 | crowd #2 $836k held 5.8m, gainer #1 | NO: 6 buys today
2026-10-07 11:07:00,327 INFO [v36b] WHY-NOT LPCN px 3.1200 | crowd #1 $9713k held 34.0m, gainer #3 | NO PATTERN: rip 07:00 dead | last candles RR, vol 1.1x the 5 before (high break needs 2.0x)
2026-10-07 11:07:00,591 INFO [v36] WHY-NOT BURU px 1.1000 | crowd #2 $860k held 0.0m, gainer #33 | NO CROWD: not top 2 held 2m, not ripping, not a top gainer with $1000k
2026-10-07 11:07:00,591 INFO [v36b] WHY-NOT BURU px 1.1000 | crowd #2 $860k held 0.0m, gainer #33 | NO CROWD: not top 2 held 2m, not ripping, not a top gainer with $1000k
2026-10-07 11:07:01,069 INFO [v36] WHY-NOT LPCN px 3.1100 | crowd #1 $9713k held 34.0m, gainer #3 | NO PATTERN: rip 07:00 dead | last candles RR, vol 1.1x the 5 before (high break needs 2.0x)
2026-10-07 11:07:06,748 INFO [v36b] WHY-NOT BIYA px 2.4003 | crowd #3 $833k, gainer #1 | NO: 6 buys today
2026-10-07 11:07:08,572 INFO [v36] WHY-NOT SXTC px 1.9196 | crowd #9 $176k, gainer #2 | NO CROWD: not top 2 held 2m, not ripping, not a top gainer with $1000k
2026-10-07 11:07:08,573 INFO [v36b] WHY-NOT SXTC px 1.9196 | crowd #9 $176k, gainer #2 | NO CROWD: not top 2 held 2m, not ripping, not a top gainer with $1000k
2026-10-07 11:07:47,461 INFO [v36] WHY-NOT BIYA px 2.4200 | crowd #3 $833k, gainer #1 | NO: 6 buys today
2026-10-07 11:08:00,335 INFO [v36b] WHY-NOT LPCN px 3.0800 | crowd #1 $6283k held 35.0m, gainer #3 | NO PATTERN: rip 07:00 dead | last candles RR, vol 1.3x the 5 before (high break needs 2.0x)
2026-10-07 11:08:00,950 INFO [v36] WHY-NOT BURU px 1.1500 | crowd #2 $647k held 1.0m, gainer #31 | NO CROWD: not top 2 held 2m, not ripping, not a top gainer with $1000k
2026-10-07 11:08:00,951 INFO [v36b] WHY-NOT BURU px 1.1500 | crowd #2 $647k held 1.0m, gainer #31 | NO CROWD: not top 2 held 2m, not ripping, not a top gainer with $1000k
2026-10-07 11:08:01,098 INFO [v36] WHY-NOT LPCN px 3.0600 | crowd #1 $6283k held 35.0m, gainer #3 | NO PATTERN: rip 07:00 dead | last candles RR, vol 1.3x the 5 before (high break needs 2.0x)
2026-10-07 11:08:07,082 INFO [v36b] WHY-NOT BIYA px 2.4450 | crowd #3 $549k, gainer #1 | NO: 6 buys today
2026-10-07 11:08:17,511 INFO [v36] WHY-NOT SXTC px 1.9197 | crowd #9 $102k, gainer #2 | NO CROWD: not top 2 held 2m, not ripping, not a top gainer with $1000k
2026-10-07 11:08:17,512 INFO [v36b] WHY-NOT SXTC px 1.9197 | crowd #9 $102k, gainer #2 | NO CROWD: not top 2 held 2m, not ripping, not a top gainer with $1000k
2026-10-07 11:08:47,916 INFO [v36] WHY-NOT BIYA px 2.4517 | crowd #3 $549k, gainer #1 | NO: 6 buys today
2026-10-07 11:09:00,136 INFO [v36] WHY-NOT APUS px 8.2100 | crowd #2 $908k held 0.0m, gainer #7 | NO CROWD: not top 2 held 2m, not ripping, not a top gainer with $1000k
2026-10-07 11:09:00,136 INFO [v36b] WHY-NOT APUS px 8.2100 | crowd #2 $908k held 0.0m, gainer #7 | NO CROWD: not top 2 held 2m, not ripping, not a top gainer with $1000k
2026-10-07 11:09:00,374 INFO [v36b] WHY-NOT LPCN px 3.0900 | crowd #1 $9331k held 36.0m, gainer #3 | NO PATTERN: rip 07:00 dead | last candles RG, vol 0.7x the 5 before (high break needs 2.0x)
2026-10-07 11:09:01,100 INFO [v36] WHY-NOT LPCN px 3.0900 | crowd #1 $9331k held 36.0m, gainer #3 | NO PATTERN: rip 07:00 dead | last candles RG, vol 0.7x the 5 before (high break needs 2.0x)
2026-10-07 11:09:07,399 INFO [v36b] WHY-NOT BIYA px 2.4400 | crowd #3 $841k, gainer #1 | NO: 6 buys today
2026-10-07 11:09:18,026 INFO [v36] WHY-NOT SXTC px 1.9199 | crowd #10 $74k, gainer #2 | NO CROWD: not top 2 held 2m, not ripping, not a top gainer with $1000k
2026-10-07 11:09:18,026 INFO [v36b] WHY-NOT SXTC px 1.9199 | crowd #10 $74k, gainer #2 | NO CROWD: not top 2 held 2m, not ripping, not a top gainer with $1000k
2026-10-07 11:09:47,948 INFO [v36] WHY-NOT BIYA px 2.4203 | crowd #3 $841k, gainer #1 | NO: 6 buys today
2026-10-07 11:10:00,314 INFO [v36] WHY-NOT APUS px 8.2000 | crowd #2 $1694k held 1.0m, gainer #7 | WAIT: hod trigger 8.4220
2026-10-07 11:10:00,314 INFO [v36b] WHY-NOT APUS px 8.2000 | crowd #2 $1694k held 1.0m, gainer #7 | WAIT: hod trigger 8.4220
2026-10-07 11:10:00,395 INFO [v36b] WHY-NOT LPCN px 3.1700 | crowd #1 $8456k held 37.0m, gainer #3 | NO PATTERN: rip 07:00 dead | last candles GG, vol 0.6x the 5 before (high break needs 2.0x)
2026-10-07 11:10:01,156 INFO [v36] WHY-NOT LPCN px 3.1600 | crowd #1 $8456k held 37.0m, gainer #3 | NO PATTERN: rip 07:00 dead | last candles GG, vol 0.6x the 5 before (high break needs 2.0x)
2026-10-07 11:10:09,014 INFO [v36b] WHY-NOT BIYA px 2.4500 | crowd #3 $826k, gainer #1 | NO: 6 buys today
2026-10-07 11:10:20,075 INFO [v36] WHY-NOT SXTC px 1.9301 | crowd #9 $106k, gainer #2 | NO CROWD: not top 2 held 2m, not ripping, not a top gainer with $1000k
2026-10-07 11:10:20,075 INFO [v36b] WHY-NOT SXTC px 1.9301 | crowd #9 $106k, gainer #2 | NO CROWD: not top 2 held 2m, not ripping, not a top gainer with $1000k
2026-10-07 11:10:48,480 INFO [v36] WHY-NOT BIYA px 2.4200 | crowd #3 $826k, gainer #1 | NO: 6 buys today
2026-10-07 11:11:00,471 INFO [v36b] WHY-NOT LPCN px 3.1500 | crowd #1 $8274k held 38.0m, gainer #3 | NO PATTERN: rip 07:00 dead | last candles GR, vol 1.1x the 5 before (high break needs 2.0x)
2026-10-07 11:11:00,986 INFO [v36] WHY-NOT APUS px 8.2200 | crowd #2 $1906k held 2.0m, gainer #7 | NO PATTERN: rip 07:09 alive | last candles GG, vol 0.8x the 5 before (high break needs 2.0x)
2026-10-07 11:11:00,986 INFO [v36b] WHY-NOT APUS px 8.2200 | crowd #2 $1906k held 2.0m, gainer #7 | NO PATTERN: rip 07:09 alive | last candles GG, vol 0.8x the 5 before (high break needs 2.0x)
2026-10-07 11:11:01,363 INFO [v36] WHY-NOT LPCN px 3.1350 | crowd #1 $8274k held 38.0m, gainer #3 | NO PATTERN: rip 07:00 dead | last candles GR, vol 1.1x the 5 before (high break needs 2.0x)
2026-10-07 11:11:09,369 INFO [v36b] WHY-NOT BIYA px 2.4203 | crowd #3 $795k, gainer #1 | NO: 6 buys today
2026-10-07 11:11:22,492 INFO [v36] WHY-NOT SXTC px 1.9200 | crowd #10 $97k, gainer #2 | NO CROWD: not top 2 held 2m, not ripping, not a top gainer with $1000k
2026-10-07 11:11:22,493 INFO [v36b] WHY-NOT SXTC px 1.9200 | crowd #10 $97k, gainer #2 | NO CROWD: not top 2 held 2m, not ripping, not a top gainer with $1000k
2026-10-07 11:11:52,669 INFO [v36] WHY-NOT BIYA px 2.4150 | crowd #3 $795k, gainer #1 | NO: 6 buys today
2026-10-07 11:12:00,513 INFO [v36b] WHY-NOT LPCN px 3.1190 | crowd #1 $5334k held 39.0m, gainer #3 | NO PATTERN: rip 07:00 dead | last candles RR, vol 0.6x the 5 before (high break needs 2.0x)
2026-10-07 11:12:01,062 INFO [v36] WHY-NOT APUS px 8.5140 | crowd #2 $1821k held 3.0m, gainer #7 | WAIT: hod trigger 8.7551
2026-10-07 11:12:01,063 INFO [v36b] WHY-NOT APUS px 8.5140 | crowd #2 $1821k held 3.0m, gainer #7 | WAIT: hod trigger 8.7551
2026-10-07 11:12:01,472 INFO [v36] WHY-NOT LPCN px 3.1315 | crowd #1 $5334k held 39.0m, gainer #3 | NO PATTERN: rip 07:00 dead | last candles RR, vol 0.6x the 5 before (high break needs 2.0x)
2026-10-07 11:12:10,442 INFO [v36b] WHY-NOT BIYA px 2.4000 | crowd #3 $612k, gainer #1 | NO: 6 buys today
2026-10-07 11:12:32,316 INFO [v36] WHY-NOT SXTC px 1.9100 | crowd #9 $90k, gainer #2 | NO CROWD: not top 2 held 2m, not ripping, not a top gainer with $1000k
2026-10-07 11:12:32,316 INFO [v36b] WHY-NOT SXTC px 1.9100 | crowd #9 $90k, gainer #2 | NO CROWD: not top 2 held 2m, not ripping, not a top gainer with $1000k
2026-10-07 11:12:53,414 INFO [v36] WHY-NOT BIYA px 2.4200 | crowd #3 $612k, gainer #1 | NO: 6 buys today
2026-10-07 11:13:00,557 INFO [v36b] WHY-NOT LPCN px 3.2100 | crowd #1 $4838k held 40.0m, gainer #3 | NO PATTERN: rip 07:00 dead | last candles RG, vol 1.0x the 5 before (high break needs 2.0x)
2026-10-07 11:13:01,154 INFO [v36] WHY-NOT APUS px 8.3200 | crowd #2 $3390k held 4.0m, gainer #7 | WAIT: setup trigger 8.5300
2026-10-07 11:13:01,154 INFO [v36b] WHY-NOT APUS px 8.3200 | crowd #2 $3390k held 4.0m, gainer #7 | WAIT: setup trigger 8.5300
2026-10-07 11:13:01,482 INFO [v36] WHY-NOT LPCN px 3.2400 | crowd #1 $4838k held 40.0m, gainer #3 | NO PATTERN: rip 07:00 dead | last candles RG, vol 1.0x the 5 before (high break needs 2.0x)
2026-10-07 11:13:01,961 INFO [v36] WHY-NOT BURU px 1.0400 | crowd #3 $398k, gainer #34 | NO CROWD: not top 2 held 2m, not ripping, not a top gainer with $1000k
2026-10-07 11:13:01,961 INFO [v36b] WHY-NOT BURU px 1.0400 | crowd #3 $398k, gainer #34 | NO CROWD: not top 2 held 2m, not ripping, not a top gainer with $1000k
2026-10-07 11:13:11,428 INFO [v36b] WHY-NOT BIYA px 2.4096 | crowd #4 $372k, gainer #1 | NO: 6 buys today
2026-10-07 11:13:35,850 INFO [v36] WHY-NOT SXTC px 1.9000 | crowd #8 $106k, gainer #2 | NO CROWD: not top 2 held 2m, not ripping, not a top gainer with $1000k
2026-10-07 11:13:35,850 INFO [v36b] WHY-NOT SXTC px 1.9000 | crowd #8 $106k, gainer #2 | NO CROWD: not top 2 held 2m, not ripping, not a top gainer with $1000k
2026-10-07 11:13:53,884 INFO [v36] WHY-NOT BIYA px 2.3950 | crowd #4 $372k, gainer #1 | NO: 6 buys today
2026-10-07 11:14:00,217 INFO [v36] WHY-NOT APUS px 8.3900 | crowd #2 $3342k held 5.0m, gainer #7 | NO TAPE at the trigger 8.3600: 30s ask 17% bid 24% between 59% of 13493 sh (100% by quote)
2026-10-07 11:14:00,217 INFO [v36b] WHY-NOT APUS px 8.3900 | crowd #2 $3342k held 5.0m, gainer #7 | NO TAPE at the trigger 8.3600: 30s ask 17% bid 24% between 59% of 13493 sh (100% by quote)
2026-10-07 11:14:00,578 INFO [v36b] WHY-NOT LPCN px 3.2100 | crowd #1 $5561k held 41.0m, gainer #2 | NO PATTERN: rip 07:00 dead | last candles G-, vol 1.2x the 5 before (high break needs 2.0x)
2026-10-07 11:14:01,579 INFO [v36] WHY-NOT LPCN px 3.2100 | crowd #1 $5561k held 41.0m, gainer #2 | NO PATTERN: rip 07:00 dead | last candles G-, vol 1.2x the 5 before (high break needs 2.0x)
2026-10-07 11:14:05,258 INFO [v36] WHY-NOT APUS px 8.4500 | crowd #2 $3342k held 5.1m, gainer #7 | NO ROOM at the trigger 8.3600: prior high 8.3900
2026-10-07 11:14:05,258 INFO [v36b] WHY-NOT APUS px 8.4500 | crowd #2 $3342k held 5.1m, gainer #7 | NO ROOM at the trigger 8.3600: prior high 8.3900
2026-10-07 11:14:10,603 INFO [v36] WHY-NOT APUS px 8.4910 | crowd #2 $3342k held 5.2m, gainer #7 | NO ROOM at the trigger 8.3600: prior high 8.3900
2026-10-07 11:14:10,603 INFO [v36b] WHY-NOT APUS px 8.4910 | crowd #2 $3342k held 5.2m, gainer #7 | NO ROOM at the trigger 8.3600: prior high 8.3900
2026-10-07 11:14:13,449 INFO [v36b] WHY-NOT BIYA px 2.3900 | crowd #3 $334k, gainer #1 | NO: 6 buys today
2026-10-07 11:14:15,736 INFO [v36] WHY-NOT APUS px 8.4600 | crowd #2 $3342k held 5.3m, gainer #7 | NO ROOM at the trigger 8.3600: prior high 8.3900
2026-10-07 11:14:15,737 INFO [v36b] WHY-NOT APUS px 8.4600 | crowd #2 $3342k held 5.3m, gainer #7 | NO ROOM at the trigger 8.3600: prior high 8.3900
2026-10-07 11:14:20,796 INFO [v36] WHY-NOT APUS px 8.4100 | crowd #2 $3342k held 5.3m, gainer #7 | NO ROOM at the trigger 8.3600: prior high 8.3900
2026-10-07 11:14:20,796 INFO [v36b] WHY-NOT APUS px 8.4100 | crowd #2 $3342k held 5.3m, gainer #7 | NO ROOM at the trigger 8.3600: prior high 8.3900
2026-10-07 11:14:25,823 INFO [v36] WHY-NOT APUS px 8.4900 | crowd #2 $3342k held 5.4m, gainer #7 | NO ROOM at the trigger 8.3600: prior high 8.3900
2026-10-07 11:14:25,823 INFO [v36b] WHY-NOT APUS px 8.4900 | crowd #2 $3342k held 5.4m, gainer #7 | NO ROOM at the trigger 8.3600: prior high 8.3900
2026-10-07 11:14:31,243 INFO [v36] WHY-NOT APUS px 8.4662 | crowd #2 $3342k held 5.5m, gainer #7 | NO ROOM at the trigger 8.3600: prior high 8.3900
2026-10-07 11:14:31,243 INFO [v36b] WHY-NOT APUS px 8.4662 | crowd #2 $3342k held 5.5m, gainer #7 | NO ROOM at the trigger 8.3600: prior high 8.3900
2026-10-07 11:14:36,247 INFO [v36] WHY-NOT APUS px 8.4400 | crowd #2 $3342k held 5.6m, gainer #7 | NO ROOM at the trigger 8.3600: prior high 8.3900
2026-10-07 11:14:36,248 INFO [v36b] WHY-NOT APUS px 8.4400 | crowd #2 $3342k held 5.6m, gainer #7 | NO ROOM at the trigger 8.3600: prior high 8.3900
2026-10-07 11:14:41,391 INFO [v36] WHY-NOT APUS px 8.4615 | crowd #2 $3342k held 5.7m, gainer #7 | NO TAPE at the trigger 8.3600: 30s ask 21% bid 18% between 61% of 35320 sh (100% by quote)
2026-10-07 11:14:41,392 INFO [v36b] WHY-NOT APUS px 8.4615 | crowd #2 $3342k held 5.7m, gainer #7 | NO TAPE at the trigger 8.3600: 30s ask 21% bid 18% between 61% of 35320 sh (100% by quote)
2026-10-07 11:14:48,261 INFO [v36] WHY-NOT APUS px 8.4500 | crowd #2 $3342k held 5.8m, gainer #7 | NO TAPE at the trigger 8.3600: 30s ask 23% bid 20% between 57% of 32129 sh (100% by quote)
2026-10-07 11:14:48,262 INFO [v36b] WHY-NOT APUS px 8.4500 | crowd #2 $3342k held 5.8m, gainer #7 | NO TAPE at the trigger 8.3600: 30s ask 23% bid 20% between 57% of 32129 sh (100% by quote)
2026-10-07 11:14:53,951 INFO [v36] WHY-NOT APUS px 8.5000 | crowd #2 $3342k held 5.9m, gainer #7 | NO TAPE at the trigger 8.3600: 30s ask 7% bid 28% between 65% of 23420 sh (100% by quote)
2026-10-07 11:14:53,951 INFO [v36b] WHY-NOT APUS px 8.5000 | crowd #2 $3342k held 5.9m, gainer #7 | NO TAPE at the trigger 8.3600: 30s ask 7% bid 28% between 65% of 23420 sh (100% by quote)
2026-10-07 11:14:55,262 INFO [v36] WHY-NOT BIYA px 2.4195 | crowd #3 $334k, gainer #1 | NO: 6 buys today
2026-10-07 11:14:59,567 INFO [v36] WHY-NOT APUS px 8.5200 | crowd #2 $3342k held 6.0m, gainer #7 | NO TAPE at the trigger 8.3600: 30s ask 17% bid 24% between 59% of 19612 sh (100% by quote)
2026-10-07 11:14:59,568 INFO [v36b] WHY-NOT APUS px 8.5200 | crowd #2 $3342k held 6.0m, gainer #7 | NO TAPE at the trigger 8.3600: 30s ask 17% bid 24% between 59% of 19612 sh (100% by quote)
2026-10-07 11:15:00,785 INFO [v36b] WHY-NOT LPCN px 3.3089 | crowd #1 $5182k held 42.0m, gainer #2 | NO PATTERN: rip 07:00 dead | last candles -G, vol 1.2x the 5 before (high break needs 2.0x)
2026-10-07 11:15:01,593 INFO [v36] WHY-NOT LPCN px 3.3000 | crowd #1 $5182k held 42.0m, gainer #2 | NO PATTERN: rip 07:00 dead | last candles -G, vol 1.2x the 5 before (high break needs 2.0x)
2026-10-07 11:15:16,081 INFO [v36b] WHY-NOT BIYA px 2.3818 | crowd #3 $270k, gainer #1 | NO: 6 buys today
2026-10-07 11:15:55,357 INFO [v36] WHY-NOT BIYA px 2.3585 | crowd #3 $270k, gainer #1 | NO: 6 buys today
2026-10-07 11:16:00,414 INFO [v36] WHY-NOT APUS px 8.3500 | crowd #2 $2098k held 7.0m, gainer #7 | WAIT: setup trigger 8.5100
2026-10-07 11:16:00,414 INFO [v36b] WHY-NOT APUS px 8.3500 | crowd #2 $2098k held 7.0m, gainer #7 | WAIT: setup trigger 8.5100
2026-10-07 11:16:00,841 INFO [v36b] WHY-NOT LPCN px 3.4200 | crowd #1 $6108k held 43.0m, gainer #2 | WAIT: hod trigger 3.5500
2026-10-07 11:16:01,597 INFO [v36] WHY-NOT LPCN px 3.4198 | crowd #1 $6108k held 43.0m, gainer #2 | WAIT: hod trigger 3.5500
2026-10-07 11:16:18,568 INFO [v36b] WHY-NOT BIYA px 2.3600 | crowd #3 $269k, gainer #1 | NO: 6 buys today
2026-10-07 11:16:56,520 INFO [v36] WHY-NOT BIYA px 2.3600 | crowd #3 $269k, gainer #1 | NO: 6 buys today
2026-10-07 11:17:00,264 INFO [v36] WHY-NOT SXTC px 2.0450 | crowd #4 $392k, gainer #2 | NO CROWD: not top 2 held 2m, not ripping, not a top gainer with $1000k
2026-10-07 11:17:00,266 INFO [v36b] WHY-NOT SXTC px 2.0450 | crowd #4 $392k, gainer #2 | NO CROWD: not top 2 held 2m, not ripping, not a top gainer with $1000k
2026-10-07 11:17:00,841 INFO [v36b] WHY-NOT LPCN px 3.4000 | crowd #1 $12542k held 44.0m, gainer #3 | WAIT: setup trigger 3.4310
2026-10-07 11:17:01,745 INFO [v36] WHY-NOT LPCN px 3.3899 | crowd #1 $12542k held 44.0m, gainer #3 | WAIT: setup trigger 3.4310
2026-10-07 11:17:19,179 INFO [v36b] WHY-NOT BIYA px 2.3699 | crowd #3 $531k, gainer #1 | NO: 6 buys today
2026-10-07 11:17:53,226 INFO [v36b] WHY-NOT APUS px 8.3221 | crowd #2 $2168k held 8.9m, gainer #7 | NO PATTERN: rip 07:09 alive | last candles RG, vol 0.5x the 5 before (high break needs 2.0x)
2026-10-07 11:17:55,059 INFO [v36] WHY-NOT APUS px 8.3221 | crowd #2 $2168k held 8.9m, gainer #7 | NO PATTERN: rip 07:09 alive | last candles RG, vol 0.5x the 5 before (high break needs 2.0x)
2026-10-07 11:17:56,937 INFO [v36] WHY-NOT BIYA px 2.4003 | crowd #3 $531k, gainer #1 | NO: 6 buys today
2026-10-07 11:18:00,958 INFO [v36b] WHY-NOT LPCN px 3.4000 | crowd #1 $12752k held 45.0m, gainer #3 | WAIT: setup trigger 3.4200
2026-10-07 11:18:01,620 INFO [v36] WHY-NOT SXTC px 2.0200 | crowd #3 $568k, gainer #2 | NO CROWD: not top 2 held 2m, not ripping, not a top gainer with $1000k
2026-10-07 11:18:01,621 INFO [v36b] WHY-NOT SXTC px 2.0200 | crowd #3 $568k, gainer #2 | NO CROWD: not top 2 held 2m, not ripping, not a top gainer with $1000k
2026-10-07 11:18:01,749 INFO [v36] WHY-NOT LPCN px 3.4000 | crowd #1 $12752k held 45.0m, gainer #3 | WAIT: setup trigger 3.4200
2026-10-07 11:18:25,122 INFO [v36b] WHY-NOT BIYA px 2.3781 | crowd #4 $525k, gainer #1 | NO: 6 buys today
2026-10-07 11:18:25,923 INFO [v36] WHY-NOT APUS px 8.5500 | crowd #2 $2579k held 9.4m, gainer #7 | NO TAPE at the trigger 8.5346: 30s ask 27% bid 27% between 47% of 18738 sh (97% by quote)
2026-10-07 11:18:25,923 INFO [v36b] WHY-NOT APUS px 8.5500 | crowd #2 $2579k held 9.4m, gainer #7 | NO TAPE at the trigger 8.5346: 30s ask 27% bid 27% between 47% of 18738 sh (97% by quote)
2026-10-07 11:18:58,460 INFO [v36] WHY-NOT BIYA px 2.3697 | crowd #4 $525k, gainer #1 | NO: 6 buys today
2026-10-07 11:19:02,598 INFO [v36] WHY-NOT SXTC px 2.0000 | crowd #3 $502k, gainer #3 | NO CROWD: not top 2 held 2m, not ripping, not a top gainer with $1000k
2026-10-07 11:19:02,599 INFO [v36b] WHY-NOT SXTC px 2.0000 | crowd #3 $502k, gainer #3 | NO CROWD: not top 2 held 2m, not ripping, not a top gainer with $1000k
2026-10-07 11:19:27,592 INFO [v36] WHY-NOT APUS px 8.3500 | crowd #2 $1852k held 10.5m, gainer #7 | NO PATTERN: rip 07:09 alive | last candles RG, vol 0.6x the 5 before (high break needs 2.0x)
2026-10-07 11:19:27,593 INFO [v36b] WHY-NOT APUS px 8.3500 | crowd #2 $1852k held 10.5m, gainer #7 | NO PATTERN: rip 07:09 alive | last candles RG, vol 0.6x the 5 before (high break needs 2.0x)
2026-10-07 11:19:27,931 INFO [v36b] WHY-NOT BIYA px 2.3603 | crowd #4 $435k, gainer #1 | NO: 6 buys today
2026-10-07 11:20:02,810 INFO [v36] WHY-NOT SXTC px 1.9990 | crowd #3 $564k, gainer #3 | NO CROWD: not top 2 held 2m, not ripping, not a top gainer with $1000k
2026-10-07 11:20:02,811 INFO [v36b] WHY-NOT SXTC px 1.9990 | crowd #3 $564k, gainer #3 | NO CROWD: not top 2 held 2m, not ripping, not a top gainer with $1000k
2026-10-07 11:20:03,991 INFO [v36] WHY-NOT BIYA px 2.3600 | crowd #4 $373k, gainer #1 | NO: 6 buys today
2026-10-07 11:20:05,413 INFO [v36] WHY-NOT LPCN px 3.3200 | crowd #1 $8169k held 47.1m, gainer #2 | NO: 6 buys today
2026-10-07 11:20:05,773 INFO [v36b] WHY-NOT LPCN px 3.3200 | crowd #1 $8169k held 47.1m, gainer #2 | NO: 6 buys today
2026-10-07 11:20:28,203 INFO [v36b] WHY-NOT BIYA px 2.3400 | crowd #4 $373k, gainer #1 | NO: 6 buys today
2026-10-07 11:20:29,002 INFO [v36] WHY-NOT APUS px 8.3789 | crowd #2 $1854k held 11.5m, gainer #7 | WAIT: setup trigger 8.4800
2026-10-07 11:20:29,002 INFO [v36b] WHY-NOT APUS px 8.3789 | crowd #2 $1854k held 11.5m, gainer #7 | WAIT: setup trigger 8.4800
2026-10-07 11:21:02,912 INFO [v36b] WHY-NOT SXTC px 1.9800 | crowd #3 $372k, gainer #3 | NO CROWD: not top 2 held 2m, not ripping, not a top gainer with $1000k
2026-10-07 11:21:02,983 INFO [v36] WHY-NOT SXTC px 1.9800 | crowd #3 $372k, gainer #3 | NO CROWD: not top 2 held 2m, not ripping, not a top gainer with $1000k
2026-10-07 11:21:05,416 INFO [v36] WHY-NOT LPCN px 3.3300 | crowd #1 $5419k held 48.1m, gainer #2 | NO: 6 buys today
2026-10-07 11:21:05,817 INFO [v36b] WHY-NOT LPCN px 3.3400 | crowd #1 $5419k held 48.1m, gainer #2 | NO: 6 buys today
2026-10-07 11:21:12,183 INFO [v36] WHY-NOT BIYA px 2.3697 | crowd #4 $212k, gainer #1 | NO: 6 buys today
2026-10-07 11:21:29,805 INFO [v36b] WHY-NOT BIYA px 2.3685 | crowd #4 $212k, gainer #1 | NO: 6 buys today
2026-10-07 11:21:30,228 INFO [v36] WHY-NOT APUS px 8.3500 | crowd #2 $1357k held 12.5m, gainer #7 | NO PATTERN: rip 07:09 dead | last candles RG, vol 0.4x the 5 before (high break needs 2.0x)
2026-10-07 11:21:30,228 INFO [v36b] WHY-NOT APUS px 8.3500 | crowd #2 $1357k held 12.5m, gainer #7 | NO PATTERN: rip 07:09 dead | last candles RG, vol 0.4x the 5 before (high break needs 2.0x)
2026-10-07 11:22:02,737 INFO [v36] WHY-NOT MTEN px 1.2600 | crowd #3 $328k, gainer #4 | NO CROWD: not top 2 held 2m, not ripping, not a top gainer with $1000k
2026-10-07 11:22:02,738 INFO [v36b] WHY-NOT MTEN px 1.2600 | crowd #3 $328k, gainer #4 | NO CROWD: not top 2 held 2m, not ripping, not a top gainer with $1000k
2026-10-07 11:22:05,457 INFO [v36] WHY-NOT LPCN px 3.4200 | crowd #1 $8226k held 49.1m, gainer #2 | NO: 6 buys today
2026-10-07 11:22:06,011 INFO [v36b] WHY-NOT LPCN px 3.4200 | crowd #1 $8226k held 49.1m, gainer #2 | NO: 6 buys today
2026-10-07 11:22:13,425 INFO [v36] WHY-NOT BIYA px 2.3700 | crowd #4 $262k, gainer #1 | NO: 6 buys today
2026-10-07 11:22:30,226 INFO [v36b] WHY-NOT BIYA px 2.3650 | crowd #4 $262k, gainer #1 | NO: 6 buys today
2026-10-07 11:22:33,181 INFO [v36] WHY-NOT APUS px 8.5401 | crowd #2 $870k held 13.6m, gainer #7 | NO PATTERN: rip 07:09 dead | last candles GG, vol 0.4x the 5 before (high break needs 2.0x)
2026-10-07 11:22:33,181 INFO [v36b] WHY-NOT APUS px 8.5401 | crowd #2 $870k held 13.6m, gainer #7 | NO PATTERN: rip 07:09 dead | last candles GG, vol 0.4x the 5 before (high break needs 2.0x)
2026-10-07 11:23:00,281 INFO [v36] WHY-NOT APUS px 8.4849 | crowd #2 $498k held 14.0m, gainer #7 | NO TAPE at the trigger 8.4700: 30s ask 19% bid 46% between 35% of 21014 sh (95% by quote)
2026-10-07 11:23:00,281 INFO [v36b] WHY-NOT APUS px 8.4849 | crowd #2 $498k held 14.0m, gainer #7 | NO TAPE at the trigger 8.4700: 30s ask 19% bid 46% between 35% of 21014 sh (95% by quote)
2026-10-07 11:23:03,490 INFO [v36] WHY-NOT MTEN px 1.2688 | crowd #3 $288k, gainer #4 | NO CROWD: not top 2 held 2m, not ripping, not a top gainer with $1000k
2026-10-07 11:23:03,490 INFO [v36b] WHY-NOT MTEN px 1.2688 | crowd #3 $288k, gainer #4 | NO CROWD: not top 2 held 2m, not ripping, not a top gainer with $1000k
2026-10-07 11:23:05,473 INFO [v36] WHY-NOT LPCN px 3.6100 | crowd #1 $6405k held 50.1m, gainer #1 | NO: 6 buys today
2026-10-07 11:23:06,047 INFO [v36b] WHY-NOT LPCN px 3.6200 | crowd #1 $6405k held 50.1m, gainer #1 | NO: 6 buys today
2026-10-07 11:23:14,302 INFO [v36] WHY-NOT BIYA px 2.4099 | crowd #4 $169k, gainer #2 | NO: 6 buys today
2026-10-07 11:23:33,061 INFO [v36b] WHY-NOT BIYA px 2.3898 | crowd #4 $169k, gainer #2 | NO: 6 buys today
2026-10-07 11:24:01,047 INFO [v36] WHY-NOT APUS px 8.0765 | crowd #2 $852k held 15.0m, gainer #8 | WAIT: setup trigger 8.4949
2026-10-07 11:24:01,048 INFO [v36b] WHY-NOT APUS px 8.0765 | crowd #2 $852k held 15.0m, gainer #8 | WAIT: setup trigger 8.4949
2026-10-07 11:24:03,688 INFO [v36] WHY-NOT MTEN px 1.2600 | crowd #3 $226k, gainer #4 | NO CROWD: not top 2 held 2m, not ripping, not a top gainer with $1000k
2026-10-07 11:24:03,688 INFO [v36b] WHY-NOT MTEN px 1.2600 | crowd #3 $226k, gainer #4 | NO CROWD: not top 2 held 2m, not ripping, not a top gainer with $1000k
2026-10-07 11:24:05,750 INFO [v36] WHY-NOT LPCN px 3.6385 | crowd #1 $11558k held 51.1m, gainer #2 | NO: 6 buys today
2026-10-07 11:24:06,072 INFO [v36b] WHY-NOT LPCN px 3.6397 | crowd #1 $11558k held 51.1m, gainer #2 | NO: 6 buys today
2026-10-07 11:24:15,484 INFO [v36] WHY-NOT BIYA px 2.4000 | crowd #4 $220k, gainer #1 | NO: 6 buys today
2026-10-07 11:24:34,048 INFO [v36b] WHY-NOT BIYA px 2.3900 | crowd #4 $220k, gainer #1 | NO: 6 buys today
2026-10-07 11:25:02,337 INFO [v36] WHY-NOT APUS px 8.1100 | crowd #2 $1302k held 16.0m, gainer #8 | NO PATTERN: rip 07:09 alive | last candles RG, vol 0.8x the 5 before (high break needs 2.0x)
2026-10-07 11:25:02,338 INFO [v36b] WHY-NOT APUS px 8.1100 | crowd #2 $1302k held 16.0m, gainer #8 | NO PATTERN: rip 07:09 alive | last candles RG, vol 0.8x the 5 before (high break needs 2.0x)
2026-10-07 11:25:05,803 INFO [v36] WHY-NOT LPCN px 3.6185 | crowd #1 $10962k held 52.1m, gainer #2 | NO: 6 buys today
2026-10-07 11:25:06,092 INFO [v36b] WHY-NOT LPCN px 3.6100 | crowd #1 $10962k held 52.1m, gainer #2 | NO: 6 buys today
2026-10-07 11:25:16,611 INFO [v36] WHY-NOT BIYA px 2.4100 | crowd #3 $252k, gainer #1 | NO: 6 buys today
2026-10-07 11:25:34,791 INFO [v36b] WHY-NOT BIYA px 2.4200 | crowd #3 $252k, gainer #1 | NO: 6 buys today
2026-10-07 11:26:00,829 INFO [v36] WHY-NOT SXTC px 1.8300 | crowd #3 $476k, gainer #3 | NO CROWD: not top 2 held 2m, not ripping, not a top gainer with $1000k
2026-10-07 11:26:00,830 INFO [v36b] WHY-NOT SXTC px 1.8300 | crowd #3 $476k, gainer #3 | NO CROWD: not top 2 held 2m, not ripping, not a top gainer with $1000k
2026-10-07 11:26:02,409 INFO [v36b] WHY-NOT APUS px 8.1500 | crowd #2 $1523k held 17.0m, gainer #7 | NO PATTERN: rip 07:09 alive | last candles GG, vol 0.3x the 5 before (high break needs 2.0x)
2026-10-07 11:26:02,479 INFO [v36] WHY-NOT APUS px 8.1500 | crowd #2 $1523k held 17.0m, gainer #7 | NO PATTERN: rip 07:09 alive | last candles GG, vol 0.3x the 5 before (high break needs 2.0x)
2026-10-07 11:26:06,166 INFO [v36] WHY-NOT LPCN px 3.5900 | crowd #1 $16390k held 53.1m, gainer #2 | NO: 6 buys today
2026-10-07 11:26:06,167 INFO [v36b] WHY-NOT LPCN px 3.5900 | crowd #1 $16390k held 53.1m, gainer #2 | NO: 6 buys today
2026-10-07 11:26:17,425 INFO [v36] WHY-NOT BIYA px 2.4002 | crowd #4 $431k, gainer #1 | NO: 6 buys today
2026-10-07 11:26:35,409 INFO [v36b] WHY-NOT BIYA px 2.4119 | crowd #4 $431k, gainer #1 | NO: 6 buys today
2026-10-07 11:27:02,320 INFO [v36] WHY-NOT SXTC px 1.8700 | crowd #3 $555k, gainer #3 | NO CROWD: not top 2 held 2m, not ripping, not a top gainer with $1000k
2026-10-07 11:27:02,321 INFO [v36b] WHY-NOT SXTC px 1.8700 | crowd #3 $555k, gainer #3 | NO CROWD: not top 2 held 2m, not ripping, not a top gainer with $1000k
2026-10-07 11:27:06,225 INFO [v36] WHY-NOT LPCN px 3.7000 | crowd #1 $12640k held 54.1m, gainer #2 | NO: 6 buys today
2026-10-07 11:27:06,225 INFO [v36b] WHY-NOT LPCN px 3.7000 | crowd #1 $12640k held 54.1m, gainer #2 | NO: 6 buys today
2026-10-07 11:27:12,429 INFO [v36] WHY-NOT APUS px 8.1947 | crowd #2 $1156k held 18.2m, gainer #8 | NO PATTERN: rip 07:09 dead | last candles G-, vol 0.3x the 5 before (high break needs 2.0x)
2026-10-07 11:27:12,429 INFO [v36b] WHY-NOT APUS px 8.1947 | crowd #2 $1156k held 18.2m, gainer #8 | NO PATTERN: rip 07:09 dead | last candles G-, vol 0.3x the 5 before (high break needs 2.0x)
2026-10-07 11:27:19,809 INFO [v36] WHY-NOT BIYA px 2.4050 | crowd #4 $475k, gainer #1 | NO: 6 buys today
2026-10-07 11:27:36,422 INFO [v36b] WHY-NOT BIYA px 2.4000 | crowd #4 $475k, gainer #1 | NO: 6 buys today
2026-10-07 11:28:02,674 INFO [v36] WHY-NOT SXTC px 1.8900 | crowd #3 $499k, gainer #3 | NO CROWD: not top 2 held 2m, not ripping, not a top gainer with $1000k
2026-10-07 11:28:02,674 INFO [v36b] WHY-NOT SXTC px 1.8900 | crowd #3 $499k, gainer #3 | NO CROWD: not top 2 held 2m, not ripping, not a top gainer with $1000k
2026-10-07 11:28:06,273 INFO [v36] WHY-NOT LPCN px 3.6600 | crowd #1 $12148k held 55.1m, gainer #2 | NO: 6 buys today
2026-10-07 11:28:06,273 INFO [v36b] WHY-NOT LPCN px 3.6600 | crowd #1 $12148k held 55.1m, gainer #2 | NO: 6 buys today
2026-10-07 11:28:13,423 INFO [v36] WHY-NOT APUS px 8.1200 | crowd #2 $586k held 19.2m, gainer #7 | NO PATTERN: rip 07:09 dead | last candles -R, vol 0.3x the 5 before (high break needs 2.0x)
2026-10-07 11:28:13,468 INFO [v36b] WHY-NOT APUS px 8.1200 | crowd #2 $586k held 19.2m, gainer #7 | NO PATTERN: rip 07:09 dead | last candles -R, vol 0.3x the 5 before (high break needs 2.0x)
2026-10-07 11:28:20,950 INFO [v36] WHY-NOT BIYA px 2.3900 | crowd #5 $414k, gainer #1 | NO: 6 buys today
2026-10-07 11:28:36,795 INFO [v36b] WHY-NOT BIYA px 2.3800 | crowd #5 $414k, gainer #1 | NO: 6 buys today
2026-10-07 11:29:01,226 INFO [v36] WHY-NOT SDEV px 3.4200 | crowd #2 $381k held 0.0m, gainer #15 | NO CROWD: not top 2 held 2m, not ripping, not a top gainer with $1000k
2026-10-07 11:29:01,226 INFO [v36b] WHY-NOT SDEV px 3.4200 | crowd #2 $381k held 0.0m, gainer #15 | NO CROWD: not top 2 held 2m, not ripping, not a top gainer with $1000k
2026-10-07 11:29:06,303 INFO [v36] WHY-NOT LPCN px 3.8615 | crowd #1 $8394k held 56.1m, gainer #1 | NO: 6 buys today
2026-10-07 11:29:06,303 INFO [v36b] WHY-NOT LPCN px 3.8615 | crowd #1 $8394k held 56.1m, gainer #1 | NO: 6 buys today
2026-10-07 11:29:22,325 INFO [v36] WHY-NOT BIYA px 2.3997 | crowd #3 $340k, gainer #2 | NO: 6 buys today
2026-10-07 11:29:37,321 INFO [v36b] WHY-NOT BIYA px 2.3700 | crowd #3 $340k, gainer #2 | NO: 6 buys today
2026-10-07 11:30:00,620 INFO [v36b] WHY-NOT APUS px 7.9100 | crowd #2 $524k held 0.0m, gainer #8 | NO CROWD: not top 2 held 2m, not ripping, not a top gainer with $1000k
2026-10-07 11:30:00,688 INFO [v36] WHY-NOT APUS px 7.9100 | crowd #2 $524k held 0.0m, gainer #8 | NO CROWD: not top 2 held 2m, not ripping, not a top gainer with $1000k
2026-10-07 11:30:01,502 INFO [v36] WHY-NOT SDEV px 3.4400 | crowd #3 $497k, gainer #15 | NO CROWD: not top 2 held 2m, not ripping, not a top gainer with $1000k
2026-10-07 11:30:01,502 INFO [v36b] WHY-NOT SDEV px 3.4400 | crowd #3 $497k, gainer #15 | NO CROWD: not top 2 held 2m, not ripping, not a top gainer with $1000k
2026-10-07 11:30:06,339 INFO [v36] WHY-NOT LPCN px 3.8900 | crowd #1 $13973k held 57.1m, gainer #1 | NO: 6 buys today
2026-10-07 11:30:06,340 INFO [v36b] WHY-NOT LPCN px 3.8900 | crowd #1 $13973k held 57.1m, gainer #1 | NO: 6 buys today
2026-10-07 11:30:23,657 INFO [v36] WHY-NOT BIYA px 2.3750 | crowd #4 $351k, gainer #2 | NO: 6 buys today
2026-10-07 11:30:40,093 INFO [v36b] WHY-NOT BIYA px 2.3782 | crowd #4 $351k, gainer #2 | NO: 6 buys today
2026-10-07 11:31:02,233 INFO [v36] WHY-NOT APUS px 7.8642 | crowd #2 $410k held 1.0m, gainer #10 | NO CROWD: not top 2 held 2m, not ripping, not a top gainer with $1000k
2026-10-07 11:31:02,234 INFO [v36b] WHY-NOT APUS px 7.8642 | crowd #2 $410k held 1.0m, gainer #10 | NO CROWD: not top 2 held 2m, not ripping, not a top gainer with $1000k
2026-10-07 11:31:06,375 INFO [v36] WHY-NOT LPCN px 3.8400 | crowd #1 $11198k held 58.1m, gainer #1 | NO: 6 buys today
2026-10-07 11:31:06,376 INFO [v36b] WHY-NOT LPCN px 3.8400 | crowd #1 $11198k held 58.1m, gainer #1 | NO: 6 buys today
2026-10-07 11:31:07,166 INFO [v36] WHY-NOT SDEV px 3.4500 | crowd #3 $346k, gainer #12 | NO CROWD: not top 2 held 2m, not ripping, not a top gainer with $1000k
2026-10-07 11:31:07,167 INFO [v36b] WHY-NOT SDEV px 3.4500 | crowd #3 $346k, gainer #12 | NO CROWD: not top 2 held 2m, not ripping, not a top gainer with $1000k
2026-10-07 11:31:26,186 INFO [v36] WHY-NOT BIYA px 2.4180 | crowd #5 $207k, gainer #2 | NO: 6 buys today
2026-10-07 11:31:40,255 INFO [v36b] WHY-NOT BIYA px 2.4303 | crowd #5 $207k, gainer #2 | NO: 6 buys today
2026-10-07 11:32:01,060 INFO [v36] WHY-NOT MTEN px 1.1411 | crowd #3 $771k, gainer #6 | NO CROWD: not top 2 held 2m, not ripping, not a top gainer with $1000k
2026-10-07 11:32:01,060 INFO [v36b] WHY-NOT MTEN px 1.1411 | crowd #3 $771k, gainer #6 | NO CROWD: not top 2 held 2m, not ripping, not a top gainer with $1000k
2026-10-07 11:32:02,979 INFO [v36] WHY-NOT APUS px 7.7900 | crowd #2 $877k held 2.0m, gainer #10 | NO PATTERN: rip 07:09 alive | last candles RR, vol 0.9x the 5 before (high break needs 2.0x)
2026-10-07 11:32:02,979 INFO [v36b] WHY-NOT APUS px 7.7900 | crowd #2 $877k held 2.0m, gainer #10 | NO PATTERN: rip 07:09 alive | last candles RR, vol 0.9x the 5 before (high break needs 2.0x)
2026-10-07 11:32:06,479 INFO [v36] WHY-NOT LPCN px 3.8715 | crowd #1 $14707k held 59.1m, gainer #1 | NO: 6 buys today
2026-10-07 11:32:06,479 INFO [v36b] WHY-NOT LPCN px 3.8715 | crowd #1 $14707k held 59.1m, gainer #1 | NO: 6 buys today
2026-10-07 11:32:27,505 INFO [v36] WHY-NOT BIYA px 2.4350 | crowd #4 $455k, gainer #2 | NO: 6 buys today
2026-10-07 11:32:40,405 INFO [v36b] WHY-NOT BIYA px 2.4200 | crowd #4 $455k, gainer #2 | NO: 6 buys today
2026-10-07 11:33:01,355 INFO [v36] WHY-NOT MTEN px 1.1600 | crowd #3 $751k, gainer #6 | NO CROWD: not top 2 held 2m, not ripping, not a top gainer with $1000k
2026-10-07 11:33:01,355 INFO [v36b] WHY-NOT MTEN px 1.1600 | crowd #3 $751k, gainer #6 | NO CROWD: not top 2 held 2m, not ripping, not a top gainer with $1000k
2026-10-07 11:33:03,845 INFO [v36] WHY-NOT APUS px 7.8010 | crowd #2 $798k held 3.1m, gainer #12 | NO PATTERN: rip 07:09 dead | last candles RG, vol 0.4x the 5 before (high break needs 2.0x)
2026-10-07 11:33:03,845 INFO [v36b] WHY-NOT APUS px 7.8010 | crowd #2 $798k held 3.1m, gainer #12 | NO PATTERN: rip 07:09 dead | last candles RG, vol 0.4x the 5 before (high break needs 2.0x)
2026-10-07 11:33:06,482 INFO [v36] WHY-NOT LPCN px 3.7600 | crowd #1 $12971k held 60.1m, gainer #1 | NO: 6 buys today
2026-10-07 11:33:06,482 INFO [v36b] WHY-NOT LPCN px 3.7600 | crowd #1 $12971k held 60.1m, gainer #1 | NO: 6 buys today
2026-10-07 11:33:30,100 INFO [v36] WHY-NOT BIYA px 2.4000 | crowd #4 $364k, gainer #2 | NO: 6 buys today
2026-10-07 11:33:44,722 INFO [v36b] WHY-NOT BIYA px 2.3903 | crowd #4 $364k, gainer #2 | NO: 6 buys today
2026-10-07 11:34:01,617 INFO [v36] WHY-NOT MTEN px 1.1800 | crowd #3 $704k, gainer #5 | NO CROWD: not top 2 held 2m, not ripping, not a top gainer with $1000k
2026-10-07 11:34:01,617 INFO [v36b] WHY-NOT MTEN px 1.1800 | crowd #3 $704k, gainer #5 | NO CROWD: not top 2 held 2m, not ripping, not a top gainer with $1000k
2026-10-07 11:34:04,577 INFO [v36] WHY-NOT APUS px 7.8600 | crowd #2 $773k held 4.1m, gainer #12 | NO PATTERN: rip 07:09 dead | last candles GG, vol 0.8x the 5 before (high break needs 2.0x)
2026-10-07 11:34:04,577 INFO [v36b] WHY-NOT APUS px 7.8600 | crowd #2 $773k held 4.1m, gainer #12 | NO PATTERN: rip 07:09 dead | last candles GG, vol 0.8x the 5 before (high break needs 2.0x)
2026-10-07 11:34:06,510 INFO [v36] WHY-NOT LPCN px 3.6900 | crowd #1 $15512k held 61.1m, gainer #2 | NO: 6 buys today
2026-10-07 11:34:06,510 INFO [v36b] WHY-NOT LPCN px 3.6900 | crowd #1 $15512k held 61.1m, gainer #2 | NO: 6 buys today
2026-10-07 11:34:31,173 INFO [v36] WHY-NOT BIYA px 2.4399 | crowd #4 $389k, gainer #1 | NO: 6 buys today
2026-10-07 11:34:45,712 INFO [v36b] WHY-NOT BIYA px 2.4500 | crowd #4 $389k, gainer #1 | NO: 6 buys today
2026-10-07 11:35:01,859 INFO [v36] WHY-NOT MTEN px 1.1592 | crowd #3 $367k, gainer #7 | NO CROWD: not top 2 held 2m, not ripping, not a top gainer with $1000k
2026-10-07 11:35:01,859 INFO [v36b] WHY-NOT MTEN px 1.1592 | crowd #3 $367k, gainer #7 | NO CROWD: not top 2 held 2m, not ripping, not a top gainer with $1000k
2026-10-07 11:35:06,516 INFO [v36] WHY-NOT LPCN px 3.7200 | crowd #1 $11461k held 62.1m, gainer #2 | NO: 6 buys today
2026-10-07 11:35:06,516 INFO [v36b] WHY-NOT LPCN px 3.7200 | crowd #1 $11461k held 62.1m, gainer #2 | NO: 6 buys today
2026-10-07 11:35:17,052 INFO [v36] WHY-NOT APUS px 7.9162 | crowd #2 $374k held 5.3m, gainer #9 | NO PATTERN: rip 07:09 dead | last candles GG, vol 1.3x the 5 before (high break needs 2.0x)
2026-10-07 11:35:17,052 INFO [v36b] WHY-NOT APUS px 7.9162 | crowd #2 $374k held 5.3m, gainer #9 | NO PATTERN: rip 07:09 dead | last candles GG, vol 1.3x the 5 before (high break needs 2.0x)
2026-10-07 11:35:31,222 INFO [v36] WHY-NOT BIYA px 2.5098 | crowd #4 $301k, gainer #1 | NO: 6 buys today
2026-10-07 11:35:45,716 INFO [v36b] WHY-NOT BIYA px 2.5101 | crowd #4 $301k, gainer #1 | NO: 6 buys today
2026-10-07 11:36:00,051 INFO [v36] WHY-NOT NXTS px 1.6892 | crowd #2 $1123k held 0.0m, gainer #6 | NO CROWD: not top 2 held 2m, not ripping, not a top gainer with $1000k
2026-10-07 11:36:00,052 INFO [v36b] WHY-NOT NXTS px 1.6892 | crowd #2 $1123k held 0.0m, gainer #6 | NO CROWD: not top 2 held 2m, not ripping, not a top gainer with $1000k
2026-10-07 11:36:06,544 INFO [v36] WHY-NOT LPCN px 3.7390 | crowd #1 $12654k held 63.1m, gainer #2 | NO: 6 buys today
2026-10-07 11:36:06,544 INFO [v36b] WHY-NOT LPCN px 3.7390 | crowd #1 $12654k held 63.1m, gainer #2 | NO: 6 buys today
2026-10-07 11:36:31,542 INFO [v36] WHY-NOT BIYA px 2.5300 | crowd #3 $1010k, gainer #1 | NO: 6 buys today
2026-10-07 11:36:45,724 INFO [v36b] WHY-NOT BIYA px 2.5002 | crowd #3 $1010k, gainer #1 | NO: 6 buys today
2026-10-07 11:37:00,091 INFO [v36] WHY-NOT NXTS px 1.6399 | crowd #2 $1072k held 1.0m, gainer #7 | NO CROWD: not top 2 held 2m, not ripping, not a top gainer with $1000k
2026-10-07 11:37:00,092 INFO [v36b] WHY-NOT NXTS px 1.6399 | crowd #2 $1072k held 1.0m, gainer #7 | NO CROWD: not top 2 held 2m, not ripping, not a top gainer with $1000k
2026-10-07 11:37:06,634 INFO [v36] WHY-NOT LPCN px 3.7200 | crowd #1 $6894k held 64.1m, gainer #2 | NO: 6 buys today
2026-10-07 11:37:06,634 INFO [v36b] WHY-NOT LPCN px 3.7200 | crowd #1 $6894k held 64.1m, gainer #2 | NO: 6 buys today
2026-10-07 11:37:32,060 INFO [v36] WHY-NOT BIYA px 2.4903 | crowd #3 $927k, gainer #1 | NO: 6 buys today
2026-10-07 11:37:46,270 INFO [v36b] WHY-NOT BIYA px 2.4885 | crowd #3 $927k, gainer #1 | NO: 6 buys today
2026-10-07 11:38:00,174 INFO [v36] WHY-NOT NXTS px 1.7500 | crowd #2 $1471k held 2.0m, gainer #5 | NO PATTERN: no rip | last candles RG, vol 1.6x the 5 before (high break needs 2.0x)
2026-10-07 11:38:00,175 INFO [v36b] WHY-NOT NXTS px 1.7500 | crowd #2 $1471k held 2.0m, gainer #5 | NO PATTERN: no rip | last candles RG, vol 1.6x the 5 before (high break needs 2.0x)
2026-10-07 11:38:06,782 INFO [v36] WHY-NOT LPCN px 3.6400 | crowd #1 $4912k held 65.1m, gainer #2 | NO: 6 buys today
2026-10-07 11:38:06,782 INFO [v36b] WHY-NOT LPCN px 3.6400 | crowd #1 $4912k held 65.1m, gainer #2 | NO: 6 buys today
2026-10-07 11:38:33,374 INFO [v36] WHY-NOT BIYA px 2.4997 | crowd #3 $1283k, gainer #1 | NO: 6 buys today
2026-10-07 11:38:46,290 INFO [v36b] WHY-NOT BIYA px 2.4903 | crowd #3 $1283k, gainer #1 | NO: 6 buys today
2026-10-07 11:39:00,254 INFO [v36] WHY-NOT NXTS px 1.8200 | crowd #2 $2874k held 3.0m, gainer #4 | WAIT: hod trigger 1.9400
2026-10-07 11:39:00,254 INFO [v36b] WHY-NOT NXTS px 1.8200 | crowd #2 $2874k held 3.0m, gainer #4 | WAIT: hod trigger 1.9400
2026-10-07 11:39:06,892 INFO [v36] WHY-NOT LPCN px 3.5900 | crowd #1 $6974k held 66.1m, gainer #2 | NO: 6 buys today
2026-10-07 11:39:06,892 INFO [v36b] WHY-NOT LPCN px 3.5900 | crowd #1 $6974k held 66.1m, gainer #2 | NO: 6 buys today
2026-10-07 11:39:33,995 INFO [v36] WHY-NOT BIYA px 2.4700 | crowd #3 $1330k, gainer #1 | NO: 6 buys today
2026-10-07 11:39:46,345 INFO [v36b] WHY-NOT BIYA px 2.4601 | crowd #3 $1330k, gainer #1 | NO: 6 buys today
2026-10-07 11:40:00,310 INFO [v36] WHY-NOT NXTS px 1.6300 | crowd #2 $2208k held 4.0m, gainer #7 | NO PATTERN: no rip | last candles GR, vol 2.2x the 5 before (high break needs 2.0x)
2026-10-07 11:40:00,311 INFO [v36b] WHY-NOT NXTS px 1.6300 | crowd #2 $2208k held 4.0m, gainer #7 | NO PATTERN: no rip | last candles GR, vol 2.2x the 5 before (high break needs 2.0x)
2026-10-07 11:40:06,901 INFO [v36] WHY-NOT LPCN px 3.6300 | crowd #1 $7477k held 67.1m, gainer #2 | NO: 6 buys today
2026-10-07 11:40:06,901 INFO [v36b] WHY-NOT LPCN px 3.6300 | crowd #1 $7477k held 67.1m, gainer #2 | NO: 6 buys today
2026-10-07 11:40:36,950 INFO [v36] WHY-NOT BIYA px 2.4782 | crowd #3 $707k, gainer #1 | NO: 6 buys today
2026-10-07 11:40:46,838 INFO [v36b] WHY-NOT BIYA px 2.4883 | crowd #3 $707k, gainer #1 | NO: 6 buys today
2026-10-07 11:41:00,335 INFO [v36] WHY-NOT NXTS px 1.7203 | crowd #2 $3770k held 5.0m, gainer #4 | NO PATTERN: no rip | last candles RG, vol 1.0x the 5 before (high break needs 2.0x)
2026-10-07 11:41:00,336 INFO [v36b] WHY-NOT NXTS px 1.7203 | crowd #2 $3770k held 5.0m, gainer #4 | NO PATTERN: no rip | last candles RG, vol 1.0x the 5 before (high break needs 2.0x)
2026-10-07 11:41:06,922 INFO [v36] WHY-NOT LPCN px 3.6800 | crowd #1 $8878k held 68.1m, gainer #2 | NO: 6 buys today
2026-10-07 11:41:06,923 INFO [v36b] WHY-NOT LPCN px 3.6800 | crowd #1 $8878k held 68.1m, gainer #2 | NO: 6 buys today
2026-10-07 11:41:37,438 INFO [v36] WHY-NOT BIYA px 2.4899 | crowd #3 $611k, gainer #1 | NO: 6 buys today
2026-10-07 11:41:47,167 INFO [v36b] WHY-NOT BIYA px 2.4800 | crowd #3 $611k, gainer #1 | NO: 6 buys today
2026-10-07 11:42:00,425 INFO [v36] WHY-NOT NXTS px 1.6892 | crowd #2 $3572k held 6.0m, gainer #6 | NO PATTERN: no rip | last candles GR, vol 0.4x the 5 before (high break needs 2.0x)
2026-10-07 11:42:00,425 INFO [v36b] WHY-NOT NXTS px 1.6892 | crowd #2 $3572k held 6.0m, gainer #6 | NO PATTERN: no rip | last candles GR, vol 0.4x the 5 before (high break needs 2.0x)
2026-10-07 11:42:06,994 INFO [v36] WHY-NOT LPCN px 3.6301 | crowd #1 $6192k held 69.1m, gainer #2 | NO: 6 buys today
2026-10-07 11:42:06,995 INFO [v36b] WHY-NOT LPCN px 3.6301 | crowd #1 $6192k held 69.1m, gainer #2 | NO: 6 buys today
2026-10-07 11:42:38,065 INFO [v36] WHY-NOT BIYA px 2.5001 | crowd #3 $515k, gainer #1 | NO: 6 buys today
2026-10-07 11:42:47,189 INFO [v36b] WHY-NOT BIYA px 2.4898 | crowd #3 $515k, gainer #1 | NO: 6 buys today
2026-10-07 11:43:00,481 INFO [v36] WHY-NOT NXTS px 1.7600 | crowd #2 $2477k held 7.0m, gainer #4 | NO PATTERN: no rip | last candles RG, vol 0.9x the 5 before (high break needs 2.0x)
2026-10-07 11:43:00,481 INFO [v36b] WHY-NOT NXTS px 1.7600 | crowd #2 $3207k held 7.0m, gainer #4 | NO PATTERN: no rip | last candles RG, vol 0.9x the 5 before (high break needs 2.0x)
2026-10-07 11:43:07,034 INFO [v36] WHY-NOT LPCN px 3.5602 | crowd #1 $4066k held 70.1m, gainer #2 | NO: 6 buys today
2026-10-07 11:43:07,034 INFO [v36b] WHY-NOT LPCN px 3.5602 | crowd #1 $5295k held 70.1m, gainer #2 | NO: 6 buys today
2026-10-07 11:43:38,964 INFO [v36] WHY-NOT BIYA px 2.4600 | crowd #3 $358k, gainer #1 | NO: 6 buys today
2026-10-07 11:43:51,912 INFO [v36b] WHY-NOT BIYA px 2.4612 | crowd #3 $489k, gainer #1 | NO: 6 buys today
2026-10-07 11:44:00,619 INFO [v36] WHY-NOT NXTS px 1.8300 | crowd #2 $2678k held 8.0m, gainer #4 | NO PATTERN: no rip | last candles GG, vol 0.8x the 5 before (high break needs 2.0x)
2026-10-07 11:44:00,620 INFO [v36b] WHY-NOT NXTS px 1.8300 | crowd #2 $2678k held 8.0m, gainer #4 | NO PATTERN: no rip | last candles GG, vol 0.8x the 5 before (high break needs 2.0x)
2026-10-07 11:44:07,067 INFO [v36] WHY-NOT LPCN px 3.6300 | crowd #1 $5825k held 71.1m, gainer #2 | NO: 6 buys today
2026-10-07 11:44:07,067 INFO [v36b] WHY-NOT LPCN px 3.6300 | crowd #1 $5825k held 71.1m, gainer #2 | NO: 6 buys today
2026-10-07 11:44:40,207 INFO [v36] WHY-NOT BIYA px 2.4500 | crowd #3 $420k, gainer #1 | NO: 6 buys today
2026-10-07 11:44:52,015 INFO [v36b] WHY-NOT BIYA px 2.4500 | crowd #3 $420k, gainer #1 | NO: 6 buys today
2026-10-07 11:45:00,632 INFO [v36] WHY-NOT NXTS px 1.8400 | crowd #2 $2535k held 9.0m, gainer #4 | NO PATTERN: no rip | last candles GG, vol 0.8x the 5 before (high break needs 2.0x)
2026-10-07 11:45:00,632 INFO [v36b] WHY-NOT NXTS px 1.8400 | crowd #2 $2535k held 9.0m, gainer #4 | NO PATTERN: no rip | last candles GG, vol 0.8x the 5 before (high break needs 2.0x)
2026-10-07 11:45:07,170 INFO [v36] WHY-NOT LPCN px 3.6000 | crowd #1 $6215k held 72.1m, gainer #2 | NO: 6 buys today
2026-10-07 11:45:07,170 INFO [v36b] WHY-NOT LPCN px 3.6000 | crowd #1 $6215k held 72.1m, gainer #2 | NO: 6 buys today
2026-10-07 11:45:42,066 INFO [v36] WHY-NOT BIYA px 2.4400 | crowd #3 $411k, gainer #1 | NO: 6 buys today
2026-10-07 11:45:54,325 INFO [v36b] WHY-NOT BIYA px 2.4500 | crowd #3 $411k, gainer #1 | NO: 6 buys today
2026-10-07 11:46:00,641 INFO [v36] WHY-NOT NXTS px 1.9695 | crowd #2 $2178k held 10.0m, gainer #4 | WAIT: hod trigger 2.1100
2026-10-07 11:46:00,642 INFO [v36b] WHY-NOT NXTS px 1.9695 | crowd #2 $2178k held 10.0m, gainer #4 | WAIT: hod trigger 2.1100
2026-10-07 11:46:07,213 INFO [v36] WHY-NOT LPCN px 3.5700 | crowd #1 $5237k held 73.1m, gainer #2 | NO: 6 buys today
2026-10-07 11:46:07,213 INFO [v36b] WHY-NOT LPCN px 3.5700 | crowd #1 $5237k held 73.1m, gainer #2 | NO: 6 buys today
2026-10-07 11:46:45,325 INFO [v36] WHY-NOT BIYA px 2.4500 | crowd #3 $334k, gainer #1 | NO: 6 buys today
2026-10-07 11:46:56,646 INFO [v36b] WHY-NOT BIYA px 2.4500 | crowd #3 $334k, gainer #1 | NO: 6 buys today
2026-10-07 11:47:00,651 INFO [v36] WHY-NOT NXTS px 1.9885 | crowd #2 $3735k held 11.0m, gainer #4 | NO PATTERN: rip 07:45 dead | last candles GR, vol 1.3x the 5 before (high break needs 2.0x)
2026-10-07 11:47:00,652 INFO [v36b] WHY-NOT NXTS px 1.9885 | crowd #2 $3735k held 11.0m, gainer #4 | NO PATTERN: rip 07:45 dead | last candles GR, vol 1.3x the 5 before (high break needs 2.0x)
2026-10-07 11:47:02,753 INFO [v36] WHY-NOT APUS px 7.7423 | crowd #3 $349k, gainer #15 | NO CROWD: not top 2 held 2m, not ripping, not a top gainer with $1000k
2026-10-07 11:47:02,753 INFO [v36b] WHY-NOT APUS px 7.7423 | crowd #3 $349k, gainer #15 | NO CROWD: not top 2 held 2m, not ripping, not a top gainer with $1000k
2026-10-07 11:47:07,291 INFO [v36] WHY-NOT LPCN px 3.5200 | crowd #1 $5642k held 74.1m, gainer #2 | NO: 6 buys today
2026-10-07 11:47:07,292 INFO [v36b] WHY-NOT LPCN px 3.5200 | crowd #1 $5642k held 74.1m, gainer #2 | NO: 6 buys today
2026-10-07 11:47:51,637 INFO [v36] WHY-NOT BIYA px 2.4402 | crowd #4 $256k, gainer #1 | NO: 6 buys today
2026-10-07 11:47:57,399 INFO [v36b] WHY-NOT BIYA px 2.4498 | crowd #4 $256k, gainer #1 | NO: 6 buys today
2026-10-07 11:48:00,660 INFO [v36] WHY-NOT NXTS px 2.0791 | crowd #2 $4323k held 12.0m, gainer #4 | NO PATTERN: rip 07:45 alive | last candles RG, vol 1.6x the 5 before (high break needs 2.0x)
2026-10-07 11:48:00,660 INFO [v36b] WHY-NOT NXTS px 2.0791 | crowd #2 $4323k held 12.0m, gainer #4 | NO PATTERN: rip 07:45 alive | last candles RG, vol 1.6x the 5 before (high break needs 2.0x)
2026-10-07 11:48:04,558 INFO [v36] WHY-NOT APUS px 7.7099 | crowd #3 $402k, gainer #13 | NO CROWD: not top 2 held 2m, not ripping, not a top gainer with $1000k
2026-10-07 11:48:04,559 INFO [v36b] WHY-NOT APUS px 7.7099 | crowd #3 $402k, gainer #13 | NO CROWD: not top 2 held 2m, not ripping, not a top gainer with $1000k
2026-10-07 11:48:07,570 INFO [v36] WHY-NOT LPCN px 3.4700 | crowd #1 $6092k held 75.1m, gainer #2 | NO: 6 buys today
2026-10-07 11:48:07,570 INFO [v36b] WHY-NOT LPCN px 3.4700 | crowd #1 $6092k held 75.1m, gainer #2 | NO: 6 buys today
2026-10-07 11:48:51,958 INFO [v36] WHY-NOT BIYA px 2.4100 | crowd #4 $167k, gainer #1 | NO: 6 buys today
2026-10-07 11:48:57,835 INFO [v36b] WHY-NOT BIYA px 2.4100 | crowd #4 $167k, gainer #1 | NO: 6 buys today
2026-10-07 11:49:00,664 INFO [v36] WHY-NOT NXTS px 1.9800 | crowd #2 $7166k held 13.0m, gainer #4 | WAIT: setup trigger 2.0700
2026-10-07 11:49:00,664 INFO [v36b] WHY-NOT NXTS px 1.9800 | crowd #2 $7166k held 13.0m, gainer #4 | WAIT: setup trigger 2.0700
2026-10-07 11:49:07,943 INFO [v36] WHY-NOT LPCN px 3.4900 | crowd #1 $7265k held 76.1m, gainer #2 | NO: 6 buys today
2026-10-07 11:49:07,943 INFO [v36b] WHY-NOT LPCN px 3.4900 | crowd #1 $7265k held 76.1m, gainer #2 | NO: 6 buys today
2026-10-07 11:49:11,748 INFO [v36] WHY-NOT APUS px 7.6900 | crowd #3 $471k, gainer #15 | NO CROWD: not top 2 held 2m, not ripping, not a top gainer with $1000k
2026-10-07 11:49:11,748 INFO [v36b] WHY-NOT APUS px 7.6900 | crowd #3 $471k, gainer #15 | NO CROWD: not top 2 held 2m, not ripping, not a top gainer with $1000k
2026-10-07 11:49:52,738 INFO [v36] WHY-NOT BIYA px 2.4183 | crowd #4 $229k, gainer #1 | NO: 6 buys today
2026-10-07 11:49:58,865 INFO [v36b] WHY-NOT BIYA px 2.4100 | crowd #4 $229k, gainer #1 | NO: 6 buys today
2026-10-07 11:50:00,712 INFO [v36] WHY-NOT NXTS px 1.7900 | crowd #2 $4879k held 14.0m, gainer #4 | WAIT: setup trigger 2.0000
2026-10-07 11:50:00,712 INFO [v36b] WHY-NOT NXTS px 1.7900 | crowd #2 $4879k held 14.0m, gainer #4 | WAIT: setup trigger 2.0000
2026-10-07 11:50:08,136 INFO [v36] WHY-NOT LPCN px 3.5300 | crowd #1 $5630k held 77.1m, gainer #2 | NO: 6 buys today
2026-10-07 11:50:08,136 INFO [v36b] WHY-NOT LPCN px 3.5300 | crowd #1 $5630k held 77.1m, gainer #2 | NO: 6 buys today
2026-10-07 11:50:15,673 INFO [v36] WHY-NOT APUS px 7.6500 | crowd #3 $207k, gainer #15 | NO CROWD: not top 2 held 2m, not ripping, not a top gainer with $1000k
2026-10-07 11:50:15,674 INFO [v36b] WHY-NOT APUS px 7.6500 | crowd #3 $207k, gainer #15 | NO CROWD: not top 2 held 2m, not ripping, not a top gainer with $1000k
2026-10-07 11:50:53,679 INFO [v36] WHY-NOT BIYA px 2.4200 | crowd #4 $177k, gainer #1 | NO: 6 buys today
2026-10-07 11:50:59,403 INFO [v36b] WHY-NOT BIYA px 2.4300 | crowd #4 $177k, gainer #1 | NO: 6 buys today
2026-10-07 11:51:00,968 INFO [v36] WHY-NOT NXTS px 1.7903 | crowd #1 $5597k held 15.0m, gainer #4 | NO PATTERN: rip 07:45 alive | last candles R-, vol 0.9x the 5 before (high break needs 2.0x)
2026-10-07 11:51:00,968 INFO [v36b] WHY-NOT NXTS px 1.7903 | crowd #1 $5597k held 15.0m, gainer #4 | NO PATTERN: rip 07:45 alive | last candles R-, vol 0.9x the 5 before (high break needs 2.0x)
2026-10-07 11:51:08,345 INFO [v36] WHY-NOT LPCN px 3.5899 | crowd #2 $4718k held 78.1m, gainer #2 | NO: 6 buys today
2026-10-07 11:51:08,346 INFO [v36b] WHY-NOT LPCN px 3.5899 | crowd #2 $4718k held 78.1m, gainer #2 | NO: 6 buys today
2026-10-07 11:51:54,432 INFO [v36] WHY-NOT BIYA px 2.4103 | crowd #3 $271k, gainer #1 | NO: 6 buys today
2026-10-07 11:52:01,070 INFO [v36] WHY-NOT NXTS px 1.5800 | crowd #1 $5054k held 16.0m, gainer #9 | NO PATTERN: rip 07:45 alive | last candles -R, vol 0.8x the 5 before (high break needs 2.0x)
2026-10-07 11:52:01,071 INFO [v36b] WHY-NOT NXTS px 1.5800 | crowd #1 $5054k held 16.0m, gainer #9 | NO PATTERN: rip 07:45 alive | last candles -R, vol 0.8x the 5 before (high break needs 2.0x)
2026-10-07 11:52:01,263 INFO [v36b] WHY-NOT BIYA px 2.4100 | crowd #3 $360k, gainer #1 | NO: 6 buys today
2026-10-07 11:52:08,350 INFO [v36] WHY-NOT LPCN px 3.5700 | crowd #2 $4615k held 79.1m, gainer #2 | NO: 6 buys today
2026-10-07 11:52:08,351 INFO [v36b] WHY-NOT LPCN px 3.5700 | crowd #2 $4615k held 79.1m, gainer #2 | NO: 6 buys today
2026-10-07 11:52:57,450 INFO [v36] WHY-NOT BIYA px 2.4300 | crowd #3 $360k, gainer #1 | NO: 6 buys today
2026-10-07 11:53:01,121 INFO [v36] WHY-NOT NXTS px 1.4816 | crowd #2 $4707k held 17.0m, gainer #13 | NO PATTERN: rip 07:45 alive | last candles RR, vol 0.9x the 5 before (high break needs 2.0x)
2026-10-07 11:53:01,121 INFO [v36b] WHY-NOT NXTS px 1.4816 | crowd #2 $5871k held 17.0m, gainer #13 | NO PATTERN: rip 07:45 alive | last candles RR, vol 0.9x the 5 before (high break needs 2.0x)
2026-10-07 11:53:02,409 INFO [v36b] WHY-NOT APUS px 7.6199 | crowd #3 $384k, gainer #15 | NO CROWD: not top 2 held 2m, not ripping, not a top gainer with $1000k
2026-10-07 11:53:03,013 INFO [v36b] WHY-NOT BIYA px 2.4201 | crowd #4 $342k, gainer #1 | NO: 6 buys today
2026-10-07 11:53:08,775 INFO [v36] WHY-NOT LPCN px 3.6000 | crowd #1 $5634k held 80.1m, gainer #2 | NO: 6 buys today
2026-10-07 11:53:08,776 INFO [v36b] WHY-NOT LPCN px 3.6000 | crowd #1 $7521k held 80.1m, gainer #2 | NO: 6 buys today
2026-10-07 11:54:01,399 INFO [v36] WHY-NOT NXTS px 1.5000 | crowd #2 $4235k held 18.0m, gainer #13 | NO PATTERN: rip 07:45 dead | last candles RG, vol 0.3x the 5 before (high break needs 2.0x)
2026-10-07 11:54:01,399 INFO [v36b] WHY-NOT NXTS px 1.5000 | crowd #2 $4235k held 18.0m, gainer #13 | NO PATTERN: rip 07:45 dead | last candles RG, vol 0.3x the 5 before (high break needs 2.0x)
2026-10-07 11:54:02,092 INFO [v36] WHY-NOT BIYA px 2.4200 | crowd #4 $237k, gainer #1 | NO: 6 buys today
2026-10-07 11:54:07,895 INFO [v36b] WHY-NOT BIYA px 2.4200 | crowd #4 $237k, gainer #1 | NO: 6 buys today
2026-10-07 11:54:08,828 INFO [v36] WHY-NOT LPCN px 3.6100 | crowd #1 $7615k held 81.1m, gainer #2 | NO: 6 buys today
2026-10-07 11:54:08,829 INFO [v36b] WHY-NOT LPCN px 3.6100 | crowd #1 $7615k held 81.1m, gainer #2 | NO: 6 buys today
2026-10-07 11:54:10,014 INFO [v36] WHY-NOT APUS px 7.6700 | crowd #3 $336k, gainer #14 | NO CROWD: not top 2 held 2m, not ripping, not a top gainer with $1000k
2026-10-07 11:54:10,015 INFO [v36b] WHY-NOT APUS px 7.6700 | crowd #3 $336k, gainer #14 | NO CROWD: not top 2 held 2m, not ripping, not a top gainer with $1000k
2026-10-07 11:55:01,424 INFO [v36] WHY-NOT SXTC px 2.0400 | crowd #3 $295k, gainer #3 | NO CROWD: not top 2 held 2m, not ripping, not a top gainer with $1000k
2026-10-07 11:55:01,425 INFO [v36b] WHY-NOT SXTC px 2.0400 | crowd #3 $295k, gainer #3 | NO CROWD: not top 2 held 2m, not ripping, not a top gainer with $1000k
2026-10-07 11:55:01,447 INFO [v36] WHY-NOT NXTS px 1.3700 | crowd #2 $3259k held 19.0m, gainer #31 | NO PATTERN: rip 07:45 dead | last candles GR, vol 0.5x the 5 before (high break needs 2.0x)
2026-10-07 11:55:01,447 INFO [v36b] WHY-NOT NXTS px 1.3700 | crowd #2 $3259k held 19.0m, gainer #31 | NO PATTERN: rip 07:45 dead | last candles GR, vol 0.5x the 5 before (high break needs 2.0x)
2026-10-07 11:55:03,348 INFO [v36] WHY-NOT BIYA px 2.4200 | crowd #6 $148k, gainer #1 | NO: 6 buys today
2026-10-07 11:55:08,832 INFO [v36] WHY-NOT LPCN px 3.4500 | crowd #1 $8237k held 82.1m, gainer #2 | NO: 6 buys today
2026-10-07 11:55:08,832 INFO [v36b] WHY-NOT LPCN px 3.4500 | crowd #1 $8237k held 82.1m, gainer #2 | NO: 6 buys today
2026-10-07 11:55:10,271 INFO [v36b] WHY-NOT BIYA px 2.4100 | crowd #6 $148k, gainer #1 | NO: 6 buys today
2026-10-07 11:56:01,597 INFO [v36b] WHY-NOT NXTS px 1.3800 | crowd #2 $2702k held 20.0m, gainer #30 | NO PATTERN: rip 07:45 dead | last candles RG, vol 0.7x the 5 before (high break needs 2.0x)
2026-10-07 11:56:01,645 INFO [v36] WHY-NOT NXTS px 1.3800 | crowd #2 $2702k held 20.0m, gainer #30 | NO PATTERN: rip 07:45 dead | last candles RG, vol 0.7x the 5 before (high break needs 2.0x)
2026-10-07 11:56:03,223 INFO [v36] WHY-NOT SXTC px 1.9900 | crowd #3 $333k, gainer #3 | NO CROWD: not top 2 held 2m, not ripping, not a top gainer with $1000k
2026-10-07 11:56:03,223 INFO [v36b] WHY-NOT SXTC px 1.9900 | crowd #3 $333k, gainer #3 | NO CROWD: not top 2 held 2m, not ripping, not a top gainer with $1000k
2026-10-07 11:56:03,923 INFO [v36] WHY-NOT BIYA px 2.4300 | crowd #6 $144k, gainer #1 | NO: 6 buys today
2026-10-07 11:56:08,891 INFO [v36] WHY-NOT LPCN px 3.4600 | crowd #1 $8180k held 83.1m, gainer #2 | NO: 6 buys today
2026-10-07 11:56:08,891 INFO [v36b] WHY-NOT LPCN px 3.4600 | crowd #1 $8180k held 83.1m, gainer #2 | NO: 6 buys today
2026-10-07 11:56:10,822 INFO [v36b] WHY-NOT BIYA px 2.4300 | crowd #6 $144k, gainer #1 | NO: 6 buys today
2026-10-07 11:57:02,264 INFO [v36] WHY-NOT NXTS px 1.4500 | crowd #2 $1537k held 21.0m, gainer #22 | NO PATTERN: rip 07:45 dead | last candles GG, vol 0.5x the 5 before (high break needs 2.0x)
2026-10-07 11:57:02,265 INFO [v36b] WHY-NOT NXTS px 1.4500 | crowd #2 $1537k held 21.0m, gainer #22 | NO PATTERN: rip 07:45 dead | last candles GG, vol 0.5x the 5 before (high break needs 2.0x)
2026-10-07 11:57:04,031 INFO [v36] WHY-NOT BIYA px 2.4615 | crowd #5 $109k, gainer #1 | NO: 6 buys today
2026-10-07 11:57:08,576 INFO [v36] WHY-NOT SXTC px 2.0000 | crowd #3 $254k, gainer #3 | NO CROWD: not top 2 held 2m, not ripping, not a top gainer with $1000k
2026-10-07 11:57:08,576 INFO [v36b] WHY-NOT SXTC px 2.0000 | crowd #3 $254k, gainer #3 | NO CROWD: not top 2 held 2m, not ripping, not a top gainer with $1000k
2026-10-07 11:57:09,197 INFO [v36] WHY-NOT LPCN px 3.4600 | crowd #1 $6292k held 84.2m, gainer #2 | NO: 6 buys today
2026-10-07 11:57:09,198 INFO [v36b] WHY-NOT LPCN px 3.4600 | crowd #1 $6292k held 84.2m, gainer #2 | NO: 6 buys today
2026-10-07 11:57:10,836 INFO [v36b] WHY-NOT BIYA px 2.4800 | crowd #5 $109k, gainer #1 | NO: 6 buys today
2026-10-07 11:58:00,232 INFO [v36] WHY-NOT KIDZ px 2.5000 | crowd #3 $452k, gainer #12 | NO CROWD: not top 2 held 2m, not ripping, not a top gainer with $1000k
2026-10-07 11:58:00,232 INFO [v36b] WHY-NOT KIDZ px 2.5000 | crowd #3 $452k, gainer #12 | NO CROWD: not top 2 held 2m, not ripping, not a top gainer with $1000k
2026-10-07 11:58:02,596 INFO [v36] WHY-NOT NXTS px 1.4100 | crowd #2 $1724k held 22.0m, gainer #25 | NO PATTERN: rip 07:45 dead | last candles GR, vol 0.4x the 5 before (high break needs 2.0x)
2026-10-07 11:58:02,597 INFO [v36b] WHY-NOT NXTS px 1.4100 | crowd #2 $1724k held 22.0m, gainer #25 | NO PATTERN: rip 07:45 dead | last candles GR, vol 0.4x the 5 before (high break needs 2.0x)
2026-10-07 11:58:04,429 INFO [v36] WHY-NOT BIYA px 2.4500 | crowd #4 $344k, gainer #1 | NO: 6 buys today
2026-10-07 11:58:09,307 INFO [v36] WHY-NOT LPCN px 3.4100 | crowd #1 $6657k held 85.2m, gainer #2 | NO: 6 buys today
2026-10-07 11:58:09,307 INFO [v36b] WHY-NOT LPCN px 3.4100 | crowd #1 $6657k held 85.2m, gainer #2 | NO: 6 buys today
2026-10-07 11:58:13,333 INFO [v36b] WHY-NOT BIYA px 2.4600 | crowd #4 $344k, gainer #1 | NO: 6 buys today
2026-10-07 11:59:00,451 INFO [v36] WHY-NOT KIDZ px 2.5702 | crowd #3 $673k, gainer #11 | NO CROWD: not top 2 held 2m, not ripping, not a top gainer with $1000k
2026-10-07 11:59:00,451 INFO [v36b] WHY-NOT KIDZ px 2.5702 | crowd #3 $673k, gainer #11 | NO CROWD: not top 2 held 2m, not ripping, not a top gainer with $1000k
2026-10-07 11:59:04,089 INFO [v36] WHY-NOT NXTS px 1.4100 | crowd #2 $1287k held 23.1m, gainer #24 | NO PATTERN: rip 07:45 dead | last candles RG, vol 0.2x the 5 before (high break needs 2.0x)
2026-10-07 11:59:04,089 INFO [v36b] WHY-NOT NXTS px 1.4100 | crowd #2 $1287k held 23.1m, gainer #24 | NO PATTERN: rip 07:45 dead | last candles RG, vol 0.2x the 5 before (high break needs 2.0x)
2026-10-07 11:59:09,046 INFO [v36] WHY-NOT BIYA px 2.4600 | crowd #4 $384k, gainer #1 | NO: 6 buys today
2026-10-07 11:59:09,331 INFO [v36] WHY-NOT LPCN px 3.4815 | crowd #1 $5965k held 86.2m, gainer #2 | NO: 6 buys today
2026-10-07 11:59:09,332 INFO [v36b] WHY-NOT LPCN px 3.4815 | crowd #1 $5965k held 86.2m, gainer #2 | NO: 6 buys today
2026-10-07 11:59:15,984 INFO [v36b] WHY-NOT BIYA px 2.4700 | crowd #4 $384k, gainer #1 | NO: 6 buys today
2026-10-07 12:00:00,475 INFO [v36] WHY-NOT KIDZ px 2.5000 | crowd #2 $969k held 0.0m, gainer #13 | NO CROWD: not top 2 held 2m, not ripping, not a top gainer with $1000k
2026-10-07 12:00:00,475 INFO [v36b] WHY-NOT KIDZ px 2.5000 | crowd #2 $969k held 0.0m, gainer #13 | NO CROWD: not top 2 held 2m, not ripping, not a top gainer with $1000k
2026-10-07 12:00:06,272 INFO [v36] WHY-NOT NXTS px 1.4001 | crowd #3 $809k, gainer #25 | NO CROWD: not top 2 held 2m, not ripping, not a top gainer with $1000k
2026-10-07 12:00:06,272 INFO [v36b] WHY-NOT NXTS px 1.4001 | crowd #3 $809k, gainer #25 | NO CROWD: not top 2 held 2m, not ripping, not a top gainer with $1000k
2026-10-07 12:00:09,273 INFO [v36] WHY-NOT BIYA px 2.4300 | crowd #4 $499k, gainer #1 | NO: 6 buys today
2026-10-07 12:00:09,389 INFO [v36] WHY-NOT LPCN px 3.4800 | crowd #1 $4802k held 87.2m, gainer #2 | NO: 6 buys today
2026-10-07 12:00:09,389 INFO [v36b] WHY-NOT LPCN px 3.4800 | crowd #1 $4802k held 87.2m, gainer #2 | NO: 6 buys today
2026-10-07 12:00:16,726 INFO [v36b] WHY-NOT BIYA px 2.4400 | crowd #4 $499k, gainer #1 | NO: 6 buys today
2026-10-07 12:01:00,622 INFO [v36] WHY-NOT KIDZ px 2.6700 | crowd #2 $1320k held 1.0m, gainer #7 | NO CROWD: not top 2 held 2m, not ripping, not a top gainer with $1000k
2026-10-07 12:01:00,623 INFO [v36b] WHY-NOT KIDZ px 2.6700 | crowd #2 $1320k held 1.0m, gainer #7 | NO CROWD: not top 2 held 2m, not ripping, not a top gainer with $1000k
2026-10-07 12:01:06,573 INFO [v36] WHY-NOT NXTS px 1.3500 | crowd #3 $588k, gainer #32 | NO CROWD: not top 2 held 2m, not ripping, not a top gainer with $1000k
2026-10-07 12:01:06,573 INFO [v36b] WHY-NOT NXTS px 1.3500 | crowd #3 $588k, gainer #32 | NO CROWD: not top 2 held 2m, not ripping, not a top gainer with $1000k
2026-10-07 12:01:09,447 INFO [v36] WHY-NOT LPCN px 3.4199 | crowd #1 $5044k held 88.2m, gainer #2 | NO: 6 buys today
2026-10-07 12:01:09,447 INFO [v36b] WHY-NOT LPCN px 3.4199 | crowd #1 $5044k held 88.2m, gainer #2 | NO: 6 buys today
2026-10-07 12:01:09,587 INFO [v36] WHY-NOT BIYA px 2.4698 | crowd #4 $491k, gainer #1 | NO: 6 buys today
2026-10-07 12:01:17,312 INFO [v36b] WHY-NOT BIYA px 2.4800 | crowd #4 $491k, gainer #1 | NO: 6 buys today
2026-10-07 12:02:00,659 INFO [v36] WHY-NOT KIDZ px 2.6750 | crowd #2 $1126k held 2.0m, gainer #7 | NO PATTERN: no rip | last candles GR, vol 2.4x the 5 before (high break needs 2.0x)
2026-10-07 12:02:00,660 INFO [v36b] WHY-NOT KIDZ px 2.6750 | crowd #2 $1126k held 2.0m, gainer #7 | NO PATTERN: no rip | last candles GR, vol 2.4x the 5 before (high break needs 2.0x)
2026-10-07 12:02:06,695 INFO [v36] WHY-NOT NXTS px 1.2989 | crowd #3 $371k, gainer #38 | NO CROWD: not top 2 held 2m, not ripping, not a top gainer with $1000k
2026-10-07 12:02:06,695 INFO [v36b] WHY-NOT NXTS px 1.2989 | crowd #3 $371k, gainer #38 | NO CROWD: not top 2 held 2m, not ripping, not a top gainer with $1000k
2026-10-07 12:02:09,626 INFO [v36] WHY-NOT LPCN px 3.4150 | crowd #1 $3937k held 89.2m, gainer #2 | NO: 6 buys today
2026-10-07 12:02:09,626 INFO [v36b] WHY-NOT LPCN px 3.4150 | crowd #1 $3937k held 89.2m, gainer #2 | NO: 6 buys today
2026-10-07 12:02:09,879 INFO [v36] WHY-NOT BIYA px 2.5017 | crowd #4 $317k, gainer #1 | NO: 6 buys today
2026-10-07 12:02:17,406 INFO [v36b] WHY-NOT BIYA px 2.5400 | crowd #4 $317k, gainer #1 | NO: 6 buys today
2026-10-07 12:03:00,952 INFO [v36] WHY-NOT KIDZ px 2.6600 | crowd #2 $1660k held 3.0m, gainer #9 | NO PATTERN: no rip | last candles RG, vol 1.3x the 5 before (high break needs 2.0x)
2026-10-07 12:03:00,952 INFO [v36b] WHY-NOT KIDZ px 2.6600 | crowd #2 $1660k held 3.0m, gainer #9 | NO PATTERN: no rip | last candles RG, vol 1.3x the 5 before (high break needs 2.0x)
2026-10-07 12:03:08,568 INFO [v36] WHY-NOT NXTS px 1.2802 | crowd #3 $656k, gainer #40 | NO CROWD: not top 2 held 2m, not ripping, not a top gainer with $1000k
2026-10-07 12:03:08,568 INFO [v36b] WHY-NOT NXTS px 1.2802 | crowd #3 $656k, gainer #40 | NO CROWD: not top 2 held 2m, not ripping, not a top gainer with $1000k
2026-10-07 12:03:09,850 INFO [v36] WHY-NOT LPCN px 3.3700 | crowd #1 $4550k held 90.2m, gainer #2 | NO: 6 buys today
2026-10-07 12:03:09,850 INFO [v36b] WHY-NOT LPCN px 3.3700 | crowd #1 $4550k held 90.2m, gainer #2 | NO: 6 buys today
2026-10-07 12:03:09,926 INFO [v36] WHY-NOT BIYA px 2.5200 | crowd #4 $379k, gainer #1 | NO: 6 buys today
2026-10-07 12:03:18,139 INFO [v36b] WHY-NOT BIYA px 2.5201 | crowd #4 $379k, gainer #1 | NO: 6 buys today
2026-10-07 12:04:00,071 INFO [v36] WHY-NOT LABT px 1.0000 | crowd #3 $1129k, gainer #8 | NO CROWD: not top 2 held 2m, not ripping, not a top gainer with $1000k
2026-10-07 12:04:00,072 INFO [v36b] WHY-NOT LABT px 1.0000 | crowd #3 $1129k, gainer #8 | NO CROWD: not top 2 held 2m, not ripping, not a top gainer with $1000k
2026-10-07 12:04:00,792 INFO [v36] WHY-NOT SXTC px 1.9900 | crowd #8 $106k, gainer #2 | NO CROWD: not top 2 held 2m, not ripping, not a top gainer with $1000k
2026-10-07 12:04:00,793 INFO [v36b] WHY-NOT SXTC px 1.9900 | crowd #8 $106k, gainer #2 | NO CROWD: not top 2 held 2m, not ripping, not a top gainer with $1000k
2026-10-07 12:04:01,098 INFO [v36] WHY-NOT KIDZ px 2.7300 | crowd #2 $2273k held 4.0m, gainer #7 | NO PATTERN: no rip | last candles GG, vol 0.9x the 5 before (high break needs 2.0x)
2026-10-07 12:04:01,098 INFO [v36b] WHY-NOT KIDZ px 2.7300 | crowd #2 $2273k held 4.0m, gainer #7 | NO PATTERN: no rip | last candles GG, vol 0.9x the 5 before (high break needs 2.0x)
2026-10-07 12:04:09,890 INFO [v36] WHY-NOT LPCN px 3.2100 | crowd #1 $9829k held 91.2m, gainer #3 | NO: 6 buys today
2026-10-07 12:04:09,890 INFO [v36b] WHY-NOT LPCN px 3.2100 | crowd #1 $9829k held 91.2m, gainer #3 | NO: 6 buys today
2026-10-07 12:04:10,052 INFO [v36] WHY-NOT BIYA px 2.5400 | crowd #4 $906k, gainer #1 | NO: 6 buys today
2026-10-07 12:04:18,168 INFO [v36b] WHY-NOT BIYA px 2.5800 | crowd #4 $906k, gainer #1 | NO: 6 buys today
2026-10-07 12:05:01,199 INFO [v36] WHY-NOT KIDZ px 2.6900 | crowd #2 $2328k held 5.0m, gainer #7 | NO PATTERN: no rip | last candles GR, vol 1.1x the 5 before (high break needs 2.0x)
2026-10-07 12:05:01,200 INFO [v36b] WHY-NOT KIDZ px 2.6900 | crowd #2 $2328k held 5.0m, gainer #7 | NO PATTERN: no rip | last candles GR, vol 1.1x the 5 before (high break needs 2.0x)
2026-10-07 12:05:05,201 INFO [v36] WHY-NOT SXTC px 1.9702 | crowd #9 $74k, gainer #2 | NO CROWD: not top 2 held 2m, not ripping, not a top gainer with $1000k
2026-10-07 12:05:05,201 INFO [v36b] WHY-NOT SXTC px 1.9702 | crowd #9 $74k, gainer #2 | NO CROWD: not top 2 held 2m, not ripping, not a top gainer with $1000k
2026-10-07 12:05:10,010 INFO [v36] WHY-NOT LPCN px 3.1800 | crowd #1 $10219k held 92.2m, gainer #3 | NO: 6 buys today
2026-10-07 12:05:10,011 INFO [v36b] WHY-NOT LPCN px 3.1800 | crowd #1 $10219k held 92.2m, gainer #3 | NO: 6 buys today
2026-10-07 12:05:10,125 INFO [v36] WHY-NOT BIYA px 2.4403 | crowd #4 $1346k, gainer #1 | NO: 6 buys today
2026-10-07 12:05:18,270 INFO [v36b] WHY-NOT BIYA px 2.4697 | crowd #4 $1346k, gainer #1 | NO: 6 buys today
2026-10-07 12:05:19,742 INFO [v36] WHY-NOT LABT px 1.0000 | crowd #3 $1657k, gainer #8 | NO CROWD: not top 2 held 2m, not ripping, not a top gainer with $1000k
2026-10-07 12:05:19,742 INFO [v36b] WHY-NOT LABT px 1.0000 | crowd #3 $1657k, gainer #8 | NO CROWD: not top 2 held 2m, not ripping, not a top gainer with $1000k
2026-10-07 12:06:01,299 INFO [v36] WHY-NOT KIDZ px 2.7600 | crowd #2 $2141k held 6.0m, gainer #7 | NO PATTERN: no rip | last candles RG, vol 1.0x the 5 before (high break needs 2.0x)
2026-10-07 12:06:01,299 INFO [v36b] WHY-NOT KIDZ px 2.7600 | crowd #2 $2141k held 6.0m, gainer #7 | NO PATTERN: no rip | last candles RG, vol 1.0x the 5 before (high break needs 2.0x)
2026-10-07 12:06:10,259 INFO [v36] WHY-NOT LPCN px 3.1500 | crowd #1 $9784k held 93.2m, gainer #3 | NO: 6 buys today
2026-10-07 12:06:10,260 INFO [v36b] WHY-NOT LPCN px 3.1500 | crowd #1 $9784k held 93.2m, gainer #3 | NO: 6 buys today
2026-10-07 12:06:10,360 INFO [v36] WHY-NOT BIYA px 2.4620 | crowd #4 $1579k, gainer #1 | NO: 6 buys today
2026-10-07 12:06:11,090 INFO [v36] WHY-NOT SXTC px 2.0000 | crowd #11 $67k, gainer #2 | NO CROWD: not top 2 held 2m, not ripping, not a top gainer with $1000k
2026-10-07 12:06:11,091 INFO [v36b] WHY-NOT SXTC px 2.0000 | crowd #11 $67k, gainer #2 | NO CROWD: not top 2 held 2m, not ripping, not a top gainer with $1000k
2026-10-07 12:06:18,325 INFO [v36b] WHY-NOT BIYA px 2.4800 | crowd #4 $1579k, gainer #1 | NO: 6 buys today
2026-10-07 12:07:01,325 INFO [v36] WHY-NOT KIDZ px 2.6800 | crowd #3 $1603k, gainer #8 | NO CROWD: not top 2 held 2m, not ripping, not a top gainer with $1000k
2026-10-07 12:07:01,326 INFO [v36b] WHY-NOT KIDZ px 2.6800 | crowd #3 $1603k, gainer #8 | NO CROWD: not top 2 held 2m, not ripping, not a top gainer with $1000k
2026-10-07 12:07:10,347 INFO [v36] WHY-NOT LPCN px 3.1900 | crowd #1 $7860k held 94.2m, gainer #3 | NO: 6 buys today
2026-10-07 12:07:10,348 INFO [v36b] WHY-NOT LPCN px 3.1900 | crowd #1 $7860k held 94.2m, gainer #3 | NO: 6 buys today
2026-10-07 12:07:10,689 INFO [v36] WHY-NOT BIYA px 2.4600 | crowd #4 $1263k, gainer #1 | NO: 6 buys today
2026-10-07 12:07:11,646 INFO [v36] WHY-NOT SXTC px 1.9900 | crowd #11 $47k, gainer #2 | NO CROWD: not top 2 held 2m, not ripping, not a top gainer with $1000k
2026-10-07 12:07:11,646 INFO [v36b] WHY-NOT SXTC px 1.9900 | crowd #11 $47k, gainer #2 | NO CROWD: not top 2 held 2m, not ripping, not a top gainer with $1000k
2026-10-07 12:07:18,796 INFO [v36b] WHY-NOT BIYA px 2.4600 | crowd #4 $1263k, gainer #1 | NO: 6 buys today
2026-10-07 12:08:00,080 INFO [v36] WHY-NOT SPAI px 4.9200 | crowd #2 $2855k held 0.0m, gainer #5 | NO PATTERN: rip 08:07 alive | last candles RG, vol 4.7x the 5 before (high break needs 2.0x)
2026-10-07 12:08:00,080 INFO [v36b] WHY-NOT SPAI px 4.9200 | crowd #2 $2855k held 0.0m, gainer #5 | NO PATTERN: rip 08:07 alive | last candles RG, vol 4.7x the 5 before (high break needs 2.0x)
2026-10-07 12:08:01,339 INFO [v36] WHY-NOT KIDZ px 2.6193 | crowd #3 $1892k, gainer #10 | NO CROWD: not top 2 held 2m, not ripping, not a top gainer with $1000k
2026-10-07 12:08:01,339 INFO [v36b] WHY-NOT KIDZ px 2.6193 | crowd #3 $1892k, gainer #10 | NO CROWD: not top 2 held 2m, not ripping, not a top gainer with $1000k
2026-10-07 12:08:10,549 INFO [v36] WHY-NOT LPCN px 3.1491 | crowd #1 $5449k held 95.2m, gainer #3 | NO: 6 buys today
2026-10-07 12:08:10,549 INFO [v36b] WHY-NOT LPCN px 3.1491 | crowd #1 $5449k held 95.2m, gainer #3 | NO: 6 buys today
2026-10-07 12:08:11,191 INFO [v36] WHY-NOT BIYA px 2.4400 | crowd #5 $1336k, gainer #1 | NO: 6 buys today
2026-10-07 12:08:13,393 INFO [v36] WHY-NOT SXTC px 1.9800 | crowd #11 $77k, gainer #2 | NO CROWD: not top 2 held 2m, not ripping, not a top gainer with $1000k
2026-10-07 12:08:13,394 INFO [v36b] WHY-NOT SXTC px 1.9800 | crowd #11 $77k, gainer #2 | NO CROWD: not top 2 held 2m, not ripping, not a top gainer with $1000k
2026-10-07 12:08:20,340 INFO [v36b] WHY-NOT BIYA px 2.4404 | crowd #5 $1336k, gainer #1 | NO: 6 buys today
2026-10-07 12:09:00,371 INFO [v36] WHY-NOT SPAI px 4.5200 | crowd #2 $3907k held 1.0m, gainer #9 | WAIT: setup trigger 4.9300
2026-10-07 12:09:00,371 INFO [v36b] WHY-NOT SPAI px 4.5200 | crowd #2 $3907k held 1.0m, gainer #9 | WAIT: setup trigger 4.9300
2026-10-07 12:09:01,401 INFO [v36] WHY-NOT KIDZ px 2.4481 | crowd #3 $1812k, gainer #14 | NO CROWD: not top 2 held 2m, not ripping, not a top gainer with $1000k
2026-10-07 12:09:01,401 INFO [v36b] WHY-NOT KIDZ px 2.4481 | crowd #3 $1812k, gainer #14 | NO CROWD: not top 2 held 2m, not ripping, not a top gainer with $1000k
2026-10-07 12:09:10,816 INFO [v36b] WHY-NOT LPCN px 3.1900 | crowd #1 $4816k held 96.2m, gainer #3 | NO: 6 buys today
2026-10-07 12:09:14,370 INFO [v36b] WHY-NOT SXTC px 1.9800 | crowd #13 $87k, gainer #2 | NO CROWD: not top 2 held 2m, not ripping, not a top gainer with $1000k
2026-10-07 12:09:15,388 INFO [v36] WHY-NOT LPCN px 3.1900 | crowd #1 $4816k held 96.3m, gainer #3 | NO: 6 buys today
2026-10-07 12:09:15,390 INFO [v36] WHY-NOT SXTC px 1.9700 | crowd #13 $87k, gainer #2 | NO CROWD: not top 2 held 2m, not ripping, not a top gainer with $1000k
2026-10-07 12:09:15,392 INFO [v36] WHY-NOT BIYA px 2.4400 | crowd #5 $874k, gainer #1 | NO: 6 buys today
2026-10-07 12:09:23,861 INFO [v36b] WHY-NOT BIYA px 2.4405 | crowd #5 $874k, gainer #1 | NO: 6 buys today
2026-10-07 12:10:00,467 INFO [v36b] WHY-NOT SPAI px 4.7292 | crowd #1 $3221k held 2.0m, gainer #8 | NO PATTERN: rip 08:07 alive | last candles RG, vol 2.4x the 5 before (high break needs 2.0x)
2026-10-07 12:10:01,541 INFO [v36] WHY-NOT KIDZ px 2.3900 | crowd #3 $1244k, gainer #23 | NO CROWD: not top 2 held 2m, not ripping, not a top gainer with $1000k
2026-10-07 12:10:01,541 INFO [v36b] WHY-NOT KIDZ px 2.3900 | crowd #3 $1244k, gainer #23 | NO CROWD: not top 2 held 2m, not ripping, not a top gainer with $1000k
2026-10-07 12:10:11,023 INFO [v36b] WHY-NOT LPCN px 3.1600 | crowd #2 $2799k held 97.2m, gainer #3 | NO: 6 buys today
2026-10-07 12:10:14,724 INFO [v36b] WHY-NOT SXTC px 2.0200 | crowd #13 $66k, gainer #2 | NO CROWD: not top 2 held 2m, not ripping, not a top gainer with $1000k
2026-10-07 12:10:15,711 INFO [v36] WHY-NOT LPCN px 3.1600 | crowd #2 $2799k held 97.3m, gainer #3 | NO: 6 buys today
2026-10-07 12:10:17,585 INFO [v36] WHY-NOT SXTC px 2.0100 | crowd #13 $66k, gainer #2 | NO CROWD: not top 2 held 2m, not ripping, not a top gainer with $1000k
2026-10-07 12:10:17,973 INFO [v36] WHY-NOT BIYA px 2.4200 | crowd #5 $493k, gainer #1 | NO: 6 buys today
2026-10-07 12:10:25,579 INFO [v36b] WHY-NOT BIYA px 2.4296 | crowd #5 $493k, gainer #1 | NO: 6 buys today
2026-10-07 12:11:00,047 INFO [v36] WHY-NOT LABT px 1.0200 | crowd #3 $2028k, gainer #7 | NO CROWD: not top 2 held 2m, not ripping, not a top gainer with $1000k
2026-10-07 12:11:00,047 INFO [v36b] WHY-NOT LABT px 1.0200 | crowd #3 $2028k, gainer #7 | NO CROWD: not top 2 held 2m, not ripping, not a top gainer with $1000k
2026-10-07 12:11:00,689 INFO [v36b] WHY-NOT SPAI px 4.9209 | crowd #1 $5778k held 3.0m, gainer #6 | NO PATTERN: rip 08:07 alive | last candles GG, vol 0.9x the 5 before (high break needs 2.0x)
2026-10-07 12:11:11,200 INFO [v36b] WHY-NOT LPCN px 3.2000 | crowd #2 $3549k held 98.2m, gainer #3 | NO: 6 buys today
2026-10-07 12:11:15,478 INFO [v36b] WHY-NOT SXTC px 2.0100 | crowd #11 $119k, gainer #2 | NO CROWD: not top 2 held 2m, not ripping, not a top gainer with $1000k
2026-10-07 12:11:15,990 INFO [v36] WHY-NOT LPCN px 3.2200 | crowd #2 $3549k held 98.3m, gainer #3 | NO: 6 buys today
2026-10-07 12:11:18,973 INFO [v36] WHY-NOT BIYA px 2.4304 | crowd #6 $502k, gainer #1 | NO: 6 buys today
2026-10-07 12:11:26,518 INFO [v36b] WHY-NOT BIYA px 2.4301 | crowd #6 $502k, gainer #1 | NO: 6 buys today
2026-10-07 12:11:26,623 INFO [v36] WHY-NOT SXTC px 2.0100 | crowd #11 $119k, gainer #2 | NO CROWD: not top 2 held 2m, not ripping, not a top gainer with $1000k
2026-10-07 12:12:00,729 INFO [v36b] WHY-NOT SPAI px 5.0601 | crowd #1 $4280k held 4.0m, gainer #5 | NO PATTERN: rip 08:07 alive | last candles GG, vol 0.9x the 5 before (high break needs 2.0x)
2026-10-07 12:12:05,895 INFO [v36] WHY-NOT SPAI px 4.9700 | crowd #1 $4280k held 4.1m, gainer #5 | NO PATTERN: rip 08:07 alive | last candles GG, vol 0.9x the 5 before (high break needs 2.0x)
2026-10-07 12:12:11,503 INFO [v36b] WHY-NOT LPCN px 3.2100 | crowd #2 $2804k held 99.2m, gainer #3 | NO: 6 buys today
2026-10-07 12:12:16,541 INFO [v36] WHY-NOT LPCN px 3.2300 | crowd #2 $2804k held 99.3m, gainer #3 | NO: 6 buys today
2026-10-07 12:12:19,558 INFO [v36] WHY-NOT BIYA px 2.4300 | crowd #6 $273k, gainer #1 | NO: 6 buys today
2026-10-07 12:12:22,030 INFO [v36b] WHY-NOT SXTC px 2.0100 | crowd #11 $112k, gainer #2 | NO CROWD: not top 2 held 2m, not ripping, not a top gainer with $1000k
2026-10-07 12:12:27,815 INFO [v36b] WHY-NOT BIYA px 2.4300 | crowd #6 $273k, gainer #1 | NO: 6 buys today
2026-10-07 12:12:33,921 INFO [v36] WHY-NOT SXTC px 2.0100 | crowd #11 $112k, gainer #2 | NO CROWD: not top 2 held 2m, not ripping, not a top gainer with $1000k
2026-10-07 12:13:00,766 INFO [v36b] WHY-NOT SPAI px 4.8950 | crowd #1 $5591k held 5.0m, gainer #6 | WAIT: setup trigger 5.0100
2026-10-07 12:13:05,988 INFO [v36] WHY-NOT SPAI px 4.8793 | crowd #1 $5591k held 5.1m, gainer #6 | WAIT: setup trigger 5.0100
2026-10-07 12:13:11,506 INFO [v36b] WHY-NOT LPCN px 3.2000 | crowd #2 $5332k held 100.2m, gainer #3 | NO: 6 buys today
2026-10-07 12:13:16,667 INFO [v36] WHY-NOT LPCN px 3.2200 | crowd #2 $5332k held 100.3m, gainer #3 | NO: 6 buys today
2026-10-07 12:13:20,530 INFO [v36] WHY-NOT BIYA px 2.3900 | crowd #5 $505k, gainer #1 | NO: 6 buys today
2026-10-07 12:13:24,408 INFO [v36b] WHY-NOT SXTC px 2.0500 | crowd #9 $159k, gainer #2 | NO CROWD: not top 2 held 2m, not ripping, not a top gainer with $1000k
2026-10-07 12:13:28,462 INFO [v36b] WHY-NOT BIYA px 2.3800 | crowd #5 $505k, gainer #1 | NO: 6 buys today
2026-10-07 12:13:37,365 INFO [v36] WHY-NOT SXTC px 2.0400 | crowd #9 $159k, gainer #2 | NO CROWD: not top 2 held 2m, not ripping, not a top gainer with $1000k
2026-10-07 12:14:12,933 INFO [v36b] WHY-NOT LPCN px 3.1986 | crowd #2 $4730k held 101.2m, gainer #3 | NO: 6 buys today
2026-10-07 12:14:16,687 INFO [v36] WHY-NOT LPCN px 3.1900 | crowd #2 $4730k held 101.3m, gainer #3 | NO: 6 buys today
2026-10-07 12:14:21,925 INFO [v36] WHY-NOT BIYA px 2.3800 | crowd #4 $618k, gainer #1 | NO: 6 buys today
2026-10-07 12:14:24,978 INFO [v36b] WHY-NOT SXTC px 2.1200 | crowd #8 $246k, gainer #2 | NO CROWD: not top 2 held 2m, not ripping, not a top gainer with $1000k
2026-10-07 12:14:29,031 INFO [v36b] WHY-NOT BIYA px 2.3900 | crowd #4 $618k, gainer #1 | NO: 6 buys today
2026-10-07 12:14:37,730 INFO [v36] WHY-NOT SXTC px 2.1800 | crowd #8 $246k, gainer #2 | NO CROWD: not top 2 held 2m, not ripping, not a top gainer with $1000k
2026-10-07 12:15:13,151 INFO [v36b] WHY-NOT LPCN px 3.2000 | crowd #2 $4511k held 102.2m, gainer #3 | NO: 6 buys today
2026-10-07 12:15:16,747 INFO [v36] WHY-NOT LPCN px 3.2000 | crowd #2 $4511k held 102.3m, gainer #3 | NO: 6 buys today
2026-10-07 12:15:16,842 INFO [v36b] WHY-NOT SPAI px 4.8502 | crowd #1 $4895k held 7.3m, gainer #6 | WAIT: setup trigger 5.0373
2026-10-07 12:15:22,931 INFO [v36] WHY-NOT SPAI px 4.8300 | crowd #1 $4895k held 7.4m, gainer #6 | WAIT: setup trigger 5.0373
2026-10-07 12:15:23,986 INFO [v36] WHY-NOT BIYA px 2.3900 | crowd #5 $540k, gainer #2 | NO: 6 buys today
2026-10-07 12:15:25,022 INFO [v36b] WHY-NOT SXTC px 2.3200 | crowd #4 $800k, gainer #1 | NO CROWD: not top 2 held 2m, not ripping, not a top gainer with $1000k
2026-10-07 12:15:29,877 INFO [v36b] WHY-NOT BIYA px 2.3900 | crowd #5 $540k, gainer #2 | NO: 6 buys today
2026-10-07 12:15:37,768 INFO [v36] WHY-NOT SXTC px 2.3703 | crowd #4 $800k, gainer #1 | NO CROWD: not top 2 held 2m, not ripping, not a top gainer with $1000k
2026-10-07 12:16:13,163 INFO [v36b] WHY-NOT LPCN px 3.1800 | crowd #2 $2130k held 103.2m, gainer #3 | NO: 6 buys today
2026-10-07 12:16:17,084 INFO [v36b] WHY-NOT SPAI px 4.5685 | crowd #1 $3715k held 8.3m, gainer #8 | WAIT: setup trigger 4.9207
2026-10-07 12:16:17,229 INFO [v36] WHY-NOT LPCN px 3.1700 | crowd #2 $2130k held 103.3m, gainer #3 | NO: 6 buys today
2026-10-07 12:16:23,054 INFO [v36] WHY-NOT SPAI px 4.5506 | crowd #1 $3715k held 8.4m, gainer #8 | WAIT: setup trigger 4.9207
2026-10-07 12:16:24,685 INFO [v36] WHY-NOT BIYA px 2.4096 | crowd #5 $502k, gainer #2 | NO: 6 buys today
2026-10-07 12:16:25,038 INFO [v36b] WHY-NOT SXTC px 2.5915 | crowd #4 $779k, gainer #1 | NO CROWD: not top 2 held 2m, not ripping, not a top gainer with $1000k
2026-10-07 12:16:31,664 INFO [v36b] WHY-NOT BIYA px 2.4020 | crowd #5 $502k, gainer #2 | NO: 6 buys today
2026-10-07 12:16:37,801 INFO [v36] WHY-NOT SXTC px 2.9993 | crowd #4 $779k, gainer #1 | NO CROWD: not top 2 held 2m, not ripping, not a top gainer with $1000k
2026-10-07 12:17:13,239 INFO [v36b] WHY-NOT LPCN px 3.1600 | crowd #3 $1488k, gainer #3 | NO: 6 buys today
2026-10-07 12:17:17,199 INFO [v36b] WHY-NOT SPAI px 4.0700 | crowd #1 $4188k held 9.3m, gainer #20 | WAIT: setup trigger 4.5700
2026-10-07 12:17:17,288 INFO [v36] WHY-NOT LPCN px 3.1700 | crowd #3 $1488k, gainer #3 | NO: 6 buys today
2026-10-07 12:17:23,648 INFO [v36] WHY-NOT SPAI px 4.0797 | crowd #1 $4188k held 9.4m, gainer #20 | WAIT: setup trigger 4.5700
2026-10-07 12:17:25,304 INFO [v36] WHY-NOT BIYA px 2.4410 | crowd #5 $310k, gainer #2 | NO: 6 buys today
2026-10-07 12:17:36,552 INFO [v36b] WHY-NOT BIYA px 2.4205 | crowd #5 $310k, gainer #2 | NO: 6 buys today
2026-10-07 12:18:00,051 INFO [v36] WHY-NOT SXTC px 3.9593 | crowd #1 $11456k held 1.0m, gainer #1 | WAIT: setup trigger 4.8103
2026-10-07 12:18:13,451 INFO [v36b] WHY-NOT LPCN px 3.1603 | crowd #3 $1576k, gainer #3 | NO: 6 buys today
2026-10-07 12:18:17,434 INFO [v36] WHY-NOT LPCN px 3.1500 | crowd #3 $1576k, gainer #3 | NO: 6 buys today
2026-10-07 12:18:17,923 INFO [v36b] WHY-NOT SPAI px 4.3100 | crowd #2 $4076k held 10.3m, gainer #14 | NO PATTERN: rip 08:07 alive | last candles RG, vol 0.6x the 5 before (high break needs 2.0x)
2026-10-07 12:18:23,704 INFO [v36] WHY-NOT SPAI px 4.3200 | crowd #2 $4076k held 10.4m, gainer #14 | NO PATTERN: rip 08:07 alive | last candles RG, vol 0.6x the 5 before (high break needs 2.0x)
2026-10-07 12:18:25,500 INFO [v36] WHY-NOT BIYA px 2.3900 | crowd #7 $185k, gainer #2 | NO: 6 buys today
2026-10-07 12:18:36,909 INFO [v36b] WHY-NOT BIYA px 2.4000 | crowd #7 $185k, gainer #2 | NO: 6 buys today
2026-10-07 12:19:00,114 INFO [v36] WHY-NOT SXTC px 3.9668 | crowd #1 $20400k held 2.0m, gainer #1 | NO PATTERN: rip 08:16 alive | last candles RG, vol 1.2x the 5 before (high break needs 2.0x)
2026-10-07 12:19:13,484 INFO [v36b] WHY-NOT LPCN px 2.9903 | crowd #3 $2232k, gainer #3 | NO: 6 buys today
2026-10-07 12:19:17,455 INFO [v36] WHY-NOT LPCN px 2.9800 | crowd #3 $2232k, gainer #3 | NO: 6 buys today
2026-10-07 12:19:17,948 INFO [v36b] WHY-NOT SPAI px 4.4939 | crowd #2 $4255k held 11.3m, gainer #9 | NO PATTERN: rip 08:07 alive | last candles GG, vol 0.4x the 5 before (high break needs 2.0x)
2026-10-07 12:19:24,057 INFO [v36] WHY-NOT SPAI px 4.4802 | crowd #2 $4255k held 11.4m, gainer #9 | NO PATTERN: rip 08:07 alive | last candles GG, vol 0.4x the 5 before (high break needs 2.0x)
2026-10-07 12:19:26,358 INFO [v36] WHY-NOT BIYA px 2.4300 | crowd #4 $517k, gainer #2 | NO: 6 buys today
2026-10-07 12:19:36,998 INFO [v36b] WHY-NOT BIYA px 2.4600 | crowd #4 $517k, gainer #2 | NO: 6 buys today
2026-10-07 12:20:00,117 INFO [v36] WHY-NOT SXTC px 3.3800 | crowd #1 $19177k held 3.0m, gainer #1 | WAIT: setup trigger 3.9768
2026-10-07 12:20:13,663 INFO [v36b] WHY-NOT LPCN px 2.9298 | crowd #2 $4396k held 0.2m, gainer #3 | NO: 6 buys today
2026-10-07 12:20:17,656 INFO [v36] WHY-NOT LPCN px 2.9300 | crowd #3 $1786k, gainer #3 | NO: 6 buys today
2026-10-07 12:20:19,035 INFO [v36b] WHY-NOT SPAI px 4.5103 | crowd #3 $3004k, gainer #10 | NO CROWD: not top 2 held 2m, not ripping, not a top gainer with $1000k
2026-10-07 12:20:24,170 INFO [v36] WHY-NOT SPAI px 4.5119 | crowd #2 $2443k held 12.4m, gainer #10 | NO PATTERN: rip 08:07 alive | last candles GG, vol 0.5x the 5 before (high break needs 2.0x)
2026-10-07 12:20:26,648 INFO [v36] WHY-NOT BIYA px 2.5504 | crowd #4 $449k, gainer #2 | NO: 6 buys today
2026-10-07 12:20:37,059 INFO [v36b] WHY-NOT BIYA px 2.6185 | crowd #4 $822k, gainer #2 | NO: 6 buys today
2026-10-07 12:21:00,125 INFO [v36] WHY-NOT SXTC px 3.0291 | crowd #1 $13371k held 4.0m, gainer #2 | WAIT: setup trigger 3.3900
2026-10-07 12:21:13,714 INFO [v36b] WHY-NOT LPCN px 2.9400 | crowd #2 $3804k held 1.2m, gainer #3 | NO: 6 buys today
2026-10-07 12:21:17,677 INFO [v36] WHY-NOT LPCN px 2.9400 | crowd #2 $3804k held 0.3m, gainer #3 | NO: 6 buys today
2026-10-07 12:21:19,085 INFO [v36b] WHY-NOT SPAI px 4.4000 | crowd #3 $1859k, gainer #10 | NO CROWD: not top 2 held 2m, not ripping, not a top gainer with $1000k
2026-10-07 12:21:24,541 INFO [v36] WHY-NOT SPAI px 4.4000 | crowd #3 $1859k, gainer #10 | NO CROWD: not top 2 held 2m, not ripping, not a top gainer with $1000k
2026-10-07 12:21:26,797 INFO [v36] WHY-NOT BIYA px 9.2386 | crowd #4 $749k, gainer #1 | NO: 6 buys today
2026-10-07 12:21:37,060 INFO [v36b] WHY-NOT BIYA px 8.6900 | crowd #4 $749k, gainer #1 | NO: 6 buys today
2026-10-07 12:22:00,194 INFO [v36] WHY-NOT SXTC px 3.2300 | crowd #2 $13074k held 5.0m, gainer #2 | NO PATTERN: rip 08:16 alive | last candles RG, vol 0.5x the 5 before (high break needs 2.0x)
2026-10-07 12:22:13,738 INFO [v36b] WHY-NOT LPCN px 2.7802 | crowd #3 $6312k, gainer #4 | NO: 6 buys today
2026-10-07 12:22:17,747 INFO [v36] WHY-NOT LPCN px 2.8000 | crowd #3 $6312k, gainer #4 | NO: 6 buys today
2026-10-07 12:22:23,384 INFO [v36b] WHY-NOT SXTC px 2.6900 | crowd #2 $13074k held 5.4m, gainer #2 | NO PATTERN: rip 08:16 alive | last candles RG, vol 0.5x the 5 before (high break needs 2.0x)
2026-10-07 12:22:26,914 INFO [v36] WHY-NOT BIYA px 6.5400 | crowd #1 $71733k held 0.4m, gainer #1 | NO: 6 buys today
2026-10-07 12:22:37,083 INFO [v36b] WHY-NOT BIYA px 6.1551 | crowd #1 $71733k held 0.6m, gainer #1 | NO: 6 buys today
2026-10-07 12:23:00,326 INFO [v36] WHY-NOT SXTC px 2.9135 | crowd #2 $8895k held 6.0m, gainer #2 | WAIT: setup trigger 3.2400
2026-10-07 12:23:13,925 INFO [v36b] WHY-NOT LPCN px 2.7900 | crowd #3 $5535k, gainer #4 | NO: 6 buys today
2026-10-07 12:23:17,882 INFO [v36] WHY-NOT LPCN px 2.7700 | crowd #3 $5535k, gainer #4 | NO: 6 buys today
2026-10-07 12:23:23,659 INFO [v36b] WHY-NOT SXTC px 2.8900 | crowd #2 $8895k held 6.4m, gainer #2 | WAIT: setup trigger 3.2400
2026-10-07 12:23:26,934 INFO [v36] WHY-NOT BIYA px 5.0300 | crowd #1 $71550k held 1.4m, gainer #1 | NO: 6 buys today
2026-10-07 12:23:37,151 INFO [v36b] WHY-NOT BIYA px 4.4900 | crowd #1 $71550k held 1.6m, gainer #1 | NO: 6 buys today
2026-10-07 12:24:00,087 INFO [v36] WHY-NOT MTEN px 1.1100 | crowd #3 $5330k, gainer #7 | NO CROWD: not top 2 held 2m, not ripping, not a top gainer with $1000k
2026-10-07 12:24:00,087 INFO [v36b] WHY-NOT MTEN px 1.1100 | crowd #3 $5330k, gainer #7 | NO CROWD: not top 2 held 2m, not ripping, not a top gainer with $1000k
2026-10-07 12:24:00,338 INFO [v36] WHY-NOT SXTC px 2.9601 | crowd #2 $6789k held 7.0m, gainer #2 | NO PATTERN: rip 08:16 alive | last candles RG, vol 0.4x the 5 before (high break needs 2.0x)
2026-10-07 12:24:23,921 INFO [v36b] WHY-NOT SXTC px 2.9800 | crowd #2 $6789k held 7.4m, gainer #2 | NO PATTERN: rip 08:16 alive | last candles RG, vol 0.4x the 5 before (high break needs 2.0x)
2026-10-07 12:24:26,997 INFO [v36] WHY-NOT BIYA px 3.4396 | crowd #1 $76091k held 2.4m, gainer #1 | NO: 6 buys today
2026-10-07 12:24:37,177 INFO [v36b] WHY-NOT BIYA px 3.3982 | crowd #1 $76091k held 2.6m, gainer #1 | NO: 6 buys today
2026-10-07 12:25:00,438 INFO [v36] WHY-NOT SXTC px 2.7600 | crowd #3 $4887k, gainer #2 | WAIT: setup trigger 2.9799
2026-10-07 12:25:00,962 INFO [v36] WHY-NOT MTEN px 1.1500 | crowd #2 $5974k held 0.0m, gainer #6 | NO CROWD: not top 2 held 2m, not ripping, not a top gainer with $1000k
2026-10-07 12:25:00,962 INFO [v36b] WHY-NOT MTEN px 1.1500 | crowd #2 $5974k held 0.0m, gainer #6 | NO CROWD: not top 2 held 2m, not ripping, not a top gainer with $1000k
2026-10-07 12:25:24,519 INFO [v36b] WHY-NOT SXTC px 2.8700 | crowd #3 $4887k, gainer #2 | WAIT: setup trigger 2.9799
2026-10-07 12:25:27,206 INFO [v36] WHY-NOT BIYA px 2.8900 | crowd #1 $14712k held 3.5m, gainer #1 | NO: 6 buys today
2026-10-07 12:25:37,210 INFO [v36b] WHY-NOT BIYA px 3.0300 | crowd #1 $14712k held 3.6m, gainer #1 | NO: 6 buys today
2026-10-07 12:26:00,289 INFO [v36] WHY-NOT LPCN px 2.6100 | crowd #2 $5013k held 0.0m, gainer #3 | NO: 6 buys today
2026-10-07 12:26:00,289 INFO [v36b] WHY-NOT LPCN px 2.6100 | crowd #2 $5013k held 0.0m, gainer #3 | NO: 6 buys today
2026-10-07 12:26:00,549 INFO [v36] WHY-NOT SXTC px 2.5000 | crowd #4 $4089k, gainer #2 | WAIT: setup trigger 2.7900
2026-10-07 12:26:02,777 INFO [v36] WHY-NOT MTEN px 1.1399 | crowd #3 $4423k, gainer #5 | NO CROWD: not top 2 held 2m, not ripping, not a top gainer with $1000k
2026-10-07 12:26:02,777 INFO [v36b] WHY-NOT MTEN px 1.1399 | crowd #3 $4423k, gainer #5 | NO CROWD: not top 2 held 2m, not ripping, not a top gainer with $1000k
2026-10-07 12:26:24,538 INFO [v36b] WHY-NOT SXTC px 2.6300 | crowd #4 $4089k, gainer #2 | WAIT: setup trigger 2.7900
2026-10-07 12:26:27,366 INFO [v36] WHY-NOT BIYA px 3.2000 | crowd #1 $12465k held 4.5m, gainer #1 | NO: 6 buys today
2026-10-07 12:26:37,236 INFO [v36b] WHY-NOT BIYA px 3.2250 | crowd #1 $12465k held 4.6m, gainer #1 | NO: 6 buys today
2026-10-07 12:27:00,364 INFO [v36] WHY-NOT LPCN px 2.7100 | crowd #2 $3727k held 1.0m, gainer #3 | NO: 6 buys today
2026-10-07 12:27:00,364 INFO [v36b] WHY-NOT LPCN px 2.7100 | crowd #2 $3727k held 1.0m, gainer #3 | NO: 6 buys today
2026-10-07 12:27:00,870 INFO [v36] WHY-NOT SXTC px 2.7501 | crowd #3 $2349k, gainer #2 | NO PATTERN: rip 08:16 alive | last candles RG, vol 0.8x the 5 before (high break needs 2.0x)
2026-10-07 12:27:25,002 INFO [v36b] WHY-NOT SXTC px 2.6366 | crowd #3 $2349k, gainer #2 | NO PATTERN: rip 08:16 alive | last candles RG, vol 0.8x the 5 before (high break needs 2.0x)
2026-10-07 12:27:27,384 INFO [v36] WHY-NOT BIYA px 3.0908 | crowd #1 $7551k held 5.5m, gainer #1 | NO: 6 buys today
2026-10-07 12:27:37,507 INFO [v36b] WHY-NOT BIYA px 3.2500 | crowd #1 $7551k held 5.6m, gainer #1 | NO: 6 buys today
2026-10-07 12:28:00,809 INFO [v36] WHY-NOT LPCN px 2.7100 | crowd #2 $3901k held 2.0m, gainer #3 | NO: 6 buys today
2026-10-07 12:28:00,809 INFO [v36b] WHY-NOT LPCN px 2.7100 | crowd #2 $3901k held 2.0m, gainer #3 | NO: 6 buys today
2026-10-07 12:28:00,984 INFO [v36] WHY-NOT SXTC px 2.7816 | crowd #3 $2325k, gainer #1 | NO PATTERN: rip 08:16 alive | last candles GG, vol 0.5x the 5 before (high break needs 2.0x)
2026-10-07 12:28:25,106 INFO [v36b] WHY-NOT SXTC px 2.6500 | crowd #3 $2325k, gainer #1 | NO PATTERN: rip 08:16 alive | last candles GG, vol 0.5x the 5 before (high break needs 2.0x)
2026-10-07 12:28:27,549 INFO [v36] WHY-NOT BIYA px 3.1214 | crowd #1 $6499k held 6.5m, gainer #2 | NO: 6 buys today
2026-10-07 12:28:38,196 INFO [v36b] WHY-NOT BIYA px 3.1800 | crowd #1 $6499k held 6.6m, gainer #2 | NO: 6 buys today
2026-10-07 12:29:00,448 INFO [v36] WHY-NOT BYAH px 1.9600 | crowd #2 $2769k held 0.0m, gainer #45 | NO CROWD: not top 2 held 2m, not ripping, not a top gainer with $1000k
2026-10-07 12:29:00,449 INFO [v36b] WHY-NOT BYAH px 1.9600 | crowd #2 $2769k held 0.0m, gainer #45 | NO CROWD: not top 2 held 2m, not ripping, not a top gainer with $1000k
2026-10-07 12:29:00,971 INFO [v36] WHY-NOT LPCN px 2.7100 | crowd #3 $2755k, gainer #3 | NO: 6 buys today
2026-10-07 12:29:00,972 INFO [v36b] WHY-NOT LPCN px 2.7100 | crowd #3 $2755k, gainer #3 | NO: 6 buys today
2026-10-07 12:29:00,995 INFO [v36] WHY-NOT SXTC px 2.6485 | crowd #4 $2511k, gainer #2 | WAIT: setup trigger 2.7996
2026-10-07 12:29:25,119 INFO [v36b] WHY-NOT SXTC px 2.5200 | crowd #4 $2511k, gainer #2 | WAIT: setup trigger 2.7996
2026-10-07 12:29:27,744 INFO [v36] WHY-NOT BIYA px 3.1136 | crowd #1 $6877k held 7.5m, gainer #1 | NO: 6 buys today
2026-10-07 12:29:38,199 INFO [v36b] WHY-NOT BIYA px 3.1491 | crowd #1 $6877k held 7.6m, gainer #1 | NO: 6 buys today
2026-10-07 12:30:00,552 INFO [v36] WHY-NOT BYAH px 2.0047 | crowd #2 $2724k held 1.0m, gainer #44 | NO CROWD: not top 2 held 2m, not ripping, not a top gainer with $1000k
2026-10-07 12:30:00,552 INFO [v36b] WHY-NOT BYAH px 2.0047 | crowd #2 $2724k held 1.0m, gainer #44 | NO CROWD: not top 2 held 2m, not ripping, not a top gainer with $1000k
2026-10-07 12:30:01,078 INFO [v36] WHY-NOT SXTC px 2.3201 | crowd #4 $1879k, gainer #2 | WAIT: setup trigger 2.6600
2026-10-07 12:30:03,646 INFO [v36] WHY-NOT LPCN px 2.6381 | crowd #3 $1962k, gainer #4 | NO: 6 buys today
2026-10-07 12:30:03,647 INFO [v36b] WHY-NOT LPCN px 2.6381 | crowd #3 $1962k, gainer #4 | NO: 6 buys today
2026-10-07 12:30:25,779 INFO [v36b] WHY-NOT SXTC px 2.3881 | crowd #4 $1879k, gainer #2 | WAIT: setup trigger 2.6600
2026-10-07 12:30:27,765 INFO [v36] WHY-NOT BIYA px 3.2900 | crowd #1 $4150k held 8.5m, gainer #1 | NO: 6 buys today
2026-10-07 12:30:38,221 INFO [v36b] WHY-NOT BIYA px 3.4000 | crowd #1 $4150k held 8.6m, gainer #1 | NO: 6 buys today
2026-10-07 12:31:00,863 INFO [v36] WHY-NOT BYAH px 1.8700 | crowd #2 $2578k held 2.0m, gainer #45 | WAIT: setup trigger 2.0147
2026-10-07 12:31:00,863 INFO [v36b] WHY-NOT BYAH px 1.8700 | crowd #2 $2578k held 2.0m, gainer #45 | WAIT: setup trigger 2.0147
2026-10-07 12:31:01,420 INFO [v36] WHY-NOT SXTC px 2.2500 | crowd #4 $1465k, gainer #2 | WAIT: setup trigger 2.3685
2026-10-07 12:31:03,788 INFO [v36] WHY-NOT LPCN px 2.6280 | crowd #3 $1575k, gainer #4 | NO: 6 buys today
2026-10-07 12:31:03,789 INFO [v36b] WHY-NOT LPCN px 2.6280 | crowd #3 $1575k, gainer #4 | NO: 6 buys today
2026-10-07 12:31:26,577 INFO [v36b] WHY-NOT SXTC px 2.3000 | crowd #4 $1465k, gainer #2 | WAIT: setup trigger 2.3685
2026-10-07 12:31:27,807 INFO [v36] WHY-NOT BIYA px 3.4700 | crowd #1 $3194k held 9.5m, gainer #1 | NO: 6 buys today
2026-10-07 12:31:38,478 INFO [v36b] WHY-NOT BIYA px 3.4300 | crowd #1 $3194k held 9.6m, gainer #1 | NO: 6 buys today
2026-10-07 12:31:53,999 INFO [v36] WHY-NOT BYAH px 2.1000 | crowd #2 $2578k held 2.9m, gainer #45 | NO TREND at the trigger 2.0147: vwap 2.8142 e9 2.3225 e20 2.3881 macd -0.0354
2026-10-07 12:31:53,999 INFO [v36b] WHY-NOT BYAH px 2.1000 | crowd #2 $2578k held 2.9m, gainer #45 | NO TREND at the trigger 2.0147: vwap 2.8142 e9 2.3225 e20 2.3881 macd -0.0354
2026-10-07 12:31:59,910 INFO [v36] WHY-NOT BYAH px 2.1000 | crowd #2 $2578k held 3.0m, gainer #45 | NO TREND at the trigger 2.0147: vwap 2.8142 e9 2.3225 e20 2.3881 macd -0.0354
2026-10-07 12:31:59,911 INFO [v36b] WHY-NOT BYAH px 2.1000 | crowd #2 $2578k held 3.0m, gainer #45 | NO TREND at the trigger 2.0147: vwap 2.8142 e9 2.3225 e20 2.3881 macd -0.0354
2026-10-07 12:32:00,345 INFO [v36] WHY-NOT MTEN px 1.3100 | crowd #3 $2079k, gainer #3 | NO CROWD: not top 2 held 2m, not ripping, not a top gainer with $1000k
2026-10-07 12:32:00,345 INFO [v36b] WHY-NOT MTEN px 1.3100 | crowd #3 $2079k, gainer #3 | NO CROWD: not top 2 held 2m, not ripping, not a top gainer with $1000k
2026-10-07 12:32:01,646 INFO [v36] WHY-NOT SXTC px 2.3200 | crowd #2 $2232k held 0.0m, gainer #2 | NO PATTERN: rip 08:16 alive | last candles RG, vol 0.8x the 5 before (high break needs 2.0x)
2026-10-07 12:32:26,786 INFO [v36b] WHY-NOT SXTC px 2.3600 | crowd #2 $2232k held 0.4m, gainer #2 | NO PATTERN: rip 08:16 alive | last candles RG, vol 0.8x the 5 before (high break needs 2.0x)
2026-10-07 12:32:27,939 INFO [v36] WHY-NOT BIYA px 3.4900 | crowd #1 $5997k held 10.5m, gainer #1 | NO: 6 buys today
2026-10-07 12:32:38,484 INFO [v36b] WHY-NOT BIYA px 3.4756 | crowd #1 $5997k held 10.6m, gainer #1 | NO: 6 buys today
2026-10-07 12:33:00,560 INFO [v36] WHY-NOT MTEN px 1.2885 | crowd #2 $2000k held 0.0m, gainer #3 | NO CROWD: not top 2 held 2m, not ripping, not a top gainer with $1000k
2026-10-07 12:33:00,560 INFO [v36b] WHY-NOT MTEN px 1.2885 | crowd #2 $2000k held 0.0m, gainer #3 | NO CROWD: not top 2 held 2m, not ripping, not a top gainer with $1000k
2026-10-07 12:33:02,047 INFO [v36] WHY-NOT SXTC px 2.3800 | crowd #3 $1759k, gainer #2 | NO PATTERN: rip 08:16 alive | last candles GG, vol 0.5x the 5 before (high break needs 2.0x)
2026-10-07 12:33:27,952 INFO [v36b] WHY-NOT SXTC px 2.3000 | crowd #3 $1759k, gainer #2 | NO PATTERN: rip 08:16 alive | last candles GG, vol 0.5x the 5 before (high break needs 2.0x)
2026-10-07 12:33:27,995 INFO [v36] WHY-NOT BIYA px 3.5096 | crowd #1 $5013k held 11.5m, gainer #1 | NO: 6 buys today
2026-10-07 12:33:38,712 INFO [v36b] WHY-NOT BIYA px 3.4703 | crowd #1 $5013k held 11.6m, gainer #1 | NO: 6 buys today
2026-10-07 12:34:00,043 INFO [v36] WHY-NOT LPCN px 2.7811 | crowd #2 $2198k held 0.0m, gainer #4 | NO: 6 buys today
2026-10-07 12:34:00,044 INFO [v36b] WHY-NOT LPCN px 2.7811 | crowd #2 $2198k held 0.0m, gainer #4 | NO: 6 buys today
2026-10-07 12:34:02,804 INFO [v36] WHY-NOT SXTC px 2.2790 | crowd #3 $1773k, gainer #2 | NO PATTERN: rip 08:16 dead | last candles GR, vol 0.5x the 5 before (high break needs 2.0x)
2026-10-07 12:34:27,971 INFO [v36b] WHY-NOT SXTC px 2.4700 | crowd #3 $1773k, gainer #2 | NO PATTERN: rip 08:16 dead | last candles GR, vol 0.5x the 5 before (high break needs 2.0x)
2026-10-07 12:34:28,082 INFO [v36] WHY-NOT BIYA px 3.2500 | crowd #1 $7654k held 12.5m, gainer #1 | NO: 6 buys today
2026-10-07 12:34:38,861 INFO [v36b] WHY-NOT BIYA px 3.2400 | crowd #1 $7654k held 12.6m, gainer #1 | NO: 6 buys today
2026-10-07 12:35:00,697 INFO [v36] WHY-NOT LPCN px 2.7700 | crowd #2 $2426k held 1.0m, gainer #4 | NO: 6 buys today
2026-10-07 12:35:00,697 INFO [v36b] WHY-NOT LPCN px 2.7700 | crowd #2 $2426k held 1.0m, gainer #4 | NO: 6 buys today
2026-10-07 12:35:02,937 INFO [v36] WHY-NOT SXTC px 2.4600 | crowd #3 $1597k, gainer #2 | NO PATTERN: rip 08:16 alive | last candles RG, vol 1.3x the 5 before (high break needs 2.0x)
2026-10-07 12:35:28,235 INFO [v36b] WHY-NOT SXTC px 2.2800 | crowd #3 $1597k, gainer #2 | NO PATTERN: rip 08:16 alive | last candles RG, vol 1.3x the 5 before (high break needs 2.0x)
2026-10-07 12:35:28,447 INFO [v36] WHY-NOT BIYA px 3.3500 | crowd #1 $7298k held 13.5m, gainer #1 | NO: 6 buys today
2026-10-07 12:35:38,869 INFO [v36b] WHY-NOT BIYA px 3.2811 | crowd #1 $7298k held 13.6m, gainer #1 | NO: 6 buys today
2026-10-07 12:36:01,192 INFO [v36] WHY-NOT LPCN px 2.7500 | crowd #2 $1852k held 2.0m, gainer #4 | NO: 6 buys today
2026-10-07 12:36:01,193 INFO [v36b] WHY-NOT LPCN px 2.7500 | crowd #2 $1852k held 2.0m, gainer #4 | NO: 6 buys today
2026-10-07 12:36:03,195 INFO [v36] WHY-NOT SXTC px 2.2500 | crowd #3 $1154k, gainer #2 | WAIT: setup trigger 2.4800
2026-10-07 12:36:28,262 INFO [v36b] WHY-NOT SXTC px 2.3190 | crowd #3 $1154k, gainer #2 | WAIT: setup trigger 2.4800
2026-10-07 12:36:28,540 INFO [v36] WHY-NOT BIYA px 3.2900 | crowd #1 $5255k held 14.5m, gainer #1 | NO: 6 buys today
2026-10-07 12:36:38,970 INFO [v36b] WHY-NOT BIYA px 3.3000 | crowd #1 $5255k held 14.6m, gainer #1 | NO: 6 buys today
2026-10-07 12:37:01,897 INFO [v36] WHY-NOT LPCN px 2.7400 | crowd #2 $1468k held 3.0m, gainer #4 | NO: 6 buys today
2026-10-07 12:37:01,898 INFO [v36b] WHY-NOT LPCN px 2.7400 | crowd #2 $1468k held 3.0m, gainer #4 | NO: 6 buys today
2026-10-07 12:37:03,767 INFO [v36] WHY-NOT SXTC px 2.3000 | crowd #3 $1308k, gainer #2 | NO PATTERN: rip 08:16 alive | last candles RG, vol 0.5x the 5 before (high break needs 2.0x)
2026-10-07 12:37:28,924 INFO [v36] WHY-NOT BIYA px 3.1000 | crowd #1 $4522k held 15.5m, gainer #1 | NO: 6 buys today
2026-10-07 12:37:29,839 INFO [v36b] WHY-NOT SXTC px 2.3296 | crowd #3 $1308k, gainer #2 | NO PATTERN: rip 08:16 alive | last candles RG, vol 0.5x the 5 before (high break needs 2.0x)
2026-10-07 12:37:39,152 INFO [v36b] WHY-NOT BIYA px 3.0600 | crowd #1 $4522k held 15.6m, gainer #1 | NO: 6 buys today
2026-10-07 12:38:00,069 INFO [v36] WHY-NOT MTEN px 1.4612 | crowd #2 $2168k held 0.0m, gainer #3 | WAIT: setup trigger 1.4800
2026-10-07 12:38:00,070 INFO [v36b] WHY-NOT MTEN px 1.4612 | crowd #2 $2168k held 0.0m, gainer #3 | WAIT: setup trigger 1.4800
2026-10-07 12:38:05,202 INFO [v36] WHY-NOT SXTC px 2.3200 | crowd #3 $1284k, gainer #2 | NO PATTERN: rip 08:16 dead | last candles GG, vol 0.3x the 5 before (high break needs 2.0x)
2026-10-07 12:38:28,997 INFO [v36] WHY-NOT BIYA px 3.0200 | crowd #1 $3483k held 16.5m, gainer #1 | NO: 6 buys today
2026-10-07 12:38:29,932 INFO [v36b] WHY-NOT SXTC px 2.2501 | crowd #3 $1284k, gainer #2 | NO PATTERN: rip 08:16 dead | last candles GG, vol 0.3x the 5 before (high break needs 2.0x)
2026-10-07 12:38:39,322 INFO [v36b] WHY-NOT BIYA px 3.1100 | crowd #1 $3483k held 16.7m, gainer #1 | NO: 6 buys today
2026-10-07 12:39:00,126 INFO [v36b] WHY-NOT MTEN px 1.4510 | crowd #1 $4415k held 1.0m, gainer #3 | NO CROWD: not top 2 held 2m, not ripping, not a top gainer with $1000k
2026-10-07 12:39:00,269 INFO [v36] WHY-NOT MTEN px 1.4600 | crowd #1 $4415k held 1.0m, gainer #3 | NO CROWD: not top 2 held 2m, not ripping, not a top gainer with $1000k
2026-10-07 12:39:00,315 INFO [v36] WHY-NOT LPCN px 2.8300 | crowd #3 $1554k, gainer #4 | NO: 6 buys today
2026-10-07 12:39:00,315 INFO [v36b] WHY-NOT LPCN px 2.8300 | crowd #3 $1554k, gainer #4 | NO: 6 buys today
2026-10-07 12:39:05,332 INFO [v36] WHY-NOT SXTC px 2.2593 | crowd #4 $968k, gainer #2 | NO CROWD: not top 2 held 2m, not ripping, not a top gainer with $1000k
2026-10-07 12:39:29,873 INFO [v36] WHY-NOT BIYA px 3.1400 | crowd #2 $3961k held 17.5m, gainer #1 | NO: 6 buys today
2026-10-07 12:39:30,480 INFO [v36b] WHY-NOT SXTC px 2.3000 | crowd #4 $968k, gainer #2 | NO CROWD: not top 2 held 2m, not ripping, not a top gainer with $1000k
2026-10-07 12:39:40,070 INFO [v36b] WHY-NOT BIYA px 3.1300 | crowd #2 $3961k held 17.7m, gainer #1 | NO: 6 buys today
2026-10-07 12:40:00,316 INFO [v36] WHY-NOT LPCN px 2.9600 | crowd #3 $3177k, gainer #4 | NO: 6 buys today
2026-10-07 12:40:00,316 INFO [v36b] WHY-NOT LPCN px 2.9600 | crowd #3 $3177k, gainer #4 | NO: 6 buys today
2026-10-07 12:40:00,327 INFO [v36] WHY-NOT MTEN px 1.3900 | crowd #1 $4718k held 2.0m, gainer #3 | WAIT: setup trigger 1.4610
2026-10-07 12:40:00,327 INFO [v36b] WHY-NOT MTEN px 1.3900 | crowd #1 $4718k held 2.0m, gainer #3 | WAIT: setup trigger 1.4610
2026-10-07 12:40:05,643 INFO [v36] WHY-NOT SXTC px 2.3100 | crowd #4 $653k, gainer #2 | NO CROWD: not top 2 held 2m, not ripping, not a top gainer with $1000k
2026-10-07 12:40:30,267 INFO [v36] WHY-NOT BIYA px 3.2509 | crowd #2 $3498k held 18.5m, gainer #1 | NO: 6 buys today
2026-10-07 12:40:30,885 INFO [v36b] WHY-NOT SXTC px 2.3200 | crowd #4 $653k, gainer #2 | NO CROWD: not top 2 held 2m, not ripping, not a top gainer with $1000k
2026-10-07 12:40:40,177 INFO [v36b] WHY-NOT BIYA px 3.3200 | crowd #2 $3498k held 18.7m, gainer #1 | NO: 6 buys today
2026-10-07 12:41:00,316 INFO [v36] WHY-NOT LPCN px 2.9200 | crowd #2 $3886k held 0.0m, gainer #4 | NO: 6 buys today
2026-10-07 12:41:00,317 INFO [v36b] WHY-NOT LPCN px 2.9200 | crowd #2 $3886k held 0.0m, gainer #4 | NO: 6 buys today
2026-10-07 12:41:00,406 INFO [v36] WHY-NOT MTEN px 1.3700 | crowd #3 $3579k, gainer #3 | NO CROWD: not top 2 held 2m, not ripping, not a top gainer with $1000k
2026-10-07 12:41:00,406 INFO [v36b] WHY-NOT MTEN px 1.3700 | crowd #3 $3579k, gainer #3 | NO CROWD: not top 2 held 2m, not ripping, not a top gainer with $1000k
2026-10-07 12:41:05,887 INFO [v36] WHY-NOT SXTC px 2.2900 | crowd #4 $551k, gainer #2 | NO CROWD: not top 2 held 2m, not ripping, not a top gainer with $1000k
2026-10-07 12:41:30,338 INFO [v36] WHY-NOT BIYA px 3.2904 | crowd #1 $4082k held 19.5m, gainer #1 | NO: 6 buys today
2026-10-07 12:41:31,318 INFO [v36b] WHY-NOT SXTC px 2.2500 | crowd #4 $551k, gainer #2 | NO CROWD: not top 2 held 2m, not ripping, not a top gainer with $1000k
2026-10-07 12:41:40,287 INFO [v36b] WHY-NOT BIYA px 3.1500 | crowd #1 $4082k held 19.7m, gainer #1 | NO: 6 buys today
2026-10-07 12:42:00,582 INFO [v36] WHY-NOT LPCN px 2.9100 | crowd #1 $3593k held 1.0m, gainer #4 | NO: 6 buys today
2026-10-07 12:42:00,582 INFO [v36b] WHY-NOT LPCN px 2.9100 | crowd #1 $3593k held 1.0m, gainer #4 | NO: 6 buys today
2026-10-07 12:42:00,664 INFO [v36] WHY-NOT MTEN px 1.4200 | crowd #3 $2203k, gainer #3 | NO CROWD: not top 2 held 2m, not ripping, not a top gainer with $1000k
2026-10-07 12:42:00,664 INFO [v36b] WHY-NOT MTEN px 1.4200 | crowd #3 $2203k, gainer #3 | NO CROWD: not top 2 held 2m, not ripping, not a top gainer with $1000k
2026-10-07 12:42:06,216 INFO [v36] WHY-NOT SXTC px 2.0598 | crowd #4 $456k, gainer #2 | NO CROWD: not top 2 held 2m, not ripping, not a top gainer with $1000k
2026-10-07 12:42:30,410 INFO [v36] WHY-NOT BIYA px 3.1285 | crowd #2 $2847k held 20.5m, gainer #1 | NO: 6 buys today
2026-10-07 12:42:31,697 INFO [v36b] WHY-NOT SXTC px 2.0814 | crowd #4 $456k, gainer #2 | NO CROWD: not top 2 held 2m, not ripping, not a top gainer with $1000k
2026-10-07 12:42:40,317 INFO [v36b] WHY-NOT BIYA px 3.1500 | crowd #2 $2847k held 20.7m, gainer #1 | NO: 6 buys today
2026-10-07 12:43:01,019 INFO [v36] WHY-NOT LPCN px 2.8800 | crowd #1 $4346k held 2.0m, gainer #4 | NO: 6 buys today
2026-10-07 12:43:01,019 INFO [v36b] WHY-NOT LPCN px 2.8800 | crowd #1 $4346k held 2.0m, gainer #4 | NO: 6 buys today
2026-10-07 12:43:01,756 INFO [v36] WHY-NOT MTEN px 1.4000 | crowd #3 $1585k, gainer #3 | NO CROWD: not top 2 held 2m, not ripping, not a top gainer with $1000k
2026-10-07 12:43:01,756 INFO [v36b] WHY-NOT MTEN px 1.4000 | crowd #3 $1585k, gainer #3 | NO CROWD: not top 2 held 2m, not ripping, not a top gainer with $1000k
2026-10-07 12:43:06,399 INFO [v36] WHY-NOT SXTC px 2.1303 | crowd #4 $1101k, gainer #2 | NO PATTERN: rip 08:16 alive | last candles RG, vol 3.0x the 5 before (high break needs 2.0x)
2026-10-07 12:43:30,485 INFO [v36] WHY-NOT BIYA px 3.1700 | crowd #2 $3810k held 21.5m, gainer #1 | NO: 6 buys today
2026-10-07 12:43:32,132 INFO [v36b] WHY-NOT SXTC px 2.2200 | crowd #4 $1101k, gainer #2 | NO PATTERN: rip 08:16 alive | last candles RG, vol 3.0x the 5 before (high break needs 2.0x)
2026-10-07 12:43:40,503 INFO [v36b] WHY-NOT BIYA px 3.1209 | crowd #2 $3810k held 21.7m, gainer #1 | NO: 6 buys today
2026-10-07 12:44:01,229 INFO [v36] WHY-NOT LPCN px 2.9285 | crowd #2 $2466k held 3.0m, gainer #4 | NO: 6 buys today
2026-10-07 12:44:01,230 INFO [v36b] WHY-NOT LPCN px 2.9285 | crowd #2 $2466k held 3.0m, gainer #4 | NO: 6 buys today
2026-10-07 12:44:02,584 INFO [v36] WHY-NOT MTEN px 1.4000 | crowd #3 $1038k, gainer #3 | NO CROWD: not top 2 held 2m, not ripping, not a top gainer with $1000k
2026-10-07 12:44:02,584 INFO [v36b] WHY-NOT MTEN px 1.4000 | crowd #3 $1038k, gainer #3 | NO CROWD: not top 2 held 2m, not ripping, not a top gainer with $1000k
2026-10-07 12:44:06,565 INFO [v36] WHY-NOT SXTC px 2.3004 | crowd #4 $977k, gainer #2 | NO CROWD: not top 2 held 2m, not ripping, not a top gainer with $1000k
2026-10-07 12:44:30,657 INFO [v36] WHY-NOT BIYA px 3.0900 | crowd #1 $3279k held 22.5m, gainer #1 | NO: 6 buys today
2026-10-07 12:44:32,615 INFO [v36b] WHY-NOT SXTC px 2.3400 | crowd #4 $977k, gainer #2 | NO CROWD: not top 2 held 2m, not ripping, not a top gainer with $1000k
2026-10-07 12:44:41,012 INFO [v36b] WHY-NOT BIYA px 3.0700 | crowd #1 $3279k held 22.7m, gainer #1 | NO: 6 buys today
2026-10-07 12:45:01,259 INFO [v36] WHY-NOT LPCN px 2.9900 | crowd #2 $1731k held 4.0m, gainer #3 | NO: 6 buys today
2026-10-07 12:45:01,260 INFO [v36b] WHY-NOT LPCN px 2.9900 | crowd #2 $1731k held 4.0m, gainer #3 | NO: 6 buys today
2026-10-07 12:45:06,632 INFO [v36] WHY-NOT SXTC px 2.2880 | crowd #3 $1357k, gainer #2 | WAIT: setup trigger 2.3106
2026-10-07 12:45:30,753 INFO [v36] WHY-NOT BIYA px 3.0100 | crowd #1 $2999k held 23.5m, gainer #1 | NO: 6 buys today
2026-10-07 12:45:33,302 INFO [v36b] WHY-NOT SXTC px 2.2805 | crowd #3 $1357k, gainer #2 | WAIT: setup trigger 2.3106
2026-10-07 12:45:41,206 INFO [v36b] WHY-NOT BIYA px 3.0004 | crowd #1 $2999k held 23.7m, gainer #1 | NO: 6 buys today
2026-10-07 12:46:00,468 INFO [v36] WHY-NOT MTEN px 1.3100 | crowd #3 $1599k, gainer #4 | NO CROWD: not top 2 held 2m, not ripping, not a top gainer with $1000k
2026-10-07 12:46:00,468 INFO [v36b] WHY-NOT MTEN px 1.3100 | crowd #3 $1599k, gainer #4 | NO CROWD: not top 2 held 2m, not ripping, not a top gainer with $1000k
2026-10-07 12:46:01,370 INFO [v36] WHY-NOT LPCN px 2.9300 | crowd #2 $3007k held 5.0m, gainer #3 | NO: 6 buys today
2026-10-07 12:46:01,370 INFO [v36b] WHY-NOT LPCN px 2.9300 | crowd #2 $3007k held 5.0m, gainer #3 | NO: 6 buys today
2026-10-07 12:46:06,778 INFO [v36] WHY-NOT SXTC px 2.1900 | crowd #4 $1424k, gainer #2 | NO PATTERN: rip 08:16 dead | last candles RR, vol 0.3x the 5 before (high break needs 2.0x)
2026-10-07 12:46:30,847 INFO [v36] WHY-NOT BIYA px 2.9600 | crowd #1 $4261k held 24.5m, gainer #1 | NO: 6 buys today
2026-10-07 12:46:33,364 INFO [v36b] WHY-NOT SXTC px 2.2799 | crowd #4 $1424k, gainer #2 | NO PATTERN: rip 08:16 dead | last candles RR, vol 0.3x the 5 before (high break needs 2.0x)
2026-10-07 12:46:41,213 INFO [v36b] WHY-NOT BIYA px 2.9800 | crowd #1 $4261k held 24.7m, gainer #1 | NO: 6 buys today
2026-10-07 12:47:00,881 INFO [v36] WHY-NOT MTEN px 1.3300 | crowd #3 $1498k, gainer #3 | NO CROWD: not top 2 held 2m, not ripping, not a top gainer with $1000k
2026-10-07 12:47:00,881 INFO [v36b] WHY-NOT MTEN px 1.3300 | crowd #3 $1498k, gainer #3 | NO CROWD: not top 2 held 2m, not ripping, not a top gainer with $1000k
2026-10-07 12:47:01,678 INFO [v36] WHY-NOT LPCN px 2.8785 | crowd #2 $3444k held 6.0m, gainer #4 | NO: 6 buys today
2026-10-07 12:47:01,679 INFO [v36b] WHY-NOT LPCN px 2.8785 | crowd #2 $3444k held 6.0m, gainer #4 | NO: 6 buys today
2026-10-07 12:47:06,877 INFO [v36] WHY-NOT SXTC px 2.3093 | crowd #4 $1090k, gainer #2 | NO PATTERN: rip 08:16 dead | last candles RG, vol 0.5x the 5 before (high break needs 2.0x)
2026-10-07 12:47:30,918 INFO [v36] WHY-NOT BIYA px 2.9200 | crowd #1 $3552k held 25.5m, gainer #1 | NO: 6 buys today
2026-10-07 12:47:33,899 INFO [v36b] WHY-NOT SXTC px 2.2210 | crowd #4 $1090k, gainer #2 | NO PATTERN: rip 08:16 dead | last candles RG, vol 0.5x the 5 before (high break needs 2.0x)
2026-10-07 12:47:41,325 INFO [v36b] WHY-NOT BIYA px 2.9400 | crowd #1 $3552k held 25.7m, gainer #1 | NO: 6 buys today
2026-10-07 12:48:00,890 INFO [v36] WHY-NOT MTEN px 1.2803 | crowd #3 $1310k, gainer #4 | NO CROWD: not top 2 held 2m, not ripping, not a top gainer with $1000k
2026-10-07 12:48:00,890 INFO [v36b] WHY-NOT MTEN px 1.2803 | crowd #3 $1310k, gainer #4 | NO CROWD: not top 2 held 2m, not ripping, not a top gainer with $1000k
2026-10-07 12:48:02,078 INFO [v36] WHY-NOT LPCN px 2.8997 | crowd #1 $2989k held 7.0m, gainer #3 | NO: 6 buys today
2026-10-07 12:48:02,078 INFO [v36b] WHY-NOT LPCN px 2.8997 | crowd #1 $2989k held 7.0m, gainer #3 | NO: 6 buys today
2026-10-07 12:48:06,890 INFO [v36] WHY-NOT SXTC px 2.2402 | crowd #4 $611k, gainer #2 | NO CROWD: not top 2 held 2m, not ripping, not a top gainer with $1000k
2026-10-07 12:48:30,932 INFO [v36] WHY-NOT BIYA px 2.8100 | crowd #2 $2519k held 26.5m, gainer #1 | NO: 6 buys today
2026-10-07 12:48:35,918 INFO [v36b] WHY-NOT SXTC px 2.2200 | crowd #4 $611k, gainer #2 | NO CROWD: not top 2 held 2m, not ripping, not a top gainer with $1000k
2026-10-07 12:48:41,340 INFO [v36b] WHY-NOT BIYA px 2.8496 | crowd #2 $2519k held 26.7m, gainer #1 | NO: 6 buys today
2026-10-07 12:49:01,504 INFO [v36] WHY-NOT MTEN px 1.2806 | crowd #3 $676k, gainer #3 | NO CROWD: not top 2 held 2m, not ripping, not a top gainer with $1000k
2026-10-07 12:49:01,504 INFO [v36b] WHY-NOT MTEN px 1.2806 | crowd #3 $476k, gainer #3 | NO CROWD: not top 2 held 2m, not ripping, not a top gainer with $1000k
2026-10-07 12:49:02,172 INFO [v36] WHY-NOT LPCN px 2.8300 | crowd #2 $2839k held 8.0m, gainer #4 | NO: 6 buys today
2026-10-07 12:49:02,173 INFO [v36b] WHY-NOT LPCN px 2.8300 | crowd #2 $2073k held 8.0m, gainer #4 | NO: 6 buys today
2026-10-07 12:49:07,070 INFO [v36] WHY-NOT SXTC px 2.2200 | crowd #4 $500k, gainer #2 | NO CROWD: not top 2 held 2m, not ripping, not a top gainer with $1000k
2026-10-07 12:49:30,950 INFO [v36] WHY-NOT BIYA px 2.8100 | crowd #1 $3344k held 27.5m, gainer #1 | NO: 6 buys today
2026-10-07 12:49:39,479 INFO [v36b] WHY-NOT SXTC px 2.2300 | crowd #5 $426k, gainer #2 | NO CROWD: not top 2 held 2m, not ripping, not a top gainer with $1000k
2026-10-07 12:49:41,622 INFO [v36b] WHY-NOT BIYA px 2.8000 | crowd #1 $2186k held 27.7m, gainer #1 | NO: 6 buys today
2026-10-07 12:50:01,990 INFO [v36] WHY-NOT MTEN px 1.2788 | crowd #3 $471k, gainer #4 | NO CROWD: not top 2 held 2m, not ripping, not a top gainer with $1000k
2026-10-07 12:50:02,007 INFO [v36b] WHY-NOT MTEN px 1.2788 | crowd #3 $471k, gainer #4 | NO CROWD: not top 2 held 2m, not ripping, not a top gainer with $1000k
2026-10-07 12:50:02,346 INFO [v36] WHY-NOT LPCN px 2.7800 | crowd #2 $2043k held 9.0m, gainer #5 | NO: 6 buys today
2026-10-07 12:50:02,346 INFO [v36b] WHY-NOT LPCN px 2.7800 | crowd #2 $2043k held 9.0m, gainer #5 | NO: 6 buys today
2026-10-07 12:50:07,407 INFO [v36] WHY-NOT SXTC px 2.2100 | crowd #5 $377k, gainer #2 | NO CROWD: not top 2 held 2m, not ripping, not a top gainer with $1000k
2026-10-07 12:50:31,028 INFO [v36] WHY-NOT BIYA px 2.7400 | crowd #1 $2444k held 28.5m, gainer #1 | NO: 6 buys today
2026-10-07 12:50:40,291 INFO [v36b] WHY-NOT SXTC px 2.2301 | crowd #5 $377k, gainer #2 | NO CROWD: not top 2 held 2m, not ripping, not a top gainer with $1000k
2026-10-07 12:50:41,764 INFO [v36b] WHY-NOT BIYA px 2.6097 | crowd #1 $2444k held 28.7m, gainer #1 | NO: 6 buys today
2026-10-07 12:51:02,341 INFO [v36] WHY-NOT MTEN px 1.2909 | crowd #3 $417k, gainer #4 | NO CROWD: not top 2 held 2m, not ripping, not a top gainer with $1000k
2026-10-07 12:51:02,341 INFO [v36b] WHY-NOT MTEN px 1.2909 | crowd #3 $417k, gainer #4 | NO CROWD: not top 2 held 2m, not ripping, not a top gainer with $1000k
2026-10-07 12:51:02,903 INFO [v36] WHY-NOT LPCN px 2.7285 | crowd #2 $1729k held 10.0m, gainer #5 | NO: 6 buys today
2026-10-07 12:51:02,904 INFO [v36b] WHY-NOT LPCN px 2.7285 | crowd #2 $1729k held 10.0m, gainer #5 | NO: 6 buys today
2026-10-07 12:51:07,508 INFO [v36] WHY-NOT SXTC px 2.2800 | crowd #5 $250k, gainer #2 | NO CROWD: not top 2 held 2m, not ripping, not a top gainer with $1000k
2026-10-07 12:51:31,185 INFO [v36] WHY-NOT BIYA px 2.5900 | crowd #1 $2550k held 29.5m, gainer #1 | NO: 6 buys today
2026-10-07 12:51:40,534 INFO [v36b] WHY-NOT SXTC px 2.2301 | crowd #5 $250k, gainer #2 | NO CROWD: not top 2 held 2m, not ripping, not a top gainer with $1000k
2026-10-07 12:51:42,105 INFO [v36b] WHY-NOT BIYA px 2.5800 | crowd #1 $2550k held 29.7m, gainer #1 | NO: 6 buys today
2026-10-07 12:52:00,087 INFO [v36] WHY-NOT MI px 1.9490 | crowd #2 $3458k held 0.0m, gainer #3 | WAIT: hod trigger 2.5100
2026-10-07 12:52:00,088 INFO [v36b] WHY-NOT MI px 1.9490 | crowd #2 $3458k held 0.0m, gainer #3 | WAIT: hod trigger 2.5100
2026-10-07 12:52:07,482 INFO [v36] WHY-NOT LPCN px 2.7300 | crowd #3 $2489k, gainer #5 | NO: 6 buys today
2026-10-07 12:52:07,482 INFO [v36b] WHY-NOT LPCN px 2.7300 | crowd #3 $2489k, gainer #5 | NO: 6 buys today
2026-10-07 12:52:08,642 INFO [v36] WHY-NOT SXTC px 2.2500 | crowd #5 $249k, gainer #2 | NO CROWD: not top 2 held 2m, not ripping, not a top gainer with $1000k
2026-10-07 12:52:31,886 INFO [v36] WHY-NOT BIYA px 2.6200 | crowd #1 $3607k held 30.5m, gainer #1 | NO: 6 buys today
2026-10-07 12:52:41,030 INFO [v36b] WHY-NOT SXTC px 2.2900 | crowd #5 $249k, gainer #2 | NO CROWD: not top 2 held 2m, not ripping, not a top gainer with $1000k
2026-10-07 12:52:42,117 INFO [v36b] WHY-NOT BIYA px 2.6104 | crowd #1 $3607k held 30.7m, gainer #1 | NO: 6 buys today
2026-10-07 12:53:00,128 INFO [v36] WHY-NOT MI px 1.9001 | crowd #1 $4514k held 1.0m, gainer #3 | WAIT: setup trigger 1.9590
2026-10-07 12:53:00,129 INFO [v36b] WHY-NOT MI px 1.9001 | crowd #1 $4514k held 1.0m, gainer #3 | WAIT: setup trigger 1.9590
2026-10-07 12:53:09,077 INFO [v36] WHY-NOT SXTC px 2.3300 | crowd #5 $340k, gainer #2 | NO CROWD: not top 2 held 2m, not ripping, not a top gainer with $1000k
2026-10-07 12:53:09,624 INFO [v36] WHY-NOT LPCN px 2.7600 | crowd #3 $1982k, gainer #5 | NO: 6 buys today
2026-10-07 12:53:09,625 INFO [v36b] WHY-NOT LPCN px 2.7600 | crowd #3 $1982k, gainer #5 | NO: 6 buys today
2026-10-07 12:53:32,007 INFO [v36] WHY-NOT BIYA px 2.5300 | crowd #2 $2870k held 31.5m, gainer #1 | NO: 6 buys today
2026-10-07 12:53:41,438 INFO [v36b] WHY-NOT SXTC px 2.3196 | crowd #5 $340k, gainer #2 | NO CROWD: not top 2 held 2m, not ripping, not a top gainer with $1000k
2026-10-07 12:53:42,173 INFO [v36b] WHY-NOT BIYA px 2.5407 | crowd #2 $2870k held 31.7m, gainer #1 | NO: 6 buys today
2026-10-07 12:54:00,133 INFO [v36] WHY-NOT MI px 1.8800 | crowd #1 $5434k held 2.0m, gainer #3 | WAIT: setup trigger 1.9101
2026-10-07 12:54:00,133 INFO [v36b] WHY-NOT MI px 1.8800 | crowd #1 $5434k held 2.0m, gainer #3 | WAIT: setup trigger 1.9101
2026-10-07 12:54:10,795 INFO [v36] WHY-NOT SXTC px 2.2693 | crowd #4 $435k, gainer #1 | NO CROWD: not top 2 held 2m, not ripping, not a top gainer with $1000k
2026-10-07 12:54:14,696 INFO [v36] WHY-NOT LPCN px 2.7800 | crowd #3 $1775k, gainer #5 | NO: 6 buys today
2026-10-07 12:54:14,696 INFO [v36b] WHY-NOT LPCN px 2.7800 | crowd #3 $1775k, gainer #5 | NO: 6 buys today
2026-10-07 12:54:33,543 INFO [v36] WHY-NOT BIYA px 2.5600 | crowd #2 $2848k held 32.6m, gainer #2 | NO: 6 buys today
2026-10-07 12:54:41,942 INFO [v36b] WHY-NOT SXTC px 2.2600 | crowd #4 $435k, gainer #1 | NO CROWD: not top 2 held 2m, not ripping, not a top gainer with $1000k
2026-10-07 12:54:42,390 INFO [v36b] WHY-NOT BIYA px 2.5196 | crowd #2 $2848k held 32.7m, gainer #2 | NO: 6 buys today
2026-10-07 12:55:00,158 INFO [v36] WHY-NOT MI px 1.8004 | crowd #1 $4468k held 3.0m, gainer #3 | WAIT: setup trigger 1.8900
2026-10-07 12:55:00,159 INFO [v36b] WHY-NOT MI px 1.8004 | crowd #1 $4468k held 3.0m, gainer #3 | WAIT: setup trigger 1.8900
2026-10-07 12:55:11,259 INFO [v36] WHY-NOT SXTC px 2.3100 | crowd #5 $318k, gainer #2 | NO CROWD: not top 2 held 2m, not ripping, not a top gainer with $1000k
2026-10-07 12:55:14,891 INFO [v36] WHY-NOT LPCN px 2.8100 | crowd #3 $980k, gainer #5 | NO: 6 buys today
2026-10-07 12:55:14,891 INFO [v36b] WHY-NOT LPCN px 2.8100 | crowd #3 $980k, gainer #5 | NO: 6 buys today
2026-10-07 12:55:33,953 INFO [v36] WHY-NOT BIYA px 2.5698 | crowd #2 $1861k held 33.6m, gainer #1 | NO: 6 buys today
2026-10-07 12:55:42,460 INFO [v36b] WHY-NOT SXTC px 2.2800 | crowd #5 $318k, gainer #2 | NO CROWD: not top 2 held 2m, not ripping, not a top gainer with $1000k
2026-10-07 12:55:42,568 INFO [v36b] WHY-NOT BIYA px 2.5700 | crowd #2 $1861k held 33.7m, gainer #1 | NO: 6 buys today
2026-10-07 12:56:00,244 INFO [v36] WHY-NOT MI px 1.6900 | crowd #1 $3050k held 4.0m, gainer #3 | WAIT: setup trigger 1.8104
2026-10-07 12:56:00,245 INFO [v36b] WHY-NOT MI px 1.6900 | crowd #1 $3050k held 4.0m, gainer #3 | WAIT: setup trigger 1.8104
2026-10-07 12:56:11,298 INFO [v36] WHY-NOT SXTC px 2.3299 | crowd #4 $381k, gainer #2 | NO CROWD: not top 2 held 2m, not ripping, not a top gainer with $1000k
2026-10-07 12:56:14,900 INFO [v36] WHY-NOT LPCN px 2.8300 | crowd #3 $852k, gainer #4 | NO: 6 buys today
2026-10-07 12:56:14,901 INFO [v36b] WHY-NOT LPCN px 2.8300 | crowd #3 $852k, gainer #4 | NO: 6 buys today
2026-10-07 12:56:34,891 INFO [v36] WHY-NOT BIYA px 2.5801 | crowd #2 $1573k held 34.6m, gainer #1 | NO: 6 buys today
2026-10-07 12:56:42,686 INFO [v36b] WHY-NOT BIYA px 2.5904 | crowd #2 $1573k held 34.7m, gainer #1 | NO: 6 buys today
2026-10-07 12:56:45,576 INFO [v36b] WHY-NOT SXTC px 2.3004 | crowd #4 $381k, gainer #2 | NO CROWD: not top 2 held 2m, not ripping, not a top gainer with $1000k
2026-10-07 12:57:00,984 INFO [v36] WHY-NOT MI px 1.7400 | crowd #1 $3091k held 5.0m, gainer #3 | NO PATTERN: rip 08:51 alive | last candles RG, vol 0.4x the 5 before (high break needs 2.0x)
2026-10-07 12:57:00,985 INFO [v36b] WHY-NOT MI px 1.7400 | crowd #1 $3091k held 5.0m, gainer #3 | NO PATTERN: rip 08:51 alive | last candles RG, vol 0.4x the 5 before (high break needs 2.0x)
2026-10-07 12:57:12,312 INFO [v36] WHY-NOT SXTC px 2.2908 | crowd #4 $530k, gainer #2 | NO CROWD: not top 2 held 2m, not ripping, not a top gainer with $1000k
2026-10-07 12:57:14,932 INFO [v36] WHY-NOT LPCN px 2.8100 | crowd #3 $1172k, gainer #4 | NO: 6 buys today
2026-10-07 12:57:14,932 INFO [v36b] WHY-NOT LPCN px 2.8100 | crowd #3 $1172k, gainer #4 | NO: 6 buys today
2026-10-07 12:57:34,966 INFO [v36] WHY-NOT BIYA px 2.5400 | crowd #2 $1846k held 35.6m, gainer #1 | NO: 6 buys today
2026-10-07 12:57:42,963 INFO [v36b] WHY-NOT BIYA px 2.5300 | crowd #2 $1846k held 35.7m, gainer #1 | NO: 6 buys today
2026-10-07 12:57:46,629 INFO [v36b] WHY-NOT SXTC px 2.2800 | crowd #4 $530k, gainer #2 | NO CROWD: not top 2 held 2m, not ripping, not a top gainer with $1000k
2026-10-07 12:58:01,361 INFO [v36] WHY-NOT MI px 1.7907 | crowd #1 $1969k held 6.0m, gainer #3 | NO PATTERN: rip 08:51 alive | last candles GG, vol 0.8x the 5 before (high break needs 2.0x)
2026-10-07 12:58:01,361 INFO [v36b] WHY-NOT MI px 1.7907 | crowd #1 $1969k held 6.0m, gainer #3 | NO PATTERN: rip 08:51 alive | last candles GG, vol 0.8x the 5 before (high break needs 2.0x)
2026-10-07 12:58:14,611 INFO [v36] WHY-NOT SXTC px 2.2700 | crowd #4 $377k, gainer #1 | NO CROWD: not top 2 held 2m, not ripping, not a top gainer with $1000k
2026-10-07 12:58:15,552 INFO [v36] WHY-NOT LPCN px 2.7985 | crowd #3 $738k, gainer #4 | NO: 6 buys today
2026-10-07 12:58:15,552 INFO [v36b] WHY-NOT LPCN px 2.7985 | crowd #3 $738k, gainer #4 | NO: 6 buys today
2026-10-07 12:58:35,034 INFO [v36] WHY-NOT BIYA px 2.5100 | crowd #2 $1178k held 36.6m, gainer #2 | NO: 6 buys today
2026-10-07 12:58:43,173 INFO [v36b] WHY-NOT BIYA px 2.5250 | crowd #2 $1178k held 36.7m, gainer #2 | NO: 6 buys today
2026-10-07 12:58:46,630 INFO [v36b] WHY-NOT SXTC px 2.2800 | crowd #4 $377k, gainer #1 | NO CROWD: not top 2 held 2m, not ripping, not a top gainer with $1000k
2026-10-07 12:59:01,410 INFO [v36] WHY-NOT MI px 1.8817 | crowd #1 $1795k held 7.0m, gainer #3 | NO PATTERN: rip 08:51 alive | last candles GG, vol 1.1x the 5 before (high break needs 2.0x)
2026-10-07 12:59:01,411 INFO [v36b] WHY-NOT MI px 1.8817 | crowd #1 $1795k held 7.0m, gainer #3 | NO PATTERN: rip 08:51 alive | last candles GG, vol 1.1x the 5 before (high break needs 2.0x)
2026-10-07 12:59:14,872 INFO [v36] WHY-NOT SXTC px 2.2797 | crowd #6 $305k, gainer #2 | NO CROWD: not top 2 held 2m, not ripping, not a top gainer with $1000k
2026-10-07 12:59:15,861 INFO [v36] WHY-NOT LPCN px 2.8200 | crowd #3 $1059k, gainer #5 | NO: 6 buys today
2026-10-07 12:59:15,862 INFO [v36b] WHY-NOT LPCN px 2.8200 | crowd #3 $1059k, gainer #5 | NO: 6 buys today
2026-10-07 12:59:35,568 INFO [v36] WHY-NOT BIYA px 2.5400 | crowd #2 $1154k held 37.6m, gainer #1 | NO: 6 buys today
2026-10-07 12:59:43,570 INFO [v36b] WHY-NOT BIYA px 2.5300 | crowd #2 $1154k held 37.7m, gainer #1 | NO: 6 buys today
2026-10-07 12:59:46,754 INFO [v36b] WHY-NOT SXTC px 2.4100 | crowd #6 $305k, gainer #2 | NO CROWD: not top 2 held 2m, not ripping, not a top gainer with $1000k
2026-10-07 13:00:01,432 INFO [v36] WHY-NOT MI px 1.7500 | crowd #1 $1873k held 8.0m, gainer #3 | WAIT: setup trigger 1.9000
2026-10-07 13:00:01,433 INFO [v36b] WHY-NOT MI px 1.7500 | crowd #1 $1873k held 8.0m, gainer #3 | WAIT: setup trigger 1.9000
2026-10-07 13:00:14,988 INFO [v36] WHY-NOT SXTC px 2.3704 | crowd #6 $245k, gainer #1 | NO CROWD: not top 2 held 2m, not ripping, not a top gainer with $1000k
2026-10-07 13:00:16,409 INFO [v36] WHY-NOT LPCN px 2.8702 | crowd #3 $1505k, gainer #5 | NO: 6 buys today
2026-10-07 13:00:16,409 INFO [v36b] WHY-NOT LPCN px 2.8702 | crowd #3 $1505k, gainer #5 | NO: 6 buys today
2026-10-07 13:00:35,570 INFO [v36] WHY-NOT BIYA px 2.4203 | crowd #2 $1819k held 38.6m, gainer #2 | NO: 6 buys today
2026-10-07 13:00:43,671 INFO [v36b] WHY-NOT BIYA px 2.4098 | crowd #2 $1819k held 38.7m, gainer #2 | NO: 6 buys today
2026-10-07 13:00:46,934 INFO [v36b] WHY-NOT SXTC px 2.3100 | crowd #6 $245k, gainer #1 | NO CROWD: not top 2 held 2m, not ripping, not a top gainer with $1000k
2026-10-07 13:01:01,691 INFO [v36] WHY-NOT MI px 1.7608 | crowd #2 $2507k held 9.0m, gainer #5 | NO PATTERN: rip 08:51 alive | last candles R-, vol 0.7x the 5 before (high break needs 2.0x)
2026-10-07 13:01:01,692 INFO [v36b] WHY-NOT MI px 1.7608 | crowd #2 $2507k held 9.0m, gainer #5 | NO PATTERN: rip 08:51 alive | last candles R-, vol 0.7x the 5 before (high break needs 2.0x)
2026-10-07 13:01:09,274 INFO [v36] WHY-NOT SUGP px 2.5200 | crowd #26 $4k, gainer #1 | NO CROWD: not top 2 held 2m, not ripping, not a top gainer with $1000k
2026-10-07 13:01:09,275 INFO [v36b] WHY-NOT SUGP px 2.5200 | crowd #26 $4k, gainer #1 | NO CROWD: not top 2 held 2m, not ripping, not a top gainer with $1000k
2026-10-07 13:01:16,091 INFO [v36] WHY-NOT SXTC px 2.2700 | crowd #5 $508k, gainer #2 | NO CROWD: not top 2 held 2m, not ripping, not a top gainer with $1000k
2026-10-07 13:01:16,663 INFO [v36] WHY-NOT LPCN px 2.8400 | crowd #1 $2983k held 0.3m, gainer #7 | NO: 6 buys today
2026-10-07 13:01:16,664 INFO [v36b] WHY-NOT LPCN px 2.8400 | crowd #1 $2983k held 0.3m, gainer #7 | NO: 6 buys today
2026-10-07 13:01:35,786 INFO [v36] WHY-NOT BIYA px 2.2000 | crowd #3 $2377k, gainer #3 | NO: 6 buys today
2026-10-07 13:01:43,719 INFO [v36b] WHY-NOT BIYA px 2.1600 | crowd #3 $2377k, gainer #3 | NO: 6 buys today
2026-10-07 13:01:47,766 INFO [v36b] WHY-NOT SXTC px 2.2805 | crowd #5 $508k, gainer #2 | NO CROWD: not top 2 held 2m, not ripping, not a top gainer with $1000k
2026-10-07 13:02:01,931 INFO [v36] WHY-NOT MI px 1.7300 | crowd #3 $2091k, gainer #6 | NO CROWD: not top 2 held 2m, not ripping, not a top gainer with $1000k
2026-10-07 13:02:01,931 INFO [v36b] WHY-NOT MI px 1.7300 | crowd #3 $2091k, gainer #6 | NO CROWD: not top 2 held 2m, not ripping, not a top gainer with $1000k
2026-10-07 13:02:02,603 INFO [v36] WHY-NOT GCDT px 1.2837 | crowd #21 $7k, gainer #2 | NO CROWD: not top 2 held 2m, not ripping, not a top gainer with $1000k
2026-10-07 13:02:02,603 INFO [v36b] WHY-NOT GCDT px 1.2837 | crowd #21 $7k, gainer #2 | NO CROWD: not top 2 held 2m, not ripping, not a top gainer with $1000k
2026-10-07 13:02:17,339 INFO [v36] WHY-NOT LPCN px 2.8992 | crowd #1 $3314k held 1.3m, gainer #7 | NO: 6 buys today
2026-10-07 13:02:17,340 INFO [v36b] WHY-NOT LPCN px 2.8992 | crowd #1 $3314k held 1.3m, gainer #7 | NO: 6 buys today
2026-10-07 13:02:26,120 INFO [v36] WHY-NOT SUGP px 2.5200 | crowd #20 $8k, gainer #1 | NO CROWD: not top 2 held 2m, not ripping, not a top gainer with $1000k
2026-10-07 13:02:26,120 INFO [v36b] WHY-NOT SUGP px 2.5200 | crowd #20 $8k, gainer #1 | NO CROWD: not top 2 held 2m, not ripping, not a top gainer with $1000k
2026-10-07 13:02:35,793 INFO [v36] WHY-NOT BIYA px 2.1092 | crowd #2 $2818k held 0.6m, gainer #4 | NO: 6 buys today
2026-10-07 13:02:43,776 INFO [v36b] WHY-NOT BIYA px 2.1000 | crowd #2 $2818k held 0.7m, gainer #4 | NO: 6 buys today
2026-10-07 13:03:00,117 INFO [v36] WHY-NOT LGCL px 3.0600 | crowd #3 $2541k, gainer #8 | NO CROWD: not top 2 held 2m, not ripping, not a top gainer with $1000k
2026-10-07 13:03:00,117 INFO [v36b] WHY-NOT LGCL px 3.0600 | crowd #3 $2541k, gainer #8 | NO CROWD: not top 2 held 2m, not ripping, not a top gainer with $1000k
2026-10-07 13:03:03,437 INFO [v36] WHY-NOT GCDT px 1.1161 | crowd #14 $26k, gainer #2 | NO CROWD: not top 2 held 2m, not ripping, not a top gainer with $1000k
2026-10-07 13:03:03,437 INFO [v36b] WHY-NOT GCDT px 1.1161 | crowd #14 $26k, gainer #2 | NO CROWD: not top 2 held 2m, not ripping, not a top gainer with $1000k
2026-10-07 13:03:17,359 INFO [v36] WHY-NOT LPCN px 2.8600 | crowd #1 $3000k held 2.3m, gainer #7 | NO: 6 buys today
2026-10-07 13:03:17,359 INFO [v36b] WHY-NOT LPCN px 2.8600 | crowd #1 $3000k held 2.3m, gainer #7 | NO: 6 buys today
2026-10-07 13:03:35,856 INFO [v36] WHY-NOT BIYA px 2.0200 | crowd #2 $2664k held 1.6m, gainer #4 | NO: 6 buys today
2026-10-07 13:03:38,860 INFO [v36] WHY-NOT SUGP px 2.5400 | crowd #19 $13k, gainer #1 | NO CROWD: not top 2 held 2m, not ripping, not a top gainer with $1000k
2026-10-07 13:03:38,861 INFO [v36b] WHY-NOT SUGP px 2.5400 | crowd #19 $13k, gainer #1 | NO CROWD: not top 2 held 2m, not ripping, not a top gainer with $1000k
2026-10-07 13:03:43,814 INFO [v36b] WHY-NOT BIYA px 2.0400 | crowd #2 $2664k held 1.7m, gainer #4 | NO: 6 buys today
2026-10-07 13:04:00,144 INFO [v36] WHY-NOT LGCL px 3.2999 | crowd #1 $2541k held 0.0m, gainer #5 | NO CROWD: not top 2 held 2m, not ripping, not a top gainer with $1000k
2026-10-07 13:04:00,144 INFO [v36b] WHY-NOT LGCL px 3.2999 | crowd #1 $2541k held 0.0m, gainer #5 | NO CROWD: not top 2 held 2m, not ripping, not a top gainer with $1000k
2026-10-07 13:04:17,373 INFO [v36] WHY-NOT LPCN px 2.8700 | crowd #3 $2076k, gainer #8 | NO: 6 buys today
2026-10-07 13:04:17,373 INFO [v36b] WHY-NOT LPCN px 2.8700 | crowd #3 $2076k, gainer #8 | NO: 6 buys today
2026-10-07 13:04:31,438 INFO [v36] WHY-NOT GCDT px 1.1800 | crowd #13 $26k, gainer #2 | NO CROWD: not top 2 held 2m, not ripping, not a top gainer with $1000k
2026-10-07 13:04:31,439 INFO [v36b] WHY-NOT GCDT px 1.1800 | crowd #13 $26k, gainer #2 | NO CROWD: not top 2 held 2m, not ripping, not a top gainer with $1000k
2026-10-07 13:04:35,915 INFO [v36] WHY-NOT BIYA px 1.9800 | crowd #2 $2394k held 2.6m, gainer #4 | NO: 6 buys today
2026-10-07 13:04:41,798 INFO [v36] WHY-NOT SUGP px 2.5100 | crowd #14 $13k, gainer #1 | NO CROWD: not top 2 held 2m, not ripping, not a top gainer with $1000k
2026-10-07 13:04:41,798 INFO [v36b] WHY-NOT SUGP px 2.5100 | crowd #14 $13k, gainer #1 | NO CROWD: not top 2 held 2m, not ripping, not a top gainer with $1000k
2026-10-07 13:04:43,993 INFO [v36b] WHY-NOT BIYA px 1.9300 | crowd #2 $2394k held 2.7m, gainer #4 | NO: 6 buys today
2026-10-07 13:05:00,297 INFO [v36] WHY-NOT LGCL px 3.3592 | crowd #1 $4088k held 1.0m, gainer #4 | NO CROWD: not top 2 held 2m, not ripping, not a top gainer with $1000k
2026-10-07 13:05:00,297 INFO [v36b] WHY-NOT LGCL px 3.3592 | crowd #1 $4088k held 1.0m, gainer #4 | NO CROWD: not top 2 held 2m, not ripping, not a top gainer with $1000k
2026-10-07 13:05:18,049 INFO [v36] WHY-NOT LPCN px 2.9100 | crowd #3 $1585k, gainer #7 | NO: 6 buys today
2026-10-07 13:05:18,049 INFO [v36b] WHY-NOT LPCN px 2.9100 | crowd #3 $1585k, gainer #7 | NO: 6 buys today
2026-10-07 13:05:36,008 INFO [v36] WHY-NOT BIYA px 1.9104 | crowd #2 $2429k held 3.6m, gainer #5 | NO: 6 buys today
2026-10-07 13:05:44,086 INFO [v36b] WHY-NOT BIYA px 1.9100 | crowd #2 $2429k held 3.7m, gainer #5 | NO: 6 buys today
2026-10-07 13:05:57,446 INFO [v36] WHY-NOT SUGP px 2.4650 | crowd #16 $12k, gainer #1 | NO CROWD: not top 2 held 2m, not ripping, not a top gainer with $1000k
2026-10-07 13:05:57,447 INFO [v36b] WHY-NOT SUGP px 2.4650 | crowd #16 $12k, gainer #1 | NO CROWD: not top 2 held 2m, not ripping, not a top gainer with $1000k
2026-10-07 13:06:00,134 INFO [v36] WHY-NOT MTEN px 1.3900 | crowd #3 $2163k, gainer #5 | NO CROWD: not top 2 held 2m, not ripping, not a top gainer with $1000k
2026-10-07 13:06:00,134 INFO [v36b] WHY-NOT MTEN px 1.3900 | crowd #3 $2163k, gainer #5 | NO CROWD: not top 2 held 2m, not ripping, not a top gainer with $1000k
2026-10-07 13:06:00,326 INFO [v36] WHY-NOT LGCL px 3.6719 | crowd #1 $8408k held 2.0m, gainer #4 | NO PATTERN: no rip | last candles GG, vol 2.3x the 5 before (high break needs 2.0x)
2026-10-07 13:06:00,327 INFO [v36b] WHY-NOT LGCL px 3.6719 | crowd #1 $8408k held 2.0m, gainer #4 | NO PATTERN: no rip | last candles GG, vol 2.3x the 5 before (high break needs 2.0x)
2026-10-07 13:06:09,364 INFO [v36] WHY-NOT GCDT px 1.1500 | crowd #11 $46k, gainer #2 | NO CROWD: not top 2 held 2m, not ripping, not a top gainer with $1000k
2026-10-07 13:06:09,364 INFO [v36b] WHY-NOT GCDT px 1.1500 | crowd #11 $46k, gainer #2 | NO CROWD: not top 2 held 2m, not ripping, not a top gainer with $1000k
2026-10-07 13:06:36,071 INFO [v36] WHY-NOT BIYA px 1.9300 | crowd #2 $2923k held 4.6m, gainer #6 | NO: 6 buys today
2026-10-07 13:06:44,569 INFO [v36b] WHY-NOT BIYA px 1.9300 | crowd #2 $2923k held 4.7m, gainer #6 | NO: 6 buys today
2026-10-07 13:07:00,458 INFO [v36] WHY-NOT LGCL px 4.4400 | crowd #1 $7317k held 3.0m, gainer #3 | NO PATTERN: no rip | last candles GG, vol 1.9x the 5 before (high break needs 2.0x)
2026-10-07 13:07:00,458 INFO [v36b] WHY-NOT LGCL px 4.4400 | crowd #1 $7317k held 3.0m, gainer #3 | NO PATTERN: no rip | last candles GG, vol 1.9x the 5 before (high break needs 2.0x)
2026-10-07 13:07:02,575 INFO [v36] WHY-NOT MTEN px 1.3506 | crowd #3 $1948k, gainer #5 | NO CROWD: not top 2 held 2m, not ripping, not a top gainer with $1000k
2026-10-07 13:07:02,576 INFO [v36b] WHY-NOT MTEN px 1.3506 | crowd #3 $1948k, gainer #5 | NO CROWD: not top 2 held 2m, not ripping, not a top gainer with $1000k
2026-10-07 13:07:08,856 INFO [v36b] WHY-NOT SUGP px 2.4600 | crowd #20 $6k, gainer #1 | NO CROWD: not top 2 held 2m, not ripping, not a top gainer with $1000k
2026-10-07 13:07:08,899 INFO [v36] WHY-NOT SUGP px 2.4600 | crowd #20 $6k, gainer #1 | NO CROWD: not top 2 held 2m, not ripping, not a top gainer with $1000k
2026-10-07 13:07:13,668 INFO [v36] WHY-NOT GCDT px 1.1450 | crowd #12 $27k, gainer #2 | NO CROWD: not top 2 held 2m, not ripping, not a top gainer with $1000k
2026-10-07 13:07:13,668 INFO [v36b] WHY-NOT GCDT px 1.1450 | crowd #12 $27k, gainer #2 | NO CROWD: not top 2 held 2m, not ripping, not a top gainer with $1000k
2026-10-07 13:07:36,366 INFO [v36] WHY-NOT BIYA px 1.9198 | crowd #2 $2129k held 5.6m, gainer #6 | NO: 6 buys today
2026-10-07 13:07:45,263 INFO [v36b] WHY-NOT BIYA px 1.9202 | crowd #2 $2129k held 5.8m, gainer #6 | NO: 6 buys today
2026-10-07 13:08:00,557 INFO [v36] WHY-NOT LGCL px 4.1300 | crowd #1 $9996k held 4.0m, gainer #4 | NO PATTERN: no rip | last candles GR, vol 1.2x the 5 before (high break needs 2.0x)
2026-10-07 13:08:00,557 INFO [v36b] WHY-NOT LGCL px 4.1300 | crowd #1 $9996k held 4.0m, gainer #4 | NO PATTERN: no rip | last candles GR, vol 1.2x the 5 before (high break needs 2.0x)
2026-10-07 13:08:02,878 INFO [v36] WHY-NOT MTEN px 1.3600 | crowd #3 $1657k, gainer #7 | NO CROWD: not top 2 held 2m, not ripping, not a top gainer with $1000k
2026-10-07 13:08:02,878 INFO [v36b] WHY-NOT MTEN px 1.3600 | crowd #3 $1657k, gainer #7 | NO CROWD: not top 2 held 2m, not ripping, not a top gainer with $1000k
2026-10-07 13:08:36,757 INFO [v36] WHY-NOT BIYA px 1.9700 | crowd #2 $1707k held 6.6m, gainer #5 | NO: 6 buys today
2026-10-07 13:08:45,688 INFO [v36b] WHY-NOT BIYA px 1.9800 | crowd #2 $1707k held 6.8m, gainer #5 | NO: 6 buys today
2026-10-07 13:08:57,528 INFO [v36] WHY-NOT SUGP px 2.5100 | crowd #21 $4k, gainer #1 | NO CROWD: not top 2 held 2m, not ripping, not a top gainer with $1000k
2026-10-07 13:08:57,529 INFO [v36b] WHY-NOT SUGP px 2.5100 | crowd #21 $4k, gainer #1 | NO CROWD: not top 2 held 2m, not ripping, not a top gainer with $1000k
2026-10-07 13:09:00,606 INFO [v36] WHY-NOT LGCL px 3.9200 | crowd #1 $14239k held 5.0m, gainer #4 | NO PATTERN: no rip | last candles RR, vol 0.9x the 5 before (high break needs 2.0x)
2026-10-07 13:09:00,606 INFO [v36b] WHY-NOT LGCL px 3.9200 | crowd #1 $14239k held 5.0m, gainer #4 | NO PATTERN: no rip | last candles RR, vol 0.9x the 5 before (high break needs 2.0x)
2026-10-07 13:09:00,727 INFO [v36] WHY-NOT LPCN px 2.9799 | crowd #3 $1540k, gainer #7 | NO: 6 buys today
2026-10-07 13:09:00,727 INFO [v36b] WHY-NOT LPCN px 2.9799 | crowd #3 $1540k, gainer #7 | NO: 6 buys today
2026-10-07 13:09:01,855 INFO [v36] WHY-NOT GCDT px 1.1200 | crowd #19 $8k, gainer #2 | NO CROWD: not top 2 held 2m, not ripping, not a top gainer with $1000k
2026-10-07 13:09:01,856 INFO [v36b] WHY-NOT GCDT px 1.1200 | crowd #19 $8k, gainer #2 | NO CROWD: not top 2 held 2m, not ripping, not a top gainer with $1000k
2026-10-07 13:09:05,618 INFO [v36] WHY-NOT MTEN px 1.3800 | crowd #2 $2112k held 0.1m, gainer #6 | NO CROWD: not top 2 held 2m, not ripping, not a top gainer with $1000k
2026-10-07 13:09:05,618 INFO [v36b] WHY-NOT MTEN px 1.3800 | crowd #2 $2112k held 0.1m, gainer #6 | NO CROWD: not top 2 held 2m, not ripping, not a top gainer with $1000k
2026-10-07 13:10:00,634 INFO [v36] WHY-NOT LGCL px 3.8100 | crowd #1 $10826k held 6.0m, gainer #4 | NO PATTERN: no rip | last candles RR, vol 0.7x the 5 before (high break needs 2.0x)
2026-10-07 13:10:00,634 INFO [v36b] WHY-NOT LGCL px 3.8100 | crowd #1 $10826k held 6.0m, gainer #4 | NO PATTERN: no rip | last candles RR, vol 0.7x the 5 before (high break needs 2.0x)
2026-10-07 13:10:01,432 INFO [v36] WHY-NOT LPCN px 2.9592 | crowd #3 $1352k, gainer #6 | NO: 6 buys today
2026-10-07 13:10:01,432 INFO [v36b] WHY-NOT LPCN px 2.9592 | crowd #3 $1352k, gainer #6 | NO: 6 buys today
2026-10-07 13:10:03,813 INFO [v36] WHY-NOT SUGP px 2.5700 | crowd #23 $2k, gainer #1 | NO CROWD: not top 2 held 2m, not ripping, not a top gainer with $1000k
2026-10-07 13:10:03,814 INFO [v36b] WHY-NOT SUGP px 2.5700 | crowd #23 $2k, gainer #1 | NO CROWD: not top 2 held 2m, not ripping, not a top gainer with $1000k
2026-10-07 13:10:06,307 INFO [v36] WHY-NOT MTEN px 1.4000 | crowd #2 $1387k held 1.1m, gainer #5 | NO CROWD: not top 2 held 2m, not ripping, not a top gainer with $1000k
2026-10-07 13:10:06,308 INFO [v36b] WHY-NOT MTEN px 1.4000 | crowd #2 $1387k held 1.1m, gainer #5 | NO CROWD: not top 2 held 2m, not ripping, not a top gainer with $1000k
2026-10-07 13:10:23,161 INFO [v36] WHY-NOT GCDT px 1.0000 | crowd #18 $7k, gainer #2 | NO CROWD: not top 2 held 2m, not ripping, not a top gainer with $1000k
2026-10-07 13:10:23,161 INFO [v36b] WHY-NOT GCDT px 1.0000 | crowd #18 $7k, gainer #2 | NO CROWD: not top 2 held 2m, not ripping, not a top gainer with $1000k
2026-10-07 13:11:00,669 INFO [v36] WHY-NOT LGCL px 3.8100 | crowd #1 $8411k held 7.0m, gainer #4 | NO PATTERN: no rip | last candles RG, vol 0.7x the 5 before (high break needs 2.0x)
2026-10-07 13:11:00,670 INFO [v36b] WHY-NOT LGCL px 3.8100 | crowd #1 $8411k held 7.0m, gainer #4 | NO PATTERN: no rip | last candles RG, vol 0.7x the 5 before (high break needs 2.0x)
2026-10-07 13:11:01,802 INFO [v36] WHY-NOT LPCN px 2.9105 | crowd #2 $1773k held 0.0m, gainer #6 | NO: 6 buys today
2026-10-07 13:11:01,803 INFO [v36b] WHY-NOT LPCN px 2.9105 | crowd #2 $1773k held 0.0m, gainer #6 | NO: 6 buys today
2026-10-07 13:11:06,362 INFO [v36] WHY-NOT MTEN px 1.4100 | crowd #3 $1231k, gainer #5 | NO CROWD: not top 2 held 2m, not ripping, not a top gainer with $1000k
2026-10-07 13:11:06,362 INFO [v36b] WHY-NOT MTEN px 1.4100 | crowd #3 $1231k, gainer #5 | NO CROWD: not top 2 held 2m, not ripping, not a top gainer with $1000k
2026-10-07 13:11:46,369 INFO [v36] WHY-NOT SUGP px 2.5599 | crowd #26 $1k, gainer #1 | NO CROWD: not top 2 held 2m, not ripping, not a top gainer with $1000k
2026-10-07 13:11:46,370 INFO [v36b] WHY-NOT SUGP px 2.5599 | crowd #26 $1k, gainer #1 | NO CROWD: not top 2 held 2m, not ripping, not a top gainer with $1000k
2026-10-07 13:11:55,057 INFO [v36] WHY-NOT GCDT px 1.0000 | crowd #17 $12k, gainer #2 | NO CROWD: not top 2 held 2m, not ripping, not a top gainer with $1000k
2026-10-07 13:11:55,057 INFO [v36b] WHY-NOT GCDT px 1.0000 | crowd #17 $12k, gainer #2 | NO CROWD: not top 2 held 2m, not ripping, not a top gainer with $1000k
2026-10-07 13:12:00,240 INFO [v36] WHY-NOT SXTC px 2.4700 | crowd #3 $1546k, gainer #3 | NO CROWD: not top 2 held 2m, not ripping, not a top gainer with $1000k
2026-10-07 13:12:00,240 INFO [v36b] WHY-NOT SXTC px 2.4700 | crowd #3 $1546k, gainer #3 | NO CROWD: not top 2 held 2m, not ripping, not a top gainer with $1000k
2026-10-07 13:12:00,697 INFO [v36] WHY-NOT LGCL px 3.4700 | crowd #1 $9253k held 8.0m, gainer #4 | NO PATTERN: no rip | last candles GR, vol 0.8x the 5 before (high break needs 2.0x)
2026-10-07 13:12:00,697 INFO [v36b] WHY-NOT LGCL px 3.4700 | crowd #1 $9253k held 8.0m, gainer #4 | NO PATTERN: no rip | last candles GR, vol 0.8x the 5 before (high break needs 2.0x)
2026-10-07 13:12:02,054 INFO [v36] WHY-NOT LPCN px 2.9700 | crowd #2 $1723k held 1.0m, gainer #5 | NO: 6 buys today
2026-10-07 13:12:02,054 INFO [v36b] WHY-NOT LPCN px 2.9700 | crowd #2 $1723k held 1.0m, gainer #5 | NO: 6 buys today
2026-10-07 13:13:00,491 INFO [v36] WHY-NOT SXTC px 2.6900 | crowd #2 $1402k held 0.0m, gainer #3 | NO CROWD: not top 2 held 2m, not ripping, not a top gainer with $1000k
2026-10-07 13:13:00,491 INFO [v36b] WHY-NOT SXTC px 2.6900 | crowd #2 $1402k held 0.0m, gainer #3 | NO CROWD: not top 2 held 2m, not ripping, not a top gainer with $1000k
2026-10-07 13:13:00,855 INFO [v36] WHY-NOT LGCL px 3.4700 | crowd #1 $6576k held 9.0m, gainer #4 | NO PATTERN: no rip | last candles RG, vol 0.7x the 5 before (high break needs 2.0x)
2026-10-07 13:13:00,856 INFO [v36b] WHY-NOT LGCL px 3.4700 | crowd #1 $6576k held 9.0m, gainer #4 | NO PATTERN: no rip | last candles RG, vol 0.7x the 5 before (high break needs 2.0x)
2026-10-07 13:13:02,087 INFO [v36] WHY-NOT LPCN px 2.9389 | crowd #3 $1242k, gainer #5 | NO: 6 buys today
2026-10-07 13:13:02,087 INFO [v36b] WHY-NOT LPCN px 2.9389 | crowd #3 $1242k, gainer #5 | NO: 6 buys today
2026-10-07 13:13:13,857 INFO [v36] WHY-NOT GCDT px 1.0000 | crowd #15 $12k, gainer #2 | NO CROWD: not top 2 held 2m, not ripping, not a top gainer with $1000k
2026-10-07 13:13:13,857 INFO [v36b] WHY-NOT GCDT px 1.0000 | crowd #15 $12k, gainer #2 | NO CROWD: not top 2 held 2m, not ripping, not a top gainer with $1000k
2026-10-07 13:14:00,858 INFO [v36] WHY-NOT SXTC px 2.6100 | crowd #2 $2174k held 1.0m, gainer #3 | NO CROWD: not top 2 held 2m, not ripping, not a top gainer with $1000k
2026-10-07 13:14:00,859 INFO [v36b] WHY-NOT SXTC px 2.6100 | crowd #3 $3054k, gainer #3 | NO CROWD: not top 2 held 2m, not ripping, not a top gainer with $1000k
2026-10-07 13:14:01,074 INFO [v36] WHY-NOT LGCL px 3.4156 | crowd #1 $6002k held 10.0m, gainer #4 | NO PATTERN: no rip | last candles GR, vol 0.4x the 5 before (high break needs 2.0x)
2026-10-07 13:14:01,075 INFO [v36b] WHY-NOT LGCL px 3.4156 | crowd #1 $6883k held 10.0m, gainer #4 | NO PATTERN: no rip | last candles GR, vol 0.4x the 5 before (high break needs 2.0x)
2026-10-07 13:14:02,125 INFO [v36] WHY-NOT LPCN px 2.9200 | crowd #3 $1696k, gainer #6 | NO: 6 buys today
2026-10-07 13:14:02,126 INFO [v36b] WHY-NOT LPCN px 2.9200 | crowd #2 $4518k held 0.0m, gainer #6 | NO: 6 buys today
2026-10-07 13:15:00,938 INFO [v36] WHY-NOT SXTC px 2.9400 | crowd #3 $2283k, gainer #3 | NO CROWD: not top 2 held 2m, not ripping, not a top gainer with $1000k
2026-10-07 13:15:00,938 INFO [v36b] WHY-NOT SXTC px 2.9400 | crowd #3 $2283k, gainer #3 | NO CROWD: not top 2 held 2m, not ripping, not a top gainer with $1000k
2026-10-07 13:15:01,104 INFO [v36] WHY-NOT LGCL px 2.9600 | crowd #1 $4579k held 11.0m, gainer #7 | NO PATTERN: no rip | last candles RR, vol 0.9x the 5 before (high break needs 2.0x)
2026-10-07 13:15:01,104 INFO [v36b] WHY-NOT LGCL px 2.9600 | crowd #1 $4579k held 11.0m, gainer #7 | NO PATTERN: no rip | last candles RR, vol 0.9x the 5 before (high break needs 2.0x)
2026-10-07 13:15:02,718 INFO [v36] WHY-NOT LPCN px 2.8600 | crowd #2 $4293k held 0.0m, gainer #5 | NO: 6 buys today
2026-10-07 13:15:02,719 INFO [v36b] WHY-NOT LPCN px 2.8600 | crowd #2 $4293k held 1.0m, gainer #5 | NO: 6 buys today
2026-10-07 13:16:00,964 INFO [v36] WHY-NOT SXTC px 3.0096 | crowd #3 $3896k, gainer #3 | NO CROWD: not top 2 held 2m, not ripping, not a top gainer with $1000k
2026-10-07 13:16:00,965 INFO [v36b] WHY-NOT SXTC px 3.0096 | crowd #3 $3896k, gainer #3 | NO CROWD: not top 2 held 2m, not ripping, not a top gainer with $1000k
2026-10-07 13:16:01,338 INFO [v36] WHY-NOT LGCL px 2.8300 | crowd #2 $3913k held 12.0m, gainer #9 | NO PATTERN: no rip | last candles RR, vol 0.8x the 5 before (high break needs 2.0x)
2026-10-07 13:16:01,338 INFO [v36b] WHY-NOT LGCL px 2.8300 | crowd #2 $3913k held 12.0m, gainer #9 | NO PATTERN: no rip | last candles RR, vol 0.8x the 5 before (high break needs 2.0x)
2026-10-07 13:16:02,958 INFO [v36] WHY-NOT LPCN px 2.8500 | crowd #1 $5981k held 1.0m, gainer #6 | NO: 6 buys today
2026-10-07 13:16:02,958 INFO [v36b] WHY-NOT LPCN px 2.8500 | crowd #1 $5981k held 2.0m, gainer #6 | NO: 6 buys today
2026-10-07 13:17:01,009 INFO [v36] WHY-NOT SXTC px 2.9100 | crowd #1 $7573k held 0.0m, gainer #3 | NO CROWD: not top 2 held 2m, not ripping, not a top gainer with $1000k
2026-10-07 13:17:01,009 INFO [v36b] WHY-NOT SXTC px 2.9100 | crowd #1 $7573k held 0.0m, gainer #3 | NO CROWD: not top 2 held 2m, not ripping, not a top gainer with $1000k
2026-10-07 13:17:02,823 INFO [v36] WHY-NOT LGCL px 2.8900 | crowd #3 $3672k, gainer #8 | NO CROWD: not top 2 held 2m, not ripping, not a top gainer with $1000k
2026-10-07 13:17:02,823 INFO [v36b] WHY-NOT LGCL px 2.8900 | crowd #3 $3672k, gainer #8 | NO CROWD: not top 2 held 2m, not ripping, not a top gainer with $1000k
2026-10-07 13:17:05,174 INFO [v36] WHY-NOT LPCN px 2.8700 | crowd #2 $6615k held 2.1m, gainer #6 | NO: 6 buys today
2026-10-07 13:17:05,174 INFO [v36b] WHY-NOT LPCN px 2.8700 | crowd #2 $6615k held 3.1m, gainer #6 | NO: 6 buys today
2026-10-07 13:17:54,039 INFO [v36] WHY-NOT SUGP px 2.4800 | crowd #- $0k, gainer #1 | NO CROWD: not top 2 held 2m, not ripping, not a top gainer with $1000k
2026-10-07 13:17:54,039 INFO [v36b] WHY-NOT SUGP px 2.4800 | crowd #- $0k, gainer #1 | NO CROWD: not top 2 held 2m, not ripping, not a top gainer with $1000k
2026-10-07 13:18:01,014 INFO [v36] WHY-NOT SXTC px 2.6900 | crowd #1 $6692k held 1.0m, gainer #3 | NO CROWD: not top 2 held 2m, not ripping, not a top gainer with $1000k
2026-10-07 13:18:01,014 INFO [v36b] WHY-NOT SXTC px 2.6900 | crowd #1 $6692k held 1.0m, gainer #3 | NO CROWD: not top 2 held 2m, not ripping, not a top gainer with $1000k
2026-10-07 13:18:03,296 INFO [v36] WHY-NOT LGCL px 2.8800 | crowd #3 $2791k, gainer #7 | NO CROWD: not top 2 held 2m, not ripping, not a top gainer with $1000k
2026-10-07 13:18:03,296 INFO [v36b] WHY-NOT LGCL px 2.8800 | crowd #3 $2791k, gainer #7 | NO CROWD: not top 2 held 2m, not ripping, not a top gainer with $1000k
2026-10-07 13:18:05,720 INFO [v36] WHY-NOT LPCN px 2.8800 | crowd #2 $3793k held 3.1m, gainer #6 | NO: 6 buys today
2026-10-07 13:18:05,720 INFO [v36b] WHY-NOT LPCN px 2.8800 | crowd #2 $3793k held 4.1m, gainer #6 | NO: 6 buys today
2026-10-07 13:18:10,376 INFO [v36] WHY-NOT GCDT px 1.0200 | crowd #18 $9k, gainer #2 | NO CROWD: not top 2 held 2m, not ripping, not a top gainer with $1000k
2026-10-07 13:18:10,376 INFO [v36b] WHY-NOT GCDT px 1.0200 | crowd #18 $9k, gainer #2 | NO CROWD: not top 2 held 2m, not ripping, not a top gainer with $1000k
2026-10-07 13:19:00,045 INFO [v36] WHY-NOT BIYA px 2.1396 | crowd #2 $3419k held 0.0m, gainer #4 | NO: 6 buys today
2026-10-07 13:19:00,045 INFO [v36b] WHY-NOT BIYA px 2.1396 | crowd #2 $3419k held 0.0m, gainer #4 | NO: 6 buys today
2026-10-07 13:19:01,061 INFO [v36] WHY-NOT SXTC px 2.7397 | crowd #1 $6625k held 2.0m, gainer #3 | NO PATTERN: rip 09:10 alive | last candles RG, vol 0.5x the 5 before (high break needs 2.0x)
2026-10-07 13:19:01,061 INFO [v36b] WHY-NOT SXTC px 2.7397 | crowd #1 $6625k held 2.0m, gainer #3 | NO PATTERN: rip 09:10 alive | last candles RG, vol 0.5x the 5 before (high break needs 2.0x)
2026-10-07 13:19:03,737 INFO [v36] WHY-NOT LGCL px 2.5703 | crowd #3 $2799k, gainer #10 | NO CROWD: not top 2 held 2m, not ripping, not a top gainer with $1000k
2026-10-07 13:19:03,737 INFO [v36b] WHY-NOT LGCL px 2.5703 | crowd #3 $2799k, gainer #10 | NO CROWD: not top 2 held 2m, not ripping, not a top gainer with $1000k
2026-10-07 13:19:12,936 INFO [v36] WHY-NOT GCDT px 1.1200 | crowd #12 $77k, gainer #2 | NO CROWD: not top 2 held 2m, not ripping, not a top gainer with $1000k
2026-10-07 13:19:12,936 INFO [v36b] WHY-NOT GCDT px 1.1200 | crowd #12 $77k, gainer #2 | NO CROWD: not top 2 held 2m, not ripping, not a top gainer with $1000k
2026-10-07 13:20:00,549 INFO [v36] WHY-NOT BIYA px 2.0904 | crowd #2 $2806k held 1.0m, gainer #4 | NO: 6 buys today
2026-10-07 13:20:00,550 INFO [v36b] WHY-NOT BIYA px 2.0904 | crowd #2 $2806k held 1.0m, gainer #4 | NO: 6 buys today
2026-10-07 13:20:01,467 INFO [v36] WHY-NOT SXTC px 2.9400 | crowd #1 $3491k held 3.0m, gainer #3 | NO PATTERN: rip 09:10 alive | last candles GG, vol 0.7x the 5 before (high break needs 2.0x)
2026-10-07 13:20:01,468 INFO [v36b] WHY-NOT SXTC px 2.9400 | crowd #1 $3491k held 3.0m, gainer #3 | NO PATTERN: rip 09:10 alive | last candles GG, vol 0.7x the 5 before (high break needs 2.0x)
2026-10-07 13:20:03,863 INFO [v36] WHY-NOT SUGP px 2.4800 | crowd #24 $2k, gainer #1 | NO CROWD: not top 2 held 2m, not ripping, not a top gainer with $1000k
2026-10-07 13:20:03,863 INFO [v36b] WHY-NOT SUGP px 2.4800 | crowd #24 $2k, gainer #1 | NO CROWD: not top 2 held 2m, not ripping, not a top gainer with $1000k
2026-10-07 13:20:04,033 INFO [v36] WHY-NOT LGCL px 2.6200 | crowd #3 $1791k, gainer #9 | NO CROWD: not top 2 held 2m, not ripping, not a top gainer with $1000k
2026-10-07 13:20:04,033 INFO [v36b] WHY-NOT LGCL px 2.6200 | crowd #3 $1791k, gainer #9 | NO CROWD: not top 2 held 2m, not ripping, not a top gainer with $1000k
2026-10-07 13:20:50,965 INFO [v36] WHY-NOT GCDT px 1.0600 | crowd #10 $73k, gainer #2 | NO CROWD: not top 2 held 2m, not ripping, not a top gainer with $1000k
2026-10-07 13:20:50,966 INFO [v36b] WHY-NOT GCDT px 1.0600 | crowd #10 $73k, gainer #2 | NO CROWD: not top 2 held 2m, not ripping, not a top gainer with $1000k
2026-10-07 13:20:57,518 INFO [v36] WHY-NOT BIYA px 2.1515 | crowd #- $0k, gainer #1 | NO: 6 buys today
2026-10-07 13:20:57,518 INFO [v36b] WHY-NOT BIYA px 2.1515 | crowd #- $0k, gainer #1 | NO: 6 buys today
2026-10-07 13:21:00,049 INFO [v36] WHY-NOT SXTC px 2.8500 | crowd #1 $842k held 0.0m, gainer #1 | NO CROWD: not top 2 held 2m, not ripping, not a top gainer with $1000k
2026-10-07 13:21:00,049 INFO [v36b] WHY-NOT SXTC px 2.8500 | crowd #1 $842k held 0.0m, gainer #1 | NO CROWD: not top 2 held 2m, not ripping, not a top gainer with $1000k
2026-10-07 13:21:00,302 INFO [v36] WHY-NOT LGCL px 2.5300 | crowd #3 $346k, gainer #6 | NO CROWD: not top 2 held 2m, not ripping, not a top gainer with $1000k
2026-10-07 13:21:00,303 INFO [v36b] WHY-NOT LGCL px 2.5300 | crowd #3 $346k, gainer #6 | NO CROWD: not top 2 held 2m, not ripping, not a top gainer with $1000k
2026-10-07 13:21:01,476 INFO [v36] WHY-NOT SXTC px 2.8500 | crowd #1 $4101k held 4.0m, gainer #3 | WAIT: setup trigger 2.9410
2026-10-07 13:21:01,477 INFO [v36b] WHY-NOT SXTC px 2.8500 | crowd #1 $4101k held 4.0m, gainer #3 | WAIT: setup trigger 2.9410
2026-10-07 13:21:01,638 INFO [v36] WHY-NOT BIYA px 2.1400 | crowd #2 $3640k held 2.0m, gainer #4 | NO: 6 buys today
2026-10-07 13:21:01,638 INFO [v36b] WHY-NOT BIYA px 2.1400 | crowd #2 $3640k held 2.0m, gainer #4 | NO: 6 buys today
2026-10-07 13:21:04,366 INFO [v36] WHY-NOT LGCL px 2.6000 | crowd #3 $1981k, gainer #11 | NO CROWD: not top 2 held 2m, not ripping, not a top gainer with $1000k
2026-10-07 13:21:04,366 INFO [v36b] WHY-NOT LGCL px 2.6000 | crowd #3 $1981k, gainer #11 | NO CROWD: not top 2 held 2m, not ripping, not a top gainer with $1000k
2026-10-07 13:21:16,971 INFO [v36] WHY-NOT SUGP px 2.5600 | crowd #20 $5k, gainer #1 | NO CROWD: not top 2 held 2m, not ripping, not a top gainer with $1000k
2026-10-07 13:21:16,972 INFO [v36b] WHY-NOT SUGP px 2.5600 | crowd #20 $5k, gainer #1 | NO CROWD: not top 2 held 2m, not ripping, not a top gainer with $1000k
2026-10-07 13:21:58,211 INFO [v36] WHY-NOT BIYA px 2.0800 | crowd #2 $603k held 1.0m, gainer #2 | NO: 6 buys today
2026-10-07 13:21:58,212 INFO [v36b] WHY-NOT BIYA px 2.0800 | crowd #2 $603k held 1.0m, gainer #2 | NO: 6 buys today
2026-10-07 13:22:00,053 INFO [v36] WHY-NOT SXTC px 2.9700 | crowd #1 $842k held 1.0m, gainer #3 | NO CROWD: not top 2 held 2m, not ripping, not a top gainer with $1000k
2026-10-07 13:22:00,085 INFO [v36b] WHY-NOT SXTC px 2.9696 | crowd #1 $1802k held 1.0m, gainer #3 | NO CROWD: not top 2 held 2m, not ripping, not a top gainer with $1000k
2026-10-07 13:22:00,340 INFO [v36] WHY-NOT LGCL px 2.6900 | crowd #3 $346k, gainer #9 | NO CROWD: not top 2 held 2m, not ripping, not a top gainer with $1000k
2026-10-07 13:22:00,341 INFO [v36b] WHY-NOT LGCL px 2.6900 | crowd #3 $573k, gainer #9 | NO CROWD: not top 2 held 2m, not ripping, not a top gainer with $1000k
2026-10-07 13:22:19,279 INFO [v36] WHY-NOT GCDT px 1.0550 | crowd #9 $7k, gainer #2 | NO CROWD: not top 2 held 2m, not ripping, not a top gainer with $1000k
2026-10-07 13:22:19,279 INFO [v36b] WHY-NOT GCDT px 1.0550 | crowd #12 $9k, gainer #2 | NO CROWD: not top 2 held 2m, not ripping, not a top gainer with $1000k
2026-10-07 13:22:50,804 INFO [v36] WHY-NOT SUGP px 2.5300 | crowd #11 $3k, gainer #1 | NO CROWD: not top 2 held 2m, not ripping, not a top gainer with $1000k
2026-10-07 13:22:50,804 INFO [v36b] WHY-NOT SUGP px 2.5300 | crowd #11 $10k, gainer #1 | NO CROWD: not top 2 held 2m, not ripping, not a top gainer with $1000k
2026-10-07 13:22:59,466 INFO [v36] WHY-NOT BIYA px 2.0796 | crowd #2 $603k held 2.0m, gainer #4 | NO: 6 buys today
2026-10-07 13:22:59,466 INFO [v36b] WHY-NOT BIYA px 2.0796 | crowd #2 $1066k held 2.0m, gainer #4 | NO: 6 buys today
2026-10-07 13:23:00,590 INFO [v36] WHY-NOT SXTC px 2.9096 | crowd #1 $3420k held 2.0m, gainer #3 | WAIT: hod trigger 3.1800
2026-10-07 13:23:00,590 INFO [v36b] WHY-NOT SXTC px 2.9096 | crowd #1 $3420k held 2.0m, gainer #3 | WAIT: hod trigger 3.1800
2026-10-07 13:23:01,253 INFO [v36] WHY-NOT LGCL px 2.6500 | crowd #3 $678k, gainer #9 | NO CROWD: not top 2 held 2m, not ripping, not a top gainer with $1000k
2026-10-07 13:23:01,253 INFO [v36b] WHY-NOT LGCL px 2.6500 | crowd #3 $678k, gainer #9 | NO CROWD: not top 2 held 2m, not ripping, not a top gainer with $1000k
2026-10-07 13:23:38,526 INFO [v36] WHY-NOT GCDT px 1.0550 | crowd #13 $10k, gainer #2 | NO CROWD: not top 2 held 2m, not ripping, not a top gainer with $1000k
2026-10-07 13:23:38,526 INFO [v36b] WHY-NOT GCDT px 1.0550 | crowd #13 $10k, gainer #2 | NO CROWD: not top 2 held 2m, not ripping, not a top gainer with $1000k
2026-10-07 13:23:57,892 INFO [v36] WHY-NOT SUGP px 2.5300 | crowd #12 $11k, gainer #1 | NO CROWD: not top 2 held 2m, not ripping, not a top gainer with $1000k
2026-10-07 13:23:57,893 INFO [v36b] WHY-NOT SUGP px 2.5300 | crowd #12 $11k, gainer #1 | NO CROWD: not top 2 held 2m, not ripping, not a top gainer with $1000k
2026-10-07 13:23:59,538 INFO [v36] WHY-NOT BIYA px 2.0200 | crowd #2 $1268k held 3.0m, gainer #4 | NO: 6 buys today
2026-10-07 13:23:59,539 INFO [v36b] WHY-NOT BIYA px 2.0200 | crowd #2 $1268k held 3.0m, gainer #4 | NO: 6 buys today
2026-10-07 13:24:01,012 INFO [v36] WHY-NOT SXTC px 2.9003 | crowd #1 $3942k held 3.0m, gainer #3 | WAIT: hod trigger 3.1800
2026-10-07 13:24:01,012 INFO [v36b] WHY-NOT SXTC px 2.9003 | crowd #1 $3942k held 3.0m, gainer #3 | WAIT: hod trigger 3.1800
2026-10-07 13:24:01,499 INFO [v36b] WHY-NOT LGCL px 2.6500 | crowd #3 $807k, gainer #9 | NO CROWD: not top 2 held 2m, not ripping, not a top gainer with $1000k
2026-10-07 13:24:01,500 INFO [v36] WHY-NOT LGCL px 2.6500 | crowd #3 $807k, gainer #9 | NO CROWD: not top 2 held 2m, not ripping, not a top gainer with $1000k
2026-10-07 13:24:46,882 INFO [v36] WHY-NOT GCDT px 1.0900 | crowd #13 $10k, gainer #2 | NO CROWD: not top 2 held 2m, not ripping, not a top gainer with $1000k
2026-10-07 13:24:46,882 INFO [v36b] WHY-NOT GCDT px 1.0900 | crowd #13 $10k, gainer #2 | NO CROWD: not top 2 held 2m, not ripping, not a top gainer with $1000k
2026-10-07 13:24:59,565 INFO [v36] WHY-NOT BIYA px 2.0000 | crowd #2 $1638k held 4.0m, gainer #4 | NO: 6 buys today
2026-10-07 13:24:59,566 INFO [v36b] WHY-NOT BIYA px 2.0000 | crowd #2 $1638k held 4.0m, gainer #4 | NO: 6 buys today
2026-10-07 13:25:00,039 INFO [v36] WHY-NOT LPCN px 2.8400 | crowd #3 $644k, gainer #6 | NO: 6 buys today
2026-10-07 13:25:00,039 INFO [v36b] WHY-NOT LPCN px 2.8400 | crowd #3 $644k, gainer #6 | NO: 6 buys today
2026-10-07 13:25:01,120 INFO [v36] WHY-NOT SXTC px 3.0302 | crowd #1 $3100k held 4.0m, gainer #3 | WAIT: hod trigger 3.1800
2026-10-07 13:25:01,120 INFO [v36b] WHY-NOT SXTC px 3.0302 | crowd #1 $3100k held 4.0m, gainer #3 | WAIT: hod trigger 3.1800
2026-10-07 13:25:09,917 INFO [v36] WHY-NOT SUGP px 2.5400 | crowd #13 $8k, gainer #1 | NO CROWD: not top 2 held 2m, not ripping, not a top gainer with $1000k
2026-10-07 13:25:09,917 INFO [v36b] WHY-NOT SUGP px 2.5400 | crowd #13 $8k, gainer #1 | NO CROWD: not top 2 held 2m, not ripping, not a top gainer with $1000k
2026-10-07 13:25:48,661 INFO [v36] WHY-NOT GCDT px 1.0700 | crowd #12 $10k, gainer #2 | NO CROWD: not top 2 held 2m, not ripping, not a top gainer with $1000k
2026-10-07 13:25:48,662 INFO [v36b] WHY-NOT GCDT px 1.0700 | crowd #12 $10k, gainer #2 | NO CROWD: not top 2 held 2m, not ripping, not a top gainer with $1000k
2026-10-07 13:25:59,587 INFO [v36] WHY-NOT BIYA px 2.0700 | crowd #2 $1035k held 5.0m, gainer #4 | NO: 6 buys today
2026-10-07 13:25:59,588 INFO [v36b] WHY-NOT BIYA px 2.0700 | crowd #2 $1035k held 5.0m, gainer #4 | NO: 6 buys today
2026-10-07 13:26:00,099 INFO [v36] WHY-NOT LPCN px 2.8900 | crowd #2 $2070k held 0.0m, gainer #5 | NO: 6 buys today
2026-10-07 13:26:00,099 INFO [v36b] WHY-NOT LPCN px 2.8900 | crowd #2 $2070k held 0.0m, gainer #5 | NO: 6 buys today
2026-10-07 13:26:01,180 INFO [v36] WHY-NOT SXTC px 3.0500 | crowd #1 $4038k held 5.0m, gainer #3 | WAIT: hod trigger 3.1800
2026-10-07 13:26:01,180 INFO [v36b] WHY-NOT SXTC px 3.0500 | crowd #1 $4038k held 5.0m, gainer #3 | WAIT: hod trigger 3.1800
2026-10-07 13:26:13,850 INFO [v36] WHY-NOT SUGP px 2.5300 | crowd #14 $5k, gainer #1 | NO CROWD: not top 2 held 2m, not ripping, not a top gainer with $1000k
2026-10-07 13:26:13,850 INFO [v36b] WHY-NOT SUGP px 2.5300 | crowd #14 $5k, gainer #1 | NO CROWD: not top 2 held 2m, not ripping, not a top gainer with $1000k
2026-10-07 13:26:58,406 INFO [v36] WHY-NOT GCDT px 1.0900 | crowd #13 $13k, gainer #2 | NO CROWD: not top 2 held 2m, not ripping, not a top gainer with $1000k
2026-10-07 13:26:58,407 INFO [v36b] WHY-NOT GCDT px 1.0900 | crowd #13 $13k, gainer #2 | NO CROWD: not top 2 held 2m, not ripping, not a top gainer with $1000k
2026-10-07 13:26:59,625 INFO [v36] WHY-NOT BIYA px 2.2700 | crowd #3 $1255k, gainer #4 | NO: 6 buys today
2026-10-07 13:26:59,626 INFO [v36b] WHY-NOT BIYA px 2.2700 | crowd #3 $1255k, gainer #4 | NO: 6 buys today
2026-10-07 13:27:00,679 INFO [v36] WHY-NOT LPCN px 2.8900 | crowd #2 $1897k held 1.0m, gainer #6 | NO: 6 buys today
2026-10-07 13:27:00,679 INFO [v36b] WHY-NOT LPCN px 2.8900 | crowd #2 $1897k held 1.0m, gainer #6 | NO: 6 buys today
2026-10-07 13:27:01,250 INFO [v36] WHY-NOT SXTC px 3.0801 | crowd #1 $2420k held 6.0m, gainer #3 | WAIT: hod trigger 3.1800
2026-10-07 13:27:01,250 INFO [v36b] WHY-NOT SXTC px 3.0801 | crowd #1 $2420k held 6.0m, gainer #3 | WAIT: hod trigger 3.1800
2026-10-07 13:27:35,920 INFO [v36] WHY-NOT SUGP px 2.4800 | crowd #14 $4k, gainer #1 | NO CROWD: not top 2 held 2m, not ripping, not a top gainer with $1000k
2026-10-07 13:27:35,922 INFO [v36b] WHY-NOT SUGP px 2.4800 | crowd #14 $4k, gainer #1 | NO CROWD: not top 2 held 2m, not ripping, not a top gainer with $1000k
2026-10-07 13:27:59,714 INFO [v36] WHY-NOT BIYA px 2.2400 | crowd #3 $1052k, gainer #4 | NO: 6 buys today
2026-10-07 13:27:59,714 INFO [v36b] WHY-NOT BIYA px 2.2400 | crowd #3 $1052k, gainer #4 | NO: 6 buys today
2026-10-07 13:28:00,746 INFO [v36] WHY-NOT LPCN px 2.8800 | crowd #2 $2865k held 2.0m, gainer #6 | NO: 6 buys today
2026-10-07 13:28:00,747 INFO [v36b] WHY-NOT LPCN px 2.8800 | crowd #2 $2865k held 2.0m, gainer #6 | NO: 6 buys today
2026-10-07 13:28:01,351 INFO [v36] WHY-NOT SXTC px 3.0100 | crowd #1 $3760k held 7.0m, gainer #3 | WAIT: hod trigger 3.2300
2026-10-07 13:28:01,351 INFO [v36b] WHY-NOT SXTC px 3.0100 | crowd #1 $3760k held 7.0m, gainer #3 | WAIT: hod trigger 3.2300
2026-10-07 13:28:17,347 INFO [v36] WHY-NOT GCDT px 1.0900 | crowd #14 $6k, gainer #2 | NO CROWD: not top 2 held 2m, not ripping, not a top gainer with $1000k
2026-10-07 13:28:17,348 INFO [v36b] WHY-NOT GCDT px 1.0900 | crowd #14 $6k, gainer #2 | NO CROWD: not top 2 held 2m, not ripping, not a top gainer with $1000k
2026-10-07 13:29:00,340 INFO [v36] WHY-NOT BIYA px 2.1600 | crowd #3 $1695k, gainer #4 | NO: 6 buys today
2026-10-07 13:29:00,340 INFO [v36b] WHY-NOT BIYA px 2.1600 | crowd #3 $1695k, gainer #4 | NO: 6 buys today
2026-10-07 13:29:01,399 INFO [v36] WHY-NOT SXTC px 3.0400 | crowd #1 $2849k held 8.0m, gainer #3 | WAIT: hod trigger 3.2300
2026-10-07 13:29:01,399 INFO [v36b] WHY-NOT SXTC px 3.0400 | crowd #1 $2849k held 8.0m, gainer #3 | WAIT: hod trigger 3.2300
2026-10-07 13:29:01,485 INFO [v36] WHY-NOT LPCN px 2.9300 | crowd #2 $1744k held 3.0m, gainer #5 | NO: 6 buys today
2026-10-07 13:29:01,486 INFO [v36b] WHY-NOT LPCN px 2.9300 | crowd #2 $1744k held 3.0m, gainer #5 | NO: 6 buys today
2026-10-07 13:29:36,266 INFO [v36b] WHY-NOT SXTC px 3.2400 | crowd #1 $2849k held 8.6m, gainer #3 | NO: a 100% top wick on the last candle - sellers rejected the high
2026-10-07 13:29:55,299 INFO [v36b] WHY-NOT SXTC px 3.2300 | crowd #1 $2849k held 8.9m, gainer #3 | NO: a 100% top wick on the last candle - sellers rejected the high
2026-10-07 13:30:00,347 INFO [v36] WHY-NOT BIYA px 2.1550 | crowd #2 $1712k held 0.0m, gainer #4 | NO: 6 buys today
2026-10-07 13:30:00,347 INFO [v36b] WHY-NOT BIYA px 2.1550 | crowd #2 $1712k held 0.0m, gainer #4 | NO: 6 buys today
2026-10-07 13:30:00,370 INFO [v36] WHY-NOT GCDT px 1.0300 | crowd #14 $3k, gainer #2 | NO CROWD: not top 2 held 2m, not ripping, not a top gainer with $1000k
2026-10-07 13:30:00,370 INFO [v36b] WHY-NOT GCDT px 1.0300 | crowd #14 $3k, gainer #2 | NO CROWD: not top 2 held 2m, not ripping, not a top gainer with $1000k
2026-10-07 13:30:01,530 INFO [v36] WHY-NOT LPCN px 2.9200 | crowd #3 $1419k, gainer #5 | NO: 6 buys today
2026-10-07 13:30:01,950 INFO [v36b] WHY-NOT LPCN px 2.9200 | crowd #3 $1419k, gainer #5 | NO: 6 buys today
2026-10-07 13:30:02,085 INFO [v36] WHY-NOT SUGP px 2.5100 | crowd #12 $11k, gainer #1 | NO CROWD: not top 2 held 2m, not ripping, not a top gainer with $1000k
2026-10-07 13:30:02,085 INFO [v36b] WHY-NOT SUGP px 2.5100 | crowd #12 $11k, gainer #1 | NO CROWD: not top 2 held 2m, not ripping, not a top gainer with $1000k
2026-10-07 13:30:55,300 INFO [v36b] WHY-NOT SXTC px 2.7098 | crowd #1 $2285k held 9.9m, gainer #3 | WAIT: hod trigger 3.3500
2026-10-07 13:31:00,465 INFO [v36b] WHY-NOT BIYA px 2.3400 | crowd #3 $1198k, gainer #4 | NO: 6 buys today
2026-10-07 13:31:01,992 INFO [v36b] WHY-NOT LPCN px 2.9100 | crowd #2 $1732k held 0.0m, gainer #5 | NO: 6 buys today
2026-10-07 13:31:21,979 INFO [v36] WHY-NOT GCDT px 1.0000 | crowd #14 $25k, gainer #2 | NO CROWD: not top 2 held 2m, not ripping, not a top gainer with $1000k
2026-10-07 13:31:21,986 INFO [v36] WHY-NOT BIYA px 2.3900 | crowd #3 $3624k, gainer #4 | NO: 6 buys today
2026-10-07 13:31:21,987 INFO [v36] WHY-NOT SUGP px 2.4601 | crowd #15 $14k, gainer #1 | NO CROWD: not top 2 held 2m, not ripping, not a top gainer with $1000k
2026-10-07 13:31:25,790 INFO [v36b] WHY-NOT GCDT px 1.0000 | crowd #14 $1k, gainer #2 | NO CROWD: not top 2 held 2m, not ripping, not a top gainer with $1000k
2026-10-07 13:31:45,872 INFO [v36b] WHY-NOT SUGP px 2.4950 | crowd #13 $6k, gainer #1 | NO CROWD: not top 2 held 2m, not ripping, not a top gainer with $1000k
2026-10-07 13:31:55,341 INFO [v36b] WHY-NOT SXTC px 2.6050 | crowd #1 $2908k held 10.9m, gainer #3 | WAIT: hod trigger 3.4400
2026-10-07 13:32:00,550 INFO [v36b] WHY-NOT BIYA px 2.2050 | crowd #3 $3088k, gainer #4 | NO: 6 buys today
2026-10-07 13:32:02,005 INFO [v36b] WHY-NOT LPCN px 3.0298 | crowd #2 $3272k held 1.0m, gainer #5 | NO: 6 buys today
2026-10-07 13:32:05,724 INFO [v36] WHY-NOT LPCN px 3.0000 | crowd #2 $5708k held 0.7m, gainer #5 | NO: 6 buys today
2026-10-07 13:32:45,619 INFO [v36] WHY-NOT BIYA px 2.2000 | crowd #3 $5483k, gainer #4 | NO: 6 buys today
2026-10-07 13:32:55,372 INFO [v36b] WHY-NOT SXTC px 2.8199 | crowd #1 $7551k held 11.9m, gainer #3 | WAIT: hod trigger 3.4400
2026-10-07 13:32:59,926 INFO [v36b] WHY-NOT GCDT px 1.0000 | crowd #14 $25k, gainer #2 | NO CROWD: not top 2 held 2m, not ripping, not a top gainer with $1000k
2026-10-07 13:33:00,640 INFO [v36b] WHY-NOT BIYA px 2.1977 | crowd #3 $5124k, gainer #4 | NO: 6 buys today
2026-10-07 13:33:02,025 INFO [v36b] WHY-NOT LPCN px 3.0000 | crowd #2 $5379k held 2.0m, gainer #5 | NO: 6 buys today
2026-10-07 13:33:25,150 INFO [v36b] WHY-NOT SUGP px 2.4950 | crowd #16 $10k, gainer #1 | NO CROWD: not top 2 held 2m, not ripping, not a top gainer with $1000k
2026-10-07 13:33:29,388 INFO [v36] WHY-NOT GCDT px 1.0000 | crowd #15 $64k, gainer #2 | NO CROWD: not top 2 held 2m, not ripping, not a top gainer with $1000k
2026-10-07 13:33:29,391 INFO [v36] WHY-NOT LPCN px 3.0100 | crowd #2 $10130k held 2.1m, gainer #5 | NO: 6 buys today
2026-10-07 13:33:29,574 INFO [v36] WHY-NOT SUGP px 2.4950 | crowd #19 $10k, gainer #1 | NO CROWD: not top 2 held 2m, not ripping, not a top gainer with $1000k
2026-10-07 13:33:45,725 INFO [v36] WHY-NOT BIYA px 2.1265 | crowd #3 $6202k, gainer #4 | NO: 6 buys today
2026-10-07 13:33:55,395 INFO [v36b] WHY-NOT SXTC px 3.0000 | crowd #1 $9310k held 12.9m, gainer #3 | WAIT: hod trigger 3.4400
2026-10-07 13:34:00,652 INFO [v36b] WHY-NOT BIYA px 2.2299 | crowd #3 $5899k, gainer #4 | NO: 6 buys today
2026-10-07 13:34:01,429 INFO [v36b] WHY-NOT GCDT px 1.0800 | crowd #15 $64k, gainer #2 | NO CROWD: not top 2 held 2m, not ripping, not a top gainer with $1000k
2026-10-07 13:34:02,092 INFO [v36b] WHY-NOT LPCN px 2.9250 | crowd #1 $11834k held 3.0m, gainer #5 | NO: 6 buys today
2026-10-07 13:34:32,005 INFO [v36b] WHY-NOT SUGP px 2.5700 | crowd #19 $12k, gainer #1 | NO CROWD: not top 2 held 2m, not ripping, not a top gainer with $1000k
2026-10-07 13:34:55,433 INFO [v36b] WHY-NOT SXTC px 2.8600 | crowd #2 $9643k held 13.9m, gainer #3 | WAIT: hod trigger 3.4400
2026-10-07 13:34:57,151 INFO [v36] WHY-NOT LPCN px 2.8200 | crowd #2 $11834k held 3.6m, gainer #5 | NO: 6 buys today
2026-10-07 13:34:57,156 INFO [v36] WHY-NOT BIYA px 2.0900 | crowd #3 $6529k, gainer #4 | NO: 6 buys today
2026-10-07 13:35:00,015 INFO [v36b] WHY-NOT APUS px 8.5087 | crowd #3 $5288k, gainer #10 | NO CROWD: not top 2 held 2m, not ripping, not a top gainer with $1000k
2026-10-07 13:35:02,133 INFO [v36b] WHY-NOT LPCN px 2.8050 | crowd #1 $9868k held 4.0m, gainer #6 | NO: 6 buys today
2026-10-07 13:35:05,644 INFO [v36b] WHY-NOT GCDT px 1.0897 | crowd #16 $60k, gainer #2 | NO CROWD: not top 2 held 2m, not ripping, not a top gainer with $1000k
2026-10-07 13:35:43,670 INFO [v36] WHY-NOT APUS px 8.4843 | crowd #3 $8256k, gainer #10 | NO CROWD: not top 2 held 2m, not ripping, not a top gainer with $1000k
2026-10-07 13:35:47,971 INFO [v36b] WHY-NOT SUGP px 2.5800 | crowd #20 $5k, gainer #1 | NO CROWD: not top 2 held 2m, not ripping, not a top gainer with $1000k
2026-10-07 13:35:55,484 INFO [v36b] WHY-NOT SXTC px 2.8997 | crowd #2 $9112k held 14.9m, gainer #3 | WAIT: hod trigger 3.4400
2026-10-07 13:35:58,754 INFO [v36] WHY-NOT GCDT px 1.0897 | crowd #16 $70k, gainer #2 | NO CROWD: not top 2 held 2m, not ripping, not a top gainer with $1000k
2026-10-07 13:35:58,765 INFO [v36] WHY-NOT LPCN px 2.7800 | crowd #1 $12704k held 4.6m, gainer #7 | NO: 6 buys today
2026-10-07 13:35:58,789 INFO [v36] WHY-NOT SUGP px 2.5400 | crowd #17 $23k, gainer #1 | NO CROWD: not top 2 held 2m, not ripping, not a top gainer with $1000k
2026-10-07 13:35:58,792 INFO [v36] WHY-NOT SXTC px 2.8700 | crowd #2 $11618k held 15.0m, gainer #3 | WAIT: hod trigger 3.4400
2026-10-07 13:36:00,062 INFO [v36b] WHY-NOT APUS px 8.6536 | crowd #3 $5548k, gainer #10 | NO CROWD: not top 2 held 2m, not ripping, not a top gainer with $1000k
2026-10-07 13:36:03,166 INFO [v36b] WHY-NOT LPCN px 2.7600 | crowd #1 $10268k held 5.1m, gainer #8 | NO: 6 buys today
2026-10-07 13:36:10,143 INFO [v36b] WHY-NOT GCDT px 1.0899 | crowd #16 $54k, gainer #2 | NO CROWD: not top 2 held 2m, not ripping, not a top gainer with $1000k
2026-10-07 13:36:43,758 INFO [v36] WHY-NOT APUS px 8.5600 | crowd #3 $5548k, gainer #10 | NO CROWD: not top 2 held 2m, not ripping, not a top gainer with $1000k
2026-10-07 13:36:53,624 INFO [v36b] WHY-NOT SUGP px 2.5700 | crowd #18 $20k, gainer #1 | NO CROWD: not top 2 held 2m, not ripping, not a top gainer with $1000k
2026-10-07 13:36:55,573 INFO [v36b] WHY-NOT SXTC px 2.6700 | crowd #2 $9438k held 15.9m, gainer #3 | WAIT: hod trigger 3.4400
2026-10-07 13:36:58,829 INFO [v36] WHY-NOT LPCN px 2.7550 | crowd #1 $10268k held 5.6m, gainer #8 | NO: 6 buys today
2026-10-07 13:36:58,895 INFO [v36] WHY-NOT SXTC px 2.6800 | crowd #2 $9438k held 16.0m, gainer #3 | WAIT: hod trigger 3.4400
2026-10-07 13:37:00,255 INFO [v36b] WHY-NOT APUS px 8.6022 | crowd #3 $7785k, gainer #10 | NO CROWD: not top 2 held 2m, not ripping, not a top gainer with $1000k
2026-10-07 13:37:02,848 INFO [v36] WHY-NOT GCDT px 1.0600 | crowd #16 $41k, gainer #2 | NO CROWD: not top 2 held 2m, not ripping, not a top gainer with $1000k
2026-10-07 13:37:03,516 INFO [v36b] WHY-NOT LPCN px 2.7312 | crowd #2 $8003k held 6.1m, gainer #9 | NO: 6 buys today
2026-10-07 13:37:08,669 INFO [v36] WHY-NOT SUGP px 2.5700 | crowd #18 $32k, gainer #1 | NO CROWD: not top 2 held 2m, not ripping, not a top gainer with $1000k
2026-10-07 13:37:17,463 INFO [v36b] WHY-NOT GCDT px 1.0704 | crowd #16 $41k, gainer #2 | NO CROWD: not top 2 held 2m, not ripping, not a top gainer with $1000k
2026-10-07 13:37:44,631 INFO [v36] WHY-NOT APUS px 8.3700 | crowd #3 $7785k, gainer #10 | NO CROWD: not top 2 held 2m, not ripping, not a top gainer with $1000k
2026-10-07 13:37:56,191 INFO [v36b] WHY-NOT SXTC px 2.8001 | crowd #1 $12286k held 16.9m, gainer #3 | WAIT: hod trigger 3.4400
2026-10-07 13:37:59,168 INFO [v36] WHY-NOT SXTC px 2.8050 | crowd #1 $12286k held 17.0m, gainer #3 | WAIT: hod trigger 3.4400
2026-10-07 13:37:59,207 INFO [v36] WHY-NOT LPCN px 2.7001 | crowd #2 $8003k held 6.6m, gainer #9 | NO: 6 buys today
2026-10-07 13:38:00,004 INFO [v36] WHY-NOT LGCL px 3.7100 | crowd #3 $6420k, gainer #4 | NO CROWD: not top 2 held 2m, not ripping, not a top gainer with $1000k
2026-10-07 13:38:00,005 INFO [v36b] WHY-NOT LGCL px 3.7100 | crowd #3 $6420k, gainer #4 | NO CROWD: not top 2 held 2m, not ripping, not a top gainer with $1000k
2026-10-07 13:38:00,284 INFO [v36b] WHY-NOT APUS px 8.4499 | crowd #2 $6704k held 0.0m, gainer #11 | NO CROWD: not top 2 held 2m, not ripping, not a top gainer with $1000k
2026-10-07 13:38:04,505 INFO [v36] WHY-NOT GCDT px 1.0700 | crowd #18 $21k, gainer #2 | NO CROWD: not top 2 held 2m, not ripping, not a top gainer with $1000k
2026-10-07 13:38:16,153 INFO [v36] WHY-NOT SUGP px 2.5700 | crowd #17 $29k, gainer #1 | NO CROWD: not top 2 held 2m, not ripping, not a top gainer with $1000k
2026-10-07 13:38:16,153 INFO [v36b] WHY-NOT SUGP px 2.5700 | crowd #17 $29k, gainer #1 | NO CROWD: not top 2 held 2m, not ripping, not a top gainer with $1000k
2026-10-07 13:38:18,595 INFO [v36b] WHY-NOT GCDT px 1.0700 | crowd #18 $21k, gainer #2 | NO CROWD: not top 2 held 2m, not ripping, not a top gainer with $1000k
2026-10-07 13:38:44,720 INFO [v36] WHY-NOT APUS px 8.3750 | crowd #2 $6704k held 0.7m, gainer #11 | NO CROWD: not top 2 held 2m, not ripping, not a top gainer with $1000k
2026-10-07 13:38:56,210 INFO [v36b] WHY-NOT SXTC px 2.5300 | crowd #1 $7215k held 17.9m, gainer #3 | WAIT: hod trigger 3.4400
2026-10-07 13:38:59,212 INFO [v36] WHY-NOT SXTC px 2.5100 | crowd #1 $7215k held 18.0m, gainer #3 | WAIT: hod trigger 3.4400
2026-10-07 13:39:00,172 INFO [v36] WHY-NOT LGCL px 3.5199 | crowd #1 $14449k held 0.0m, gainer #4 | NO CROWD: not top 2 held 2m, not ripping, not a top gainer with $1000k
2026-10-07 13:39:00,173 INFO [v36b] WHY-NOT LGCL px 3.5199 | crowd #1 $14449k held 0.0m, gainer #4 | NO CROWD: not top 2 held 2m, not ripping, not a top gainer with $1000k
2026-10-07 13:39:00,940 INFO [v36b] WHY-NOT APUS px 8.4100 | crowd #3 $5855k, gainer #11 | NO CROWD: not top 2 held 2m, not ripping, not a top gainer with $1000k
2026-10-07 13:39:06,475 INFO [v36] WHY-NOT GCDT px 1.0500 | crowd #18 $34k, gainer #2 | NO CROWD: not top 2 held 2m, not ripping, not a top gainer with $1000k
2026-10-07 13:39:22,486 INFO [v36] WHY-NOT SUGP px 2.5500 | crowd #19 $32k, gainer #1 | NO CROWD: not top 2 held 2m, not ripping, not a top gainer with $1000k
2026-10-07 13:39:22,487 INFO [v36b] WHY-NOT SUGP px 2.5500 | crowd #19 $32k, gainer #1 | NO CROWD: not top 2 held 2m, not ripping, not a top gainer with $1000k
2026-10-07 13:39:26,294 INFO [v36b] WHY-NOT GCDT px 1.0400 | crowd #18 $34k, gainer #2 | NO CROWD: not top 2 held 2m, not ripping, not a top gainer with $1000k
2026-10-07 13:39:45,588 INFO [v36] WHY-NOT APUS px 8.6599 | crowd #3 $5855k, gainer #11 | NO CROWD: not top 2 held 2m, not ripping, not a top gainer with $1000k
2026-10-07 13:39:56,630 INFO [v36b] WHY-NOT SXTC px 2.4601 | crowd #2 $6098k held 18.9m, gainer #3 | WAIT: hod trigger 3.4400
2026-10-07 13:39:59,322 INFO [v36] WHY-NOT SXTC px 2.4650 | crowd #2 $6098k held 19.0m, gainer #3 | WAIT: hod trigger 3.4400
2026-10-07 13:40:00,256 INFO [v36] WHY-NOT LGCL px 3.8105 | crowd #1 $12055k held 1.0m, gainer #4 | NO CROWD: not top 2 held 2m, not ripping, not a top gainer with $1000k
2026-10-07 13:40:00,256 INFO [v36b] WHY-NOT LGCL px 3.8105 | crowd #1 $12055k held 1.0m, gainer #4 | NO CROWD: not top 2 held 2m, not ripping, not a top gainer with $1000k
2026-10-07 13:40:01,257 INFO [v36b] WHY-NOT APUS px 8.6200 | crowd #3 $5418k, gainer #10 | NO CROWD: not top 2 held 2m, not ripping, not a top gainer with $1000k
2026-10-07 13:40:14,217 INFO [v36] WHY-NOT GCDT px 1.0415 | crowd #19 $25k, gainer #2 | NO CROWD: not top 2 held 2m, not ripping, not a top gainer with $1000k
2026-10-07 13:40:28,019 INFO [v36b] WHY-NOT GCDT px 1.0400 | crowd #19 $25k, gainer #2 | NO CROWD: not top 2 held 2m, not ripping, not a top gainer with $1000k
2026-10-07 13:40:45,753 INFO [v36] WHY-NOT APUS px 8.6550 | crowd #3 $5418k, gainer #10 | NO CROWD: not top 2 held 2m, not ripping, not a top gainer with $1000k
2026-10-07 13:40:57,605 INFO [v36b] WHY-NOT SXTC px 2.3595 | crowd #2 $6933k held 20.0m, gainer #3 | WAIT: hod trigger 3.4400
2026-10-07 13:40:59,326 INFO [v36] WHY-NOT SXTC px 2.3800 | crowd #2 $6933k held 20.0m, gainer #3 | WAIT: hod trigger 3.4400
2026-10-07 13:41:00,577 INFO [v36] WHY-NOT LGCL px 3.7250 | crowd #1 $13800k held 2.0m, gainer #4 | WAIT: setup trigger 3.8200
2026-10-07 13:41:00,578 INFO [v36b] WHY-NOT LGCL px 3.7250 | crowd #1 $13800k held 2.0m, gainer #4 | WAIT: setup trigger 3.8200
2026-10-07 13:41:01,346 INFO [v36b] WHY-NOT APUS px 8.6400 | crowd #3 $4453k, gainer #10 | NO CROWD: not top 2 held 2m, not ripping, not a top gainer with $1000k
2026-10-07 13:41:04,119 INFO [v36] WHY-NOT SUGP px 2.5450 | crowd #19 $25k, gainer #1 | NO CROWD: not top 2 held 2m, not ripping, not a top gainer with $1000k
2026-10-07 13:41:04,120 INFO [v36b] WHY-NOT SUGP px 2.5450 | crowd #19 $25k, gainer #1 | NO CROWD: not top 2 held 2m, not ripping, not a top gainer with $1000k
2026-10-07 13:41:22,785 INFO [v36] WHY-NOT GCDT px 1.0400 | crowd #17 $40k, gainer #2 | NO CROWD: not top 2 held 2m, not ripping, not a top gainer with $1000k
2026-10-07 13:41:28,493 INFO [v36b] WHY-NOT LGCL px 3.8200 | crowd #1 $13800k held 2.5m, gainer #4 | NO TAPE at the trigger 3.8200: 30s ask 27% bid 22% between 51% of 243664 sh (100% by quote)
2026-10-07 13:41:28,538 INFO [v36] WHY-NOT LGCL px 3.8200 | crowd #1 $13800k held 2.5m, gainer #4 | NO TAPE at the trigger 3.8200: 30s ask 28% bid 23% between 50% of 249151 sh (100% by quote)
2026-10-07 13:41:33,895 INFO [v36] WHY-NOT LGCL px 3.8200 | crowd #1 $13800k held 2.6m, gainer #4 | NO TAPE at the trigger 3.8200: 30s ask 23% bid 21% between 56% of 295827 sh (100% by quote)
2026-10-07 13:41:33,901 INFO [v36b] WHY-NOT LGCL px 3.8200 | crowd #1 $13800k held 2.6m, gainer #4 | NO TAPE at the trigger 3.8200: 30s ask 23% bid 21% between 56% of 295827 sh (100% by quote)
2026-10-07 13:41:33,904 INFO [v36b] WHY-NOT GCDT px 1.0400 | crowd #17 $40k, gainer #2 | NO CROWD: not top 2 held 2m, not ripping, not a top gainer with $1000k
2026-10-07 13:41:38,903 INFO [v36] WHY-NOT LGCL px 4.1300 | crowd #1 $13800k held 2.6m, gainer #4 | NO: 4.1300 is 8% over the trigger 3.8200 - the move already happened
2026-10-07 13:41:38,903 INFO [v36b] WHY-NOT LGCL px 4.1300 | crowd #1 $13800k held 2.6m, gainer #4 | NO: 4.1300 is 8% over the trigger 3.8200 - the move already happened
2026-10-07 13:41:43,908 INFO [v36] WHY-NOT LGCL px 4.3321 | crowd #1 $13800k held 2.7m, gainer #4 | NO: 4.3321 is 13% over the trigger 3.8200 - the move already happened
2026-10-07 13:41:43,908 INFO [v36b] WHY-NOT LGCL px 4.3321 | crowd #1 $13800k held 2.7m, gainer #4 | NO: 4.3321 is 13% over the trigger 3.8200 - the move already happened
2026-10-07 13:41:46,559 INFO [v36] WHY-NOT APUS px 8.6001 | crowd #3 $4453k, gainer #10 | NO CROWD: not top 2 held 2m, not ripping, not a top gainer with $1000k
2026-10-07 13:41:48,918 INFO [v36] WHY-NOT LGCL px 4.2900 | crowd #1 $13800k held 2.8m, gainer #4 | NO: 4.2900 is 12% over the trigger 3.8200 - the move already happened
2026-10-07 13:41:48,918 INFO [v36b] WHY-NOT LGCL px 4.2900 | crowd #1 $13800k held 2.8m, gainer #4 | NO: 4.2900 is 12% over the trigger 3.8200 - the move already happened
2026-10-07 13:41:53,943 INFO [v36] WHY-NOT LGCL px 4.2400 | crowd #1 $13800k held 2.9m, gainer #4 | NO: 4.2400 is 11% over the trigger 3.8200 - the move already happened
2026-10-07 13:41:53,943 INFO [v36b] WHY-NOT LGCL px 4.2400 | crowd #1 $13800k held 2.9m, gainer #4 | NO: 4.2400 is 11% over the trigger 3.8200 - the move already happened
2026-10-07 13:41:58,027 INFO [v36b] WHY-NOT SXTC px 2.3650 | crowd #2 $4504k held 21.0m, gainer #3 | WAIT: hod trigger 3.4400
2026-10-07 13:41:58,952 INFO [v36] WHY-NOT LGCL px 4.2700 | crowd #1 $13800k held 3.0m, gainer #4 | NO: 4.2700 is 12% over the trigger 3.8200 - the move already happened
2026-10-07 13:41:58,952 INFO [v36b] WHY-NOT LGCL px 4.2700 | crowd #1 $13800k held 3.0m, gainer #4 | NO: 4.2700 is 12% over the trigger 3.8200 - the move already happened
2026-10-07 13:41:59,328 INFO [v36] WHY-NOT SXTC px 2.3501 | crowd #2 $4504k held 21.0m, gainer #3 | WAIT: hod trigger 3.4400
2026-10-07 13:42:02,357 INFO [v36b] WHY-NOT APUS px 8.6518 | crowd #3 $3277k, gainer #9 | NO CROWD: not top 2 held 2m, not ripping, not a top gainer with $1000k
2026-10-07 13:42:25,099 INFO [v36] WHY-NOT SUGP px 2.5200 | crowd #26 $5k, gainer #1 | NO CROWD: not top 2 held 2m, not ripping, not a top gainer with $1000k
2026-10-07 13:42:25,099 INFO [v36b] WHY-NOT SUGP px 2.5200 | crowd #26 $5k, gainer #1 | NO CROWD: not top 2 held 2m, not ripping, not a top gainer with $1000k
2026-10-07 13:42:27,924 INFO [v36] WHY-NOT GCDT px 1.0400 | crowd #17 $42k, gainer #2 | NO CROWD: not top 2 held 2m, not ripping, not a top gainer with $1000k
2026-10-07 13:42:35,687 INFO [v36b] WHY-NOT GCDT px 1.0400 | crowd #17 $42k, gainer #2 | NO CROWD: not top 2 held 2m, not ripping, not a top gainer with $1000k
2026-10-07 13:42:47,454 INFO [v36] WHY-NOT APUS px 8.3814 | crowd #3 $3277k, gainer #9 | NO CROWD: not top 2 held 2m, not ripping, not a top gainer with $1000k
2026-10-07 13:42:58,185 INFO [v36b] WHY-NOT SXTC px 2.4590 | crowd #2 $4550k held 22.0m, gainer #3 | WAIT: hod trigger 3.4400
2026-10-07 13:42:59,125 INFO [v36] WHY-NOT LGCL px 3.9900 | crowd #1 $11916k held 4.0m, gainer #4 | NO PATTERN: rip 09:36 alive | last candles RG, vol 1.4x the 5 before (high break needs 2.0x)
2026-10-07 13:42:59,125 INFO [v36b] WHY-NOT LGCL px 3.9900 | crowd #1 $11916k held 4.0m, gainer #4 | NO PATTERN: rip 09:36 alive | last candles RG, vol 1.4x the 5 before (high break needs 2.0x)
2026-10-07 13:42:59,331 INFO [v36] WHY-NOT SXTC px 2.4494 | crowd #2 $4550k held 22.0m, gainer #3 | WAIT: hod trigger 3.4400
2026-10-07 13:43:03,227 INFO [v36b] WHY-NOT APUS px 8.4700 | crowd #2 $4733k held 0.1m, gainer #10 | NO CROWD: not top 2 held 2m, not ripping, not a top gainer with $1000k
2026-10-07 13:43:35,974 INFO [v36] WHY-NOT GCDT px 1.0090 | crowd #21 $38k, gainer #2 | NO CROWD: not top 2 held 2m, not ripping, not a top gainer with $1000k
2026-10-07 13:43:35,974 INFO [v36b] WHY-NOT GCDT px 1.0090 | crowd #21 $38k, gainer #2 | NO CROWD: not top 2 held 2m, not ripping, not a top gainer with $1000k
2026-10-07 13:43:47,485 INFO [v36] WHY-NOT APUS px 8.4000 | crowd #2 $4733k held 0.8m, gainer #10 | NO CROWD: not top 2 held 2m, not ripping, not a top gainer with $1000k
2026-10-07 13:43:58,199 INFO [v36b] WHY-NOT SXTC px 2.6099 | crowd #3 $4071k, gainer #3 | NO CROWD: not top 2 held 2m, not ripping, not a top gainer with $1000k
2026-10-07 13:43:58,537 INFO [v36] WHY-NOT SUGP px 2.5010 | crowd #23 $25k, gainer #1 | NO CROWD: not top 2 held 2m, not ripping, not a top gainer with $1000k
2026-10-07 13:43:58,538 INFO [v36b] WHY-NOT SUGP px 2.5010 | crowd #23 $25k, gainer #1 | NO CROWD: not top 2 held 2m, not ripping, not a top gainer with $1000k
2026-10-07 13:43:59,136 INFO [v36] WHY-NOT LGCL px 3.6900 | crowd #1 $21103k held 5.0m, gainer #4 | NO PATTERN: rip 09:36 alive | last candles GR, vol 1.3x the 5 before (high break needs 2.0x)
2026-10-07 13:43:59,136 INFO [v36b] WHY-NOT LGCL px 3.6900 | crowd #1 $21103k held 5.0m, gainer #4 | NO PATTERN: rip 09:36 alive | last candles GR, vol 1.3x the 5 before (high break needs 2.0x)
2026-10-07 13:43:59,373 INFO [v36] WHY-NOT SXTC px 2.6095 | crowd #3 $4071k, gainer #3 | NO CROWD: not top 2 held 2m, not ripping, not a top gainer with $1000k
2026-10-07 13:44:03,731 INFO [v36b] WHY-NOT APUS px 8.3552 | crowd #2 $2890k held 1.1m, gainer #10 | NO CROWD: not top 2 held 2m, not ripping, not a top gainer with $1000k
2026-10-07 13:44:47,733 INFO [v36] WHY-NOT APUS px 8.3709 | crowd #2 $2890k held 1.8m, gainer #10 | NO CROWD: not top 2 held 2m, not ripping, not a top gainer with $1000k
2026-10-07 13:44:53,542 INFO [v36] WHY-NOT GCDT px 1.0200 | crowd #22 $21k, gainer #2 | NO CROWD: not top 2 held 2m, not ripping, not a top gainer with $1000k
2026-10-07 13:44:53,542 INFO [v36b] WHY-NOT GCDT px 1.0200 | crowd #22 $21k, gainer #2 | NO CROWD: not top 2 held 2m, not ripping, not a top gainer with $1000k
2026-10-07 13:44:58,443 INFO [v36b] WHY-NOT SXTC px 2.5100 | crowd #3 $2742k, gainer #3 | NO CROWD: not top 2 held 2m, not ripping, not a top gainer with $1000k
2026-10-07 13:44:59,213 INFO [v36] WHY-NOT LGCL px 3.8250 | crowd #1 $16235k held 6.0m, gainer #4 | NO PATTERN: rip 09:36 alive | last candles RR, vol 0.8x the 5 before (high break needs 2.0x)
2026-10-07 13:44:59,214 INFO [v36b] WHY-NOT LGCL px 3.8250 | crowd #1 $16235k held 6.0m, gainer #4 | NO PATTERN: rip 09:36 alive | last candles RR, vol 0.8x the 5 before (high break needs 2.0x)
2026-10-07 13:44:59,542 INFO [v36] WHY-NOT SXTC px 2.5288 | crowd #3 $2742k, gainer #3 | NO CROWD: not top 2 held 2m, not ripping, not a top gainer with $1000k
2026-10-07 13:45:00,194 INFO [v36] WHY-NOT LPCN px 2.5450 | crowd #2 $3046k held 0.0m, gainer #9 | NO: 6 buys today
2026-10-07 13:45:00,263 INFO [v36b] WHY-NOT LPCN px 2.5450 | crowd #2 $3046k held 0.0m, gainer #9 | NO: 6 buys today
2026-10-07 13:45:03,732 INFO [v36b] WHY-NOT APUS px 8.3900 | crowd #3 $2658k, gainer #10 | NO CROWD: not top 2 held 2m, not ripping, not a top gainer with $1000k
2026-10-07 13:45:48,132 INFO [v36] WHY-NOT APUS px 8.4982 | crowd #3 $2658k, gainer #10 | NO CROWD: not top 2 held 2m, not ripping, not a top gainer with $1000k
2026-10-07 13:45:59,245 INFO [v36] WHY-NOT LGCL px 3.3400 | crowd #1 $17212k held 7.0m, gainer #4 | NO PATTERN: rip 09:36 alive | last candles RG, vol 0.6x the 5 before (high break needs 2.0x)
2026-10-07 13:45:59,245 INFO [v36b] WHY-NOT LGCL px 3.3400 | crowd #1 $17212k held 7.0m, gainer #4 | NO PATTERN: rip 09:36 alive | last candles RG, vol 0.6x the 5 before (high break needs 2.0x)
2026-10-07 13:46:00,195 INFO [v36] WHY-NOT SXTC px 2.4200 | crowd #3 $2977k, gainer #3 | NO CROWD: not top 2 held 2m, not ripping, not a top gainer with $1000k
2026-10-07 13:46:00,195 INFO [v36b] WHY-NOT SXTC px 2.4200 | crowd #3 $2977k, gainer #3 | NO CROWD: not top 2 held 2m, not ripping, not a top gainer with $1000k
2026-10-07 13:46:00,277 INFO [v36] WHY-NOT LPCN px 2.5700 | crowd #2 $3603k held 1.0m, gainer #9 | NO: 6 buys today
2026-10-07 13:46:00,277 INFO [v36b] WHY-NOT LPCN px 2.5700 | crowd #2 $3603k held 1.0m, gainer #9 | NO: 6 buys today
2026-10-07 13:46:23,517 INFO [v36] WHY-NOT GCDT px 1.0185 | crowd #22 $18k, gainer #2 | NO CROWD: not top 2 held 2m, not ripping, not a top gainer with $1000k
2026-10-07 13:46:23,517 INFO [v36b] WHY-NOT GCDT px 1.0185 | crowd #22 $18k, gainer #2 | NO CROWD: not top 2 held 2m, not ripping, not a top gainer with $1000k
2026-10-07 13:46:59,287 INFO [v36] WHY-NOT LGCL px 3.4100 | crowd #1 $13223k held 8.0m, gainer #5 | NO PATTERN: rip 09:36 alive | last candles GR, vol 1.0x the 5 before (high break needs 2.0x)
2026-10-07 13:46:59,288 INFO [v36b] WHY-NOT LGCL px 3.4100 | crowd #1 $13223k held 8.0m, gainer #5 | NO PATTERN: rip 09:36 alive | last candles GR, vol 1.0x the 5 before (high break needs 2.0x)
2026-10-07 13:47:00,346 INFO [v36] WHY-NOT SXTC px 2.4250 | crowd #3 $3235k, gainer #3 | NO CROWD: not top 2 held 2m, not ripping, not a top gainer with $1000k
2026-10-07 13:47:00,346 INFO [v36b] WHY-NOT SXTC px 2.4250 | crowd #3 $3235k, gainer #3 | NO CROWD: not top 2 held 2m, not ripping, not a top gainer with $1000k
2026-10-07 13:47:00,468 INFO [v36] WHY-NOT LPCN px 2.6400 | crowd #2 $3951k held 2.0m, gainer #10 | NO: 6 buys today
2026-10-07 13:47:00,468 INFO [v36b] WHY-NOT LPCN px 2.6400 | crowd #2 $3951k held 2.0m, gainer #10 | NO: 6 buys today
2026-10-07 13:47:08,747 INFO [v36] WHY-NOT SUGP px 2.4920 | crowd #24 $12k, gainer #1 | NO CROWD: not top 2 held 2m, not ripping, not a top gainer with $1000k
2026-10-07 13:47:08,747 INFO [v36b] WHY-NOT SUGP px 2.4920 | crowd #24 $12k, gainer #1 | NO CROWD: not top 2 held 2m, not ripping, not a top gainer with $1000k
2026-10-07 13:47:34,203 INFO [v36] WHY-NOT GCDT px 1.0300 | crowd #22 $20k, gainer #2 | NO CROWD: not top 2 held 2m, not ripping, not a top gainer with $1000k
2026-10-07 13:47:34,204 INFO [v36b] WHY-NOT GCDT px 1.0300 | crowd #22 $20k, gainer #2 | NO CROWD: not top 2 held 2m, not ripping, not a top gainer with $1000k
2026-10-07 13:47:59,396 INFO [v36] WHY-NOT LGCL px 3.3500 | crowd #1 $10345k held 9.0m, gainer #4 | NO PATTERN: rip 09:36 alive | last candles RG, vol 0.7x the 5 before (high break needs 2.0x)
2026-10-07 13:47:59,396 INFO [v36b] WHY-NOT LGCL px 3.3500 | crowd #1 $10345k held 9.0m, gainer #4 | NO PATTERN: rip 09:36 alive | last candles RG, vol 0.7x the 5 before (high break needs 2.0x)
2026-10-07 13:48:00,483 INFO [v36] WHY-NOT LPCN px 2.6351 | crowd #2 $2901k held 3.0m, gainer #9 | NO: 6 buys today
2026-10-07 13:48:00,483 INFO [v36b] WHY-NOT LPCN px 2.6351 | crowd #2 $2901k held 3.0m, gainer #9 | NO: 6 buys today
2026-10-07 13:48:00,862 INFO [v36] WHY-NOT SXTC px 2.3650 | crowd #3 $2450k, gainer #3 | NO CROWD: not top 2 held 2m, not ripping, not a top gainer with $1000k
2026-10-07 13:48:00,862 INFO [v36b] WHY-NOT SXTC px 2.3650 | crowd #3 $2450k, gainer #3 | NO CROWD: not top 2 held 2m, not ripping, not a top gainer with $1000k
2026-10-07 13:48:39,031 INFO [v36] WHY-NOT SUGP px 2.5100 | crowd #28 $3k, gainer #1 | NO CROWD: not top 2 held 2m, not ripping, not a top gainer with $1000k
2026-10-07 13:48:39,031 INFO [v36b] WHY-NOT SUGP px 2.5100 | crowd #28 $3k, gainer #1 | NO CROWD: not top 2 held 2m, not ripping, not a top gainer with $1000k
2026-10-07 13:48:39,034 INFO [v36] WHY-NOT GCDT px 1.0650 | crowd #24 $16k, gainer #2 | NO CROWD: not top 2 held 2m, not ripping, not a top gainer with $1000k
2026-10-07 13:48:39,034 INFO [v36b] WHY-NOT GCDT px 1.0650 | crowd #24 $16k, gainer #2 | NO CROWD: not top 2 held 2m, not ripping, not a top gainer with $1000k
2026-10-07 13:48:59,559 INFO [v36] WHY-NOT LGCL px 3.4101 | crowd #1 $9317k held 10.0m, gainer #4 | NO PATTERN: rip 09:36 alive | last candles GR, vol 0.6x the 5 before (high break needs 2.0x)
2026-10-07 13:48:59,559 INFO [v36b] WHY-NOT LGCL px 3.4101 | crowd #1 $9317k held 10.0m, gainer #4 | NO PATTERN: rip 09:36 alive | last candles GR, vol 0.6x the 5 before (high break needs 2.0x)
2026-10-07 13:49:00,390 INFO [v36] WHY-NOT APUS px 7.9007 | crowd #2 $5041k held 0.0m, gainer #17 | NO CROWD: not top 2 held 2m, not ripping, not a top gainer with $1000k
2026-10-07 13:49:00,391 INFO [v36b] WHY-NOT APUS px 7.9007 | crowd #2 $5041k held 0.0m, gainer #17 | NO CROWD: not top 2 held 2m, not ripping, not a top gainer with $1000k
2026-10-07 13:49:01,357 INFO [v36] WHY-NOT LPCN px 2.6150 | crowd #3 $1886k, gainer #9 | NO: 6 buys today
2026-10-07 13:49:01,357 INFO [v36b] WHY-NOT LPCN px 2.6150 | crowd #3 $1886k, gainer #9 | NO: 6 buys today
2026-10-07 13:49:59,563 INFO [v36] WHY-NOT LGCL px 3.4400 | crowd #1 $8789k held 11.0m, gainer #4 | NO PATTERN: rip 09:36 alive | last candles RG, vol 0.4x the 5 before (high break needs 2.0x)
2026-10-07 13:49:59,564 INFO [v36b] WHY-NOT LGCL px 3.4400 | crowd #1 $8789k held 11.0m, gainer #4 | NO PATTERN: rip 09:36 alive | last candles RG, vol 0.4x the 5 before (high break needs 2.0x)
2026-10-07 13:50:00,125 INFO [v36] WHY-NOT SXTC px 2.2803 | crowd #3 $2543k, gainer #3 | NO CROWD: not top 2 held 2m, not ripping, not a top gainer with $1000k
2026-10-07 13:50:00,125 INFO [v36b] WHY-NOT SXTC px 2.2803 | crowd #3 $2543k, gainer #3 | NO CROWD: not top 2 held 2m, not ripping, not a top gainer with $1000k
2026-10-07 13:50:00,757 INFO [v36] WHY-NOT APUS px 7.7579 | crowd #2 $6070k held 1.0m, gainer #19 | NO CROWD: not top 2 held 2m, not ripping, not a top gainer with $1000k
2026-10-07 13:50:00,757 INFO [v36b] WHY-NOT APUS px 7.7579 | crowd #2 $6070k held 1.0m, gainer #19 | NO CROWD: not top 2 held 2m, not ripping, not a top gainer with $1000k
2026-10-07 13:50:05,450 INFO [v36] WHY-NOT SUGP px 2.5300 | crowd #31 $5k, gainer #1 | NO CROWD: not top 2 held 2m, not ripping, not a top gainer with $1000k
2026-10-07 13:50:05,451 INFO [v36b] WHY-NOT SUGP px 2.5300 | crowd #31 $5k, gainer #1 | NO CROWD: not top 2 held 2m, not ripping, not a top gainer with $1000k
2026-10-07 13:50:19,137 INFO [v36] WHY-NOT GCDT px 1.0000 | crowd #25 $19k, gainer #2 | NO CROWD: not top 2 held 2m, not ripping, not a top gainer with $1000k
2026-10-07 13:50:19,137 INFO [v36b] WHY-NOT GCDT px 1.0000 | crowd #25 $19k, gainer #2 | NO CROWD: not top 2 held 2m, not ripping, not a top gainer with $1000k
2026-10-07 13:50:59,594 INFO [v36] WHY-NOT LGCL px 3.5301 | crowd #1 $7940k held 12.0m, gainer #4 | NO PATTERN: rip 09:36 alive | last candles GR, vol 0.7x the 5 before (high break needs 2.0x)
2026-10-07 13:50:59,594 INFO [v36b] WHY-NOT LGCL px 3.5301 | crowd #1 $7940k held 12.0m, gainer #4 | NO PATTERN: rip 09:36 alive | last candles GR, vol 0.7x the 5 before (high break needs 2.0x)
2026-10-07 13:51:00,816 INFO [v36] WHY-NOT SXTC px 2.2800 | crowd #3 $2152k, gainer #3 | NO CROWD: not top 2 held 2m, not ripping, not a top gainer with $1000k
2026-10-07 13:51:00,816 INFO [v36b] WHY-NOT SXTC px 2.2800 | crowd #3 $2152k, gainer #3 | NO CROWD: not top 2 held 2m, not ripping, not a top gainer with $1000k
2026-10-07 13:51:03,972 INFO [v36] WHY-NOT APUS px 7.8006 | crowd #1 $5111k held 2.1m, gainer #15 | WAIT: hod trigger 8.9500
2026-10-07 13:51:03,972 INFO [v36b] WHY-NOT APUS px 7.8006 | crowd #1 $5111k held 2.1m, gainer #15 | WAIT: hod trigger 8.9500
2026-10-07 13:51:18,367 INFO [v36] WHY-NOT SUGP px 2.5200 | crowd #28 $10k, gainer #1 | NO CROWD: not top 2 held 2m, not ripping, not a top gainer with $1000k
2026-10-07 13:51:18,368 INFO [v36b] WHY-NOT SUGP px 2.5200 | crowd #28 $10k, gainer #1 | NO CROWD: not top 2 held 2m, not ripping, not a top gainer with $1000k
2026-10-07 13:51:42,621 INFO [v36] WHY-NOT GCDT px 1.0194 | crowd #25 $16k, gainer #2 | NO CROWD: not top 2 held 2m, not ripping, not a top gainer with $1000k
2026-10-07 13:51:42,621 INFO [v36b] WHY-NOT GCDT px 1.0194 | crowd #25 $16k, gainer #2 | NO CROWD: not top 2 held 2m, not ripping, not a top gainer with $1000k
2026-10-07 13:51:59,597 INFO [v36] WHY-NOT LGCL px 3.2900 | crowd #2 $5046k held 13.0m, gainer #4 | NO PATTERN: rip 09:36 alive | last candles RG, vol 0.9x the 5 before (high break needs 2.0x)
2026-10-07 13:51:59,598 INFO [v36b] WHY-NOT LGCL px 3.2900 | crowd #2 $5046k held 13.0m, gainer #4 | NO PATTERN: rip 09:36 alive | last candles RG, vol 0.9x the 5 before (high break needs 2.0x)
2026-10-07 13:52:01,139 INFO [v36] WHY-NOT SXTC px 2.3201 | crowd #3 $1915k, gainer #3 | NO CROWD: not top 2 held 2m, not ripping, not a top gainer with $1000k
2026-10-07 13:52:01,139 INFO [v36b] WHY-NOT SXTC px 2.3201 | crowd #3 $1915k, gainer #3 | NO CROWD: not top 2 held 2m, not ripping, not a top gainer with $1000k
2026-10-07 13:52:04,541 INFO [v36] WHY-NOT APUS px 8.1350 | crowd #2 $2705k held 3.1m, gainer #13 | WAIT: hod trigger 8.9500
2026-10-07 13:52:04,542 INFO [v36b] WHY-NOT APUS px 8.1350 | crowd #2 $2705k held 3.1m, gainer #13 | WAIT: hod trigger 8.9500
2026-10-07 13:52:59,850 INFO [v36] WHY-NOT LGCL px 3.1800 | crowd #1 $6972k held 14.0m, gainer #4 | NO PATTERN: rip 09:36 alive | last candles GR, vol 1.0x the 5 before (high break needs 2.0x)
2026-10-07 13:52:59,850 INFO [v36b] WHY-NOT LGCL px 3.1800 | crowd #1 $6972k held 14.0m, gainer #4 | NO PATTERN: rip 09:36 alive | last candles GR, vol 1.0x the 5 before (high break needs 2.0x)
2026-10-07 13:53:00,104 INFO [v36] WHY-NOT WETO px 1.2199 | crowd #3 $2362k, gainer #11 | NO CROWD: not top 2 held 2m, not ripping, not a top gainer with $1000k
2026-10-07 13:53:00,104 INFO [v36b] WHY-NOT WETO px 1.2199 | crowd #3 $2362k, gainer #11 | NO CROWD: not top 2 held 2m, not ripping, not a top gainer with $1000k
2026-10-07 13:53:05,352 INFO [v36] WHY-NOT APUS px 8.0900 | crowd #2 $2916k held 4.1m, gainer #14 | WAIT: hod trigger 8.9500
2026-10-07 13:53:05,353 INFO [v36b] WHY-NOT APUS px 8.0900 | crowd #2 $2916k held 4.1m, gainer #14 | WAIT: hod trigger 8.9500
2026-10-07 13:53:21,837 INFO [v36] WHY-NOT GCDT px 1.0000 | crowd #25 $13k, gainer #2 | NO CROWD: not top 2 held 2m, not ripping, not a top gainer with $1000k
2026-10-07 13:53:21,838 INFO [v36b] WHY-NOT GCDT px 1.0000 | crowd #25 $13k, gainer #2 | NO CROWD: not top 2 held 2m, not ripping, not a top gainer with $1000k
2026-10-07 13:54:00,063 INFO [v36] WHY-NOT LGCL px 3.2300 | crowd #1 $5519k held 15.0m, gainer #5 | NO PATTERN: rip 09:36 alive | last candles RR, vol 0.8x the 5 before (high break needs 2.0x)
2026-10-07 13:54:00,064 INFO [v36b] WHY-NOT LGCL px 3.2300 | crowd #1 $5519k held 15.0m, gainer #5 | NO PATTERN: rip 09:36 alive | last candles RR, vol 0.8x the 5 before (high break needs 2.0x)
2026-10-07 13:54:00,108 INFO [v36] WHY-NOT WETO px 1.1980 | crowd #3 $2272k, gainer #11 | NO CROWD: not top 2 held 2m, not ripping, not a top gainer with $1000k
2026-10-07 13:54:00,108 INFO [v36b] WHY-NOT WETO px 1.1980 | crowd #3 $2272k, gainer #11 | NO CROWD: not top 2 held 2m, not ripping, not a top gainer with $1000k
2026-10-07 13:54:05,547 INFO [v36] WHY-NOT APUS px 8.1600 | crowd #2 $2773k held 5.1m, gainer #13 | WAIT: hod trigger 8.9500
2026-10-07 13:54:05,547 INFO [v36b] WHY-NOT APUS px 8.1600 | crowd #2 $2773k held 5.1m, gainer #13 | WAIT: hod trigger 8.9500
2026-10-07 13:55:00,212 INFO [v36] WHY-NOT WETO px 1.2101 | crowd #2 $2503k held 0.0m, gainer #11 | NO CROWD: not top 2 held 2m, not ripping, not a top gainer with $1000k
2026-10-07 13:55:00,212 INFO [v36b] WHY-NOT WETO px 1.2101 | crowd #2 $2503k held 0.0m, gainer #11 | NO CROWD: not top 2 held 2m, not ripping, not a top gainer with $1000k
2026-10-07 13:55:00,268 INFO [v36] WHY-NOT LGCL px 3.1600 | crowd #1 $3942k held 16.0m, gainer #5 | NO PATTERN: rip 09:36 dead | last candles GR, vol 0.4x the 5 before (high break needs 2.0x)
2026-10-07 13:55:00,269 INFO [v36b] WHY-NOT LGCL px 3.1600 | crowd #1 $3942k held 16.0m, gainer #5 | NO PATTERN: rip 09:36 dead | last candles GR, vol 0.4x the 5 before (high break needs 2.0x)
2026-10-07 13:55:05,617 INFO [v36] WHY-NOT APUS px 8.5500 | crowd #3 $2409k, gainer #10 | NO CROWD: not top 2 held 2m, not ripping, not a top gainer with $1000k
2026-10-07 13:55:05,618 INFO [v36b] WHY-NOT APUS px 8.5500 | crowd #3 $2409k, gainer #10 | NO CROWD: not top 2 held 2m, not ripping, not a top gainer with $1000k
2026-10-07 13:55:37,626 INFO [v36] WHY-NOT SUGP px 2.5200 | crowd #33 $2k, gainer #1 | NO CROWD: not top 2 held 2m, not ripping, not a top gainer with $1000k
2026-10-07 13:55:37,627 INFO [v36b] WHY-NOT SUGP px 2.5200 | crowd #33 $2k, gainer #1 | NO CROWD: not top 2 held 2m, not ripping, not a top gainer with $1000k
2026-10-07 13:56:00,355 INFO [v36] WHY-NOT WETO px 1.2250 | crowd #3 $1789k, gainer #10 | NO CROWD: not top 2 held 2m, not ripping, not a top gainer with $1000k
2026-10-07 13:56:00,355 INFO [v36b] WHY-NOT WETO px 1.2250 | crowd #3 $1789k, gainer #10 | NO CROWD: not top 2 held 2m, not ripping, not a top gainer with $1000k
2026-10-07 13:56:00,521 INFO [v36] WHY-NOT LGCL px 3.2050 | crowd #2 $2633k held 17.0m, gainer #5 | NO PATTERN: rip 09:36 dead | last candles RG, vol 0.5x the 5 before (high break needs 2.0x)
2026-10-07 13:56:00,522 INFO [v36b] WHY-NOT LGCL px 3.2050 | crowd #2 $2633k held 17.0m, gainer #5 | NO PATTERN: rip 09:36 dead | last candles RG, vol 0.5x the 5 before (high break needs 2.0x)
2026-10-07 13:56:05,619 INFO [v36] WHY-NOT APUS px 8.6900 | crowd #1 $4112k held 0.1m, gainer #11 | WAIT: hod trigger 8.9500
2026-10-07 13:56:05,666 INFO [v36b] WHY-NOT APUS px 8.6900 | crowd #1 $4112k held 0.1m, gainer #11 | WAIT: hod trigger 8.9500
2026-10-07 13:57:00,675 INFO [v36] WHY-NOT LGCL px 3.3083 | crowd #2 $1866k held 18.0m, gainer #5 | NO PATTERN: rip 09:36 dead | last candles GG, vol 1.1x the 5 before (high break needs 2.0x)
2026-10-07 13:57:00,675 INFO [v36b] WHY-NOT LGCL px 3.3083 | crowd #2 $1866k held 18.0m, gainer #5 | NO PATTERN: rip 09:36 dead | last candles GG, vol 1.1x the 5 before (high break needs 2.0x)
2026-10-07 13:57:03,846 INFO [v36] WHY-NOT SUGP px 2.5200 | crowd #29 $2k, gainer #1 | NO CROWD: not top 2 held 2m, not ripping, not a top gainer with $1000k
2026-10-07 13:57:03,846 INFO [v36b] WHY-NOT SUGP px 2.5200 | crowd #29 $2k, gainer #1 | NO CROWD: not top 2 held 2m, not ripping, not a top gainer with $1000k
2026-10-07 13:57:05,741 INFO [v36] WHY-NOT APUS px 8.2900 | crowd #1 $4554k held 1.1m, gainer #10 | NO CROWD: not top 2 held 2m, not ripping, not a top gainer with $1000k
2026-10-07 13:57:05,742 INFO [v36b] WHY-NOT APUS px 8.2900 | crowd #1 $4554k held 1.1m, gainer #10 | NO CROWD: not top 2 held 2m, not ripping, not a top gainer with $1000k
2026-10-07 13:57:12,019 INFO [v36] WHY-NOT NEOG px 11.7900 | crowd #3 $1752k, gainer #29 | NO FLOAT: 216.5M > 20M
2026-10-07 13:57:12,019 INFO [v36b] WHY-NOT NEOG px 11.7900 | crowd #3 $1752k, gainer #29 | NO FLOAT: 216.5M > 20M
2026-10-07 13:58:00,198 INFO [v36] WHY-NOT BIYA px 2.2600 | crowd #2 $2575k held 0.0m, gainer #4 | NO: 6 buys today
2026-10-07 13:58:00,198 INFO [v36b] WHY-NOT BIYA px 2.2600 | crowd #2 $2575k held 0.0m, gainer #4 | NO: 6 buys today
2026-10-07 13:58:00,762 INFO [v36] WHY-NOT LGCL px 3.1648 | crowd #3 $2372k, gainer #5 | NO CROWD: not top 2 held 2m, not ripping, not a top gainer with $1000k
2026-10-07 13:58:00,762 INFO [v36b] WHY-NOT LGCL px 3.1648 | crowd #3 $2372k, gainer #5 | NO CROWD: not top 2 held 2m, not ripping, not a top gainer with $1000k
2026-10-07 13:58:05,741 INFO [v36] WHY-NOT APUS px 8.5300 | crowd #1 $7138k held 2.1m, gainer #11 | WAIT: hod trigger 8.9500
2026-10-07 13:58:05,742 INFO [v36b] WHY-NOT APUS px 8.5300 | crowd #1 $7138k held 2.1m, gainer #11 | WAIT: hod trigger 8.9500
2026-10-07 13:59:00,260 INFO [v36b] WHY-NOT BIYA px 2.3401 | crowd #2 $4305k held 1.0m, gainer #4 | NO: 6 buys today
2026-10-07 13:59:00,766 INFO [v36b] WHY-NOT LGCL px 3.0100 | crowd #3 $3626k, gainer #6 | NO CROWD: not top 2 held 2m, not ripping, not a top gainer with $1000k
2026-10-07 13:59:05,765 INFO [v36b] WHY-NOT APUS px 8.0963 | crowd #1 $10745k held 3.1m, gainer #12 | WAIT: hod trigger 9.1900
2026-10-07 13:59:08,388 INFO [v36] WHY-NOT APUS px 8.1500 | crowd #1 $10745k held 3.1m, gainer #12 | WAIT: hod trigger 9.1900
2026-10-07 13:59:08,390 INFO [v36] WHY-NOT LGCL px 3.0000 | crowd #3 $3626k, gainer #6 | NO CROWD: not top 2 held 2m, not ripping, not a top gainer with $1000k
2026-10-07 13:59:08,404 INFO [v36] WHY-NOT BIYA px 2.3300 | crowd #2 $5712k held 1.1m, gainer #4 | NO: 6 buys today
2026-10-07 13:59:56,420 INFO [v36] WHY-NOT SUGP px 2.5150 | crowd #25 $4k, gainer #1 | NO CROWD: not top 2 held 2m, not ripping, not a top gainer with $1000k
2026-10-07 13:59:56,420 INFO [v36b] WHY-NOT SUGP px 2.5150 | crowd #25 $4k, gainer #1 | NO CROWD: not top 2 held 2m, not ripping, not a top gainer with $1000k
2026-10-07 14:00:00,261 INFO [v36b] WHY-NOT BIYA px 2.2800 | crowd #2 $4743k held 2.0m, gainer #4 | NO: 6 buys today
2026-10-07 14:00:01,172 INFO [v36b] WHY-NOT LGCL px 3.0503 | crowd #3 $2989k, gainer #5 | NO CROWD: not top 2 held 2m, not ripping, not a top gainer with $1000k
2026-10-07 14:00:06,365 INFO [v36b] WHY-NOT APUS px 8.1500 | crowd #1 $9072k held 4.1m, gainer #13 | WAIT: hod trigger 9.1900
2026-10-07 14:00:08,449 INFO [v36] WHY-NOT BIYA px 2.2499 | crowd #2 $4743k held 2.1m, gainer #4 | NO: 6 buys today
2026-10-07 14:00:08,531 INFO [v36] WHY-NOT APUS px 8.1100 | crowd #1 $9072k held 4.1m, gainer #13 | WAIT: hod trigger 9.1900
2026-10-07 14:00:08,724 INFO [v36] WHY-NOT LGCL px 3.0300 | crowd #3 $2989k, gainer #5 | NO CROWD: not top 2 held 2m, not ripping, not a top gainer with $1000k
2026-10-07 14:01:00,317 INFO [v36b] WHY-NOT BIYA px 2.2300 | crowd #2 $5429k held 3.0m, gainer #4 | NO: 6 buys today
2026-10-07 14:01:01,825 INFO [v36b] WHY-NOT LGCL px 3.1700 | crowd #3 $2930k, gainer #5 | NO CROWD: not top 2 held 2m, not ripping, not a top gainer with $1000k
2026-10-07 14:01:06,511 INFO [v36b] WHY-NOT APUS px 7.8920 | crowd #1 $9731k held 5.1m, gainer #17 | WAIT: hod trigger 9.1900
2026-10-07 14:01:08,477 INFO [v36] WHY-NOT BIYA px 2.2100 | crowd #2 $5429k held 3.1m, gainer #4 | NO: 6 buys today
2026-10-07 14:01:08,990 INFO [v36] WHY-NOT LGCL px 3.2200 | crowd #3 $2930k, gainer #5 | NO CROWD: not top 2 held 2m, not ripping, not a top gainer with $1000k
2026-10-07 14:01:09,019 INFO [v36] WHY-NOT APUS px 7.9900 | crowd #1 $9731k held 5.1m, gainer #17 | WAIT: hod trigger 9.1900
2026-10-07 14:02:01,514 INFO [v36b] WHY-NOT BIYA px 2.1150 | crowd #2 $4939k held 4.0m, gainer #4 | NO: 6 buys today
2026-10-07 14:02:01,858 INFO [v36b] WHY-NOT LGCL px 3.2700 | crowd #3 $2939k, gainer #5 | NO CROWD: not top 2 held 2m, not ripping, not a top gainer with $1000k
2026-10-07 14:02:07,554 INFO [v36b] WHY-NOT APUS px 8.0150 | crowd #1 $8673k held 6.1m, gainer #14 | WAIT: hod trigger 9.1900
2026-10-07 14:02:08,963 INFO [v36] WHY-NOT BIYA px 2.1400 | crowd #2 $4939k held 4.1m, gainer #4 | NO: 6 buys today
2026-10-07 14:02:09,132 INFO [v36] WHY-NOT APUS px 8.0200 | crowd #1 $8673k held 6.2m, gainer #14 | WAIT: hod trigger 9.1900
2026-10-07 14:02:09,539 INFO [v36] WHY-NOT LGCL px 3.2100 | crowd #3 $2939k, gainer #5 | NO CROWD: not top 2 held 2m, not ripping, not a top gainer with $1000k
2026-10-07 14:03:00,150 INFO [v36] WHY-NOT LPCN px 2.6705 | crowd #3 $2234k, gainer #7 | NO: 6 buys today
2026-10-07 14:03:00,150 INFO [v36b] WHY-NOT LPCN px 2.6705 | crowd #3 $2234k, gainer #7 | NO: 6 buys today
2026-10-07 14:03:01,804 INFO [v36b] WHY-NOT BIYA px 2.1699 | crowd #1 $4584k held 5.0m, gainer #4 | NO: 6 buys today
2026-10-07 14:03:08,419 INFO [v36b] WHY-NOT APUS px 8.0917 | crowd #2 $4258k held 7.1m, gainer #14 | WAIT: hod trigger 9.1900
2026-10-07 14:03:09,557 INFO [v36] WHY-NOT BIYA px 2.1650 | crowd #1 $4584k held 5.2m, gainer #4 | NO: 6 buys today
2026-10-07 14:03:09,738 INFO [v36] WHY-NOT APUS px 8.0938 | crowd #2 $4258k held 7.2m, gainer #14 | WAIT: hod trigger 9.1900
2026-10-07 14:04:00,171 INFO [v36] WHY-NOT SXTC px 2.3800 | crowd #3 $2316k, gainer #3 | NO CROWD: not top 2 held 2m, not ripping, not a top gainer with $1000k
2026-10-07 14:04:00,171 INFO [v36b] WHY-NOT SXTC px 2.3800 | crowd #3 $2316k, gainer #3 | NO CROWD: not top 2 held 2m, not ripping, not a top gainer with $1000k
2026-10-07 14:04:01,929 INFO [v36b] WHY-NOT BIYA px 2.1995 | crowd #2 $2852k held 6.0m, gainer #4 | NO: 6 buys today
2026-10-07 14:04:08,448 INFO [v36b] WHY-NOT APUS px 8.2301 | crowd #1 $3152k held 8.1m, gainer #11 | WAIT: hod trigger 9.1900
2026-10-07 14:04:09,572 INFO [v36] WHY-NOT BIYA px 2.2400 | crowd #2 $2852k held 6.2m, gainer #4 | NO: 6 buys today
2026-10-07 14:04:09,780 INFO [v36] WHY-NOT APUS px 8.2000 | crowd #1 $3152k held 8.2m, gainer #11 | WAIT: hod trigger 9.1900
2026-10-07 14:05:00,240 INFO [v36] WHY-NOT SXTC px 2.3500 | crowd #3 $2205k, gainer #3 | NO CROWD: not top 2 held 2m, not ripping, not a top gainer with $1000k
2026-10-07 14:05:00,240 INFO [v36b] WHY-NOT SXTC px 2.3500 | crowd #3 $2205k, gainer #3 | NO CROWD: not top 2 held 2m, not ripping, not a top gainer with $1000k
2026-10-07 14:05:02,513 INFO [v36b] WHY-NOT BIYA px 2.2249 | crowd #2 $2808k held 7.0m, gainer #4 | NO: 6 buys today
2026-10-07 14:05:08,513 INFO [v36b] WHY-NOT APUS px 8.2000 | crowd #1 $2919k held 9.1m, gainer #13 | WAIT: hod trigger 9.1900
2026-10-07 14:05:09,847 INFO [v36] WHY-NOT APUS px 8.2150 | crowd #1 $2919k held 9.2m, gainer #13 | WAIT: hod trigger 9.1900
2026-10-07 14:05:09,943 INFO [v36] WHY-NOT BIYA px 2.2250 | crowd #2 $2808k held 7.2m, gainer #4 | NO: 6 buys today
2026-10-07 14:06:00,533 INFO [v36] WHY-NOT LGCL px 3.2000 | crowd #2 $3038k held 0.0m, gainer #5 | NO CROWD: not top 2 held 2m, not ripping, not a top gainer with $1000k
2026-10-07 14:06:00,534 INFO [v36b] WHY-NOT LGCL px 3.2000 | crowd #2 $3038k held 0.0m, gainer #5 | NO CROWD: not top 2 held 2m, not ripping, not a top gainer with $1000k
2026-10-07 14:06:02,973 INFO [v36] WHY-NOT NEOG px 11.5900 | crowd #3 $2662k, gainer #35 | NO FLOAT: 216.5M > 20M
2026-10-07 14:06:02,974 INFO [v36b] WHY-NOT NEOG px 11.5900 | crowd #3 $2662k, gainer #35 | NO FLOAT: 216.5M > 20M
2026-10-07 14:06:09,581 INFO [v36b] WHY-NOT APUS px 7.9994 | crowd #1 $3719k held 10.2m, gainer #14 | WAIT: hod trigger 9.1900
2026-10-07 14:06:09,850 INFO [v36] WHY-NOT APUS px 7.9900 | crowd #1 $3719k held 10.2m, gainer #14 | WAIT: hod trigger 9.1900
2026-10-07 14:07:01,550 INFO [v36] WHY-NOT LGCL px 3.2199 | crowd #3 $2534k, gainer #5 | NO CROWD: not top 2 held 2m, not ripping, not a top gainer with $1000k
2026-10-07 14:07:01,550 INFO [v36b] WHY-NOT LGCL px 3.2199 | crowd #3 $2534k, gainer #5 | NO CROWD: not top 2 held 2m, not ripping, not a top gainer with $1000k
2026-10-07 14:07:04,411 INFO [v36] WHY-NOT NEOG px 11.5800 | crowd #2 $2638k held 0.1m, gainer #34 | NO FLOAT: 216.5M > 20M
2026-10-07 14:07:04,412 INFO [v36b] WHY-NOT NEOG px 11.5800 | crowd #2 $2638k held 0.1m, gainer #34 | NO FLOAT: 216.5M > 20M
2026-10-07 14:07:11,408 INFO [v36] WHY-NOT APUS px 8.0000 | crowd #1 $2919k held 11.2m, gainer #13 | WAIT: hod trigger 9.1900
2026-10-07 14:07:11,408 INFO [v36b] WHY-NOT APUS px 8.0000 | crowd #1 $2919k held 11.2m, gainer #13 | WAIT: hod trigger 9.1900
2026-10-07 14:08:00,130 INFO [v36] WHY-NOT BIYA px 2.2800 | crowd #2 $2717k held 0.0m, gainer #4 | NO: 6 buys today
2026-10-07 14:08:00,131 INFO [v36b] WHY-NOT BIYA px 2.2800 | crowd #2 $2717k held 0.0m, gainer #4 | NO: 6 buys today
2026-10-07 14:08:01,732 INFO [v36] WHY-NOT LGCL px 3.3190 | crowd #3 $2384k, gainer #5 | NO CROWD: not top 2 held 2m, not ripping, not a top gainer with $1000k
2026-10-07 14:08:01,733 INFO [v36b] WHY-NOT LGCL px 3.3190 | crowd #3 $2384k, gainer #5 | NO CROWD: not top 2 held 2m, not ripping, not a top gainer with $1000k
2026-10-07 14:08:03,017 INFO [v36] WHY-NOT LGCL px 3.3300 | crowd #- $0k, gainer #1 | NO CROWD: not top 2 held 2m, not ripping, not a top gainer with $1000k
2026-10-07 14:08:03,017 INFO [v36b] WHY-NOT LGCL px 3.3300 | crowd #- $0k, gainer #1 | NO CROWD: not top 2 held 2m, not ripping, not a top gainer with $1000k
2026-10-07 14:08:04,921 INFO [v36] WHY-NOT SUGP px 2.4900 | crowd #- $0k, gainer #1 | NO CROWD: not top 2 held 2m, not ripping, not a top gainer with $1000k
2026-10-07 14:08:04,921 INFO [v36b] WHY-NOT SUGP px 2.4900 | crowd #- $0k, gainer #1 | NO CROWD: not top 2 held 2m, not ripping, not a top gainer with $1000k
2026-10-07 14:08:07,060 INFO [v36] WHY-NOT NEOG px 11.6000 | crowd #1 $2897k held 1.1m, gainer #34 | NO FLOAT: 216.5M > 20M
2026-10-07 14:08:07,060 INFO [v36b] WHY-NOT NEOG px 11.6000 | crowd #1 $2897k held 1.1m, gainer #34 | NO FLOAT: 216.5M > 20M
2026-10-07 14:09:02,041 INFO [v36] WHY-NOT SMXT px 4.0400 | crowd #- $0k, gainer #2 | NO CROWD: not top 2 held 2m, not ripping, not a top gainer with $1000k
2026-10-07 14:09:02,041 INFO [v36b] WHY-NOT SMXT px 4.0400 | crowd #- $0k, gainer #2 | NO CROWD: not top 2 held 2m, not ripping, not a top gainer with $1000k
2026-10-07 14:09:03,090 INFO [v36] WHY-NOT LGCL px 3.4450 | crowd #- $0k, gainer #1 | NO CROWD: not top 2 held 2m, not ripping, not a top gainer with $1000k
2026-10-07 14:09:03,091 INFO [v36b] WHY-NOT LGCL px 3.4450 | crowd #- $0k, gainer #1 | NO CROWD: not top 2 held 2m, not ripping, not a top gainer with $1000k
2026-10-07 14:10:02,295 INFO [v36] WHY-NOT CANG px 3.4300 | crowd #2 $43k held 0.0m, gainer #4 | NO FLOAT: 32.6M > 20M
2026-10-07 14:10:02,295 INFO [v36b] WHY-NOT CANG px 3.4300 | crowd #2 $43k held 0.0m, gainer #4 | NO FLOAT: 32.6M > 20M
2026-10-07 14:10:03,094 INFO [v36] WHY-NOT LGCL px 3.5400 | crowd #1 $1743k held 0.1m, gainer #1 | NO PATTERN: no rip | last candles GG, vol 0.0x the 5 before (high break needs 2.0x)
2026-10-07 14:10:03,094 INFO [v36b] WHY-NOT LGCL px 3.5400 | crowd #1 $1743k held 0.1m, gainer #1 | NO PATTERN: no rip | last candles GG, vol 0.0x the 5 before (high break needs 2.0x)
2026-10-07 14:10:06,208 INFO [v36] WHY-NOT SMXT px 4.0800 | crowd #3 $32k, gainer #2 | NO CROWD: not top 2 held 2m, not ripping, not a top gainer with $1000k
2026-10-07 14:10:06,208 INFO [v36b] WHY-NOT SMXT px 4.0800 | crowd #3 $32k, gainer #2 | NO CROWD: not top 2 held 2m, not ripping, not a top gainer with $1000k
2026-10-07 14:11:03,099 INFO [v36] WHY-NOT LGCL px 3.3501 | crowd #1 $4489k held 1.1m, gainer #1 | NO PATTERN: no rip | last candles GR, vol 1.3x the 5 before (high break needs 2.0x)
2026-10-07 14:11:03,099 INFO [v36b] WHY-NOT LGCL px 3.3501 | crowd #1 $4489k held 1.1m, gainer #1 | NO PATTERN: no rip | last candles GR, vol 1.3x the 5 before (high break needs 2.0x)
2026-10-07 14:11:07,070 INFO [v36] WHY-NOT SMXT px 4.0300 | crowd #3 $62k, gainer #2 | NO CROWD: not top 2 held 2m, not ripping, not a top gainer with $1000k
2026-10-07 14:11:07,070 INFO [v36b] WHY-NOT SMXT px 4.0300 | crowd #3 $62k, gainer #2 | NO CROWD: not top 2 held 2m, not ripping, not a top gainer with $1000k
2026-10-07 14:11:14,480 INFO [v36] WHY-NOT CANG px 3.4400 | crowd #2 $65k held 1.2m, gainer #4 | NO FLOAT: 32.6M > 20M
2026-10-07 14:11:14,480 INFO [v36b] WHY-NOT CANG px 3.4400 | crowd #2 $65k held 1.2m, gainer #4 | NO FLOAT: 32.6M > 20M
2026-10-07 14:12:03,452 INFO [v36] WHY-NOT LGCL px 3.3300 | crowd #1 $8773k held 2.1m, gainer #1 | NO PATTERN: no rip | last candles RR, vol 0.6x the 5 before (high break needs 2.0x)
2026-10-07 14:12:03,452 INFO [v36b] WHY-NOT LGCL px 3.3300 | crowd #1 $8773k held 2.1m, gainer #1 | NO PATTERN: no rip | last candles RR, vol 0.6x the 5 before (high break needs 2.0x)
2026-10-07 14:12:07,901 INFO [v36] WHY-NOT SMXT px 3.9200 | crowd #3 $139k, gainer #2 | NO CROWD: not top 2 held 2m, not ripping, not a top gainer with $1000k
2026-10-07 14:12:07,901 INFO [v36b] WHY-NOT SMXT px 3.9200 | crowd #3 $139k, gainer #2 | NO CROWD: not top 2 held 2m, not ripping, not a top gainer with $1000k
2026-10-07 14:12:16,524 INFO [v36] WHY-NOT NAUT px 1.8798 | crowd #2 $169k held 0.3m, gainer #9 | NO FLOAT: 74.7M > 20M
2026-10-07 14:12:16,524 INFO [v36b] WHY-NOT NAUT px 1.8798 | crowd #2 $169k held 0.3m, gainer #9 | NO FLOAT: 74.7M > 20M
2026-10-07 14:13:03,482 INFO [v36] WHY-NOT LGCL px 3.2499 | crowd #1 $7821k held 3.1m, gainer #1 | NO PATTERN: no rip | last candles RR, vol 0.4x the 5 before (high break needs 2.0x)
2026-10-07 14:13:03,483 INFO [v36b] WHY-NOT LGCL px 3.2499 | crowd #1 $7821k held 3.1m, gainer #1 | NO PATTERN: no rip | last candles RR, vol 0.4x the 5 before (high break needs 2.0x)
2026-10-07 14:13:03,621 INFO [v36] WHY-NOT ALIS px 13.4400 | crowd #5 $67k, gainer #2 | NO CROWD: not top 2 held 2m, not ripping, not a top gainer with $1000k
2026-10-07 14:13:03,621 INFO [v36b] WHY-NOT ALIS px 13.4400 | crowd #5 $67k, gainer #2 | NO CROWD: not top 2 held 2m, not ripping, not a top gainer with $1000k
2026-10-07 14:13:11,785 INFO [v36] WHY-NOT SMXT px 3.9450 | crowd #3 $138k, gainer #3 | NO CROWD: not top 2 held 2m, not ripping, not a top gainer with $1000k
2026-10-07 14:13:11,785 INFO [v36b] WHY-NOT SMXT px 3.9450 | crowd #3 $138k, gainer #3 | NO CROWD: not top 2 held 2m, not ripping, not a top gainer with $1000k
2026-10-07 14:13:17,928 INFO [v36] WHY-NOT NAUT px 1.8650 | crowd #2 $211k held 1.3m, gainer #11 | NO FLOAT: 74.7M > 20M
2026-10-07 14:13:17,928 INFO [v36b] WHY-NOT NAUT px 1.8650 | crowd #2 $211k held 1.3m, gainer #11 | NO FLOAT: 74.7M > 20M
2026-10-07 14:14:02,818 INFO [v36] WHY-NOT MOBX px 1.1001 | crowd #3 $150k, gainer #13 | NO CROWD: not top 2 held 2m, not ripping, not a top gainer with $1000k
2026-10-07 14:14:02,819 INFO [v36b] WHY-NOT MOBX px 1.1001 | crowd #3 $150k, gainer #13 | NO CROWD: not top 2 held 2m, not ripping, not a top gainer with $1000k
2026-10-07 14:14:03,824 INFO [v36] WHY-NOT LGCL px 3.2700 | crowd #1 $5861k held 4.1m, gainer #1 | NO PATTERN: no rip | last candles RR, vol 0.4x the 5 before (high break needs 2.0x)
2026-10-07 14:14:03,824 INFO [v36b] WHY-NOT LGCL px 3.2700 | crowd #1 $5861k held 4.1m, gainer #1 | NO PATTERN: no rip | last candles RR, vol 0.4x the 5 before (high break needs 2.0x)
2026-10-07 14:14:16,995 INFO [v36] WHY-NOT SMXT px 3.9019 | crowd #4 $141k, gainer #2 | NO CROWD: not top 2 held 2m, not ripping, not a top gainer with $1000k
2026-10-07 14:14:16,995 INFO [v36b] WHY-NOT SMXT px 3.9019 | crowd #4 $141k, gainer #2 | NO CROWD: not top 2 held 2m, not ripping, not a top gainer with $1000k
2026-10-07 14:14:20,672 INFO [v36] WHY-NOT NAUT px 1.8201 | crowd #2 $269k held 2.3m, gainer #12 | NO FLOAT: 74.7M > 20M
2026-10-07 14:14:20,672 INFO [v36b] WHY-NOT NAUT px 1.8201 | crowd #2 $269k held 2.3m, gainer #12 | NO FLOAT: 74.7M > 20M
2026-10-07 14:15:03,063 INFO [v36] WHY-NOT MOBX px 1.1094 | crowd #2 $209k held 0.0m, gainer #13 | NO CROWD: not top 2 held 2m, not ripping, not a top gainer with $1000k
2026-10-07 14:15:03,063 INFO [v36b] WHY-NOT MOBX px 1.1094 | crowd #2 $209k held 0.0m, gainer #13 | NO CROWD: not top 2 held 2m, not ripping, not a top gainer with $1000k
2026-10-07 14:15:03,848 INFO [v36] WHY-NOT LGCL px 3.2200 | crowd #1 $3795k held 5.1m, gainer #1 | NO PATTERN: no rip | last candles RR, vol 0.5x the 5 before (high break needs 2.0x)
2026-10-07 14:15:03,848 INFO [v36b] WHY-NOT LGCL px 3.2200 | crowd #1 $3795k held 5.1m, gainer #1 | NO PATTERN: no rip | last candles RR, vol 0.5x the 5 before (high break needs 2.0x)
2026-10-07 14:15:31,193 INFO [v36] WHY-NOT NAUT px 1.8267 | crowd #3 $201k, gainer #12 | NO FLOAT: 74.7M > 20M
2026-10-07 14:15:31,194 INFO [v36b] WHY-NOT NAUT px 1.8267 | crowd #3 $201k, gainer #12 | NO FLOAT: 74.7M > 20M
2026-10-07 14:16:02,427 INFO [v36] WHY-NOT CANG px 3.3600 | crowd #2 $278k held 0.0m, gainer #9 | NO FLOAT: 32.6M > 20M
2026-10-07 14:16:02,427 INFO [v36b] WHY-NOT CANG px 3.3600 | crowd #2 $278k held 0.0m, gainer #9 | NO FLOAT: 32.6M > 20M
2026-10-07 14:16:03,914 INFO [v36] WHY-NOT LGCL px 3.2200 | crowd #1 $2655k held 6.1m, gainer #1 | NO PATTERN: no rip | last candles RG, vol 0.3x the 5 before (high break needs 2.0x)
2026-10-07 14:16:03,914 INFO [v36b] WHY-NOT LGCL px 3.2200 | crowd #1 $2655k held 6.1m, gainer #1 | NO PATTERN: no rip | last candles RG, vol 0.3x the 5 before (high break needs 2.0x)
2026-10-07 14:16:06,421 INFO [v36] WHY-NOT MOBX px 1.1003 | crowd #3 $223k, gainer #14 | NO CROWD: not top 2 held 2m, not ripping, not a top gainer with $1000k
2026-10-07 14:16:06,421 INFO [v36b] WHY-NOT MOBX px 1.1003 | crowd #3 $223k, gainer #14 | NO CROWD: not top 2 held 2m, not ripping, not a top gainer with $1000k
2026-10-07 14:16:50,583 INFO [v36] WHY-NOT APUS px 8.8600 | crowd #- $0k, gainer #1 | NO CROWD: not top 2 held 2m, not ripping, not a top gainer with $1000k
2026-10-07 14:16:50,583 INFO [v36b] WHY-NOT APUS px 8.8600 | crowd #- $0k, gainer #1 | NO CROWD: not top 2 held 2m, not ripping, not a top gainer with $1000k
2026-10-07 14:17:00,131 INFO [v36b] WHY-NOT APUS px 8.8300 | crowd #1 $2572k held 0.0m, gainer #2 | WAIT: hod trigger 9.1900
2026-10-07 14:17:00,131 INFO [v36] WHY-NOT APUS px 8.8300 | crowd #1 $2572k held 0.0m, gainer #2 | WAIT: hod trigger 9.1900
2026-10-07 14:17:00,438 INFO [v36] WHY-NOT LGCL px 3.2200 | crowd #2 $526k held 0.0m, gainer #1 | NO CROWD: not top 2 held 2m, not ripping, not a top gainer with $1000k
2026-10-07 14:17:00,439 INFO [v36b] WHY-NOT LGCL px 3.2200 | crowd #2 $526k held 0.0m, gainer #1 | NO CROWD: not top 2 held 2m, not ripping, not a top gainer with $1000k
2026-10-07 14:17:04,741 INFO [v36] WHY-NOT LGCL px 3.2300 | crowd #2 $2390k held 7.1m, gainer #1 | NO PATTERN: no rip | last candles GR, vol 0.6x the 5 before (high break needs 2.0x)
2026-10-07 14:17:04,742 INFO [v36b] WHY-NOT LGCL px 3.2300 | crowd #2 $2390k held 7.1m, gainer #1 | NO PATTERN: no rip | last candles GR, vol 0.6x the 5 before (high break needs 2.0x)
2026-10-07 14:17:04,818 INFO [v36] WHY-NOT CANG px 3.4267 | crowd #3 $44k, gainer #4 | NO FLOAT: 32.6M > 20M
2026-10-07 14:17:04,818 INFO [v36b] WHY-NOT CANG px 3.4267 | crowd #3 $44k, gainer #4 | NO FLOAT: 32.6M > 20M
2026-10-07 14:17:04,819 INFO [v36] WHY-NOT CANG px 3.4267 | crowd #3 $301k, gainer #7 | NO FLOAT: 32.6M > 20M
2026-10-07 14:17:04,820 INFO [v36b] WHY-NOT CANG px 3.4267 | crowd #3 $301k, gainer #7 | NO FLOAT: 32.6M > 20M
2026-10-07 14:17:50,792 INFO [v36] WHY-NOT APUS px 8.7799 | crowd #1 $2572k held 0.8m, gainer #2 | WAIT: hod trigger 9.1900
2026-10-07 14:17:50,792 INFO [v36b] WHY-NOT APUS px 8.7799 | crowd #1 $2572k held 0.8m, gainer #2 | WAIT: hod trigger 9.1900
2026-10-07 14:18:00,120 INFO [v36] WHY-NOT MOBX px 1.1050 | crowd #3 $75k, gainer #9 | NO CROWD: not top 2 held 2m, not ripping, not a top gainer with $1000k
2026-10-07 14:18:00,120 INFO [v36b] WHY-NOT MOBX px 1.1050 | crowd #3 $75k, gainer #9 | NO CROWD: not top 2 held 2m, not ripping, not a top gainer with $1000k
2026-10-07 14:18:00,541 INFO [v36] WHY-NOT LGCL px 3.3000 | crowd #2 $912k held 1.0m, gainer #1 | NO CROWD: not top 2 held 2m, not ripping, not a top gainer with $1000k
2026-10-07 14:18:00,542 INFO [v36b] WHY-NOT LGCL px 3.3000 | crowd #2 $912k held 1.0m, gainer #1 | NO CROWD: not top 2 held 2m, not ripping, not a top gainer with $1000k
2026-10-07 14:18:50,798 INFO [v36] WHY-NOT APUS px 9.0109 | crowd #1 $4560k held 1.8m, gainer #2 | WAIT: hod trigger 9.1900
2026-10-07 14:18:50,798 INFO [v36b] WHY-NOT APUS px 9.0109 | crowd #1 $4560k held 1.8m, gainer #2 | WAIT: hod trigger 9.1900
2026-10-07 14:19:00,679 INFO [v36] WHY-NOT LGCL px 3.1801 | crowd #2 $1587k held 2.0m, gainer #1 | NO PATTERN: no rip | last candles GR, vol 1.5x the 5 before (high break needs 2.0x)
2026-10-07 14:19:00,679 INFO [v36b] WHY-NOT LGCL px 3.1801 | crowd #2 $1587k held 2.0m, gainer #1 | NO PATTERN: no rip | last candles GR, vol 1.5x the 5 before (high break needs 2.0x)
2026-10-07 14:19:28,258 INFO [v36] WHY-NOT SMXT px 3.8200 | crowd #3 $94k, gainer #8 | NO CROWD: not top 2 held 2m, not ripping, not a top gainer with $1000k
2026-10-07 14:19:28,258 INFO [v36b] WHY-NOT SMXT px 3.8200 | crowd #3 $94k, gainer #8 | NO CROWD: not top 2 held 2m, not ripping, not a top gainer with $1000k
2026-10-07 14:19:50,961 INFO [v36b] WHY-NOT APUS px 9.0118 | crowd #1 $7705k held 2.8m, gainer #2 | WAIT: hod trigger 9.4300
2026-10-07 14:20:00,867 INFO [v36] WHY-NOT LGCL px 3.2400 | crowd #2 $1869k held 3.0m, gainer #1 | NO PATTERN: no rip | last candles RG, vol 0.5x the 5 before (high break needs 2.0x)
2026-10-07 14:20:00,867 INFO [v36b] WHY-NOT LGCL px 3.2400 | crowd #2 $1587k held 3.0m, gainer #1 | NO PATTERN: no rip | last candles RG, vol 0.5x the 5 before (high break needs 2.0x)
2026-10-07 14:20:08,335 INFO [v36] WHY-NOT CANG px 3.4253 | crowd #3 $195k, gainer #7 | NO FLOAT: 32.6M > 20M
2026-10-07 14:20:08,335 INFO [v36b] WHY-NOT CANG px 3.4253 | crowd #3 $195k, gainer #7 | NO FLOAT: 32.6M > 20M
2026-10-07 14:20:51,007 INFO [v36b] WHY-NOT APUS px 9.2200 | crowd #1 $7705k held 3.8m, gainer #3 | WAIT: hod trigger 9.4300
2026-10-07 14:21:01,045 INFO [v36] WHY-NOT LGCL px 3.1100 | crowd #2 $1935k held 4.0m, gainer #1 | NO PATTERN: no rip | last candles GR, vol 1.3x the 5 before (high break needs 2.0x)
2026-10-07 14:21:01,045 INFO [v36b] WHY-NOT LGCL px 3.1100 | crowd #2 $1935k held 4.0m, gainer #1 | NO PATTERN: no rip | last candles GR, vol 1.3x the 5 before (high break needs 2.0x)
2026-10-07 14:21:04,634 INFO [v36b] WHY-NOT APUS px 9.4500 | crowd #1 $10824k held 4.1m, gainer #2 | NO SPEED for a re-entry: 0.05 under 0.10
2026-10-07 14:21:13,316 INFO [v36b] WHY-NOT APUS px 9.4500 | crowd #1 $10824k held 4.2m, gainer #2 | NO SPEED for a re-entry: 0.10 under 0.10
2026-10-07 14:21:58,671 INFO [v36] WHY-NOT CANG px 3.4585 | crowd #3 $167k, gainer #7 | NO FLOAT: 32.6M > 20M
2026-10-07 14:21:58,671 INFO [v36b] WHY-NOT CANG px 3.4585 | crowd #3 $167k, gainer #7 | NO FLOAT: 32.6M > 20M
2026-10-07 14:22:01,058 INFO [v36] WHY-NOT LGCL px 3.0750 | crowd #2 $2044k held 5.0m, gainer #1 | NO PATTERN: no rip | last candles RR, vol 1.0x the 5 before (high break needs 2.0x)
2026-10-07 14:22:01,058 INFO [v36b] WHY-NOT LGCL px 3.0750 | crowd #2 $2044k held 5.0m, gainer #1 | NO PATTERN: no rip | last candles RR, vol 1.0x the 5 before (high break needs 2.0x)
2026-10-07 14:22:13,399 INFO [v36b] WHY-NOT APUS px 8.8200 | crowd #1 $13084k held 5.2m, gainer #3 | WAIT: hod trigger 9.6100
2026-10-07 14:22:28,586 INFO [v36] WHY-NOT NAUT px 1.8850 | crowd #3 $345k, gainer #10 | NO FLOAT: 74.7M > 20M
2026-10-07 14:22:28,587 INFO [v36b] WHY-NOT NAUT px 1.8850 | crowd #3 $345k, gainer #10 | NO FLOAT: 74.7M > 20M
2026-10-07 14:23:01,268 INFO [v36] WHY-NOT LGCL px 3.0600 | crowd #2 $1613k held 6.0m, gainer #1 | NO PATTERN: no rip | last candles RR, vol 0.5x the 5 before (high break needs 2.0x)
2026-10-07 14:23:01,268 INFO [v36b] WHY-NOT LGCL px 3.0600 | crowd #2 $1613k held 6.0m, gainer #1 | NO PATTERN: no rip | last candles RR, vol 0.5x the 5 before (high break needs 2.0x)
2026-10-07 14:23:13,430 INFO [v36b] WHY-NOT APUS px 9.1401 | crowd #1 $11147k held 6.2m, gainer #3 | WAIT: hod trigger 9.6100
2026-10-07 14:23:31,223 INFO [v36] WHY-NOT NAUT px 1.8900 | crowd #3 $301k, gainer #9 | NO FLOAT: 74.7M > 20M
2026-10-07 14:23:31,224 INFO [v36b] WHY-NOT NAUT px 1.8900 | crowd #3 $301k, gainer #9 | NO FLOAT: 74.7M > 20M
2026-10-07 14:24:01,642 INFO [v36] WHY-NOT LGCL px 3.1250 | crowd #2 $1624k held 7.0m, gainer #1 | NO PATTERN: no rip | last candles RG, vol 0.6x the 5 before (high break needs 2.0x)
2026-10-07 14:24:01,642 INFO [v36b] WHY-NOT LGCL px 3.1250 | crowd #2 $1624k held 7.0m, gainer #1 | NO PATTERN: no rip | last candles RG, vol 0.6x the 5 before (high break needs 2.0x)
2026-10-07 14:24:02,338 INFO [v36] WHY-NOT DKI px 1.7099 | crowd #12 $33k, gainer #2 | NO CROWD: not top 2 held 2m, not ripping, not a top gainer with $1000k
2026-10-07 14:24:02,338 INFO [v36b] WHY-NOT DKI px 1.7099 | crowd #12 $33k, gainer #2 | NO CROWD: not top 2 held 2m, not ripping, not a top gainer with $1000k
2026-10-07 14:24:13,521 INFO [v36b] WHY-NOT APUS px 9.3300 | crowd #1 $10445k held 7.2m, gainer #3 | WAIT: hod trigger 9.6100
2026-10-07 14:24:35,141 INFO [v36] WHY-NOT NAUT px 1.9150 | crowd #3 $423k, gainer #10 | NO FLOAT: 74.7M > 20M
2026-10-07 14:24:35,141 INFO [v36b] WHY-NOT NAUT px 1.9150 | crowd #3 $423k, gainer #10 | NO FLOAT: 74.7M > 20M
2026-10-07 14:25:00,478 INFO [v36] WHY-NOT SNXX px 15.8650 | crowd #2 $5616k held 0.0m, gainer #12 | NO CROWD: not top 2 held 2m, not ripping, not a top gainer with $1000k
2026-10-07 14:25:00,478 INFO [v36b] WHY-NOT SNXX px 15.8650 | crowd #2 $5616k held 0.0m, gainer #12 | NO CROWD: not top 2 held 2m, not ripping, not a top gainer with $1000k
2026-10-07 14:25:01,789 INFO [v36b] WHY-NOT LGCL px 3.0700 | crowd #3 $1310k, gainer #2 | NO PATTERN: no rip | last candles GR, vol 0.7x the 5 before (high break needs 2.0x)
2026-10-07 14:25:08,659 INFO [v36] WHY-NOT LGCL px 3.0700 | crowd #3 $1310k, gainer #2 | NO PATTERN: no rip | last candles GR, vol 0.7x the 5 before (high break needs 2.0x)
2026-10-07 14:25:13,908 INFO [v36b] WHY-NOT APUS px 9.3500 | crowd #1 $9892k held 8.2m, gainer #3 | WAIT: hod trigger 9.6100
2026-10-07 14:25:13,991 INFO [v36] WHY-NOT APUS px 9.4100 | crowd #1 $9892k held 8.2m, gainer #3 | WAIT: hod trigger 9.6100
2026-10-07 14:26:00,480 INFO [v36] WHY-NOT SNXX px 15.9014 | crowd #2 $5616k held 1.0m, gainer #12 | NO CROWD: not top 2 held 2m, not ripping, not a top gainer with $1000k
2026-10-07 14:26:00,480 INFO [v36b] WHY-NOT SNXX px 15.9014 | crowd #2 $5616k held 1.0m, gainer #12 | NO CROWD: not top 2 held 2m, not ripping, not a top gainer with $1000k
2026-10-07 14:26:02,620 INFO [v36b] WHY-NOT LGCL px 3.1101 | crowd #3 $1324k, gainer #2 | NO PATTERN: no rip | last candles RG, vol 1.3x the 5 before (high break needs 2.0x)
2026-10-07 14:26:09,309 INFO [v36] WHY-NOT LGCL px 3.1400 | crowd #3 $1324k, gainer #2 | NO PATTERN: no rip | last candles RG, vol 1.3x the 5 before (high break needs 2.0x)
2026-10-07 14:26:14,279 INFO [v36] WHY-NOT APUS px 9.1250 | crowd #1 $5644k held 9.2m, gainer #3 | WAIT: hod trigger 9.6400
2026-10-07 14:26:14,279 INFO [v36b] WHY-NOT APUS px 9.1250 | crowd #1 $5644k held 9.2m, gainer #3 | WAIT: hod trigger 9.6400
2026-10-07 14:27:00,562 INFO [v36] WHY-NOT SNXX px 15.9898 | crowd #1 $18720k held 2.0m, gainer #13 | NO PATTERN: no rip | last candles GG, vol 1.0x the 5 before (high break needs 2.0x)
2026-10-07 14:27:00,563 INFO [v36b] WHY-NOT SNXX px 15.9898 | crowd #1 $18720k held 2.0m, gainer #13 | NO PATTERN: no rip | last candles GG, vol 1.0x the 5 before (high break needs 2.0x)
2026-10-07 14:27:02,712 INFO [v36b] WHY-NOT LGCL px 3.2097 | crowd #3 $1628k, gainer #2 | NO PATTERN: no rip | last candles GG, vol 1.4x the 5 before (high break needs 2.0x)
2026-10-07 14:27:09,712 INFO [v36] WHY-NOT LGCL px 3.2465 | crowd #3 $1628k, gainer #2 | NO PATTERN: no rip | last candles GG, vol 1.4x the 5 before (high break needs 2.0x)
2026-10-07 14:27:14,535 INFO [v36] WHY-NOT APUS px 8.9500 | crowd #2 $7857k held 10.2m, gainer #4 | WAIT: hod trigger 9.6400
2026-10-07 14:27:14,535 INFO [v36b] WHY-NOT APUS px 8.9500 | crowd #2 $7857k held 10.2m, gainer #4 | WAIT: hod trigger 9.6400
2026-10-07 14:28:00,611 INFO [v36] WHY-NOT SNXX px 15.9250 | crowd #1 $24764k held 3.0m, gainer #13 | NO PATTERN: no rip | last candles GR, vol 1.0x the 5 before (high break needs 2.0x)
2026-10-07 14:28:00,611 INFO [v36b] WHY-NOT SNXX px 15.9250 | crowd #1 $24764k held 3.0m, gainer #13 | NO PATTERN: no rip | last candles GR, vol 1.0x the 5 before (high break needs 2.0x)
2026-10-07 14:28:02,822 INFO [v36b] WHY-NOT LGCL px 3.1701 | crowd #3 $1683k, gainer #2 | NO PATTERN: no rip | last candles GR, vol 0.9x the 5 before (high break needs 2.0x)
2026-10-07 14:28:10,137 INFO [v36] WHY-NOT LGCL px 3.1700 | crowd #3 $1683k, gainer #2 | NO PATTERN: no rip | last candles GR, vol 0.9x the 5 before (high break needs 2.0x)
2026-10-07 14:28:14,569 INFO [v36] WHY-NOT APUS px 9.3019 | crowd #2 $6585k held 11.2m, gainer #3 | WAIT: hod trigger 9.6400
2026-10-07 14:28:14,656 INFO [v36b] WHY-NOT APUS px 9.3000 | crowd #2 $6585k held 11.2m, gainer #3 | WAIT: hod trigger 9.6400
2026-10-07 14:29:00,987 INFO [v36] WHY-NOT SNXX px 15.8600 | crowd #1 $19148k held 4.0m, gainer #13 | NO PATTERN: no rip | last candles RR, vol 1.3x the 5 before (high break needs 2.0x)
2026-10-07 14:29:00,987 INFO [v36b] WHY-NOT SNXX px 15.8600 | crowd #1 $19148k held 4.0m, gainer #13 | NO PATTERN: no rip | last candles RR, vol 1.3x the 5 before (high break needs 2.0x)
2026-10-07 14:29:03,816 INFO [v36b] WHY-NOT LGCL px 3.2200 | crowd #3 $1405k, gainer #2 | NO PATTERN: no rip | last candles RG, vol 0.3x the 5 before (high break needs 2.0x)
2026-10-07 14:29:10,616 INFO [v36] WHY-NOT LGCL px 3.2050 | crowd #3 $1405k, gainer #2 | NO PATTERN: no rip | last candles RG, vol 0.3x the 5 before (high break needs 2.0x)
2026-10-07 14:29:15,054 INFO [v36] WHY-NOT APUS px 9.1366 | crowd #2 $4689k held 12.2m, gainer #3 | WAIT: hod trigger 9.6400
2026-10-07 14:29:15,126 INFO [v36b] WHY-NOT APUS px 9.1366 | crowd #2 $4689k held 12.2m, gainer #3 | WAIT: hod trigger 9.6400
2026-10-07 14:29:27,177 INFO [v36] WHY-NOT SNXX px 15.8810 | crowd #- $0k, gainer #1 | NO CROWD: not top 2 held 2m, not ripping, not a top gainer with $1000k
2026-10-07 14:29:27,177 INFO [v36b] WHY-NOT SNXX px 15.8810 | crowd #- $0k, gainer #1 | NO CROWD: not top 2 held 2m, not ripping, not a top gainer with $1000k
2026-10-07 14:30:00,103 INFO [v36] WHY-NOT APUS px 8.9000 | crowd #2 $1608k held 0.0m, gainer #2 | WAIT: hod trigger 9.6400
2026-10-07 14:30:00,103 INFO [v36b] WHY-NOT APUS px 8.9000 | crowd #2 $1608k held 0.0m, gainer #2 | WAIT: hod trigger 9.6400
2026-10-07 14:30:00,869 INFO [v36] WHY-NOT LGCL px 3.1500 | crowd #4 $149k, gainer #1 | NO CROWD: not top 2 held 2m, not ripping, not a top gainer with $1000k
2026-10-07 14:30:00,869 INFO [v36b] WHY-NOT LGCL px 3.1500 | crowd #4 $149k, gainer #1 | NO CROWD: not top 2 held 2m, not ripping, not a top gainer with $1000k
2026-10-07 14:30:01,002 INFO [v36] WHY-NOT SNXX px 15.8803 | crowd #1 $27242k held 5.0m, gainer #13 | NO PATTERN: no rip | last candles RG, vol 1.0x the 5 before (high break needs 2.0x)
2026-10-07 14:30:01,003 INFO [v36b] WHY-NOT SNXX px 15.8803 | crowd #1 $27242k held 5.0m, gainer #13 | NO PATTERN: no rip | last candles RG, vol 1.0x the 5 before (high break needs 2.0x)
2026-10-07 14:30:04,024 INFO [v36b] WHY-NOT LGCL px 3.1700 | crowd #3 $1175k, gainer #2 | NO PATTERN: no rip | last candles GR, vol 0.4x the 5 before (high break needs 2.0x)
2026-10-07 14:30:11,953 INFO [v36] WHY-NOT LGCL px 3.1697 | crowd #3 $1175k, gainer #2 | NO PATTERN: no rip | last candles GR, vol 0.4x the 5 before (high break needs 2.0x)
2026-10-07 14:30:27,337 INFO [v36] WHY-NOT SNXX px 15.8407 | crowd #1 $6617k held 0.5m, gainer #7 | NO CROWD: not top 2 held 2m, not ripping, not a top gainer with $1000k
2026-10-07 14:30:27,337 INFO [v36b] WHY-NOT SNXX px 15.8407 | crowd #1 $6617k held 0.5m, gainer #7 | NO CROWD: not top 2 held 2m, not ripping, not a top gainer with $1000k
2026-10-07 14:31:00,293 INFO [v36] WHY-NOT APUS px 9.0599 | crowd #2 $1608k held 1.0m, gainer #2 | WAIT: hod trigger 9.6400
2026-10-07 14:31:00,293 INFO [v36b] WHY-NOT APUS px 9.0599 | crowd #2 $1608k held 1.0m, gainer #2 | WAIT: hod trigger 9.6400
2026-10-07 14:31:01,455 INFO [v36] WHY-NOT LGCL px 3.2100 | crowd #5 $149k, gainer #1 | NO CROWD: not top 2 held 2m, not ripping, not a top gainer with $1000k
2026-10-07 14:31:01,456 INFO [v36b] WHY-NOT LGCL px 3.2100 | crowd #5 $149k, gainer #1 | NO CROWD: not top 2 held 2m, not ripping, not a top gainer with $1000k
2026-10-07 14:31:27,716 INFO [v36] WHY-NOT SNXX px 15.8350 | crowd #1 $6617k held 1.5m, gainer #8 | NO CROWD: not top 2 held 2m, not ripping, not a top gainer with $1000k
2026-10-07 14:31:27,716 INFO [v36b] WHY-NOT SNXX px 15.8350 | crowd #1 $6617k held 1.5m, gainer #8 | NO CROWD: not top 2 held 2m, not ripping, not a top gainer with $1000k
2026-10-07 14:32:00,296 INFO [v36] WHY-NOT APUS px 8.7300 | crowd #2 $2042k held 2.0m, gainer #2 | WAIT: hod trigger 9.6400
2026-10-07 14:32:00,296 INFO [v36b] WHY-NOT APUS px 8.7300 | crowd #2 $2042k held 2.0m, gainer #2 | WAIT: hod trigger 9.6400
2026-10-07 14:32:01,807 INFO [v36] WHY-NOT LGCL px 3.3199 | crowd #3 $551k, gainer #1 | NO CROWD: not top 2 held 2m, not ripping, not a top gainer with $1000k
2026-10-07 14:32:01,807 INFO [v36b] WHY-NOT LGCL px 3.3199 | crowd #3 $551k, gainer #1 | NO CROWD: not top 2 held 2m, not ripping, not a top gainer with $1000k
2026-10-07 14:32:27,780 INFO [v36] WHY-NOT SNXX px 15.8150 | crowd #1 $12136k held 2.5m, gainer #10 | NO PATTERN: no rip | last candles RG, vol 0.9x the 5 before (high break needs 2.0x)
2026-10-07 14:32:27,780 INFO [v36b] WHY-NOT SNXX px 15.8150 | crowd #1 $12136k held 2.5m, gainer #10 | NO PATTERN: no rip | last candles RG, vol 0.9x the 5 before (high break needs 2.0x)
2026-10-07 14:33:03,060 INFO [v36] WHY-NOT APUS px 8.6901 | crowd #2 $4872k held 3.0m, gainer #2 | WAIT: hod trigger 9.6400
2026-10-07 14:33:03,134 INFO [v36b] WHY-NOT APUS px 8.6901 | crowd #2 $4872k held 3.1m, gainer #2 | WAIT: hod trigger 9.6400
2026-10-07 14:33:03,978 INFO [v36] WHY-NOT LGCL px 3.3108 | crowd #3 $1621k, gainer #1 | NO PATTERN: no rip | last candles GG, vol 1.2x the 5 before (high break needs 2.0x)
2026-10-07 14:33:03,979 INFO [v36b] WHY-NOT LGCL px 3.3108 | crowd #3 $1621k, gainer #1 | NO PATTERN: no rip | last candles GG, vol 1.2x the 5 before (high break needs 2.0x)
2026-10-07 14:33:28,210 INFO [v36] WHY-NOT SNXX px 15.8950 | crowd #1 $17639k held 3.5m, gainer #11 | NO PATTERN: no rip | last candles GG, vol 0.5x the 5 before (high break needs 2.0x)
2026-10-07 14:33:28,284 INFO [v36b] WHY-NOT SNXX px 15.8950 | crowd #1 $17639k held 3.5m, gainer #11 | NO PATTERN: no rip | last candles GG, vol 0.5x the 5 before (high break needs 2.0x)
2026-10-07 14:34:03,103 INFO [v36] WHY-NOT APUS px 8.8047 | crowd #2 $4557k held 4.1m, gainer #2 | WAIT: hod trigger 9.6400
2026-10-07 14:34:03,559 INFO [v36b] WHY-NOT APUS px 8.8010 | crowd #2 $4557k held 4.1m, gainer #2 | WAIT: hod trigger 9.6400
2026-10-07 14:34:04,267 INFO [v36] WHY-NOT LGCL px 3.2700 | crowd #3 $2581k, gainer #1 | NO PATTERN: no rip | last candles GR, vol 0.8x the 5 before (high break needs 2.0x)
2026-10-07 14:34:04,268 INFO [v36b] WHY-NOT LGCL px 3.2700 | crowd #3 $2581k, gainer #1 | NO PATTERN: no rip | last candles GR, vol 0.8x the 5 before (high break needs 2.0x)
2026-10-07 14:34:28,309 INFO [v36] WHY-NOT SNXX px 15.8100 | crowd #1 $16972k held 4.5m, gainer #11 | NO PATTERN: no rip | last candles GR, vol 0.5x the 5 before (high break needs 2.0x)
2026-10-07 14:34:28,309 INFO [v36b] WHY-NOT SNXX px 15.8100 | crowd #1 $16972k held 4.5m, gainer #11 | NO PATTERN: no rip | last candles GR, vol 0.5x the 5 before (high break needs 2.0x)
2026-10-07 14:35:03,578 INFO [v36] WHY-NOT APUS px 8.8300 | crowd #2 $4123k held 5.1m, gainer #2 | WAIT: hod trigger 9.6400
2026-10-07 14:35:03,578 INFO [v36b] WHY-NOT APUS px 8.8300 | crowd #2 $4123k held 5.1m, gainer #2 | WAIT: hod trigger 9.6400
2026-10-07 14:35:04,757 INFO [v36] WHY-NOT LGCL px 3.2200 | crowd #3 $2179k, gainer #1 | NO PATTERN: no rip | last candles RR, vol 0.9x the 5 before (high break needs 2.0x)
2026-10-07 14:35:04,758 INFO [v36b] WHY-NOT LGCL px 3.2200 | crowd #3 $2179k, gainer #1 | NO PATTERN: no rip | last candles RR, vol 0.9x the 5 before (high break needs 2.0x)
2026-10-07 14:35:28,678 INFO [v36] WHY-NOT SNXX px 15.8350 | crowd #1 $11453k held 5.5m, gainer #13 | NO PATTERN: no rip | last candles RG, vol 0.7x the 5 before (high break needs 2.0x)
2026-10-07 14:35:28,678 INFO [v36b] WHY-NOT SNXX px 15.8350 | crowd #1 $11453k held 5.5m, gainer #13 | NO PATTERN: no rip | last candles RG, vol 0.7x the 5 before (high break needs 2.0x)
2026-10-07 14:36:04,726 INFO [v36] WHY-NOT APUS px 8.9000 | crowd #3 $1925k, gainer #2 | WAIT: hod trigger 9.6400
2026-10-07 14:36:04,726 INFO [v36b] WHY-NOT APUS px 8.9000 | crowd #3 $1925k, gainer #2 | WAIT: hod trigger 9.6400
2026-10-07 14:36:05,010 INFO [v36] WHY-NOT LGCL px 3.1500 | crowd #2 $2142k held 0.1m, gainer #1 | NO PATTERN: no rip | last candles RR, vol 0.9x the 5 before (high break needs 2.0x)
2026-10-07 14:36:05,011 INFO [v36b] WHY-NOT LGCL px 3.1500 | crowd #2 $2142k held 0.1m, gainer #1 | NO PATTERN: no rip | last candles RR, vol 0.9x the 5 before (high break needs 2.0x)
2026-10-07 14:36:29,177 INFO [v36] WHY-NOT SNXX px 15.9099 | crowd #1 $11869k held 6.5m, gainer #12 | NO PATTERN: no rip | last candles GG, vol 0.7x the 5 before (high break needs 2.0x)
2026-10-07 14:36:29,177 INFO [v36b] WHY-NOT SNXX px 15.9099 | crowd #1 $11869k held 6.5m, gainer #12 | NO PATTERN: no rip | last candles GG, vol 0.7x the 5 before (high break needs 2.0x)
2026-10-07 14:37:00,105 INFO [v36] WHY-NOT DKI px 2.2899 | crowd #- $0k, gainer #1 | NO CROWD: not top 2 held 2m, not ripping, not a top gainer with $1000k
2026-10-07 14:37:00,105 INFO [v36b] WHY-NOT DKI px 2.2899 | crowd #- $0k, gainer #1 | NO CROWD: not top 2 held 2m, not ripping, not a top gainer with $1000k
2026-10-07 14:37:05,611 INFO [v36] WHY-NOT LGCL px 3.2012 | crowd #2 $1477k held 1.1m, gainer #2 | NO PATTERN: no rip | last candles RG, vol 0.6x the 5 before (high break needs 2.0x)
2026-10-07 14:37:05,611 INFO [v36b] WHY-NOT LGCL px 3.2012 | crowd #2 $1477k held 1.1m, gainer #2 | NO PATTERN: no rip | last candles RG, vol 0.6x the 5 before (high break needs 2.0x)
2026-10-07 14:37:06,996 INFO [v36] WHY-NOT APUS px 8.7600 | crowd #3 $1367k, gainer #3 | NO CROWD: not top 2 held 2m, not ripping, not a top gainer with $1000k
2026-10-07 14:37:06,997 INFO [v36b] WHY-NOT APUS px 8.7600 | crowd #3 $1367k, gainer #3 | NO CROWD: not top 2 held 2m, not ripping, not a top gainer with $1000k
2026-10-07 14:37:29,477 INFO [v36] WHY-NOT SNXX px 15.8875 | crowd #1 $8700k held 7.5m, gainer #13 | NO PATTERN: no rip | last candles GR, vol 0.8x the 5 before (high break needs 2.0x)
2026-10-07 14:37:29,478 INFO [v36b] WHY-NOT SNXX px 15.8875 | crowd #1 $8700k held 7.5m, gainer #13 | NO PATTERN: no rip | last candles GR, vol 0.8x the 5 before (high break needs 2.0x)
2026-10-07 14:38:00,129 INFO [v36] WHY-NOT DKI px 2.3500 | crowd #4 $697k, gainer #1 | NO CROWD: not top 2 held 2m, not ripping, not a top gainer with $1000k
2026-10-07 14:38:00,129 INFO [v36b] WHY-NOT DKI px 2.3500 | crowd #4 $697k, gainer #1 | NO CROWD: not top 2 held 2m, not ripping, not a top gainer with $1000k
2026-10-07 14:38:05,629 INFO [v36] WHY-NOT LGCL px 2.8700 | crowd #2 $1432k held 2.1m, gainer #2 | NO PATTERN: no rip | last candles GR, vol 1.7x the 5 before (high break needs 2.0x)
2026-10-07 14:38:05,630 INFO [v36b] WHY-NOT LGCL px 2.8700 | crowd #2 $1432k held 2.1m, gainer #2 | NO PATTERN: no rip | last candles GR, vol 1.7x the 5 before (high break needs 2.0x)
2026-10-07 14:38:07,333 INFO [v36] WHY-NOT APUS px 8.6809 | crowd #3 $1334k, gainer #3 | NO CROWD: not top 2 held 2m, not ripping, not a top gainer with $1000k
2026-10-07 14:38:07,334 INFO [v36b] WHY-NOT APUS px 8.6809 | crowd #3 $1334k, gainer #3 | NO CROWD: not top 2 held 2m, not ripping, not a top gainer with $1000k
2026-10-07 14:38:29,883 INFO [v36] WHY-NOT SNXX px 15.8950 | crowd #1 $8820k held 8.5m, gainer #13 | NO PATTERN: no rip | last candles RG, vol 0.5x the 5 before (high break needs 2.0x)
2026-10-07 14:38:29,883 INFO [v36b] WHY-NOT SNXX px 15.8950 | crowd #1 $8820k held 8.5m, gainer #13 | NO PATTERN: no rip | last candles RG, vol 0.5x the 5 before (high break needs 2.0x)
2026-10-07 14:39:00,148 INFO [v36] WHY-NOT DKI px 2.2694 | crowd #2 $2249k held 0.0m, gainer #1 | NO PATTERN: no rip | last candles GR, vol 1.2x the 5 before (high break needs 2.0x)
2026-10-07 14:39:00,149 INFO [v36b] WHY-NOT DKI px 2.2694 | crowd #2 $2249k held 0.0m, gainer #1 | NO PATTERN: no rip | last candles GR, vol 1.2x the 5 before (high break needs 2.0x)
2026-10-07 14:39:06,143 INFO [v36] WHY-NOT LGCL px 2.9299 | crowd #3 $1696k, gainer #2 | NO PATTERN: no rip | last candles RG, vol 1.7x the 5 before (high break needs 2.0x)
2026-10-07 14:39:06,143 INFO [v36b] WHY-NOT LGCL px 2.9299 | crowd #3 $1696k, gainer #2 | NO PATTERN: no rip | last candles RG, vol 1.7x the 5 before (high break needs 2.0x)
2026-10-07 14:39:30,206 INFO [v36] WHY-NOT SNXX px 15.9400 | crowd #1 $7174k held 9.5m, gainer #15 | NO PATTERN: no rip | last candles G-, vol 0.9x the 5 before (high break needs 2.0x)
2026-10-07 14:39:30,206 INFO [v36b] WHY-NOT SNXX px 15.9400 | crowd #1 $7174k held 9.5m, gainer #15 | NO PATTERN: no rip | last candles G-, vol 0.9x the 5 before (high break needs 2.0x)
2026-10-07 14:40:00,149 INFO [v36] WHY-NOT DKI px 2.6600 | crowd #2 $3582k held 1.0m, gainer #1 | NO PATTERN: no rip | last candles RG, vol 1.2x the 5 before (high break needs 2.0x)
2026-10-07 14:40:00,149 INFO [v36b] WHY-NOT DKI px 2.6600 | crowd #2 $3582k held 1.0m, gainer #1 | NO PATTERN: no rip | last candles RG, vol 1.2x the 5 before (high break needs 2.0x)
2026-10-07 14:40:06,700 INFO [v36] WHY-NOT LGCL px 2.8305 | crowd #3 $1996k, gainer #2 | NO PATTERN: no rip | last candles GR, vol 0.9x the 5 before (high break needs 2.0x)
2026-10-07 14:40:06,700 INFO [v36b] WHY-NOT LGCL px 2.8305 | crowd #3 $1996k, gainer #2 | NO PATTERN: no rip | last candles GR, vol 0.9x the 5 before (high break needs 2.0x)
2026-10-07 14:40:31,173 INFO [v36] WHY-NOT SNXX px 16.0250 | crowd #1 $6657k held 10.5m, gainer #16 | NO PATTERN: no rip | last candles -G, vol 1.8x the 5 before (high break needs 2.0x)
2026-10-07 14:40:31,173 INFO [v36b] WHY-NOT SNXX px 16.0250 | crowd #1 $6657k held 10.5m, gainer #16 | NO PATTERN: no rip | last candles -G, vol 1.8x the 5 before (high break needs 2.0x)
2026-10-07 14:41:06,795 INFO [v36] WHY-NOT LGCL px 2.8400 | crowd #3 $2361k, gainer #2 | NO PATTERN: no rip | last candles RG, vol 0.4x the 5 before (high break needs 2.0x)
2026-10-07 14:41:06,796 INFO [v36b] WHY-NOT LGCL px 2.8400 | crowd #3 $2361k, gainer #2 | NO PATTERN: no rip | last candles RG, vol 0.4x the 5 before (high break needs 2.0x)
2026-10-07 14:41:31,233 INFO [v36] WHY-NOT SNXX px 16.0650 | crowd #1 $13566k held 11.5m, gainer #17 | NO PATTERN: no rip | last candles GG, vol 1.9x the 5 before (high break needs 2.0x)
2026-10-07 14:41:31,234 INFO [v36b] WHY-NOT SNXX px 16.0650 | crowd #1 $13566k held 11.5m, gainer #17 | NO PATTERN: no rip | last candles GG, vol 1.9x the 5 before (high break needs 2.0x)
2026-10-07 14:42:00,104 INFO [v36] WHY-NOT APUS px 8.9788 | crowd #3 $2154k, gainer #3 | NO CROWD: not top 2 held 2m, not ripping, not a top gainer with $1000k
2026-10-07 14:42:00,104 INFO [v36b] WHY-NOT APUS px 8.9788 | crowd #3 $2154k, gainer #3 | NO CROWD: not top 2 held 2m, not ripping, not a top gainer with $1000k
2026-10-07 14:42:07,464 INFO [v36] WHY-NOT LGCL px 2.8700 | crowd #4 $1785k, gainer #2 | NO PATTERN: no rip | last candles GG, vol 0.3x the 5 before (high break needs 2.0x)
2026-10-07 14:42:07,465 INFO [v36b] WHY-NOT LGCL px 2.8700 | crowd #4 $1785k, gainer #2 | NO PATTERN: no rip | last candles GG, vol 0.3x the 5 before (high break needs 2.0x)
2026-10-07 14:42:31,435 INFO [v36] WHY-NOT SNXX px 16.0550 | crowd #1 $16737k held 12.5m, gainer #19 | NO PATTERN: no rip | last candles GG, vol 1.4x the 5 before (high break needs 2.0x)
2026-10-07 14:42:31,436 INFO [v36b] WHY-NOT SNXX px 16.0550 | crowd #1 $16737k held 12.5m, gainer #19 | NO PATTERN: no rip | last candles GG, vol 1.4x the 5 before (high break needs 2.0x)
2026-10-07 14:43:00,571 INFO [v36] WHY-NOT APUS px 9.1499 | crowd #3 $3687k, gainer #2 | WAIT: hod trigger 9.6400
2026-10-07 14:43:00,571 INFO [v36b] WHY-NOT APUS px 9.1499 | crowd #3 $3687k, gainer #2 | WAIT: hod trigger 9.6400
2026-10-07 14:43:31,567 INFO [v36] WHY-NOT SNXX px 16.0300 | crowd #1 $18308k held 13.5m, gainer #20 | NO PATTERN: no rip | last candles GR, vol 1.0x the 5 before (high break needs 2.0x)
2026-10-07 14:43:31,568 INFO [v36b] WHY-NOT SNXX px 16.0300 | crowd #1 $18308k held 13.5m, gainer #20 | NO PATTERN: no rip | last candles GR, vol 1.0x the 5 before (high break needs 2.0x)
2026-10-07 14:44:00,684 INFO [v36] WHY-NOT APUS px 9.0700 | crowd #2 $4777k held 0.0m, gainer #2 | WAIT: hod trigger 9.6400
2026-10-07 14:44:00,685 INFO [v36b] WHY-NOT APUS px 9.0700 | crowd #2 $4777k held 0.0m, gainer #2 | WAIT: hod trigger 9.6400
2026-10-07 14:44:31,877 INFO [v36] WHY-NOT SNXX px 15.9900 | crowd #1 $20119k held 14.5m, gainer #21 | NO PATTERN: no rip | last candles RR, vol 1.5x the 5 before (high break needs 2.0x)
2026-10-07 14:44:31,878 INFO [v36b] WHY-NOT SNXX px 15.9900 | crowd #1 $20119k held 14.5m, gainer #21 | NO PATTERN: no rip | last candles RR, vol 1.5x the 5 before (high break needs 2.0x)
2026-10-07 14:45:00,075 INFO [v36] WHY-NOT PRME px 3.7900 | crowd #3 $2743k, gainer #17 | NO FLOAT: 144.5M > 20M
2026-10-07 14:45:00,076 INFO [v36b] WHY-NOT PRME px 3.7900 | crowd #3 $2743k, gainer #17 | NO FLOAT: 144.5M > 20M
2026-10-07 14:45:00,908 INFO [v36] WHY-NOT APUS px 9.2100 | crowd #2 $4172k held 1.0m, gainer #3 | NO CROWD: not top 2 held 2m, not ripping, not a top gainer with $1000k
2026-10-07 14:45:00,909 INFO [v36b] WHY-NOT APUS px 9.2100 | crowd #2 $4172k held 1.0m, gainer #3 | NO CROWD: not top 2 held 2m, not ripping, not a top gainer with $1000k
2026-10-07 14:45:32,626 INFO [v36] WHY-NOT SNXX px 16.0200 | crowd #1 $14831k held 15.5m, gainer #21 | NO PATTERN: no rip | last candles RG, vol 0.5x the 5 before (high break needs 2.0x)
2026-10-07 14:45:32,627 INFO [v36b] WHY-NOT SNXX px 16.0200 | crowd #1 $14831k held 15.5m, gainer #21 | NO PATTERN: no rip | last candles RG, vol 0.5x the 5 before (high break needs 2.0x)
2026-10-07 14:46:02,228 INFO [v36] WHY-NOT APUS px 9.0576 | crowd #2 $4217k held 2.0m, gainer #3 | WAIT: hod trigger 9.6400
2026-10-07 14:46:02,228 INFO [v36b] WHY-NOT APUS px 9.0576 | crowd #2 $4217k held 2.0m, gainer #3 | WAIT: hod trigger 9.6400
2026-10-07 14:46:32,942 INFO [v36] WHY-NOT SNXX px 16.0200 | crowd #1 $12707k held 16.5m, gainer #21 | NO PATTERN: no rip | last candles GR, vol 0.6x the 5 before (high break needs 2.0x)
2026-10-07 14:46:32,942 INFO [v36b] WHY-NOT SNXX px 16.0200 | crowd #1 $12707k held 16.5m, gainer #21 | NO PATTERN: no rip | last candles GR, vol 0.6x the 5 before (high break needs 2.0x)
2026-10-07 14:47:02,505 INFO [v36] WHY-NOT APUS px 9.3800 | crowd #2 $4453k held 3.0m, gainer #3 | WAIT: hod trigger 9.6400
2026-10-07 14:47:02,506 INFO [v36b] WHY-NOT APUS px 9.3800 | crowd #2 $4453k held 3.0m, gainer #3 | WAIT: hod trigger 9.6400
2026-10-07 14:47:32,985 INFO [v36] WHY-NOT SNXX px 16.0645 | crowd #1 $13816k held 17.5m, gainer #19 | NO PATTERN: no rip | last candles RG, vol 0.5x the 5 before (high break needs 2.0x)
2026-10-07 14:47:32,985 INFO [v36b] WHY-NOT SNXX px 16.0645 | crowd #1 $13816k held 17.5m, gainer #19 | NO PATTERN: no rip | last candles RG, vol 0.5x the 5 before (high break needs 2.0x)
2026-10-07 14:48:02,829 INFO [v36] WHY-NOT APUS px 9.4800 | crowd #3 $3047k, gainer #3 | NO CROWD: not top 2 held 2m, not ripping, not a top gainer with $1000k
2026-10-07 14:48:02,829 INFO [v36b] WHY-NOT APUS px 9.4800 | crowd #3 $3047k, gainer #3 | NO CROWD: not top 2 held 2m, not ripping, not a top gainer with $1000k
2026-10-07 14:48:33,075 INFO [v36] WHY-NOT SNXX px 16.1371 | crowd #1 $7482k held 18.5m, gainer #18 | NO PATTERN: no rip | last candles GG, vol 1.7x the 5 before (high break needs 2.0x)
2026-10-07 14:48:33,076 INFO [v36b] WHY-NOT SNXX px 16.1371 | crowd #1 $7482k held 18.5m, gainer #18 | NO PATTERN: no rip | last candles GG, vol 1.7x the 5 before (high break needs 2.0x)
2026-10-07 14:49:02,931 INFO [v36] WHY-NOT APUS px 9.4200 | crowd #2 $3084k held 0.0m, gainer #3 | NO CROWD: not top 2 held 2m, not ripping, not a top gainer with $1000k
2026-10-07 14:49:02,931 INFO [v36b] WHY-NOT APUS px 9.4200 | crowd #2 $3084k held 0.0m, gainer #3 | NO CROWD: not top 2 held 2m, not ripping, not a top gainer with $1000k
2026-10-07 14:49:08,753 INFO [v36] WHY-NOT PRME px 3.7600 | crowd #3 $652k, gainer #17 | NO FLOAT: 144.5M > 20M
2026-10-07 14:49:08,753 INFO [v36b] WHY-NOT PRME px 3.7600 | crowd #3 $652k, gainer #17 | NO FLOAT: 144.5M > 20M
2026-10-07 14:49:33,076 INFO [v36b] WHY-NOT SNXX px 16.0912 | crowd #1 $11030k held 19.5m, gainer #19 | NO PATTERN: no rip | last candles GG, vol 0.5x the 5 before (high break needs 2.0x)
2026-10-07 14:49:33,352 INFO [v36] WHY-NOT SNXX px 16.0999 | crowd #1 $11030k held 19.6m, gainer #19 | NO PATTERN: no rip | last candles GG, vol 0.5x the 5 before (high break needs 2.0x)
2026-10-07 14:49:56,719 INFO [v36] WHY-NOT SBFM px 1.1300 | crowd #- $0k, gainer #1 | NO CROWD: not top 2 held 2m, not ripping, not a top gainer with $1000k
2026-10-07 14:49:56,720 INFO [v36b] WHY-NOT SBFM px 1.1300 | crowd #- $0k, gainer #1 | NO CROWD: not top 2 held 2m, not ripping, not a top gainer with $1000k
2026-10-07 14:50:00,754 INFO [v36] WHY-NOT LGCL px 2.7879 | crowd #3 $803k, gainer #5 | NO CROWD: not top 2 held 2m, not ripping, not a top gainer with $1000k
2026-10-07 14:50:00,754 INFO [v36b] WHY-NOT LGCL px 2.7879 | crowd #3 $803k, gainer #5 | NO CROWD: not top 2 held 2m, not ripping, not a top gainer with $1000k
2026-10-07 14:50:02,939 INFO [v36] WHY-NOT APUS px 9.4200 | crowd #2 $5402k held 1.0m, gainer #3 | NO CROWD: not top 2 held 2m, not ripping, not a top gainer with $1000k
2026-10-07 14:50:02,940 INFO [v36b] WHY-NOT APUS px 9.4200 | crowd #2 $5402k held 1.0m, gainer #3 | NO CROWD: not top 2 held 2m, not ripping, not a top gainer with $1000k
2026-10-07 14:50:33,164 INFO [v36b] WHY-NOT SNXX px 16.0950 | crowd #1 $10320k held 20.6m, gainer #19 | NO PATTERN: no rip | last candles GR, vol 1.2x the 5 before (high break needs 2.0x)
2026-10-07 14:50:33,849 INFO [v36] WHY-NOT SNXX px 16.0901 | crowd #1 $10320k held 20.6m, gainer #19 | NO PATTERN: no rip | last candles GR, vol 1.2x the 5 before (high break needs 2.0x)
2026-10-07 14:50:53,404 INFO [v36] WHY-NOT DKI px 3.1600 | crowd #- $0k, gainer #2 | NO CROWD: not top 2 held 2m, not ripping, not a top gainer with $1000k
2026-10-07 14:50:53,410 INFO [v36b] WHY-NOT DKI px 3.1600 | crowd #- $0k, gainer #2 | NO CROWD: not top 2 held 2m, not ripping, not a top gainer with $1000k
2026-10-07 14:51:01,682 INFO [v36] WHY-NOT LGCL px 2.7300 | crowd #3 $827k, gainer #5 | NO CROWD: not top 2 held 2m, not ripping, not a top gainer with $1000k
2026-10-07 14:51:01,682 INFO [v36b] WHY-NOT LGCL px 2.7300 | crowd #3 $827k, gainer #5 | NO CROWD: not top 2 held 2m, not ripping, not a top gainer with $1000k
2026-10-07 14:51:03,088 INFO [v36] WHY-NOT APUS px 9.4500 | crowd #2 $5829k held 2.1m, gainer #3 | WAIT: hod trigger 9.7600
2026-10-07 14:51:03,089 INFO [v36b] WHY-NOT APUS px 9.4500 | crowd #2 $5829k held 2.1m, gainer #3 | WAIT: hod trigger 9.7600
2026-10-07 14:51:33,807 INFO [v36b] WHY-NOT SNXX px 16.0423 | crowd #1 $12136k held 21.6m, gainer #19 | NO PATTERN: no rip | last candles RG, vol 0.7x the 5 before (high break needs 2.0x)
2026-10-07 14:51:33,911 INFO [v36] WHY-NOT SNXX px 16.0500 | crowd #1 $12136k held 21.6m, gainer #19 | NO PATTERN: no rip | last candles RG, vol 0.7x the 5 before (high break needs 2.0x)
2026-10-07 14:51:53,419 INFO [v36] WHY-NOT DKI px 3.3000 | crowd #- $0k, gainer #2 | NO CROWD: not top 2 held 2m, not ripping, not a top gainer with $1000k
2026-10-07 14:51:53,419 INFO [v36b] WHY-NOT DKI px 3.3000 | crowd #- $0k, gainer #2 | NO CROWD: not top 2 held 2m, not ripping, not a top gainer with $1000k
2026-10-07 14:52:04,650 INFO [v36b] WHY-NOT APUS px 9.4000 | crowd #2 $5950k held 3.1m, gainer #3 | WAIT: hod trigger 9.7600
2026-10-07 14:52:04,724 INFO [v36] WHY-NOT APUS px 9.4000 | crowd #2 $5950k held 3.1m, gainer #3 | WAIT: hod trigger 9.7600
2026-10-07 14:52:34,473 INFO [v36] WHY-NOT SNXX px 16.0200 | crowd #1 $8385k held 22.6m, gainer #19 | NO PATTERN: no rip | last candles GR, vol 0.7x the 5 before (high break needs 2.0x)
2026-10-07 14:52:34,473 INFO [v36b] WHY-NOT SNXX px 16.0200 | crowd #1 $8385k held 22.6m, gainer #19 | NO PATTERN: no rip | last candles GR, vol 0.7x the 5 before (high break needs 2.0x)
2026-10-07 14:53:05,460 INFO [v36b] WHY-NOT APUS px 9.5300 | crowd #3 $4775k, gainer #3 | NO CROWD: not top 2 held 2m, not ripping, not a top gainer with $1000k
2026-10-07 14:53:05,503 INFO [v36] WHY-NOT APUS px 9.5300 | crowd #3 $4775k, gainer #3 | NO CROWD: not top 2 held 2m, not ripping, not a top gainer with $1000k
2026-10-07 14:53:35,461 INFO [v36] WHY-NOT SNXX px 16.0050 | crowd #1 $13691k held 23.6m, gainer #20 | NO PATTERN: no rip | last candles RR, vol 1.5x the 5 before (high break needs 2.0x)
2026-10-07 14:53:35,462 INFO [v36b] WHY-NOT SNXX px 16.0050 | crowd #1 $13691k held 23.6m, gainer #20 | NO PATTERN: no rip | last candles RR, vol 1.5x the 5 before (high break needs 2.0x)
2026-10-07 14:54:05,582 INFO [v36] WHY-NOT APUS px 9.6701 | crowd #3 $2654k, gainer #3 | NO CROWD: not top 2 held 2m, not ripping, not a top gainer with $1000k
2026-10-07 14:54:05,583 INFO [v36b] WHY-NOT APUS px 9.6701 | crowd #3 $2654k, gainer #3 | NO CROWD: not top 2 held 2m, not ripping, not a top gainer with $1000k
2026-10-07 14:54:35,592 INFO [v36] WHY-NOT SNXX px 15.9800 | crowd #1 $9819k held 24.6m, gainer #20 | NO PATTERN: no rip | last candles RR, vol 1.2x the 5 before (high break needs 2.0x)
2026-10-07 14:54:35,592 INFO [v36b] WHY-NOT SNXX px 15.9800 | crowd #1 $9819k held 24.6m, gainer #20 | NO PATTERN: no rip | last candles RR, vol 1.2x the 5 before (high break needs 2.0x)
2026-10-07 14:55:05,808 INFO [v36] WHY-NOT APUS px 9.2250 | crowd #2 $6365k held 0.1m, gainer #4 | NO CROWD: not top 2 held 2m, not ripping, not a top gainer with $1000k
2026-10-07 14:55:05,809 INFO [v36b] WHY-NOT APUS px 9.2250 | crowd #2 $6365k held 0.1m, gainer #4 | NO CROWD: not top 2 held 2m, not ripping, not a top gainer with $1000k
2026-10-07 14:55:28,639 INFO [v36] WHY-NOT SBFM px 1.0000 | crowd #- $0k, gainer #1 | NO CROWD: not top 2 held 2m, not ripping, not a top gainer with $1000k
2026-10-07 14:55:28,640 INFO [v36b] WHY-NOT SBFM px 1.0000 | crowd #- $0k, gainer #1 | NO CROWD: not top 2 held 2m, not ripping, not a top gainer with $1000k
2026-10-07 14:55:36,613 INFO [v36] WHY-NOT SNXX px 15.9700 | crowd #1 $14189k held 25.6m, gainer #22 | NO PATTERN: no rip | last candles RG, vol 0.8x the 5 before (high break needs 2.0x)
2026-10-07 14:55:36,614 INFO [v36b] WHY-NOT SNXX px 15.9700 | crowd #1 $14189k held 25.6m, gainer #22 | NO PATTERN: no rip | last candles RG, vol 0.8x the 5 before (high break needs 2.0x)
2026-10-07 14:56:06,242 INFO [v36] WHY-NOT APUS px 9.3700 | crowd #2 $5935k held 1.1m, gainer #4 | NO CROWD: not top 2 held 2m, not ripping, not a top gainer with $1000k
2026-10-07 14:56:06,243 INFO [v36b] WHY-NOT APUS px 9.3700 | crowd #2 $5935k held 1.1m, gainer #4 | NO CROWD: not top 2 held 2m, not ripping, not a top gainer with $1000k
2026-10-07 14:56:35,997 INFO [v36] WHY-NOT SNDG px 9.9300 | crowd #- $0k, gainer #1 | NO CROWD: not top 2 held 2m, not ripping, not a top gainer with $1000k
2026-10-07 14:56:35,997 INFO [v36b] WHY-NOT SNDG px 9.9300 | crowd #- $0k, gainer #1 | NO CROWD: not top 2 held 2m, not ripping, not a top gainer with $1000k
2026-10-07 14:56:37,252 INFO [v36] WHY-NOT SNXX px 16.0450 | crowd #1 $11764k held 26.6m, gainer #22 | NO PATTERN: no rip | last candles GG, vol 0.5x the 5 before (high break needs 2.0x)
2026-10-07 14:56:37,252 INFO [v36b] WHY-NOT SNXX px 16.0450 | crowd #1 $11764k held 26.6m, gainer #22 | NO PATTERN: no rip | last candles GG, vol 0.5x the 5 before (high break needs 2.0x)
2026-10-07 14:57:00,264 INFO [v36] WHY-NOT NAUT px 2.0300 | crowd #3 $221k, gainer #3 | NO FLOAT: 74.7M > 20M
2026-10-07 14:57:00,264 INFO [v36b] WHY-NOT NAUT px 2.0300 | crowd #3 $221k, gainer #3 | NO FLOAT: 74.7M > 20M
2026-10-07 14:57:01,408 INFO [v36] WHY-NOT SNXX px 16.0100 | crowd #1 $1944k held 0.0m, gainer #8 | NO CROWD: not top 2 held 2m, not ripping, not a top gainer with $1000k
2026-10-07 14:57:01,408 INFO [v36b] WHY-NOT SNXX px 16.0100 | crowd #1 $1944k held 0.0m, gainer #8 | NO CROWD: not top 2 held 2m, not ripping, not a top gainer with $1000k
2026-10-07 14:57:01,453 INFO [v36] WHY-NOT APUS px 9.2400 | crowd #2 $806k held 0.0m, gainer #1 | NO CROWD: not top 2 held 2m, not ripping, not a top gainer with $1000k
2026-10-07 14:57:01,453 INFO [v36b] WHY-NOT APUS px 9.2400 | crowd #2 $806k held 0.0m, gainer #1 | NO CROWD: not top 2 held 2m, not ripping, not a top gainer with $1000k
2026-10-07 14:57:06,776 INFO [v36] WHY-NOT APUS px 9.3274 | crowd #2 $7128k held 2.1m, gainer #4 | WAIT: hod trigger 9.8900
2026-10-07 14:57:06,777 INFO [v36b] WHY-NOT APUS px 9.3274 | crowd #2 $7128k held 2.1m, gainer #4 | WAIT: hod trigger 9.8900
2026-10-07 14:57:09,208 INFO [v36] WHY-NOT FFR px 1.6700 | crowd #7 $16k, gainer #2 | NO CROWD: not top 2 held 2m, not ripping, not a top gainer with $1000k
2026-10-07 14:57:09,208 INFO [v36b] WHY-NOT FFR px 1.6700 | crowd #7 $16k, gainer #2 | NO CROWD: not top 2 held 2m, not ripping, not a top gainer with $1000k
2026-10-07 14:57:10,109 INFO [v36] WHY-NOT SBFM px 1.0000 | crowd #3 $6106k, gainer #1 | NO PATTERN: no rip | last candles GR, vol 1.8x the 5 before (high break needs 2.0x)
2026-10-07 14:57:10,110 INFO [v36b] WHY-NOT SBFM px 1.0000 | crowd #3 $6106k, gainer #1 | NO PATTERN: no rip | last candles GR, vol 1.8x the 5 before (high break needs 2.0x)
2026-10-07 14:58:00,009 INFO [v36b] WHY-NOT DKI px 2.3250 | crowd #- $0k, gainer #2 | NO CROWD: not top 2 held 2m, not ripping, not a top gainer with $1000k
2026-10-07 14:58:00,060 INFO [v36] WHY-NOT DKI px 2.3250 | crowd #- $0k, gainer #2 | NO CROWD: not top 2 held 2m, not ripping, not a top gainer with $1000k
2026-10-07 14:58:00,630 INFO [v36] WHY-NOT SBFM px 1.0000 | crowd #- $0k, gainer #1 | NO CROWD: not top 2 held 2m, not ripping, not a top gainer with $1000k
2026-10-07 14:58:00,630 INFO [v36b] WHY-NOT SBFM px 1.0000 | crowd #- $0k, gainer #1 | NO CROWD: not top 2 held 2m, not ripping, not a top gainer with $1000k
2026-10-07 14:58:01,552 INFO [v36] WHY-NOT APUS px 9.2600 | crowd #2 $806k held 1.0m, gainer #3 | NO CROWD: not top 2 held 2m, not ripping, not a top gainer with $1000k
2026-10-07 14:58:01,552 INFO [v36b] WHY-NOT APUS px 9.2600 | crowd #2 $806k held 1.0m, gainer #3 | NO CROWD: not top 2 held 2m, not ripping, not a top gainer with $1000k
2026-10-07 14:58:02,644 INFO [v36] WHY-NOT SNXX px 16.0150 | crowd #1 $1944k held 1.0m, gainer #12 | NO CROWD: not top 2 held 2m, not ripping, not a top gainer with $1000k
2026-10-07 14:58:02,644 INFO [v36b] WHY-NOT SNXX px 16.0150 | crowd #1 $1944k held 1.0m, gainer #12 | NO CROWD: not top 2 held 2m, not ripping, not a top gainer with $1000k
2026-10-07 14:58:05,262 INFO [v36] WHY-NOT NAUT px 2.0350 | crowd #3 $221k, gainer #6 | NO FLOAT: 74.7M > 20M
2026-10-07 14:58:05,262 INFO [v36b] WHY-NOT NAUT px 2.0350 | crowd #3 $221k, gainer #6 | NO FLOAT: 74.7M > 20M
2026-10-07 14:59:00,211 INFO [v36] WHY-NOT DKI px 2.4665 | crowd #4 $852k, gainer #2 | NO CROWD: not top 2 held 2m, not ripping, not a top gainer with $1000k
2026-10-07 14:59:00,212 INFO [v36b] WHY-NOT DKI px 2.4665 | crowd #3 $2482k, gainer #2 | NO PATTERN: no rip | last candles RG, vol 0.0x the 5 before (high break needs 2.0x)
2026-10-07 14:59:00,658 INFO [v36] WHY-NOT SBFM px 1.0150 | crowd #1 $5564k held 0.0m, gainer #1 | NO PATTERN: no rip | last candles GG, vol 0.0x the 5 before (high break needs 2.0x)
2026-10-07 14:59:00,659 INFO [v36b] WHY-NOT SBFM px 1.0150 | crowd #1 $5564k held 0.0m, gainer #1 | NO PATTERN: no rip | last candles GG, vol 0.0x the 5 before (high break needs 2.0x)
2026-10-07 14:59:01,726 INFO [v36] WHY-NOT APUS px 9.2400 | crowd #3 $1505k, gainer #3 | NO CROWD: not top 2 held 2m, not ripping, not a top gainer with $1000k
2026-10-07 14:59:03,299 INFO [v36] WHY-NOT SNXX px 16.0500 | crowd #2 $3889k held 2.1m, gainer #13 | NO PATTERN: no rip | last candles GG, vol 0.6x the 5 before (high break needs 2.0x)
2026-10-07 14:59:03,300 INFO [v36b] WHY-NOT SNXX px 16.0500 | crowd #2 $3889k held 2.1m, gainer #13 | NO PATTERN: no rip | last candles GG, vol 0.6x the 5 before (high break needs 2.0x)
2026-10-07 15:00:00,282 INFO [v36] WHY-NOT DKI px 2.3650 | crowd #3 $2482k, gainer #2 | NO PATTERN: no rip | last candles GR, vol 0.5x the 5 before (high break needs 2.0x)
2026-10-07 15:00:00,282 INFO [v36b] WHY-NOT DKI px 2.3650 | crowd #3 $2482k, gainer #2 | NO PATTERN: no rip | last candles GR, vol 0.5x the 5 before (high break needs 2.0x)
2026-10-07 15:00:00,697 INFO [v36] WHY-NOT SBFM px 1.0500 | crowd #1 $5564k held 1.0m, gainer #1 | NO PATTERN: no rip | last candles GG, vol 0.9x the 5 before (high break needs 2.0x)
2026-10-07 15:00:00,697 INFO [v36b] WHY-NOT SBFM px 1.0500 | crowd #1 $5564k held 1.0m, gainer #1 | NO PATTERN: no rip | last candles GG, vol 0.9x the 5 before (high break needs 2.0x)
2026-10-07 15:00:03,617 INFO [v36] WHY-NOT SNXX px 16.0710 | crowd #2 $3889k held 3.1m, gainer #16 | NO PATTERN: no rip | last candles GG, vol 1.3x the 5 before (high break needs 2.0x)
2026-10-07 15:00:03,617 INFO [v36b] WHY-NOT SNXX px 16.0710 | crowd #2 $3889k held 3.1m, gainer #16 | NO PATTERN: no rip | last candles GG, vol 1.3x the 5 before (high break needs 2.0x)
2026-10-07 15:01:00,307 INFO [v36] WHY-NOT DKI px 2.5700 | crowd #3 $3141k, gainer #2 | NO PATTERN: no rip | last candles RG, vol 1.3x the 5 before (high break needs 2.0x)
2026-10-07 15:01:00,307 INFO [v36b] WHY-NOT DKI px 2.5700 | crowd #3 $3141k, gainer #2 | NO PATTERN: no rip | last candles RG, vol 1.3x the 5 before (high break needs 2.0x)
2026-10-07 15:01:00,975 INFO [v36] WHY-NOT SBFM px 1.0150 | crowd #1 $8087k held 2.0m, gainer #1 | NO PATTERN: no rip | last candles GR, vol 0.5x the 5 before (high break needs 2.0x)
2026-10-07 15:01:00,975 INFO [v36b] WHY-NOT SBFM px 1.0150 | crowd #1 $8087k held 2.0m, gainer #1 | NO PATTERN: no rip | last candles GR, vol 0.5x the 5 before (high break needs 2.0x)
2026-10-07 15:01:04,842 INFO [v36] WHY-NOT SNXX px 16.1050 | crowd #2 $3652k held 4.1m, gainer #18 | WAIT: hod trigger 16.3110
2026-10-07 15:01:04,843 INFO [v36b] WHY-NOT SNXX px 16.1050 | crowd #2 $3652k held 4.1m, gainer #18 | WAIT: hod trigger 16.3110
2026-10-07 15:02:00,551 INFO [v36] WHY-NOT DKI px 2.2700 | crowd #3 $3681k, gainer #2 | NO PATTERN: no rip | last candles GR, vol 0.7x the 5 before (high break needs 2.0x)
2026-10-07 15:02:00,551 INFO [v36b] WHY-NOT DKI px 2.2700 | crowd #3 $3681k, gainer #2 | NO PATTERN: no rip | last candles GR, vol 0.7x the 5 before (high break needs 2.0x)
2026-10-07 15:02:05,674 INFO [v36] WHY-NOT SNXX px 16.0650 | crowd #1 $8260k held 5.1m, gainer #19 | NO PATTERN: no rip | last candles GR, vol 1.0x the 5 before (high break needs 2.0x)
2026-10-07 15:02:05,674 INFO [v36b] WHY-NOT SNXX px 16.0650 | crowd #1 $8260k held 5.1m, gainer #19 | NO PATTERN: no rip | last candles GR, vol 1.0x the 5 before (high break needs 2.0x)
2026-10-07 15:03:00,552 INFO [v36] WHY-NOT DKI px 2.8100 | crowd #3 $4787k, gainer #2 | NO PATTERN: no rip | last candles RG, vol 1.7x the 5 before (high break needs 2.0x)
2026-10-07 15:03:00,553 INFO [v36b] WHY-NOT DKI px 2.8100 | crowd #3 $4787k, gainer #2 | NO PATTERN: no rip | last candles RG, vol 1.7x the 5 before (high break needs 2.0x)
2026-10-07 15:03:06,211 INFO [v36] WHY-NOT SNXX px 16.0841 | crowd #1 $9639k held 6.1m, gainer #19 | NO PATTERN: no rip | last candles RG, vol 0.4x the 5 before (high break needs 2.0x)
2026-10-07 15:03:06,211 INFO [v36b] WHY-NOT SNXX px 16.0841 | crowd #1 $9639k held 6.1m, gainer #19 | NO PATTERN: no rip | last candles RG, vol 0.4x the 5 before (high break needs 2.0x)
2026-10-07 15:04:00,228 INFO [v36] WHY-NOT APUS px 9.3832 | crowd #3 $3900k, gainer #4 | NO CROWD: not top 2 held 2m, not ripping, not a top gainer with $1000k
2026-10-07 15:04:00,229 INFO [v36b] WHY-NOT APUS px 9.3832 | crowd #3 $3900k, gainer #4 | NO CROWD: not top 2 held 2m, not ripping, not a top gainer with $1000k
2026-10-07 15:04:00,555 INFO [v36] WHY-NOT DKI px 2.7422 | crowd #2 $5854k held 0.0m, gainer #2 | NO PATTERN: no rip | last candles GR, vol 1.2x the 5 before (high break needs 2.0x)
2026-10-07 15:04:00,556 INFO [v36b] WHY-NOT DKI px 2.7422 | crowd #2 $5854k held 0.0m, gainer #2 | NO PATTERN: no rip | last candles GR, vol 1.2x the 5 before (high break needs 2.0x)
2026-10-07 15:04:06,836 INFO [v36] WHY-NOT SNXX px 16.0377 | crowd #1 $9869k held 7.1m, gainer #20 | NO PATTERN: no rip | last candles GR, vol 0.4x the 5 before (high break needs 2.0x)
2026-10-07 15:04:06,836 INFO [v36b] WHY-NOT SNXX px 16.0377 | crowd #1 $9869k held 7.1m, gainer #20 | NO PATTERN: no rip | last candles GR, vol 0.4x the 5 before (high break needs 2.0x)
2026-10-07 15:05:01,089 INFO [v36] WHY-NOT DKI px 2.6800 | crowd #1 $5718k held 1.0m, gainer #2 | NO PATTERN: no rip | last candles RR, vol 0.9x the 5 before (high break needs 2.0x)
2026-10-07 15:05:01,090 INFO [v36b] WHY-NOT DKI px 2.6800 | crowd #1 $5718k held 1.0m, gainer #2 | NO PATTERN: no rip | last candles RR, vol 0.9x the 5 before (high break needs 2.0x)
2026-10-07 15:05:01,480 INFO [v36] WHY-NOT APUS px 9.4500 | crowd #3 $3211k, gainer #4 | NO CROWD: not top 2 held 2m, not ripping, not a top gainer with $1000k
2026-10-07 15:05:01,480 INFO [v36b] WHY-NOT APUS px 9.4500 | crowd #3 $3211k, gainer #4 | NO CROWD: not top 2 held 2m, not ripping, not a top gainer with $1000k
2026-10-07 15:05:07,332 INFO [v36] WHY-NOT SNXX px 16.0600 | crowd #2 $5441k held 8.1m, gainer #19 | NO PATTERN: no rip | last candles RG, vol 0.5x the 5 before (high break needs 2.0x)
2026-10-07 15:05:07,332 INFO [v36b] WHY-NOT SNXX px 16.0600 | crowd #2 $5441k held 8.1m, gainer #19 | NO PATTERN: no rip | last candles RG, vol 0.5x the 5 before (high break needs 2.0x)
2026-10-07 15:06:01,147 INFO [v36b] WHY-NOT DKI px 2.6900 | crowd #1 $6044k held 2.0m, gainer #2 | NO PATTERN: no rip | last candles RG, vol 0.7x the 5 before (high break needs 2.0x)
2026-10-07 15:06:01,219 INFO [v36] WHY-NOT DKI px 2.6900 | crowd #1 $6044k held 2.0m, gainer #2 | NO PATTERN: no rip | last candles RG, vol 0.7x the 5 before (high break needs 2.0x)
2026-10-07 15:06:02,976 INFO [v36] WHY-NOT APUS px 9.4400 | crowd #3 $2724k, gainer #3 | NO CROWD: not top 2 held 2m, not ripping, not a top gainer with $1000k
2026-10-07 15:06:02,976 INFO [v36b] WHY-NOT APUS px 9.4400 | crowd #3 $2724k, gainer #3 | NO CROWD: not top 2 held 2m, not ripping, not a top gainer with $1000k
2026-10-07 15:06:09,630 INFO [v36] WHY-NOT SNXX px 16.0350 | crowd #2 $4366k held 9.2m, gainer #19 | NO PATTERN: no rip | last candles GR, vol 0.5x the 5 before (high break needs 2.0x)
2026-10-07 15:06:09,630 INFO [v36b] WHY-NOT SNXX px 16.0350 | crowd #2 $4366k held 9.2m, gainer #19 | NO PATTERN: no rip | last candles GR, vol 0.5x the 5 before (high break needs 2.0x)
2026-10-07 15:07:01,188 INFO [v36b] WHY-NOT DKI px 2.6743 | crowd #1 $5150k held 3.0m, gainer #2 | NO PATTERN: no rip | last candles GR, vol 0.8x the 5 before (high break needs 2.0x)
2026-10-07 15:07:01,369 INFO [v36] WHY-NOT DKI px 2.6700 | crowd #1 $5150k held 3.0m, gainer #2 | NO PATTERN: no rip | last candles GR, vol 0.8x the 5 before (high break needs 2.0x)
2026-10-07 15:07:05,106 INFO [v36] WHY-NOT APUS px 9.3050 | crowd #3 $2387k, gainer #3 | NO CROWD: not top 2 held 2m, not ripping, not a top gainer with $1000k
2026-10-07 15:07:05,107 INFO [v36b] WHY-NOT APUS px 9.3050 | crowd #3 $2387k, gainer #3 | NO CROWD: not top 2 held 2m, not ripping, not a top gainer with $1000k
2026-10-07 15:07:10,631 INFO [v36] WHY-NOT SNXX px 16.0350 | crowd #2 $5145k held 10.2m, gainer #21 | NO PATTERN: no rip | last candles R-, vol 1.3x the 5 before (high break needs 2.0x)
2026-10-07 15:07:10,631 INFO [v36b] WHY-NOT SNXX px 16.0350 | crowd #2 $5145k held 10.2m, gainer #21 | NO PATTERN: no rip | last candles R-, vol 1.3x the 5 before (high break needs 2.0x)
2026-10-07 15:08:01,253 INFO [v36b] WHY-NOT DKI px 2.5000 | crowd #2 $3963k held 4.0m, gainer #2 | NO PATTERN: no rip | last candles RR, vol 0.4x the 5 before (high break needs 2.0x)
2026-10-07 15:08:01,526 INFO [v36] WHY-NOT DKI px 2.4900 | crowd #2 $3963k held 4.0m, gainer #2 | NO PATTERN: no rip | last candles RR, vol 0.4x the 5 before (high break needs 2.0x)
2026-10-07 15:08:11,263 INFO [v36] WHY-NOT SNXX px 16.1225 | crowd #1 $7045k held 11.2m, gainer #21 | NO PATTERN: no rip | last candles -G, vol 2.3x the 5 before (high break needs 2.0x)
2026-10-07 15:08:11,263 INFO [v36b] WHY-NOT SNXX px 16.1225 | crowd #1 $7045k held 11.2m, gainer #21 | NO PATTERN: no rip | last candles -G, vol 2.3x the 5 before (high break needs 2.0x)
2026-10-07 15:08:39,559 INFO [v36] WHY-NOT SBFM px 1.0000 | crowd #4 $1417k, gainer #1 | NO PATTERN: no rip | last candles -G, vol 0.9x the 5 before (high break needs 2.0x)
2026-10-07 15:08:39,560 INFO [v36b] WHY-NOT SBFM px 1.0000 | crowd #4 $1417k, gainer #1 | NO PATTERN: no rip | last candles -G, vol 0.9x the 5 before (high break needs 2.0x)
2026-10-07 15:09:01,487 INFO [v36b] WHY-NOT DKI px 2.3006 | crowd #2 $2708k held 5.0m, gainer #2 | NO PATTERN: no rip | last candles RR, vol 1.0x the 5 before (high break needs 2.0x)
2026-10-07 15:09:01,677 INFO [v36] WHY-NOT DKI px 2.3000 | crowd #2 $2708k held 5.0m, gainer #2 | NO PATTERN: no rip | last candles RR, vol 1.0x the 5 before (high break needs 2.0x)
2026-10-07 15:09:12,482 INFO [v36] WHY-NOT SNXX px 16.0702 | crowd #1 $5776k held 12.2m, gainer #24 | NO PATTERN: no rip | last candles GR, vol 1.2x the 5 before (high break needs 2.0x)
2026-10-07 15:09:12,482 INFO [v36b] WHY-NOT SNXX px 16.0702 | crowd #1 $5776k held 12.2m, gainer #24 | NO PATTERN: no rip | last candles GR, vol 1.2x the 5 before (high break needs 2.0x)
2026-10-07 15:09:39,566 INFO [v36] WHY-NOT SBFM px 1.0750 | crowd #4 $1417k, gainer #1 | NO PATTERN: no rip | last candles GG, vol 2.0x the 5 before (high break needs 2.0x)
2026-10-07 15:09:39,566 INFO [v36b] WHY-NOT SBFM px 1.0750 | crowd #4 $1417k, gainer #1 | NO PATTERN: no rip | last candles GG, vol 2.0x the 5 before (high break needs 2.0x)
2026-10-07 15:10:00,270 INFO [v36] WHY-NOT APUS px 8.8800 | crowd #3 $3131k, gainer #3 | NO CROWD: not top 2 held 2m, not ripping, not a top gainer with $1000k
2026-10-07 15:10:00,271 INFO [v36b] WHY-NOT APUS px 8.8800 | crowd #3 $3131k, gainer #3 | NO CROWD: not top 2 held 2m, not ripping, not a top gainer with $1000k
2026-10-07 15:10:01,773 INFO [v36] WHY-NOT DKI px 2.3599 | crowd #4 $3102k, gainer #2 | NO PATTERN: no rip | last candles RG, vol 0.5x the 5 before (high break needs 2.0x)
2026-10-07 15:10:01,773 INFO [v36b] WHY-NOT DKI px 2.3599 | crowd #4 $3102k, gainer #2 | NO PATTERN: no rip | last candles RG, vol 0.5x the 5 before (high break needs 2.0x)
2026-10-07 15:10:12,652 INFO [v36] WHY-NOT SNXX px 16.1150 | crowd #1 $8243k held 13.2m, gainer #22 | NO PATTERN: no rip | last candles RG, vol 0.9x the 5 before (high break needs 2.0x)
2026-10-07 15:10:12,653 INFO [v36b] WHY-NOT SNXX px 16.1150 | crowd #1 $8243k held 13.2m, gainer #22 | NO PATTERN: no rip | last candles RG, vol 0.9x the 5 before (high break needs 2.0x)
2026-10-07 15:10:39,602 INFO [v36] WHY-NOT SBFM px 1.0600 | crowd #2 $7436k held 0.7m, gainer #1 | NO PATTERN: no rip | last candles GG, vol 1.7x the 5 before (high break needs 2.0x)
2026-10-07 15:10:39,603 INFO [v36b] WHY-NOT SBFM px 1.0600 | crowd #2 $7436k held 0.7m, gainer #1 | NO PATTERN: no rip | last candles GG, vol 1.7x the 5 before (high break needs 2.0x)
2026-10-07 15:11:00,657 INFO [v36] WHY-NOT APUS px 8.9435 | crowd #3 $2598k, gainer #4 | NO CROWD: not top 2 held 2m, not ripping, not a top gainer with $1000k
2026-10-07 15:11:00,657 INFO [v36b] WHY-NOT APUS px 8.9435 | crowd #3 $2598k, gainer #4 | NO CROWD: not top 2 held 2m, not ripping, not a top gainer with $1000k
2026-10-07 15:11:02,268 INFO [v36] WHY-NOT DKI px 2.3600 | crowd #4 $1984k, gainer #2 | NO PATTERN: no rip | last candles GR, vol 0.6x the 5 before (high break needs 2.0x)
2026-10-07 15:11:02,268 INFO [v36b] WHY-NOT DKI px 2.3600 | crowd #4 $1984k, gainer #2 | NO PATTERN: no rip | last candles GR, vol 0.6x the 5 before (high break needs 2.0x)
2026-10-07 15:11:14,538 INFO [v36] WHY-NOT SNXX px 16.1200 | crowd #2 $6469k held 14.2m, gainer #22 | NO PATTERN: no rip | last candles GR, vol 0.8x the 5 before (high break needs 2.0x)
2026-10-07 15:11:14,539 INFO [v36b] WHY-NOT SNXX px 16.1200 | crowd #2 $6469k held 14.2m, gainer #22 | NO PATTERN: no rip | last candles GR, vol 0.8x the 5 before (high break needs 2.0x)
2026-10-07 15:11:39,614 INFO [v36] WHY-NOT SBFM px 1.0500 | crowd #1 $7436k held 1.7m, gainer #1 | NO PATTERN: no rip | last candles GR, vol 1.2x the 5 before (high break needs 2.0x)
2026-10-07 15:11:39,614 INFO [v36b] WHY-NOT SBFM px 1.0500 | crowd #1 $7436k held 1.7m, gainer #1 | NO PATTERN: no rip | last candles GR, vol 1.2x the 5 before (high break needs 2.0x)
2026-10-07 15:12:01,121 INFO [v36] WHY-NOT APUS px 8.9903 | crowd #3 $3025k, gainer #3 | NO CROWD: not top 2 held 2m, not ripping, not a top gainer with $1000k
2026-10-07 15:12:01,122 INFO [v36b] WHY-NOT APUS px 8.9903 | crowd #3 $3025k, gainer #3 | NO CROWD: not top 2 held 2m, not ripping, not a top gainer with $1000k
2026-10-07 15:12:02,618 INFO [v36] WHY-NOT DKI px 2.4200 | crowd #4 $1912k, gainer #2 | NO PATTERN: no rip | last candles RG, vol 0.7x the 5 before (high break needs 2.0x)
2026-10-07 15:12:02,618 INFO [v36b] WHY-NOT DKI px 2.4200 | crowd #4 $1912k, gainer #2 | NO PATTERN: no rip | last candles RG, vol 0.7x the 5 before (high break needs 2.0x)
2026-10-07 15:12:15,035 INFO [v36] WHY-NOT SNXX px 16.1300 | crowd #2 $5089k held 15.2m, gainer #21 | NO PATTERN: no rip | last candles RG, vol 0.5x the 5 before (high break needs 2.0x)
2026-10-07 15:12:15,036 INFO [v36b] WHY-NOT SNXX px 16.1300 | crowd #2 $5089k held 15.2m, gainer #21 | NO PATTERN: no rip | last candles RG, vol 0.5x the 5 before (high break needs 2.0x)
2026-10-07 15:12:39,615 INFO [v36] WHY-NOT SBFM px 1.0100 | crowd #1 $8303k held 2.7m, gainer #1 | NO PATTERN: no rip | last candles RR, vol 1.5x the 5 before (high break needs 2.0x)
2026-10-07 15:12:39,616 INFO [v36b] WHY-NOT SBFM px 1.0100 | crowd #1 $8303k held 2.7m, gainer #1 | NO PATTERN: no rip | last candles RR, vol 1.5x the 5 before (high break needs 2.0x)
2026-10-07 15:13:02,659 INFO [v36] WHY-NOT APUS px 8.9600 | crowd #3 $2396k, gainer #3 | NO CROWD: not top 2 held 2m, not ripping, not a top gainer with $1000k
2026-10-07 15:13:02,660 INFO [v36b] WHY-NOT APUS px 8.9600 | crowd #3 $2396k, gainer #3 | NO CROWD: not top 2 held 2m, not ripping, not a top gainer with $1000k
2026-10-07 15:13:02,680 INFO [v36] WHY-NOT DKI px 2.2800 | crowd #4 $1416k, gainer #2 | NO PATTERN: no rip | last candles GR, vol 0.6x the 5 before (high break needs 2.0x)
2026-10-07 15:13:02,680 INFO [v36b] WHY-NOT DKI px 2.2800 | crowd #4 $1416k, gainer #2 | NO PATTERN: no rip | last candles GR, vol 0.6x the 5 before (high break needs 2.0x)
2026-10-07 15:13:15,103 INFO [v36] WHY-NOT SNXX px 16.1300 | crowd #2 $4190k held 16.2m, gainer #21 | NO PATTERN: no rip | last candles GR, vol 1.5x the 5 before (high break needs 2.0x)
2026-10-07 15:13:15,104 INFO [v36b] WHY-NOT SNXX px 16.1300 | crowd #2 $4190k held 16.2m, gainer #21 | NO PATTERN: no rip | last candles GR, vol 1.5x the 5 before (high break needs 2.0x)
2026-10-07 15:13:39,774 INFO [v36] WHY-NOT SBFM px 1.0550 | crowd #1 $8155k held 3.7m, gainer #1 | NO PATTERN: no rip | last candles RG, vol 0.5x the 5 before (high break needs 2.0x)
2026-10-07 15:13:39,774 INFO [v36b] WHY-NOT SBFM px 1.0550 | crowd #1 $8155k held 3.7m, gainer #1 | NO PATTERN: no rip | last candles RG, vol 0.5x the 5 before (high break needs 2.0x)
2026-10-07 15:14:02,685 INFO [v36] WHY-NOT APUS px 8.9400 | crowd #3 $1580k, gainer #3 | NO CROWD: not top 2 held 2m, not ripping, not a top gainer with $1000k
2026-10-07 15:14:02,927 INFO [v36] WHY-NOT DKI px 2.2700 | crowd #4 $1265k, gainer #2 | NO PATTERN: no rip | last candles RR, vol 0.9x the 5 before (high break needs 2.0x)
2026-10-07 15:14:02,927 INFO [v36b] WHY-NOT DKI px 2.2700 | crowd #4 $1265k, gainer #2 | NO PATTERN: no rip | last candles RR, vol 0.9x the 5 before (high break needs 2.0x)
2026-10-07 15:14:03,126 INFO [v36b] WHY-NOT APUS px 8.9100 | crowd #3 $1580k, gainer #3 | NO CROWD: not top 2 held 2m, not ripping, not a top gainer with $1000k
2026-10-07 15:14:15,400 INFO [v36] WHY-NOT SNXX px 16.1600 | crowd #2 $5231k held 17.3m, gainer #21 | NO PATTERN: no rip | last candles RG, vol 1.9x the 5 before (high break needs 2.0x)
2026-10-07 15:14:15,401 INFO [v36b] WHY-NOT SNXX px 16.1600 | crowd #2 $5231k held 17.3m, gainer #21 | NO PATTERN: no rip | last candles RG, vol 1.9x the 5 before (high break needs 2.0x)
2026-10-07 15:14:39,793 INFO [v36] WHY-NOT SBFM px 1.1100 | crowd #1 $6515k held 4.7m, gainer #1 | NO PATTERN: no rip | last candles GG, vol 0.4x the 5 before (high break needs 2.0x)
2026-10-07 15:14:39,793 INFO [v36b] WHY-NOT SBFM px 1.1100 | crowd #1 $6515k held 4.7m, gainer #1 | NO PATTERN: no rip | last candles GG, vol 0.4x the 5 before (high break needs 2.0x)
2026-10-07 15:15:03,088 INFO [v36] WHY-NOT DKI px 2.2699 | crowd #4 $1604k, gainer #2 | NO PATTERN: no rip | last candles RR, vol 0.8x the 5 before (high break needs 2.0x)
2026-10-07 15:15:03,089 INFO [v36b] WHY-NOT DKI px 2.2699 | crowd #4 $1604k, gainer #2 | NO PATTERN: no rip | last candles RR, vol 0.8x the 5 before (high break needs 2.0x)
2026-10-07 15:15:03,155 INFO [v36b] WHY-NOT APUS px 9.1300 | crowd #3 $1968k, gainer #4 | NO CROWD: not top 2 held 2m, not ripping, not a top gainer with $1000k
2026-10-07 15:15:03,244 INFO [v36] WHY-NOT APUS px 9.1300 | crowd #3 $1968k, gainer #4 | NO CROWD: not top 2 held 2m, not ripping, not a top gainer with $1000k
2026-10-07 15:15:16,084 INFO [v36] WHY-NOT SNXX px 16.1600 | crowd #1 $9932k held 18.3m, gainer #20 | NO PATTERN: no rip | last candles GR, vol 1.3x the 5 before (high break needs 2.0x)
2026-10-07 15:15:16,085 INFO [v36b] WHY-NOT SNXX px 16.1600 | crowd #1 $9932k held 18.3m, gainer #20 | NO PATTERN: no rip | last candles GR, vol 1.3x the 5 before (high break needs 2.0x)
2026-10-07 15:15:39,940 INFO [v36] WHY-NOT SBFM px 1.0701 | crowd #2 $8181k held 5.7m, gainer #1 | NO PATTERN: no rip | last candles GR, vol 1.4x the 5 before (high break needs 2.0x)
2026-10-07 15:15:39,941 INFO [v36b] WHY-NOT SBFM px 1.0701 | crowd #2 $8181k held 5.7m, gainer #1 | NO PATTERN: no rip | last candles GR, vol 1.4x the 5 before (high break needs 2.0x)
2026-10-07 15:16:03,830 INFO [v36] WHY-NOT APUS px 9.1185 | crowd #3 $1173k, gainer #4 | NO CROWD: not top 2 held 2m, not ripping, not a top gainer with $1000k
2026-10-07 15:16:03,831 INFO [v36b] WHY-NOT APUS px 9.1185 | crowd #3 $1173k, gainer #4 | NO CROWD: not top 2 held 2m, not ripping, not a top gainer with $1000k
2026-10-07 15:16:04,049 INFO [v36] WHY-NOT DKI px 2.2500 | crowd #4 $1143k, gainer #2 | NO PATTERN: no rip | last candles RR, vol 0.5x the 5 before (high break needs 2.0x)
2026-10-07 15:16:04,049 INFO [v36b] WHY-NOT DKI px 2.2500 | crowd #4 $1143k, gainer #2 | NO PATTERN: no rip | last candles RR, vol 0.5x the 5 before (high break needs 2.0x)
2026-10-07 15:16:16,750 INFO [v36] WHY-NOT SNXX px 16.1900 | crowd #1 $8905k held 19.3m, gainer #20 | NO PATTERN: no rip | last candles RG, vol 1.4x the 5 before (high break needs 2.0x)
2026-10-07 15:16:16,751 INFO [v36b] WHY-NOT SNXX px 16.1900 | crowd #1 $8905k held 19.3m, gainer #20 | NO PATTERN: no rip | last candles RG, vol 1.4x the 5 before (high break needs 2.0x)
2026-10-07 15:16:39,962 INFO [v36] WHY-NOT SBFM px 1.1522 | crowd #2 $5244k held 6.7m, gainer #1 | NO PATTERN: no rip | last candles RG, vol 0.7x the 5 before (high break needs 2.0x)
2026-10-07 15:16:39,962 INFO [v36b] WHY-NOT SBFM px 1.1522 | crowd #2 $5244k held 6.7m, gainer #1 | NO PATTERN: no rip | last candles RG, vol 0.7x the 5 before (high break needs 2.0x)
2026-10-07 15:17:03,853 INFO [v36] WHY-NOT APUS px 8.9447 | crowd #3 $1768k, gainer #4 | NO CROWD: not top 2 held 2m, not ripping, not a top gainer with $1000k
2026-10-07 15:17:04,447 INFO [v36] WHY-NOT DKI px 2.1900 | crowd #4 $1020k, gainer #2 | NO PATTERN: no rip | last candles RR, vol 0.7x the 5 before (high break needs 2.0x)
2026-10-07 15:17:04,448 INFO [v36b] WHY-NOT DKI px 2.1900 | crowd #4 $1020k, gainer #2 | NO PATTERN: no rip | last candles RR, vol 0.7x the 5 before (high break needs 2.0x)
2026-10-07 15:17:04,456 INFO [v36b] WHY-NOT APUS px 8.9100 | crowd #3 $1768k, gainer #4 | NO CROWD: not top 2 held 2m, not ripping, not a top gainer with $1000k
2026-10-07 15:17:16,757 INFO [v36] WHY-NOT SNXX px 16.2000 | crowd #1 $9377k held 20.3m, gainer #19 | NO PATTERN: no rip | last candles GR, vol 1.3x the 5 before (high break needs 2.0x)
2026-10-07 15:17:16,757 INFO [v36b] WHY-NOT SNXX px 16.2000 | crowd #1 $9377k held 20.3m, gainer #19 | NO PATTERN: no rip | last candles GR, vol 1.3x the 5 before (high break needs 2.0x)
2026-10-07 15:17:40,013 INFO [v36] WHY-NOT SBFM px 1.2150 | crowd #2 $5515k held 7.7m, gainer #1 | NO PATTERN: no rip | last candles GG, vol 1.7x the 5 before (high break needs 2.0x)
2026-10-07 15:17:40,014 INFO [v36b] WHY-NOT SBFM px 1.2150 | crowd #2 $5515k held 7.7m, gainer #1 | NO PATTERN: no rip | last candles GG, vol 1.7x the 5 before (high break needs 2.0x)
2026-10-07 15:18:04,441 INFO [v36] WHY-NOT APUS px 8.9050 | crowd #3 $1751k, gainer #4 | NO CROWD: not top 2 held 2m, not ripping, not a top gainer with $1000k
2026-10-07 15:18:04,606 INFO [v36] WHY-NOT DKI px 2.2050 | crowd #5 $802k, gainer #2 | NO CROWD: not top 2 held 2m, not ripping, not a top gainer with $1000k
2026-10-07 15:18:04,606 INFO [v36b] WHY-NOT DKI px 2.2050 | crowd #5 $802k, gainer #2 | NO CROWD: not top 2 held 2m, not ripping, not a top gainer with $1000k
2026-10-07 15:18:05,889 INFO [v36b] WHY-NOT APUS px 8.8700 | crowd #3 $1751k, gainer #4 | NO CROWD: not top 2 held 2m, not ripping, not a top gainer with $1000k
2026-10-07 15:18:18,074 INFO [v36] WHY-NOT SNXX px 16.2044 | crowd #1 $9399k held 21.3m, gainer #19 | NO PATTERN: no rip | last candles RG, vol 1.1x the 5 before (high break needs 2.0x)
2026-10-07 15:18:18,075 INFO [v36b] WHY-NOT SNXX px 16.2044 | crowd #1 $9399k held 21.3m, gainer #19 | NO PATTERN: no rip | last candles RG, vol 1.1x the 5 before (high break needs 2.0x)
2026-10-07 15:18:40,018 INFO [v36] WHY-NOT SBFM px 1.2197 | crowd #2 $8157k held 8.7m, gainer #1 | NO PATTERN: no rip | last candles GG, vol 1.4x the 5 before (high break needs 2.0x)
2026-10-07 15:18:40,019 INFO [v36b] WHY-NOT SBFM px 1.2197 | crowd #2 $8157k held 8.7m, gainer #1 | NO PATTERN: no rip | last candles GG, vol 1.4x the 5 before (high break needs 2.0x)
2026-10-07 15:19:04,846 INFO [v36] WHY-NOT DKI px 2.1800 | crowd #5 $835k, gainer #2 | NO CROWD: not top 2 held 2m, not ripping, not a top gainer with $1000k
2026-10-07 15:19:04,846 INFO [v36b] WHY-NOT DKI px 2.1800 | crowd #5 $835k, gainer #2 | NO CROWD: not top 2 held 2m, not ripping, not a top gainer with $1000k
2026-10-07 15:19:05,954 INFO [v36] WHY-NOT APUS px 8.8550 | crowd #3 $1784k, gainer #4 | NO CROWD: not top 2 held 2m, not ripping, not a top gainer with $1000k
2026-10-07 15:19:05,955 INFO [v36b] WHY-NOT APUS px 8.8550 | crowd #3 $1784k, gainer #4 | NO CROWD: not top 2 held 2m, not ripping, not a top gainer with $1000k
2026-10-07 15:19:18,932 INFO [v36] WHY-NOT SNXX px 16.2027 | crowd #1 $10153k held 22.3m, gainer #20 | NO PATTERN: no rip | last candles GR, vol 1.0x the 5 before (high break needs 2.0x)
2026-10-07 15:19:18,932 INFO [v36b] WHY-NOT SNXX px 16.2027 | crowd #1 $10153k held 22.3m, gainer #20 | NO PATTERN: no rip | last candles GR, vol 1.0x the 5 before (high break needs 2.0x)
2026-10-07 15:20:05,170 INFO [v36] WHY-NOT DKI px 2.2301 | crowd #4 $1302k, gainer #2 | NO PATTERN: no rip | last candles RG, vol 1.4x the 5 before (high break needs 2.0x)
2026-10-07 15:20:05,171 INFO [v36b] WHY-NOT DKI px 2.2301 | crowd #4 $1302k, gainer #2 | NO PATTERN: no rip | last candles RG, vol 1.4x the 5 before (high break needs 2.0x)
2026-10-07 15:20:06,154 INFO [v36] WHY-NOT APUS px 8.9300 | crowd #3 $1674k, gainer #4 | NO CROWD: not top 2 held 2m, not ripping, not a top gainer with $1000k
2026-10-07 15:20:06,154 INFO [v36b] WHY-NOT APUS px 8.9300 | crowd #3 $1674k, gainer #4 | NO CROWD: not top 2 held 2m, not ripping, not a top gainer with $1000k
2026-10-07 15:20:18,940 INFO [v36] WHY-NOT SNXX px 16.2071 | crowd #1 $11356k held 23.3m, gainer #20 | NO PATTERN: no rip | last candles RR, vol 0.4x the 5 before (high break needs 2.0x)
2026-10-07 15:20:18,941 INFO [v36b] WHY-NOT SNXX px 16.2071 | crowd #1 $11356k held 23.3m, gainer #20 | NO PATTERN: no rip | last candles RR, vol 0.4x the 5 before (high break needs 2.0x)
2026-10-07 15:21:05,489 INFO [v36] WHY-NOT DKI px 2.4000 | crowd #5 $1068k, gainer #2 | WAIT: hod trigger 3.4800
2026-10-07 15:21:05,490 INFO [v36b] WHY-NOT DKI px 2.4000 | crowd #5 $1068k, gainer #2 | WAIT: hod trigger 3.4800
2026-10-07 15:21:06,463 INFO [v36] WHY-NOT APUS px 8.9600 | crowd #3 $1271k, gainer #4 | NO CROWD: not top 2 held 2m, not ripping, not a top gainer with $1000k
2026-10-07 15:21:06,464 INFO [v36b] WHY-NOT APUS px 8.9600 | crowd #3 $1271k, gainer #4 | NO CROWD: not top 2 held 2m, not ripping, not a top gainer with $1000k
2026-10-07 15:21:19,109 INFO [v36] WHY-NOT SNXX px 16.1620 | crowd #1 $7924k held 24.3m, gainer #20 | NO PATTERN: no rip | last candles RG, vol 0.5x the 5 before (high break needs 2.0x)
2026-10-07 15:21:19,109 INFO [v36b] WHY-NOT SNXX px 16.1620 | crowd #1 $7924k held 24.3m, gainer #20 | NO PATTERN: no rip | last candles RG, vol 0.5x the 5 before (high break needs 2.0x)
2026-10-07 15:27:22,623 INFO [v36] WHY-NOT DKI px 2.6698 | crowd #3 $4305k, gainer #2 | NO PATTERN: rip 11:20 alive | last candles GG, vol 1.9x the 5 before (high break needs 2.0x)
2026-10-07 15:27:22,627 INFO [v36b] WHY-NOT DKI px 2.6698 | crowd #3 $4305k, gainer #2 | NO PATTERN: rip 11:20 alive | last candles GG, vol 1.9x the 5 before (high break needs 2.0x)
2026-10-07 15:27:23,328 INFO [v36] WHY-NOT SNXX px 16.0550 | crowd #1 $15616k held 30.4m, gainer #21 | NO PATTERN: no rip | last candles RG, vol 0.3x the 5 before (high break needs 2.0x)
2026-10-07 15:27:23,329 INFO [v36b] WHY-NOT SNXX px 16.0550 | crowd #1 $15616k held 30.4m, gainer #21 | NO PATTERN: no rip | last candles RG, vol 0.3x the 5 before (high break needs 2.0x)
2026-10-07 15:28:38,300 INFO [v36] WHY-NOT DKI px 2.7300 | crowd #3 $4928k, gainer #2 | NO TAPE at the trigger 2.6800: 30s ask 0% bid 0% between 100% of 200 sh (100% by quote)
2026-10-07 15:28:38,300 INFO [v36b] WHY-NOT DKI px 2.7300 | crowd #3 $4928k, gainer #2 | NO TAPE at the trigger 2.6800: 30s ask 0% bid 0% between 100% of 200 sh (100% by quote)
2026-10-07 15:28:39,660 INFO [v36] WHY-NOT SNXX px 16.0200 | crowd #1 $13010k held 31.7m, gainer #20 | NO PATTERN: no rip | last candles GR, vol 0.3x the 5 before (high break needs 2.0x)
2026-10-07 15:28:43,900 INFO [v36b] WHY-NOT SNXX px 16.0200 | crowd #1 $13010k held 31.7m, gainer #20 | NO PATTERN: no rip | last candles GR, vol 0.3x the 5 before (high break needs 2.0x)
2026-10-07 15:31:42,873 INFO [v36] WHY-NOT SNXX px 16.0900 | crowd #2 $4418k held 34.7m, gainer #20 | NO PATTERN: no rip | last candles GG, vol 0.7x the 5 before (high break needs 2.0x)
2026-10-07 15:31:42,873 INFO [v36b] WHY-NOT SNXX px 16.0900 | crowd #2 $4418k held 34.7m, gainer #20 | NO PATTERN: no rip | last candles GG, vol 0.7x the 5 before (high break needs 2.0x)
2026-10-07 15:32:45,681 INFO [v36] WHY-NOT SNXX px 16.1400 | crowd #2 $4882k held 35.8m, gainer #19 | NO PATTERN: no rip | last candles GG, vol 1.5x the 5 before (high break needs 2.0x)
2026-10-07 15:32:45,682 INFO [v36b] WHY-NOT SNXX px 16.1400 | crowd #2 $4882k held 35.8m, gainer #19 | NO PATTERN: no rip | last candles GG, vol 1.5x the 5 before (high break needs 2.0x)
2026-10-07 15:34:22,741 INFO [v36] WHY-NOT SNXX px 16.1450 | crowd #1 $4990k held 37.4m, gainer #21 | NO PATTERN: no rip | last candles GR, vol 0.5x the 5 before (high break needs 2.0x)
2026-10-07 15:34:22,742 INFO [v36b] WHY-NOT SNXX px 16.1450 | crowd #1 $4990k held 37.4m, gainer #21 | NO PATTERN: no rip | last candles GR, vol 0.5x the 5 before (high break needs 2.0x)
2026-10-07 15:35:14,126 INFO [v36] WHY-NOT APUS px 9.0350 | crowd #2 $1996k held 0.0m, gainer #5 | NO CROWD: not top 2 held 2m, not ripping, not a top gainer with $1000k
2026-10-07 15:35:14,126 INFO [v36b] WHY-NOT APUS px 9.0350 | crowd #2 $1996k held 0.0m, gainer #5 | NO CROWD: not top 2 held 2m, not ripping, not a top gainer with $1000k
2026-10-07 15:35:14,276 INFO [v36] WHY-NOT FFR px 1.8200 | crowd #3 $369k, gainer #3 | NO CROWD: not top 2 held 2m, not ripping, not a top gainer with $1000k
2026-10-07 15:35:14,276 INFO [v36b] WHY-NOT FFR px 1.8200 | crowd #3 $369k, gainer #3 | NO CROWD: not top 2 held 2m, not ripping, not a top gainer with $1000k
2026-10-07 15:35:23,469 INFO [v36] WHY-NOT SNXX px 16.1550 | crowd #1 $5526k held 38.4m, gainer #19 | NO PATTERN: no rip | last candles RG, vol 1.2x the 5 before (high break needs 2.0x)
2026-10-07 15:35:23,469 INFO [v36b] WHY-NOT SNXX px 16.1550 | crowd #1 $5526k held 38.4m, gainer #19 | NO PATTERN: no rip | last candles RG, vol 1.2x the 5 before (high break needs 2.0x)
2026-10-07 15:35:41,120 INFO [v36] WHY-NOT SBFM px 1.2100 | crowd #- $0k, gainer #1 | NO CROWD: not top 2 held 2m, not ripping, not a top gainer with $1000k
2026-10-07 15:35:41,127 INFO [v36b] WHY-NOT SBFM px 1.2100 | crowd #- $0k, gainer #1 | NO CROWD: not top 2 held 2m, not ripping, not a top gainer with $1000k
2026-10-07 15:36:14,355 INFO [v36] WHY-NOT APUS px 8.9550 | crowd #2 $1944k held 1.0m, gainer #5 | NO CROWD: not top 2 held 2m, not ripping, not a top gainer with $1000k
2026-10-07 15:36:14,356 INFO [v36b] WHY-NOT APUS px 8.9550 | crowd #2 $1944k held 1.0m, gainer #5 | NO CROWD: not top 2 held 2m, not ripping, not a top gainer with $1000k
2026-10-07 15:36:32,335 INFO [v36] WHY-NOT SNXX px 16.2050 | crowd #1 $5008k held 39.5m, gainer #20 | NO PATTERN: no rip | last candles GG, vol 0.9x the 5 before (high break needs 2.0x)
2026-10-07 15:36:32,384 INFO [v36b] WHY-NOT SNXX px 16.2050 | crowd #1 $5008k held 39.5m, gainer #20 | NO PATTERN: no rip | last candles GG, vol 0.9x the 5 before (high break needs 2.0x)
2026-10-07 15:36:44,226 INFO [v36b] WHY-NOT SBFM px 1.2600 | crowd #3 $1855k, gainer #1 | NO PATTERN: no rip | last candles RG, vol 0.8x the 5 before (high break needs 2.0x)
2026-10-07 15:36:46,031 INFO [v36] WHY-NOT SBFM px 1.1001 | crowd #3 $1855k, gainer #1 | NO PATTERN: no rip | last candles RG, vol 0.8x the 5 before (high break needs 2.0x)
2026-10-07 15:36:47,149 INFO [v36] WHY-NOT DKI px 3.0700 | crowd #4 $1184k, gainer #2 | WAIT: hod trigger 3.4800
2026-10-07 15:36:47,415 INFO [v36b] WHY-NOT DKI px 3.0700 | crowd #4 $1184k, gainer #2 | WAIT: hod trigger 3.4800
2026-10-07 15:37:32,466 INFO [v36] WHY-NOT SNXX px 16.1651 | crowd #2 $5321k held 40.5m, gainer #19 | NO PATTERN: no rip | last candles GG, vol 1.4x the 5 before (high break needs 2.0x)
2026-10-07 15:37:44,596 INFO [v36b] WHY-NOT SNXX px 16.1651 | crowd #2 $5321k held 40.7m, gainer #19 | NO PATTERN: no rip | last candles GG, vol 1.4x the 5 before (high break needs 2.0x)
2026-10-07 15:38:00,873 INFO [v36b] WHY-NOT DKI px 3.3494 | crowd #1 $9588k held 0.9m, gainer #2 | WAIT: hod trigger 3.6400
2026-10-07 15:38:46,994 INFO [v36] WHY-NOT SNXX px 16.1602 | crowd #2 $6787k held 41.8m, gainer #22 | NO PATTERN: no rip | last candles GR, vol 1.5x the 5 before (high break needs 2.0x)
2026-10-07 15:38:46,994 INFO [v36b] WHY-NOT SNXX px 16.1602 | crowd #2 $6787k held 41.8m, gainer #22 | NO PATTERN: no rip | last candles GR, vol 1.5x the 5 before (high break needs 2.0x)
2026-10-07 15:39:02,805 INFO [v36b] WHY-NOT DKI px 3.1000 | crowd #1 $11140k held 2.0m, gainer #2 | WAIT: hod trigger 3.6400
2026-10-07 15:39:47,774 INFO [v36] WHY-NOT SNXX px 16.1500 | crowd #2 $6607k held 42.8m, gainer #20 | NO PATTERN: no rip | last candles RG, vol 1.0x the 5 before (high break needs 2.0x)
2026-10-07 15:39:47,774 INFO [v36b] WHY-NOT SNXX px 16.1500 | crowd #2 $6607k held 42.8m, gainer #20 | NO PATTERN: no rip | last candles RG, vol 1.0x the 5 before (high break needs 2.0x)
2026-10-07 15:40:04,221 INFO [v36b] WHY-NOT DKI px 3.2250 | crowd #1 $11862k held 3.0m, gainer #2 | WAIT: hod trigger 3.6400
2026-10-07 15:40:54,146 INFO [v36] WHY-NOT SNXX px 16.0850 | crowd #2 $6871k held 43.9m, gainer #21 | NO PATTERN: no rip | last candles GR, vol 0.9x the 5 before (high break needs 2.0x)
2026-10-07 15:40:54,146 INFO [v36b] WHY-NOT SNXX px 16.0850 | crowd #2 $6871k held 43.9m, gainer #21 | NO PATTERN: no rip | last candles GR, vol 0.9x the 5 before (high break needs 2.0x)
2026-10-07 15:41:11,478 INFO [v36b] WHY-NOT DKI px 3.2000 | crowd #1 $9532k held 4.1m, gainer #2 | WAIT: hod trigger 3.6400
2026-10-07 15:41:11,479 INFO [v36b] WHY-NOT NAUT px 2.0850 | crowd #3 $675k, gainer #9 | NO FLOAT: 74.7M > 20M
2026-10-07 15:41:11,663 INFO [v36] WHY-NOT NAUT px 2.0850 | crowd #3 $675k, gainer #9 | NO FLOAT: 74.7M > 20M
2026-10-07 15:42:53,743 INFO [v36] WHY-NOT SBFM px 1.2700 | crowd #- $0k, gainer #1 | NO CROWD: not top 2 held 2m, not ripping, not a top gainer with $1000k
2026-10-07 15:42:53,746 INFO [v36b] WHY-NOT SBFM px 1.2700 | crowd #- $0k, gainer #1 | NO CROWD: not top 2 held 2m, not ripping, not a top gainer with $1000k
2026-10-07 15:42:53,894 INFO [v36] WHY-NOT SNXX px 16.0899 | crowd #2 $4840k held 45.9m, gainer #22 | NO PATTERN: no rip | last candles RG, vol 0.4x the 5 before (high break needs 2.0x)
2026-10-07 15:42:53,895 INFO [v36b] WHY-NOT SNXX px 16.0899 | crowd #2 $4840k held 45.9m, gainer #22 | NO PATTERN: no rip | last candles RG, vol 0.4x the 5 before (high break needs 2.0x)
2026-10-07 15:42:54,050 INFO [v36b] WHY-NOT DKI px 2.9550 | crowd #1 $6837k held 5.8m, gainer #2 | WAIT: hod trigger 3.6400
2026-10-07 15:43:53,777 INFO [v36] WHY-NOT SBFM px 1.2601 | crowd #3 $3682k, gainer #1 | NO PATTERN: no rip | last candles -G, vol 2.4x the 5 before (high break needs 2.0x)
2026-10-07 15:43:53,777 INFO [v36b] WHY-NOT SBFM px 1.2601 | crowd #3 $3682k, gainer #1 | NO PATTERN: no rip | last candles -G, vol 2.4x the 5 before (high break needs 2.0x)
2026-10-07 15:43:56,087 INFO [v36b] WHY-NOT DKI px 3.0900 | crowd #1 $6676k held 6.9m, gainer #2 | WAIT: hod trigger 3.6400
2026-10-07 15:43:56,844 INFO [v36] WHY-NOT SNXX px 16.0800 | crowd #2 $4470k held 46.9m, gainer #22 | NO PATTERN: no rip | last candles GR, vol 0.8x the 5 before (high break needs 2.0x)
2026-10-07 15:43:56,845 INFO [v36b] WHY-NOT SNXX px 16.0800 | crowd #2 $4470k held 46.9m, gainer #22 | NO PATTERN: no rip | last candles GR, vol 0.8x the 5 before (high break needs 2.0x)
2026-10-07 15:44:55,661 INFO [v36] WHY-NOT SBFM px 1.2701 | crowd #1 $6662k held 0.9m, gainer #1 | NO PATTERN: no rip | last candles GR, vol 1.4x the 5 before (high break needs 2.0x)
2026-10-07 15:44:55,662 INFO [v36b] WHY-NOT SBFM px 1.2701 | crowd #1 $6662k held 0.9m, gainer #1 | NO PATTERN: no rip | last candles GR, vol 1.4x the 5 before (high break needs 2.0x)
2026-10-07 15:44:56,275 INFO [v36b] WHY-NOT DKI px 3.1700 | crowd #2 $5759k held 7.9m, gainer #2 | WAIT: hod trigger 3.6400
2026-10-07 15:45:06,347 INFO [v36] WHY-NOT SNXX px 16.1250 | crowd #3 $3076k, gainer #22 | NO CROWD: not top 2 held 2m, not ripping, not a top gainer with $1000k
2026-10-07 15:45:06,348 INFO [v36b] WHY-NOT SNXX px 16.1250 | crowd #3 $3076k, gainer #22 | NO CROWD: not top 2 held 2m, not ripping, not a top gainer with $1000k
2026-10-07 15:45:55,749 INFO [v36] WHY-NOT SBFM px 1.2302 | crowd #1 $8195k held 1.9m, gainer #1 | NO PATTERN: no rip | last candles RG, vol 0.7x the 5 before (high break needs 2.0x)
2026-10-07 15:45:55,749 INFO [v36b] WHY-NOT SBFM px 1.2302 | crowd #1 $8195k held 1.9m, gainer #1 | NO PATTERN: no rip | last candles RG, vol 0.7x the 5 before (high break needs 2.0x)
2026-10-07 15:46:01,369 INFO [v36b] WHY-NOT DKI px 3.3299 | crowd #2 $5074k held 8.9m, gainer #2 | WAIT: hod trigger 3.6400
2026-10-07 15:46:08,947 INFO [v36] WHY-NOT SNXX px 16.1800 | crowd #3 $2956k, gainer #22 | NO CROWD: not top 2 held 2m, not ripping, not a top gainer with $1000k
2026-10-07 15:46:08,947 INFO [v36b] WHY-NOT SNXX px 16.1800 | crowd #3 $2956k, gainer #22 | NO CROWD: not top 2 held 2m, not ripping, not a top gainer with $1000k
2026-10-07 15:46:56,018 INFO [v36] WHY-NOT SBFM px 1.2100 | crowd #1 $9322k held 2.9m, gainer #1 | NO PATTERN: no rip | last candles GR, vol 0.5x the 5 before (high break needs 2.0x)
2026-10-07 15:46:56,018 INFO [v36b] WHY-NOT SBFM px 1.2100 | crowd #1 $9322k held 2.9m, gainer #1 | NO PATTERN: no rip | last candles GR, vol 0.5x the 5 before (high break needs 2.0x)
2026-10-07 15:47:01,385 INFO [v36b] WHY-NOT DKI px 3.3800 | crowd #2 $6934k held 9.9m, gainer #2 | WAIT: hod trigger 3.6799
2026-10-07 15:47:09,242 INFO [v36] WHY-NOT SNXX px 16.1550 | crowd #3 $2577k, gainer #22 | NO CROWD: not top 2 held 2m, not ripping, not a top gainer with $1000k
2026-10-07 15:47:09,242 INFO [v36b] WHY-NOT SNXX px 16.1550 | crowd #3 $2577k, gainer #22 | NO CROWD: not top 2 held 2m, not ripping, not a top gainer with $1000k
2026-10-07 15:47:56,041 INFO [v36] WHY-NOT SBFM px 1.2302 | crowd #1 $7326k held 3.9m, gainer #1 | NO PATTERN: no rip | last candles RR, vol 1.0x the 5 before (high break needs 2.0x)
2026-10-07 15:47:56,042 INFO [v36b] WHY-NOT SBFM px 1.2302 | crowd #1 $7326k held 3.9m, gainer #1 | NO PATTERN: no rip | last candles RR, vol 1.0x the 5 before (high break needs 2.0x)
2026-10-07 15:48:01,404 INFO [v36b] WHY-NOT DKI px 3.3700 | crowd #1 $7768k held 10.9m, gainer #2 | WAIT: hod trigger 3.6799
2026-10-07 15:48:10,955 INFO [v36] WHY-NOT SNXX px 16.1500 | crowd #3 $3133k, gainer #24 | NO CROWD: not top 2 held 2m, not ripping, not a top gainer with $1000k
2026-10-07 15:48:10,956 INFO [v36b] WHY-NOT SNXX px 16.1500 | crowd #3 $3133k, gainer #24 | NO CROWD: not top 2 held 2m, not ripping, not a top gainer with $1000k
2026-10-07 15:48:56,204 INFO [v36] WHY-NOT SBFM px 1.2500 | crowd #2 $4346k held 4.9m, gainer #1 | NO PATTERN: no rip | last candles RG, vol 0.4x the 5 before (high break needs 2.0x)
2026-10-07 15:48:56,205 INFO [v36b] WHY-NOT SBFM px 1.2500 | crowd #2 $4346k held 4.9m, gainer #1 | NO PATTERN: no rip | last candles RG, vol 0.4x the 5 before (high break needs 2.0x)
2026-10-07 15:49:01,649 INFO [v36b] WHY-NOT DKI px 3.2199 | crowd #1 $6715k held 11.9m, gainer #2 | WAIT: hod trigger 3.6799
2026-10-07 15:49:12,332 INFO [v36] WHY-NOT SNXX px 16.1550 | crowd #3 $2382k, gainer #24 | NO CROWD: not top 2 held 2m, not ripping, not a top gainer with $1000k
2026-10-07 15:49:12,332 INFO [v36b] WHY-NOT SNXX px 16.1550 | crowd #3 $2382k, gainer #24 | NO CROWD: not top 2 held 2m, not ripping, not a top gainer with $1000k
2026-10-07 15:49:56,210 INFO [v36] WHY-NOT SBFM px 1.2615 | crowd #2 $3710k held 5.9m, gainer #1 | NO PATTERN: no rip | last candles GG, vol 0.7x the 5 before (high break needs 2.0x)
2026-10-07 15:49:56,211 INFO [v36b] WHY-NOT SBFM px 1.2615 | crowd #2 $3710k held 5.9m, gainer #1 | NO PATTERN: no rip | last candles GG, vol 0.7x the 5 before (high break needs 2.0x)
2026-10-07 15:50:01,689 INFO [v36b] WHY-NOT DKI px 3.1800 | crowd #1 $6453k held 13.0m, gainer #2 | WAIT: hod trigger 3.6799
2026-10-07 15:50:12,798 INFO [v36] WHY-NOT SNXX px 16.1700 | crowd #3 $2170k, gainer #23 | NO CROWD: not top 2 held 2m, not ripping, not a top gainer with $1000k
2026-10-07 15:50:12,798 INFO [v36b] WHY-NOT SNXX px 16.1700 | crowd #3 $2170k, gainer #23 | NO CROWD: not top 2 held 2m, not ripping, not a top gainer with $1000k
2026-10-07 15:50:56,367 INFO [v36] WHY-NOT SBFM px 1.2502 | crowd #2 $3733k held 6.9m, gainer #1 | NO PATTERN: no rip | last candles GG, vol 1.0x the 5 before (high break needs 2.0x)
2026-10-07 15:50:56,368 INFO [v36b] WHY-NOT SBFM px 1.2502 | crowd #2 $3733k held 6.9m, gainer #1 | NO PATTERN: no rip | last candles GG, vol 1.0x the 5 before (high break needs 2.0x)
2026-10-07 15:51:02,063 INFO [v36b] WHY-NOT DKI px 3.2254 | crowd #2 $4055k held 14.0m, gainer #2 | WAIT: hod trigger 3.6799
2026-10-07 15:51:13,614 INFO [v36] WHY-NOT SNXX px 16.1450 | crowd #3 $2768k, gainer #23 | NO CROWD: not top 2 held 2m, not ripping, not a top gainer with $1000k
2026-10-07 15:51:13,614 INFO [v36b] WHY-NOT SNXX px 16.1450 | crowd #3 $2768k, gainer #23 | NO CROWD: not top 2 held 2m, not ripping, not a top gainer with $1000k
2026-10-07 15:51:53,389 INFO [v36] WHY-NOT DKI px 2.8700 | crowd #2 $4055k held 14.8m, gainer #2 | WAIT: hod trigger 3.6799
2026-10-07 15:51:56,391 INFO [v36] WHY-NOT SBFM px 1.3401 | crowd #1 $5307k held 7.9m, gainer #1 | NO PATTERN: no rip | last candles GR, vol 1.6x the 5 before (high break needs 2.0x)
2026-10-07 15:51:56,391 INFO [v36b] WHY-NOT SBFM px 1.3401 | crowd #1 $5307k held 7.9m, gainer #1 | NO PATTERN: no rip | last candles GR, vol 1.6x the 5 before (high break needs 2.0x)
2026-10-07 15:52:02,141 INFO [v36b] WHY-NOT DKI px 2.9400 | crowd #2 $2870k held 15.0m, gainer #2 | WAIT: hod trigger 3.6799
2026-10-07 15:52:14,830 INFO [v36] WHY-NOT SNXX px 16.1650 | crowd #3 $1645k, gainer #22 | NO CROWD: not top 2 held 2m, not ripping, not a top gainer with $1000k
2026-10-07 15:52:14,831 INFO [v36b] WHY-NOT SNXX px 16.1650 | crowd #3 $1645k, gainer #22 | NO CROWD: not top 2 held 2m, not ripping, not a top gainer with $1000k
2026-10-07 15:52:53,586 INFO [v36] WHY-NOT DKI px 3.0100 | crowd #2 $2870k held 15.8m, gainer #2 | WAIT: hod trigger 3.6799
2026-10-07 15:52:56,428 INFO [v36b] WHY-NOT SBFM px 1.2898 | crowd #1 $4410k held 8.9m, gainer #1 | NO PATTERN: no rip | last candles RG, vol 1.8x the 5 before (high break needs 2.0x)
2026-10-07 15:52:56,499 INFO [v36] WHY-NOT SBFM px 1.2898 | crowd #1 $4410k held 8.9m, gainer #1 | NO PATTERN: no rip | last candles RG, vol 1.8x the 5 before (high break needs 2.0x)
2026-10-07 15:53:02,190 INFO [v36b] WHY-NOT DKI px 2.9892 | crowd #2 $3582k held 16.0m, gainer #2 | WAIT: hod trigger 3.6799
2026-10-07 15:53:15,224 INFO [v36] WHY-NOT SNXX px 16.1450 | crowd #3 $1527k, gainer #25 | NO CROWD: not top 2 held 2m, not ripping, not a top gainer with $1000k
2026-10-07 15:53:15,224 INFO [v36b] WHY-NOT SNXX px 16.1450 | crowd #3 $1527k, gainer #25 | NO CROWD: not top 2 held 2m, not ripping, not a top gainer with $1000k
2026-10-07 15:53:54,047 INFO [v36] WHY-NOT DKI px 2.9708 | crowd #2 $3582k held 16.8m, gainer #2 | WAIT: hod trigger 3.6799
2026-10-07 15:53:56,527 INFO [v36] WHY-NOT SBFM px 1.2515 | crowd #1 $7854k held 9.9m, gainer #1 | NO PATTERN: no rip | last candles GR, vol 1.2x the 5 before (high break needs 2.0x)
2026-10-07 15:53:56,527 INFO [v36b] WHY-NOT SBFM px 1.2515 | crowd #1 $7854k held 9.9m, gainer #1 | NO PATTERN: no rip | last candles GR, vol 1.2x the 5 before (high break needs 2.0x)
2026-10-07 15:54:02,383 INFO [v36b] WHY-NOT DKI px 2.9719 | crowd #2 $2731k held 17.0m, gainer #2 | WAIT: hod trigger 3.6799
2026-10-07 15:54:15,737 INFO [v36] WHY-NOT SNXX px 16.1800 | crowd #3 $1444k, gainer #23 | NO CROWD: not top 2 held 2m, not ripping, not a top gainer with $1000k
2026-10-07 15:54:15,738 INFO [v36b] WHY-NOT SNXX px 16.1800 | crowd #3 $1444k, gainer #23 | NO CROWD: not top 2 held 2m, not ripping, not a top gainer with $1000k
2026-10-07 15:54:54,285 INFO [v36] WHY-NOT DKI px 2.9000 | crowd #2 $2731k held 17.8m, gainer #2 | WAIT: hod trigger 3.6799
2026-10-07 15:54:56,528 INFO [v36] WHY-NOT SBFM px 1.2950 | crowd #1 $6572k held 10.9m, gainer #1 | NO PATTERN: no rip | last candles RR, vol 0.6x the 5 before (high break needs 2.0x)
2026-10-07 15:54:56,528 INFO [v36b] WHY-NOT SBFM px 1.2950 | crowd #1 $6572k held 10.9m, gainer #1 | NO PATTERN: no rip | last candles RR, vol 0.6x the 5 before (high break needs 2.0x)
2026-10-07 15:55:02,655 INFO [v36b] WHY-NOT DKI px 2.8888 | crowd #2 $2879k held 18.0m, gainer #2 | WAIT: hod trigger 3.6799
2026-10-07 15:55:16,942 INFO [v36] WHY-NOT SNXX px 16.1550 | crowd #3 $1635k, gainer #23 | NO CROWD: not top 2 held 2m, not ripping, not a top gainer with $1000k
2026-10-07 15:55:16,942 INFO [v36b] WHY-NOT SNXX px 16.1550 | crowd #3 $1635k, gainer #23 | NO CROWD: not top 2 held 2m, not ripping, not a top gainer with $1000k
2026-10-07 15:55:54,342 INFO [v36] WHY-NOT DKI px 3.0481 | crowd #2 $2879k held 18.8m, gainer #2 | WAIT: hod trigger 3.6799
2026-10-07 15:55:56,880 INFO [v36] WHY-NOT SBFM px 1.2700 | crowd #1 $5620k held 11.9m, gainer #1 | NO PATTERN: no rip | last candles RG, vol 0.7x the 5 before (high break needs 2.0x)
2026-10-07 15:55:56,880 INFO [v36b] WHY-NOT SBFM px 1.2700 | crowd #1 $5620k held 11.9m, gainer #1 | NO PATTERN: no rip | last candles RG, vol 0.7x the 5 before (high break needs 2.0x)
2026-10-07 15:56:03,065 INFO [v36b] WHY-NOT DKI px 3.0301 | crowd #3 $1576k, gainer #2 | WAIT: hod trigger 3.6799
2026-10-07 15:56:17,091 INFO [v36] WHY-NOT SNXX px 16.1700 | crowd #2 $1801k held 0.3m, gainer #23 | NO CROWD: not top 2 held 2m, not ripping, not a top gainer with $1000k
2026-10-07 15:56:17,092 INFO [v36b] WHY-NOT SNXX px 16.1700 | crowd #2 $1801k held 0.3m, gainer #23 | NO CROWD: not top 2 held 2m, not ripping, not a top gainer with $1000k
2026-10-07 15:56:54,983 INFO [v36] WHY-NOT DKI px 2.9800 | crowd #3 $1576k, gainer #2 | WAIT: hod trigger 3.6799
2026-10-07 15:56:57,382 INFO [v36] WHY-NOT SBFM px 1.2800 | crowd #1 $4160k held 12.9m, gainer #1 | NO PATTERN: no rip | last candles GR, vol 0.7x the 5 before (high break needs 2.0x)
2026-10-07 15:56:57,385 INFO [v36b] WHY-NOT SBFM px 1.2800 | crowd #1 $4160k held 12.9m, gainer #1 | NO PATTERN: no rip | last candles GR, vol 0.7x the 5 before (high break needs 2.0x)
2026-10-07 15:57:03,891 INFO [v36b] WHY-NOT DKI px 2.9896 | crowd #2 $1762k held 0.1m, gainer #2 | WAIT: hod trigger 3.6799
2026-10-07 15:57:18,937 INFO [v36] WHY-NOT SNXX px 16.1700 | crowd #3 $1421k, gainer #23 | NO CROWD: not top 2 held 2m, not ripping, not a top gainer with $1000k
2026-10-07 15:57:18,937 INFO [v36b] WHY-NOT SNXX px 16.1700 | crowd #3 $1421k, gainer #23 | NO CROWD: not top 2 held 2m, not ripping, not a top gainer with $1000k
2026-10-07 15:57:55,011 INFO [v36] WHY-NOT DKI px 3.1000 | crowd #2 $1762k held 0.9m, gainer #2 | WAIT: hod trigger 3.6799
2026-10-07 15:57:57,384 INFO [v36] WHY-NOT SBFM px 1.1750 | crowd #1 $3340k held 13.9m, gainer #1 | NO PATTERN: no rip | last candles RG, vol 0.3x the 5 before (high break needs 2.0x)
2026-10-07 15:57:57,492 INFO [v36b] WHY-NOT SBFM px 1.1703 | crowd #1 $3340k held 13.9m, gainer #1 | NO PATTERN: no rip | last candles RG, vol 0.3x the 5 before (high break needs 2.0x)
2026-10-07 15:58:04,116 INFO [v36b] WHY-NOT DKI px 3.1399 | crowd #2 $2020k held 1.1m, gainer #2 | WAIT: hod trigger 3.6799
2026-10-07 15:58:20,048 INFO [v36] WHY-NOT SNXX px 16.1150 | crowd #3 $1463k, gainer #23 | NO CROWD: not top 2 held 2m, not ripping, not a top gainer with $1000k
2026-10-07 15:58:20,048 INFO [v36b] WHY-NOT SNXX px 16.1150 | crowd #3 $1463k, gainer #23 | NO CROWD: not top 2 held 2m, not ripping, not a top gainer with $1000k
2026-10-07 15:58:55,312 INFO [v36] WHY-NOT DKI px 3.1050 | crowd #2 $2020k held 1.9m, gainer #2 | WAIT: hod trigger 3.6799
2026-10-07 15:58:57,416 INFO [v36] WHY-NOT SBFM px 1.1700 | crowd #1 $2759k held 14.9m, gainer #1 | NO PATTERN: no rip | last candles GR, vol 1.5x the 5 before (high break needs 2.0x)
2026-10-07 15:58:57,500 INFO [v36b] WHY-NOT SBFM px 1.1700 | crowd #1 $2759k held 14.9m, gainer #1 | NO PATTERN: no rip | last candles GR, vol 1.5x the 5 before (high break needs 2.0x)
2026-10-07 15:59:00,418 INFO [v36] WHY-NOT TTRX px 12.8650 | crowd #- $0k, gainer #1 | NO CROWD: not top 2 held 2m, not ripping, not a top gainer with $1000k
2026-10-07 15:59:00,418 INFO [v36b] WHY-NOT TTRX px 12.8650 | crowd #- $0k, gainer #1 | NO CROWD: not top 2 held 2m, not ripping, not a top gainer with $1000k
2026-10-07 15:59:04,299 INFO [v36b] WHY-NOT DKI px 3.1200 | crowd #2 $2706k held 2.1m, gainer #2 | WAIT: hod trigger 3.6799
2026-10-07 15:59:20,663 INFO [v36] WHY-NOT SNXX px 16.0650 | crowd #3 $1983k, gainer #26 | NO CROWD: not top 2 held 2m, not ripping, not a top gainer with $1000k
2026-10-07 15:59:20,664 INFO [v36b] WHY-NOT SNXX px 16.0650 | crowd #3 $1983k, gainer #26 | NO CROWD: not top 2 held 2m, not ripping, not a top gainer with $1000k
2026-10-07 16:00:00,136 INFO [v36] WHY-NOT DKI px 3.2900 | crowd #- $0k, gainer #2 | NO CROWD: not top 2 held 2m, not ripping, not a top gainer with $1000k
2026-10-07 16:00:00,137 INFO [v36b] WHY-NOT DKI px 3.2900 | crowd #- $0k, gainer #2 | NO CROWD: not top 2 held 2m, not ripping, not a top gainer with $1000k
2026-10-07 16:01:00,256 INFO [v36] WHY-NOT DKI px 3.3900 | crowd #1 $1841k held 0.0m, gainer #2 | WAIT: hod trigger 3.6799
2026-10-07 16:01:00,256 INFO [v36b] WHY-NOT DKI px 3.3900 | crowd #1 $1841k held 0.0m, gainer #2 | WAIT: hod trigger 3.6799
2026-10-07 16:01:00,940 INFO [v36] WHY-NOT SNXX px 16.1226 | crowd #2 $1694k held 0.0m, gainer #15 | NO CROWD: not top 2 held 2m, not ripping, not a top gainer with $1000k
2026-10-07 16:01:00,940 INFO [v36b] WHY-NOT SNXX px 16.1226 | crowd #2 $1694k held 0.0m, gainer #15 | NO CROWD: not top 2 held 2m, not ripping, not a top gainer with $1000k
2026-10-07 16:01:01,246 INFO [v36] WHY-NOT PFAI px 3.1900 | crowd #3 $752k, gainer #3 | NO CROWD: not top 2 held 2m, not ripping, not a top gainer with $1000k
2026-10-07 16:01:01,247 INFO [v36b] WHY-NOT PFAI px 3.1900 | crowd #3 $752k, gainer #3 | NO CROWD: not top 2 held 2m, not ripping, not a top gainer with $1000k
2026-10-07 16:02:00,603 INFO [v36] WHY-NOT DKI px 3.3600 | crowd #1 $4821k held 1.0m, gainer #2 | WAIT: hod trigger 3.6799
2026-10-07 16:02:00,603 INFO [v36b] WHY-NOT DKI px 3.3600 | crowd #1 $4821k held 1.0m, gainer #2 | WAIT: hod trigger 3.6799
2026-10-07 16:02:00,993 INFO [v36] WHY-NOT SNXX px 16.1000 | crowd #2 $4399k held 1.0m, gainer #16 | NO CROWD: not top 2 held 2m, not ripping, not a top gainer with $1000k
2026-10-07 16:02:00,994 INFO [v36b] WHY-NOT SNXX px 16.1000 | crowd #2 $4399k held 1.0m, gainer #16 | NO CROWD: not top 2 held 2m, not ripping, not a top gainer with $1000k
2026-10-07 16:02:01,452 INFO [v36] WHY-NOT PFAI px 2.8800 | crowd #3 $1247k, gainer #4 | NO CROWD: not top 2 held 2m, not ripping, not a top gainer with $1000k
2026-10-07 16:02:01,452 INFO [v36b] WHY-NOT PFAI px 2.8800 | crowd #3 $1247k, gainer #4 | NO CROWD: not top 2 held 2m, not ripping, not a top gainer with $1000k
2026-10-07 16:03:00,914 INFO [v36] WHY-NOT DKI px 3.3890 | crowd #2 $8292k held 2.0m, gainer #2 | WAIT: hod trigger 3.6799
2026-10-07 16:03:00,914 INFO [v36b] WHY-NOT DKI px 3.3890 | crowd #2 $8292k held 2.0m, gainer #2 | WAIT: hod trigger 3.6799
2026-10-07 16:03:01,755 INFO [v36] WHY-NOT SNXX px 16.1950 | crowd #1 $10648k held 2.0m, gainer #18 | NO PATTERN: no rip | last candles RG, vol 2.1x the 5 before (high break needs 2.0x)
2026-10-07 16:03:01,755 INFO [v36b] WHY-NOT SNXX px 16.1950 | crowd #1 $10648k held 2.0m, gainer #18 | NO PATTERN: no rip | last candles RG, vol 2.1x the 5 before (high break needs 2.0x)
2026-10-07 16:03:02,619 INFO [v36] WHY-NOT PFAI px 3.1913 | crowd #3 $1745k, gainer #3 | NO CROWD: not top 2 held 2m, not ripping, not a top gainer with $1000k
2026-10-07 16:03:02,619 INFO [v36b] WHY-NOT PFAI px 3.1913 | crowd #3 $1745k, gainer #3 | NO CROWD: not top 2 held 2m, not ripping, not a top gainer with $1000k
2026-10-07 16:04:01,177 INFO [v36] WHY-NOT DKI px 3.3600 | crowd #2 $8292k held 3.0m, gainer #2 | WAIT: hod trigger 3.6900
2026-10-07 16:04:01,177 INFO [v36b] WHY-NOT DKI px 3.3600 | crowd #2 $8292k held 3.0m, gainer #2 | WAIT: hod trigger 3.6900
2026-10-07 16:04:02,965 INFO [v36] WHY-NOT SNXX px 16.2250 | crowd #1 $10648k held 3.0m, gainer #18 | NO PATTERN: no rip | last candles GG, vol 1.1x the 5 before (high break needs 2.0x)
2026-10-07 16:04:02,965 INFO [v36b] WHY-NOT SNXX px 16.2250 | crowd #1 $10648k held 3.0m, gainer #18 | NO PATTERN: no rip | last candles GG, vol 1.1x the 5 before (high break needs 2.0x)
2026-10-07 16:04:03,401 INFO [v36] WHY-NOT PFAI px 3.2800 | crowd #3 $1745k, gainer #3 | NO CROWD: not top 2 held 2m, not ripping, not a top gainer with $1000k
2026-10-07 16:04:03,402 INFO [v36b] WHY-NOT PFAI px 3.2800 | crowd #3 $1745k, gainer #3 | NO CROWD: not top 2 held 2m, not ripping, not a top gainer with $1000k
2026-10-07 16:04:34,491 INFO [v36] WHY-NOT SBFM px 1.0700 | crowd #5 $552k, gainer #1 | NO CROWD: not top 2 held 2m, not ripping, not a top gainer with $1000k
2026-10-07 16:04:34,493 INFO [v36b] WHY-NOT SBFM px 1.0700 | crowd #5 $552k, gainer #1 | NO CROWD: not top 2 held 2m, not ripping, not a top gainer with $1000k
2026-10-07 16:05:01,260 INFO [v36] WHY-NOT DKI px 3.1999 | crowd #2 $11212k held 4.0m, gainer #2 | WAIT: hod trigger 3.6900
2026-10-07 16:05:01,260 INFO [v36b] WHY-NOT DKI px 3.1999 | crowd #2 $11212k held 4.0m, gainer #2 | WAIT: hod trigger 3.6900
2026-10-07 16:05:03,719 INFO [v36] WHY-NOT PFAI px 3.4800 | crowd #3 $1809k, gainer #3 | NO CROWD: not top 2 held 2m, not ripping, not a top gainer with $1000k
2026-10-07 16:05:03,719 INFO [v36b] WHY-NOT PFAI px 3.4800 | crowd #3 $1809k, gainer #3 | NO CROWD: not top 2 held 2m, not ripping, not a top gainer with $1000k
2026-10-07 16:05:06,786 INFO [v36] WHY-NOT SNXX px 16.2050 | crowd #1 $13601k held 4.1m, gainer #19 | NO PATTERN: no rip | last candles GR, vol 0.3x the 5 before (high break needs 2.0x)
2026-10-07 16:05:06,788 INFO [v36b] WHY-NOT SNXX px 16.2050 | crowd #1 $13601k held 4.1m, gainer #19 | NO PATTERN: no rip | last candles GR, vol 0.3x the 5 before (high break needs 2.0x)
2026-10-07 16:05:34,551 INFO [v36] WHY-NOT SBFM px 1.1404 | crowd #5 $552k, gainer #1 | NO PATTERN: no rip | last candles RG, vol 0.0x the 5 before (high break needs 2.0x)
2026-10-07 16:05:34,552 INFO [v36b] WHY-NOT SBFM px 1.1404 | crowd #5 $552k, gainer #1 | NO PATTERN: no rip | last candles RG, vol 0.0x the 5 before (high break needs 2.0x)
2026-10-07 16:05:53,888 INFO [v36] WHY-NOT SBFM px 1.1900 | crowd #- $0k, gainer #1 | NO CROWD: not top 2 held 2m, not ripping, not a top gainer with $1000k
2026-10-07 16:05:53,888 INFO [v36b] WHY-NOT SBFM px 1.1900 | crowd #- $0k, gainer #1 | NO CROWD: not top 2 held 2m, not ripping, not a top gainer with $1000k
2026-10-07 16:06:00,028 INFO [v36] WHY-NOT DKI px 3.1150 | crowd #- $0k, gainer #2 | NO CROWD: not top 2 held 2m, not ripping, not a top gainer with $1000k
2026-10-07 16:06:00,028 INFO [v36b] WHY-NOT DKI px 3.1150 | crowd #- $0k, gainer #2 | NO CROWD: not top 2 held 2m, not ripping, not a top gainer with $1000k
2026-10-07 16:06:01,275 INFO [v36] WHY-NOT DKI px 3.1115 | crowd #2 $10860k held 5.0m, gainer #2 | WAIT: hod trigger 3.6900
2026-10-07 16:06:01,276 INFO [v36b] WHY-NOT DKI px 3.1115 | crowd #2 $10860k held 5.0m, gainer #2 | WAIT: hod trigger 3.6900
2026-10-07 16:06:06,907 INFO [v36] WHY-NOT SNXX px 16.2450 | crowd #1 $12599k held 5.1m, gainer #19 | NO PATTERN: no rip | last candles RG, vol 0.7x the 5 before (high break needs 2.0x)
2026-10-07 16:06:06,908 INFO [v36b] WHY-NOT SNXX px 16.2450 | crowd #1 $12599k held 5.1m, gainer #19 | NO PATTERN: no rip | last candles RG, vol 0.7x the 5 before (high break needs 2.0x)
2026-10-07 16:06:34,945 INFO [v36] WHY-NOT SBFM px 1.1700 | crowd #3 $1820k, gainer #1 | NO PATTERN: no rip | last candles GG, vol 1.8x the 5 before (high break needs 2.0x)
2026-10-07 16:06:34,945 INFO [v36b] WHY-NOT SBFM px 1.1700 | crowd #3 $1820k, gainer #1 | NO PATTERN: no rip | last candles GG, vol 1.8x the 5 before (high break needs 2.0x)
2026-10-07 16:06:53,940 INFO [v36] WHY-NOT SBFM px 1.1202 | crowd #- $0k, gainer #1 | NO CROWD: not top 2 held 2m, not ripping, not a top gainer with $1000k
2026-10-07 16:06:53,940 INFO [v36b] WHY-NOT SBFM px 1.1202 | crowd #- $0k, gainer #1 | NO CROWD: not top 2 held 2m, not ripping, not a top gainer with $1000k
2026-10-07 16:07:00,360 INFO [v36] WHY-NOT DKI px 3.1500 | crowd #3 $1677k, gainer #2 | WAIT: hod trigger 3.6900
2026-10-07 16:07:00,360 INFO [v36b] WHY-NOT DKI px 3.1500 | crowd #3 $1677k, gainer #2 | WAIT: hod trigger 3.6900
2026-10-07 16:07:00,868 INFO [v36b] WHY-NOT SNXX px 16.2800 | crowd #1 $6328k held 0.0m, gainer #16 | NO CROWD: not top 2 held 2m, not ripping, not a top gainer with $1000k
2026-10-07 16:07:00,944 INFO [v36] WHY-NOT SNXX px 16.2800 | crowd #1 $6328k held 0.0m, gainer #16 | NO CROWD: not top 2 held 2m, not ripping, not a top gainer with $1000k
2026-10-07 16:07:53,953 INFO [v36] WHY-NOT SBFM px 1.0500 | crowd #2 $2927k held 0.9m, gainer #1 | NO PATTERN: no rip | last candles GR, vol 0.0x the 5 before (high break needs 2.0x)
2026-10-07 16:07:53,954 INFO [v36b] WHY-NOT SBFM px 1.0500 | crowd #2 $2927k held 0.9m, gainer #1 | NO PATTERN: no rip | last candles GR, vol 0.0x the 5 before (high break needs 2.0x)
2026-10-07 16:08:00,473 INFO [v36] WHY-NOT DKI px 3.1412 | crowd #3 $1677k, gainer #2 | WAIT: hod trigger 3.6900
2026-10-07 16:08:00,474 INFO [v36b] WHY-NOT DKI px 3.1412 | crowd #3 $1677k, gainer #2 | WAIT: hod trigger 3.6900
2026-10-07 16:08:00,948 INFO [v36] WHY-NOT SNXX px 16.3300 | crowd #1 $6328k held 1.0m, gainer #17 | NO CROWD: not top 2 held 2m, not ripping, not a top gainer with $1000k
2026-10-07 16:08:00,949 INFO [v36b] WHY-NOT SNXX px 16.3300 | crowd #1 $6328k held 1.0m, gainer #17 | NO CROWD: not top 2 held 2m, not ripping, not a top gainer with $1000k
2026-10-07 16:08:54,037 INFO [v36] WHY-NOT SBFM px 1.0350 | crowd #2 $2927k held 1.9m, gainer #1 | NO PATTERN: no rip | last candles RR, vol 1.3x the 5 before (high break needs 2.0x)
2026-10-07 16:08:54,037 INFO [v36b] WHY-NOT SBFM px 1.0350 | crowd #2 $2927k held 1.9m, gainer #1 | NO PATTERN: no rip | last candles RR, vol 1.3x the 5 before (high break needs 2.0x)
2026-10-07 16:09:00,550 INFO [v36] WHY-NOT DKI px 3.0400 | crowd #3 $2247k, gainer #2 | WAIT: hod trigger 3.6900
2026-10-07 16:09:00,550 INFO [v36b] WHY-NOT DKI px 3.0400 | crowd #3 $2247k, gainer #2 | WAIT: hod trigger 3.6900
2026-10-07 16:09:01,641 INFO [v36] WHY-NOT SNXX px 16.3146 | crowd #1 $8854k held 2.0m, gainer #16 | NO PATTERN: no rip | last candles GR, vol 1.1x the 5 before (high break needs 2.0x)
2026-10-07 16:09:01,641 INFO [v36b] WHY-NOT SNXX px 16.3146 | crowd #1 $8854k held 2.0m, gainer #16 | NO PATTERN: no rip | last candles GR, vol 1.1x the 5 before (high break needs 2.0x)
2026-10-07 16:09:54,469 INFO [v36] WHY-NOT SBFM px 1.0699 | crowd #2 $4568k held 2.9m, gainer #1 | NO PATTERN: no rip | last candles RG, vol 0.6x the 5 before (high break needs 2.0x)
2026-10-07 16:09:54,470 INFO [v36b] WHY-NOT SBFM px 1.0699 | crowd #2 $4568k held 2.9m, gainer #1 | NO PATTERN: no rip | last candles RG, vol 0.6x the 5 before (high break needs 2.0x)
2026-10-07 16:10:00,572 INFO [v36] WHY-NOT DKI px 2.9900 | crowd #3 $2972k, gainer #2 | WAIT: hod trigger 3.6900
2026-10-07 16:10:00,572 INFO [v36b] WHY-NOT DKI px 2.9900 | crowd #3 $2972k, gainer #2 | WAIT: hod trigger 3.6900
2026-10-07 16:10:02,658 INFO [v36] WHY-NOT SNXX px 16.3050 | crowd #1 $12024k held 3.0m, gainer #18 | NO PATTERN: no rip | last candles RR, vol 0.9x the 5 before (high break needs 2.0x)
2026-10-07 16:10:02,658 INFO [v36b] WHY-NOT SNXX px 16.3050 | crowd #1 $12024k held 3.0m, gainer #18 | NO PATTERN: no rip | last candles RR, vol 0.9x the 5 before (high break needs 2.0x)
2026-10-07 16:10:54,780 INFO [v36] WHY-NOT SBFM px 1.0500 | crowd #2 $5432k held 3.9m, gainer #1 | NO PATTERN: no rip | last candles GG, vol 0.4x the 5 before (high break needs 2.0x)
2026-10-07 16:10:54,944 INFO [v36b] WHY-NOT SBFM px 1.0500 | crowd #2 $5432k held 3.9m, gainer #1 | NO PATTERN: no rip | last candles GG, vol 0.4x the 5 before (high break needs 2.0x)
2026-10-07 16:11:00,216 INFO [v36] WHY-NOT PFAI px 4.3500 | crowd #3 $4191k, gainer #3 | NO CROWD: not top 2 held 2m, not ripping, not a top gainer with $1000k
2026-10-07 16:11:00,217 INFO [v36b] WHY-NOT PFAI px 4.3500 | crowd #3 $4191k, gainer #3 | NO CROWD: not top 2 held 2m, not ripping, not a top gainer with $1000k
2026-10-07 16:11:00,799 INFO [v36] WHY-NOT DKI px 3.0350 | crowd #4 $3499k, gainer #2 | WAIT: hod trigger 3.6900
2026-10-07 16:11:00,799 INFO [v36b] WHY-NOT DKI px 3.0350 | crowd #4 $3499k, gainer #2 | WAIT: hod trigger 3.6900
2026-10-07 16:11:03,031 INFO [v36b] WHY-NOT SNXX px 16.2674 | crowd #1 $13860k held 4.0m, gainer #20 | NO PATTERN: no rip | last candles RR, vol 0.3x the 5 before (high break needs 2.0x)
2026-10-07 16:11:03,079 INFO [v36] WHY-NOT SNXX px 16.2674 | crowd #1 $13860k held 4.0m, gainer #20 | NO PATTERN: no rip | last candles RR, vol 0.3x the 5 before (high break needs 2.0x)
2026-10-07 16:12:00,233 INFO [v36] WHY-NOT PFAI px 4.3500 | crowd #3 $4191k, gainer #3 | NO CROWD: not top 2 held 2m, not ripping, not a top gainer with $1000k
2026-10-07 16:12:00,234 INFO [v36b] WHY-NOT PFAI px 4.3500 | crowd #3 $4191k, gainer #3 | NO CROWD: not top 2 held 2m, not ripping, not a top gainer with $1000k
2026-10-07 16:12:00,823 INFO [v36b] WHY-NOT DKI px 3.1450 | crowd #4 $3193k, gainer #2 | WAIT: hod trigger 3.6900
2026-10-07 16:12:00,899 INFO [v36] WHY-NOT DKI px 3.1399 | crowd #4 $3193k, gainer #2 | WAIT: hod trigger 3.6900
2026-10-07 16:12:05,396 INFO [v36] WHY-NOT SNXX px 16.2950 | crowd #1 $13860k held 5.1m, gainer #22 | NO PATTERN: no rip | last candles RG, vol 0.3x the 5 before (high break needs 2.0x)
2026-10-07 16:12:05,396 INFO [v36b] WHY-NOT SNXX px 16.2950 | crowd #1 $13860k held 5.1m, gainer #22 | NO PATTERN: no rip | last candles RG, vol 0.3x the 5 before (high break needs 2.0x)
2026-10-07 16:13:00,661 INFO [v36] WHY-NOT PFAI px 4.4700 | crowd #2 $4633k held 0.0m, gainer #3 | NO CROWD: not top 2 held 2m, not ripping, not a top gainer with $1000k
2026-10-07 16:13:00,662 INFO [v36b] WHY-NOT PFAI px 4.4700 | crowd #2 $4633k held 0.0m, gainer #3 | NO CROWD: not top 2 held 2m, not ripping, not a top gainer with $1000k
2026-10-07 16:13:00,989 INFO [v36b] WHY-NOT DKI px 3.0298 | crowd #4 $3443k, gainer #2 | WAIT: hod trigger 3.6900
2026-10-07 16:13:00,989 INFO [v36] WHY-NOT DKI px 3.0298 | crowd #4 $3443k, gainer #2 | WAIT: hod trigger 3.6900
2026-10-07 16:13:06,583 INFO [v36] WHY-NOT SNXX px 16.3371 | crowd #1 $9385k held 6.1m, gainer #19 | NO PATTERN: no rip | last candles GG, vol 0.8x the 5 before (high break needs 2.0x)
2026-10-07 16:13:06,584 INFO [v36b] WHY-NOT SNXX px 16.3371 | crowd #1 $9385k held 6.1m, gainer #19 | NO PATTERN: no rip | last candles GG, vol 0.8x the 5 before (high break needs 2.0x)
2026-10-07 16:14:00,734 INFO [v36] WHY-NOT PFAI px 4.7265 | crowd #2 $4633k held 1.0m, gainer #3 | NO CROWD: not top 2 held 2m, not ripping, not a top gainer with $1000k
2026-10-07 16:14:00,736 INFO [v36b] WHY-NOT PFAI px 4.7265 | crowd #2 $4633k held 1.0m, gainer #3 | NO CROWD: not top 2 held 2m, not ripping, not a top gainer with $1000k
2026-10-07 16:14:00,993 INFO [v36] WHY-NOT DKI px 2.9095 | crowd #4 $3443k, gainer #2 | WAIT: hod trigger 3.6900
2026-10-07 16:14:00,993 INFO [v36b] WHY-NOT DKI px 2.9095 | crowd #4 $3443k, gainer #2 | WAIT: hod trigger 3.6900
2026-10-07 16:14:06,715 INFO [v36] WHY-NOT SNXX px 16.3871 | crowd #1 $9385k held 7.1m, gainer #18 | WAIT: hod trigger 16.5639
2026-10-07 16:14:06,715 INFO [v36b] WHY-NOT SNXX px 16.3871 | crowd #1 $9385k held 7.1m, gainer #18 | WAIT: hod trigger 16.5639
2026-10-07 16:15:06,800 INFO [v36] WHY-NOT SNXX px 16.3600 | crowd #1 $10862k held 8.1m, gainer #22 | NO PATTERN: no rip | last candles GR, vol 1.2x the 5 before (high break needs 2.0x)
2026-10-07 16:15:06,802 INFO [v36b] WHY-NOT SNXX px 16.3600 | crowd #1 $10862k held 8.1m, gainer #22 | NO PATTERN: no rip | last candles GR, vol 1.2x the 5 before (high break needs 2.0x)
2026-10-07 16:15:32,803 INFO [v36] WHY-NOT SBFM px 1.0000 | crowd #3 $4616k, gainer #1 | NO PATTERN: no rip | last candles RG, vol 0.9x the 5 before (high break needs 2.0x)
2026-10-07 16:15:32,804 INFO [v36b] WHY-NOT SBFM px 1.0000 | crowd #3 $4616k, gainer #1 | NO PATTERN: no rip | last candles RG, vol 0.9x the 5 before (high break needs 2.0x)
2026-10-07 16:16:07,235 INFO [v36] WHY-NOT SNXX px 16.3650 | crowd #1 $10794k held 9.1m, gainer #22 | NO PATTERN: no rip | last candles RG, vol 0.4x the 5 before (high break needs 2.0x)
2026-10-07 16:16:07,236 INFO [v36b] WHY-NOT SNXX px 16.3650 | crowd #1 $10794k held 9.1m, gainer #22 | NO PATTERN: no rip | last candles RG, vol 0.4x the 5 before (high break needs 2.0x)
2026-10-07 16:16:33,174 INFO [v36] WHY-NOT SBFM px 1.0288 | crowd #3 $4875k, gainer #1 | NO PATTERN: no rip | last candles GG, vol 1.3x the 5 before (high break needs 2.0x)
2026-10-07 16:16:33,174 INFO [v36b] WHY-NOT SBFM px 1.0288 | crowd #3 $4875k, gainer #1 | NO PATTERN: no rip | last candles GG, vol 1.3x the 5 before (high break needs 2.0x)
2026-10-07 16:17:07,348 INFO [v36] WHY-NOT SNXX px 16.3850 | crowd #1 $12473k held 10.1m, gainer #22 | NO PATTERN: no rip | last candles GG, vol 1.3x the 5 before (high break needs 2.0x)
2026-10-07 16:17:07,348 INFO [v36b] WHY-NOT SNXX px 16.3850 | crowd #1 $12473k held 10.1m, gainer #22 | NO PATTERN: no rip | last candles GG, vol 1.3x the 5 before (high break needs 2.0x)
2026-10-07 16:17:34,163 INFO [v36] WHY-NOT SBFM px 1.0000 | crowd #3 $5460k, gainer #1 | NO PATTERN: no rip | last candles GR, vol 0.8x the 5 before (high break needs 2.0x)
2026-10-07 16:17:34,163 INFO [v36b] WHY-NOT SBFM px 1.0000 | crowd #3 $5460k, gainer #1 | NO PATTERN: no rip | last candles GR, vol 0.8x the 5 before (high break needs 2.0x)
2026-10-07 16:18:08,037 INFO [v36] WHY-NOT SNXX px 16.3899 | crowd #1 $11748k held 11.1m, gainer #23 | NO PATTERN: no rip | last candles GG, vol 0.4x the 5 before (high break needs 2.0x)
2026-10-07 16:18:08,037 INFO [v36b] WHY-NOT SNXX px 16.3899 | crowd #1 $11748k held 11.1m, gainer #23 | NO PATTERN: no rip | last candles GG, vol 0.4x the 5 before (high break needs 2.0x)
2026-10-07 16:19:08,754 INFO [v36] WHY-NOT SNXX px 16.3750 | crowd #1 $8274k held 12.1m, gainer #23 | NO PATTERN: no rip | last candles GR, vol 0.5x the 5 before (high break needs 2.0x)
2026-10-07 16:19:08,754 INFO [v36b] WHY-NOT SNXX px 16.3750 | crowd #1 $8274k held 12.1m, gainer #23 | NO PATTERN: no rip | last candles GR, vol 0.5x the 5 before (high break needs 2.0x)
2026-10-07 16:19:40,109 INFO [v36] WHY-NOT PFAI px 5.4000 | crowd #2 $6533k held 6.7m, gainer #2 | NO PATTERN: no rip | last candles GG, vol 1.2x the 5 before (high break needs 2.0x)
2026-10-07 16:19:40,114 INFO [v36b] WHY-NOT PFAI px 5.4000 | crowd #2 $6533k held 6.7m, gainer #2 | NO PATTERN: no rip | last candles GG, vol 1.2x the 5 before (high break needs 2.0x)
2026-10-07 16:20:09,001 INFO [v36] WHY-NOT SNXX px 16.4550 | crowd #1 $8274k held 13.1m, gainer #21 | NO PATTERN: no rip | last candles RG, vol 2.7x the 5 before (high break needs 2.0x)
2026-10-07 16:20:09,001 INFO [v36b] WHY-NOT SNXX px 16.4550 | crowd #1 $8274k held 13.1m, gainer #21 | NO PATTERN: no rip | last candles RG, vol 2.7x the 5 before (high break needs 2.0x)
2026-10-07 16:20:40,121 INFO [v36] WHY-NOT PFAI px 5.8050 | crowd #2 $6533k held 7.7m, gainer #1 | NO PATTERN: no rip | last candles GG, vol 1.7x the 5 before (high break needs 2.0x)
2026-10-07 16:20:40,122 INFO [v36b] WHY-NOT PFAI px 5.8050 | crowd #2 $6533k held 7.7m, gainer #1 | NO PATTERN: no rip | last candles GG, vol 1.7x the 5 before (high break needs 2.0x)
2026-10-07 16:21:09,374 INFO [v36] WHY-NOT SNXX px 16.4550 | crowd #1 $10130k held 14.2m, gainer #20 | NO PATTERN: no rip | last candles GG, vol 1.0x the 5 before (high break needs 2.0x)
2026-10-07 16:21:09,375 INFO [v36b] WHY-NOT SNXX px 16.4550 | crowd #1 $10130k held 14.2m, gainer #20 | NO PATTERN: no rip | last candles GG, vol 1.0x the 5 before (high break needs 2.0x)
2026-10-07 16:21:40,242 INFO [v36] WHY-NOT PFAI px 5.9150 | crowd #2 $8052k held 8.7m, gainer #1 | NO PATTERN: no rip | last candles GR, vol 2.1x the 5 before (high break needs 2.0x)
2026-10-07 16:21:40,242 INFO [v36b] WHY-NOT PFAI px 5.9150 | crowd #2 $8052k held 8.7m, gainer #1 | NO PATTERN: no rip | last candles GR, vol 2.1x the 5 before (high break needs 2.0x)
2026-10-07 16:22:09,555 INFO [v36] WHY-NOT SNXX px 16.4955 | crowd #2 $11295k held 15.2m, gainer #22 | NO PATTERN: no rip | last candles GR, vol 0.7x the 5 before (high break needs 2.0x)
2026-10-07 16:22:09,555 INFO [v36b] WHY-NOT SNXX px 16.4955 | crowd #2 $11295k held 15.2m, gainer #22 | NO PATTERN: no rip | last candles GR, vol 0.7x the 5 before (high break needs 2.0x)
2026-10-07 16:22:40,349 INFO [v36] WHY-NOT PFAI px 6.0200 | crowd #1 $11339k held 9.7m, gainer #1 | NO PATTERN: no rip | last candles RR, vol 0.8x the 5 before (high break needs 2.0x)
2026-10-07 16:22:40,350 INFO [v36b] WHY-NOT PFAI px 6.0200 | crowd #1 $11339k held 9.7m, gainer #1 | NO PATTERN: no rip | last candles RR, vol 0.8x the 5 before (high break needs 2.0x)
2026-10-07 16:23:10,298 INFO [v36] WHY-NOT SNXX px 16.4601 | crowd #2 $11744k held 16.2m, gainer #23 | NO PATTERN: no rip | last candles RR, vol 1.2x the 5 before (high break needs 2.0x)
2026-10-07 16:23:10,299 INFO [v36b] WHY-NOT SNXX px 16.4601 | crowd #2 $11744k held 16.2m, gainer #23 | NO PATTERN: no rip | last candles RR, vol 1.2x the 5 before (high break needs 2.0x)
2026-10-07 16:23:40,391 INFO [v36] WHY-NOT PFAI px 5.7688 | crowd #1 $12789k held 10.7m, gainer #1 | NO PATTERN: no rip | last candles RG, vol 1.0x the 5 before (high break needs 2.0x)
2026-10-07 16:23:40,391 INFO [v36b] WHY-NOT PFAI px 5.7688 | crowd #1 $12789k held 10.7m, gainer #1 | NO PATTERN: no rip | last candles RG, vol 1.0x the 5 before (high break needs 2.0x)
2026-10-07 16:24:10,312 INFO [v36] WHY-NOT SNXX px 16.4671 | crowd #2 $11744k held 17.2m, gainer #22 | NO PATTERN: no rip | last candles RG, vol 0.5x the 5 before (high break needs 2.0x)
2026-10-07 16:24:10,313 INFO [v36b] WHY-NOT SNXX px 16.4671 | crowd #2 $11744k held 17.2m, gainer #22 | NO PATTERN: no rip | last candles RG, vol 0.5x the 5 before (high break needs 2.0x)
2026-10-07 16:24:40,435 INFO [v36] WHY-NOT PFAI px 6.7100 | crowd #1 $12611k held 11.7m, gainer #1 | NO PATTERN: no rip | last candles GR, vol 0.6x the 5 before (high break needs 2.0x)
2026-10-07 16:24:40,435 INFO [v36b] WHY-NOT PFAI px 6.7100 | crowd #1 $12611k held 11.7m, gainer #1 | NO PATTERN: no rip | last candles GR, vol 0.6x the 5 before (high break needs 2.0x)
2026-10-07 16:25:10,423 INFO [v36] WHY-NOT SNXX px 16.4600 | crowd #2 $8340k held 18.2m, gainer #23 | NO PATTERN: no rip | last candles GR, vol 0.5x the 5 before (high break needs 2.0x)
2026-10-07 16:25:10,423 INFO [v36b] WHY-NOT SNXX px 16.4600 | crowd #2 $8340k held 18.2m, gainer #23 | NO PATTERN: no rip | last candles GR, vol 0.5x the 5 before (high break needs 2.0x)
2026-10-07 16:25:40,471 INFO [v36] WHY-NOT PFAI px 6.4700 | crowd #1 $12611k held 12.7m, gainer #1 | NO PATTERN: no rip | last candles RG, vol 1.3x the 5 before (high break needs 2.0x)
2026-10-07 16:25:40,472 INFO [v36b] WHY-NOT PFAI px 6.4700 | crowd #1 $12611k held 12.7m, gainer #1 | NO PATTERN: no rip | last candles RG, vol 1.3x the 5 before (high break needs 2.0x)
2026-10-07 16:26:10,666 INFO [v36] WHY-NOT SNXX px 16.4500 | crowd #2 $8094k held 19.2m, gainer #24 | NO PATTERN: no rip | last candles RR, vol 1.0x the 5 before (high break needs 2.0x)
2026-10-07 16:26:10,667 INFO [v36b] WHY-NOT SNXX px 16.4500 | crowd #2 $8094k held 19.2m, gainer #24 | NO PATTERN: no rip | last candles RR, vol 1.0x the 5 before (high break needs 2.0x)
2026-10-07 16:26:38,735 INFO [v36] WHY-NOT SBFM px 1.0000 | crowd #3 $3375k, gainer #2 | NO PATTERN: no rip | last candles GG, vol 0.6x the 5 before (high break needs 2.0x)
2026-10-07 16:26:38,736 INFO [v36b] WHY-NOT SBFM px 1.0000 | crowd #3 $3375k, gainer #2 | NO PATTERN: no rip | last candles GG, vol 0.6x the 5 before (high break needs 2.0x)
2026-10-07 16:26:40,474 INFO [v36] WHY-NOT PFAI px 6.2900 | crowd #1 $12201k held 13.7m, gainer #1 | NO PATTERN: no rip | last candles GR, vol 1.0x the 5 before (high break needs 2.0x)
2026-10-07 16:26:40,475 INFO [v36b] WHY-NOT PFAI px 6.2900 | crowd #1 $12201k held 13.7m, gainer #1 | NO PATTERN: no rip | last candles GR, vol 1.0x the 5 before (high break needs 2.0x)
2026-10-07 16:27:10,687 INFO [v36] WHY-NOT SNXX px 16.3450 | crowd #2 $8094k held 20.2m, gainer #24 | NO PATTERN: no rip | last candles RR, vol 3.4x the 5 before (high break needs 2.0x)
2026-10-07 16:27:10,687 INFO [v36b] WHY-NOT SNXX px 16.3450 | crowd #2 $8094k held 20.2m, gainer #24 | NO PATTERN: no rip | last candles RR, vol 3.4x the 5 before (high break needs 2.0x)
2026-10-07 16:27:38,831 INFO [v36] WHY-NOT SBFM px 1.0087 | crowd #3 $3375k, gainer #2 | NO PATTERN: no rip | last candles GG, vol 1.6x the 5 before (high break needs 2.0x)
2026-10-07 16:27:38,832 INFO [v36b] WHY-NOT SBFM px 1.0087 | crowd #3 $3375k, gainer #2 | NO PATTERN: no rip | last candles GG, vol 1.6x the 5 before (high break needs 2.0x)
2026-10-07 16:27:40,522 INFO [v36] WHY-NOT PFAI px 6.0300 | crowd #1 $12201k held 14.7m, gainer #1 | NO PATTERN: no rip | last candles RR, vol 0.9x the 5 before (high break needs 2.0x)
2026-10-07 16:27:40,522 INFO [v36b] WHY-NOT PFAI px 6.0300 | crowd #1 $12201k held 14.7m, gainer #1 | NO PATTERN: no rip | last candles RR, vol 0.9x the 5 before (high break needs 2.0x)
2026-10-07 16:28:10,769 INFO [v36] WHY-NOT SNXX px 16.3700 | crowd #2 $11892k held 21.2m, gainer #24 | NO PATTERN: no rip | last candles RR, vol 0.9x the 5 before (high break needs 2.0x)
2026-10-07 16:28:10,772 INFO [v36b] WHY-NOT SNXX px 16.3700 | crowd #2 $11892k held 21.2m, gainer #24 | NO PATTERN: no rip | last candles RR, vol 0.9x the 5 before (high break needs 2.0x)
2026-10-07 16:28:39,626 INFO [v36] WHY-NOT SBFM px 1.0000 | crowd #3 $3915k, gainer #2 | NO PATTERN: no rip | last candles GR, vol 0.7x the 5 before (high break needs 2.0x)
2026-10-07 16:28:39,626 INFO [v36b] WHY-NOT SBFM px 1.0000 | crowd #3 $3915k, gainer #2 | NO PATTERN: no rip | last candles GR, vol 0.7x the 5 before (high break needs 2.0x)
2026-10-07 16:28:40,568 INFO [v36] WHY-NOT PFAI px 5.9800 | crowd #1 $12646k held 15.7m, gainer #1 | NO PATTERN: no rip | last candles RR, vol 0.7x the 5 before (high break needs 2.0x)
2026-10-07 16:28:40,568 INFO [v36b] WHY-NOT PFAI px 5.9800 | crowd #1 $12646k held 15.7m, gainer #1 | NO PATTERN: no rip | last candles RR, vol 0.7x the 5 before (high break needs 2.0x)
2026-10-07 16:29:11,039 INFO [v36] WHY-NOT SNXX px 16.3500 | crowd #2 $11575k held 22.2m, gainer #24 | NO PATTERN: no rip | last candles RR, vol 0.7x the 5 before (high break needs 2.0x)
2026-10-07 16:29:11,040 INFO [v36b] WHY-NOT SNXX px 16.3500 | crowd #2 $11575k held 22.2m, gainer #24 | NO PATTERN: no rip | last candles RR, vol 0.7x the 5 before (high break needs 2.0x)
2026-10-07 16:29:40,570 INFO [v36] WHY-NOT PFAI px 5.8100 | crowd #1 $11929k held 16.7m, gainer #1 | NO PATTERN: no rip | last candles RR, vol 0.6x the 5 before (high break needs 2.0x)
2026-10-07 16:29:40,570 INFO [v36b] WHY-NOT PFAI px 5.8100 | crowd #1 $11929k held 16.7m, gainer #1 | NO PATTERN: no rip | last candles RR, vol 0.6x the 5 before (high break needs 2.0x)
2026-10-07 16:29:56,761 INFO [v36] WHY-NOT SBFM px 1.0000 | crowd #3 $3529k, gainer #2 | NO PATTERN: no rip | last candles RR, vol 1.2x the 5 before (high break needs 2.0x)
2026-10-07 16:29:56,761 INFO [v36b] WHY-NOT SBFM px 1.0000 | crowd #3 $3529k, gainer #2 | NO PATTERN: no rip | last candles RR, vol 1.2x the 5 before (high break needs 2.0x)
2026-10-07 16:30:11,487 INFO [v36] WHY-NOT SNXX px 16.2899 | crowd #1 $11962k held 23.2m, gainer #25 | NO PATTERN: no rip | last candles RR, vol 0.9x the 5 before (high break needs 2.0x)
2026-10-07 16:30:11,488 INFO [v36b] WHY-NOT SNXX px 16.2899 | crowd #1 $11962k held 23.2m, gainer #25 | NO PATTERN: no rip | last candles RR, vol 0.9x the 5 before (high break needs 2.0x)
2026-10-07 16:30:40,936 INFO [v36] WHY-NOT PFAI px 6.0400 | crowd #2 $11797k held 17.7m, gainer #1 | NO PATTERN: no rip | last candles RG, vol 0.6x the 5 before (high break needs 2.0x)
2026-10-07 16:30:41,010 INFO [v36b] WHY-NOT PFAI px 6.0400 | crowd #2 $11797k held 17.7m, gainer #1 | NO PATTERN: no rip | last candles RG, vol 0.6x the 5 before (high break needs 2.0x)
2026-10-07 16:31:04,207 INFO [v36] WHY-NOT SBFM px 1.0000 | crowd #3 $3826k, gainer #2 | NO PATTERN: no rip | last candles GR, vol 0.7x the 5 before (high break needs 2.0x)
2026-10-07 16:31:04,207 INFO [v36b] WHY-NOT SBFM px 1.0000 | crowd #3 $3826k, gainer #2 | NO PATTERN: no rip | last candles GR, vol 0.7x the 5 before (high break needs 2.0x)
2026-10-07 16:31:12,270 INFO [v36] WHY-NOT SNXX px 16.3075 | crowd #1 $12924k held 24.2m, gainer #25 | NO PATTERN: no rip | last candles RR, vol 1.0x the 5 before (high break needs 2.0x)
2026-10-07 16:31:12,270 INFO [v36b] WHY-NOT SNXX px 16.3075 | crowd #1 $12924k held 24.2m, gainer #25 | NO PATTERN: no rip | last candles RR, vol 1.0x the 5 before (high break needs 2.0x)
2026-10-07 16:31:41,018 INFO [v36] WHY-NOT PFAI px 5.6500 | crowd #2 $9444k held 18.7m, gainer #1 | NO PATTERN: no rip | last candles GR, vol 0.5x the 5 before (high break needs 2.0x)
2026-10-07 16:31:41,019 INFO [v36b] WHY-NOT PFAI px 5.6500 | crowd #2 $9444k held 18.7m, gainer #1 | NO PATTERN: no rip | last candles GR, vol 0.5x the 5 before (high break needs 2.0x)
2026-10-07 16:32:04,482 INFO [v36] WHY-NOT SBFM px 1.0600 | crowd #3 $3849k, gainer #1 | NO PATTERN: no rip | last candles RG, vol 1.9x the 5 before (high break needs 2.0x)
2026-10-07 16:32:04,482 INFO [v36b] WHY-NOT SBFM px 1.0600 | crowd #3 $3849k, gainer #1 | NO PATTERN: no rip | last candles RG, vol 1.9x the 5 before (high break needs 2.0x)
2026-10-07 16:32:12,329 INFO [v36] WHY-NOT SNXX px 16.3300 | crowd #1 $13748k held 25.2m, gainer #26 | NO PATTERN: no rip | last candles RG, vol 0.7x the 5 before (high break needs 2.0x)
2026-10-07 16:32:12,330 INFO [v36b] WHY-NOT SNXX px 16.3300 | crowd #1 $13748k held 25.2m, gainer #26 | NO PATTERN: no rip | last candles RG, vol 0.7x the 5 before (high break needs 2.0x)
2026-10-07 16:32:41,365 INFO [v36] WHY-NOT PFAI px 5.1499 | crowd #2 $7572k held 19.7m, gainer #2 | NO PATTERN: no rip | last candles RR, vol 1.3x the 5 before (high break needs 2.0x)
2026-10-07 16:32:41,365 INFO [v36b] WHY-NOT PFAI px 5.1499 | crowd #2 $7572k held 19.7m, gainer #2 | NO PATTERN: no rip | last candles RR, vol 1.3x the 5 before (high break needs 2.0x)
2026-10-07 16:33:04,651 INFO [v36] WHY-NOT SBFM px 1.0950 | crowd #3 $4168k, gainer #1 | NO PATTERN: no rip | last candles GG, vol 1.4x the 5 before (high break needs 2.0x)
2026-10-07 16:33:04,651 INFO [v36b] WHY-NOT SBFM px 1.0950 | crowd #3 $4168k, gainer #1 | NO PATTERN: no rip | last candles GG, vol 1.4x the 5 before (high break needs 2.0x)
2026-10-07 16:33:12,810 INFO [v36] WHY-NOT SNXX px 16.3200 | crowd #1 $10375k held 26.2m, gainer #25 | NO PATTERN: no rip | last candles GR, vol 0.4x the 5 before (high break needs 2.0x)
2026-10-07 16:33:12,813 INFO [v36b] WHY-NOT SNXX px 16.3200 | crowd #1 $10375k held 26.2m, gainer #25 | NO PATTERN: no rip | last candles GR, vol 0.4x the 5 before (high break needs 2.0x)
2026-10-07 16:33:41,812 INFO [v36] WHY-NOT PFAI px 4.8500 | crowd #2 $7189k held 20.7m, gainer #2 | NO PATTERN: no rip | last candles RR, vol 2.2x the 5 before (high break needs 2.0x)
2026-10-07 16:33:41,812 INFO [v36b] WHY-NOT PFAI px 4.8500 | crowd #2 $7189k held 20.7m, gainer #2 | NO PATTERN: no rip | last candles RR, vol 2.2x the 5 before (high break needs 2.0x)
2026-10-07 16:34:04,672 INFO [v36] WHY-NOT SBFM px 1.1850 | crowd #3 $4750k, gainer #1 | WAIT: hod trigger 1.6100
2026-10-07 16:34:04,674 INFO [v36b] WHY-NOT SBFM px 1.1850 | crowd #3 $4750k, gainer #1 | WAIT: hod trigger 1.6100
2026-10-07 16:34:12,817 INFO [v36] WHY-NOT SNXX px 16.3200 | crowd #1 $9030k held 27.2m, gainer #27 | NO PATTERN: no rip | last candles RR, vol 0.4x the 5 before (high break needs 2.0x)
2026-10-07 16:34:12,817 INFO [v36b] WHY-NOT SNXX px 16.3200 | crowd #1 $9030k held 27.2m, gainer #27 | NO PATTERN: no rip | last candles RR, vol 0.4x the 5 before (high break needs 2.0x)
2026-10-07 16:34:42,056 INFO [v36] WHY-NOT PFAI px 5.0400 | crowd #2 $8065k held 21.7m, gainer #2 | NO PATTERN: no rip | last candles RR, vol 1.3x the 5 before (high break needs 2.0x)
2026-10-07 16:34:42,057 INFO [v36b] WHY-NOT PFAI px 5.0400 | crowd #2 $8065k held 21.7m, gainer #2 | NO PATTERN: no rip | last candles RR, vol 1.3x the 5 before (high break needs 2.0x)
2026-10-07 16:35:04,729 INFO [v36] WHY-NOT SBFM px 1.1485 | crowd #3 $6368k, gainer #1 | NO PATTERN: no rip | last candles GR, vol 1.0x the 5 before (high break needs 2.0x)
2026-10-07 16:35:04,729 INFO [v36b] WHY-NOT SBFM px 1.1485 | crowd #3 $6368k, gainer #1 | NO PATTERN: no rip | last candles GR, vol 1.0x the 5 before (high break needs 2.0x)
2026-10-07 16:35:13,121 INFO [v36] WHY-NOT SNXX px 16.2429 | crowd #2 $8234k held 28.2m, gainer #27 | NO PATTERN: no rip | last candles RR, vol 0.6x the 5 before (high break needs 2.0x)
2026-10-07 16:35:13,194 INFO [v36b] WHY-NOT SNXX px 16.2429 | crowd #2 $8234k held 28.2m, gainer #27 | NO PATTERN: no rip | last candles RR, vol 0.6x the 5 before (high break needs 2.0x)
2026-10-07 16:35:42,276 INFO [v36] WHY-NOT PFAI px 5.2099 | crowd #1 $8558k held 22.7m, gainer #2 | NO PATTERN: no rip | last candles RG, vol 0.5x the 5 before (high break needs 2.0x)
2026-10-07 16:35:42,277 INFO [v36b] WHY-NOT PFAI px 5.2099 | crowd #1 $8558k held 22.7m, gainer #2 | NO PATTERN: no rip | last candles RG, vol 0.5x the 5 before (high break needs 2.0x)
2026-10-07 16:36:04,742 INFO [v36] WHY-NOT SBFM px 1.1000 | crowd #3 $7081k, gainer #1 | NO PATTERN: no rip | last candles RR, vol 0.6x the 5 before (high break needs 2.0x)
2026-10-07 16:36:04,742 INFO [v36b] WHY-NOT SBFM px 1.1000 | crowd #3 $7081k, gainer #1 | NO PATTERN: no rip | last candles RR, vol 0.6x the 5 before (high break needs 2.0x)
2026-10-07 16:36:13,270 INFO [v36] WHY-NOT SNXX px 16.2574 | crowd #2 $7140k held 29.2m, gainer #26 | NO PATTERN: no rip | last candles RR, vol 1.6x the 5 before (high break needs 2.0x)
2026-10-07 16:36:13,271 INFO [v36b] WHY-NOT SNXX px 16.2574 | crowd #2 $7140k held 29.2m, gainer #26 | NO PATTERN: no rip | last candles RR, vol 1.6x the 5 before (high break needs 2.0x)
2026-10-07 16:36:40,633 INFO [v36] WHY-NOT SNXX px 16.2200 | crowd #- $0k, gainer #1 | NO CROWD: not top 2 held 2m, not ripping, not a top gainer with $1000k
2026-10-07 16:36:40,633 INFO [v36b] WHY-NOT SNXX px 16.2200 | crowd #- $0k, gainer #1 | NO CROWD: not top 2 held 2m, not ripping, not a top gainer with $1000k
2026-10-07 16:36:42,366 INFO [v36] WHY-NOT PFAI px 5.3100 | crowd #1 $8033k held 23.7m, gainer #2 | NO PATTERN: no rip | last candles GG, vol 0.8x the 5 before (high break needs 2.0x)
2026-10-07 16:36:42,368 INFO [v36b] WHY-NOT PFAI px 5.3100 | crowd #1 $8033k held 23.7m, gainer #2 | NO PATTERN: no rip | last candles GG, vol 0.8x the 5 before (high break needs 2.0x)
2026-10-07 16:37:00,003 INFO [v36] WHY-NOT PFAI px 5.4000 | crowd #- $0k, gainer #2 | NO CROWD: not top 2 held 2m, not ripping, not a top gainer with $1000k
2026-10-07 16:37:00,003 INFO [v36b] WHY-NOT PFAI px 5.4000 | crowd #- $0k, gainer #2 | NO CROWD: not top 2 held 2m, not ripping, not a top gainer with $1000k
2026-10-07 16:37:00,034 INFO [v36] WHY-NOT SBFM px 1.1197 | crowd #- $0k, gainer #1 | NO CROWD: not top 2 held 2m, not ripping, not a top gainer with $1000k
2026-10-07 16:37:00,034 INFO [v36b] WHY-NOT SBFM px 1.1197 | crowd #- $0k, gainer #1 | NO CROWD: not top 2 held 2m, not ripping, not a top gainer with $1000k
2026-10-07 16:37:04,776 INFO [v36] WHY-NOT SBFM px 1.1300 | crowd #2 $7394k held 0.1m, gainer #1 | NO PATTERN: no rip | last candles RR, vol 0.7x the 5 before (high break needs 2.0x)
2026-10-07 16:37:04,777 INFO [v36b] WHY-NOT SBFM px 1.1300 | crowd #2 $7394k held 0.1m, gainer #1 | NO PATTERN: no rip | last candles RR, vol 0.7x the 5 before (high break needs 2.0x)
2026-10-07 16:37:13,707 INFO [v36] WHY-NOT SNXX px 16.2329 | crowd #3 $6953k, gainer #27 | NO CROWD: not top 2 held 2m, not ripping, not a top gainer with $1000k
2026-10-07 16:37:13,708 INFO [v36b] WHY-NOT SNXX px 16.2329 | crowd #3 $6953k, gainer #27 | NO CROWD: not top 2 held 2m, not ripping, not a top gainer with $1000k
2026-10-07 16:38:00,076 INFO [v36] WHY-NOT PFAI px 4.6601 | crowd #1 $3411k held 0.0m, gainer #2 | NO PATTERN: no rip | last candles GR, vol 0.0x the 5 before (high break needs 2.0x)
2026-10-07 16:38:00,077 INFO [v36b] WHY-NOT PFAI px 4.6601 | crowd #1 $3411k held 0.0m, gainer #2 | NO PATTERN: no rip | last candles GR, vol 0.0x the 5 before (high break needs 2.0x)
2026-10-07 16:38:00,245 INFO [v36] WHY-NOT SBFM px 1.1000 | crowd #3 $1636k, gainer #1 | NO PATTERN: no rip | last candles RR, vol 0.0x the 5 before (high break needs 2.0x)
2026-10-07 16:38:00,246 INFO [v36b] WHY-NOT SBFM px 1.1000 | crowd #3 $1636k, gainer #1 | NO PATTERN: no rip | last candles RR, vol 0.0x the 5 before (high break needs 2.0x)
2026-10-07 16:38:03,128 INFO [v36] WHY-NOT SNXX px 16.2300 | crowd #2 $2497k held 0.1m, gainer #16 | NO CROWD: not top 2 held 2m, not ripping, not a top gainer with $1000k
2026-10-07 16:38:03,128 INFO [v36b] WHY-NOT SNXX px 16.2300 | crowd #2 $2497k held 0.1m, gainer #16 | NO CROWD: not top 2 held 2m, not ripping, not a top gainer with $1000k
2026-10-07 16:39:00,697 INFO [v36] WHY-NOT PFAI px 4.6200 | crowd #1 $4230k held 1.0m, gainer #2 | NO PATTERN: no rip | last candles RR, vol 0.5x the 5 before (high break needs 2.0x)
2026-10-07 16:39:00,698 INFO [v36b] WHY-NOT PFAI px 4.6200 | crowd #1 $4230k held 1.0m, gainer #2 | NO PATTERN: no rip | last candles RR, vol 0.5x the 5 before (high break needs 2.0x)
2026-10-07 16:39:00,726 INFO [v36] WHY-NOT SBFM px 1.0801 | crowd #3 $2082k, gainer #1 | NO PATTERN: no rip | last candles RR, vol 0.6x the 5 before (high break needs 2.0x)
2026-10-07 16:39:00,727 INFO [v36b] WHY-NOT SBFM px 1.0801 | crowd #3 $2082k, gainer #1 | NO PATTERN: no rip | last candles RR, vol 0.6x the 5 before (high break needs 2.0x)
2026-10-07 16:39:03,833 INFO [v36] WHY-NOT SNXX px 16.2550 | crowd #2 $3356k held 1.1m, gainer #22 | NO CROWD: not top 2 held 2m, not ripping, not a top gainer with $1000k
2026-10-07 16:39:03,833 INFO [v36b] WHY-NOT SNXX px 16.2550 | crowd #2 $3356k held 1.1m, gainer #22 | NO CROWD: not top 2 held 2m, not ripping, not a top gainer with $1000k
2026-10-07 16:40:00,934 INFO [v36] WHY-NOT SBFM px 1.0999 | crowd #3 $2580k, gainer #1 | NO PATTERN: no rip | last candles RG, vol 0.7x the 5 before (high break needs 2.0x)
2026-10-07 16:40:00,935 INFO [v36b] WHY-NOT SBFM px 1.0999 | crowd #3 $2580k, gainer #1 | NO PATTERN: no rip | last candles RG, vol 0.7x the 5 before (high break needs 2.0x)
2026-10-07 16:40:01,499 INFO [v36] WHY-NOT PFAI px 4.6800 | crowd #1 $4581k held 2.0m, gainer #2 | NO PATTERN: no rip | last candles RG, vol 0.3x the 5 before (high break needs 2.0x)
2026-10-07 16:40:01,499 INFO [v36b] WHY-NOT PFAI px 4.6800 | crowd #1 $4581k held 2.0m, gainer #2 | NO PATTERN: no rip | last candles RG, vol 0.3x the 5 before (high break needs 2.0x)
2026-10-07 16:40:07,177 INFO [v36] WHY-NOT SNXX px 16.2680 | crowd #2 $4148k held 2.1m, gainer #22 | NO PATTERN: no rip | last candles GG, vol 0.7x the 5 before (high break needs 2.0x)
2026-10-07 16:40:07,178 INFO [v36b] WHY-NOT SNXX px 16.2680 | crowd #2 $4148k held 2.1m, gainer #22 | NO PATTERN: no rip | last candles GG, vol 0.7x the 5 before (high break needs 2.0x)
2026-10-07 16:41:00,938 INFO [v36] WHY-NOT SBFM px 1.0997 | crowd #3 $2580k, gainer #1 | NO PATTERN: no rip | last candles GR, vol 0.7x the 5 before (high break needs 2.0x)
2026-10-07 16:41:00,938 INFO [v36b] WHY-NOT SBFM px 1.0997 | crowd #3 $2580k, gainer #1 | NO PATTERN: no rip | last candles GR, vol 0.7x the 5 before (high break needs 2.0x)
2026-10-07 16:41:01,694 INFO [v36b] WHY-NOT PFAI px 4.4500 | crowd #1 $4581k held 3.0m, gainer #2 | NO PATTERN: no rip | last candles GR, vol 0.8x the 5 before (high break needs 2.0x)
2026-10-07 16:41:01,743 INFO [v36] WHY-NOT PFAI px 4.4600 | crowd #1 $4581k held 3.0m, gainer #2 | NO PATTERN: no rip | last candles GR, vol 0.8x the 5 before (high break needs 2.0x)
2026-10-07 16:41:08,026 INFO [v36] WHY-NOT SNXX px 16.3050 | crowd #2 $4148k held 3.1m, gainer #23 | NO PATTERN: no rip | last candles GG, vol 0.6x the 5 before (high break needs 2.0x)
2026-10-07 16:41:08,027 INFO [v36b] WHY-NOT SNXX px 16.3050 | crowd #2 $4148k held 3.1m, gainer #23 | NO PATTERN: no rip | last candles GG, vol 0.6x the 5 before (high break needs 2.0x)
2026-10-07 16:42:01,162 INFO [v36] WHY-NOT SBFM px 1.0699 | crowd #3 $2318k, gainer #1 | NO PATTERN: no rip | last candles RR, vol 0.6x the 5 before (high break needs 2.0x)
2026-10-07 16:42:01,163 INFO [v36b] WHY-NOT SBFM px 1.0699 | crowd #3 $2318k, gainer #1 | NO PATTERN: no rip | last candles RR, vol 0.6x the 5 before (high break needs 2.0x)
2026-10-07 16:42:02,683 INFO [v36b] WHY-NOT PFAI px 4.4350 | crowd #2 $3738k held 4.0m, gainer #2 | NO PATTERN: no rip | last candles RR, vol 0.5x the 5 before (high break needs 2.0x)
2026-10-07 16:42:02,747 INFO [v36] WHY-NOT PFAI px 4.4350 | crowd #2 $3738k held 4.0m, gainer #2 | NO PATTERN: no rip | last candles RR, vol 0.5x the 5 before (high break needs 2.0x)
2026-10-07 16:42:08,685 INFO [v36] WHY-NOT SNXX px 16.3250 | crowd #1 $4513k held 4.1m, gainer #23 | NO PATTERN: no rip | last candles GG, vol 1.1x the 5 before (high break needs 2.0x)
2026-10-07 16:42:08,686 INFO [v36b] WHY-NOT SNXX px 16.3250 | crowd #1 $4513k held 4.1m, gainer #23 | NO PATTERN: no rip | last candles GG, vol 1.1x the 5 before (high break needs 2.0x)
2026-10-07 16:43:01,168 INFO [v36] WHY-NOT SBFM px 1.0299 | crowd #3 $2046k, gainer #1 | NO PATTERN: no rip | last candles RR, vol 0.7x the 5 before (high break needs 2.0x)
2026-10-07 16:43:01,169 INFO [v36b] WHY-NOT SBFM px 1.0299 | crowd #3 $2046k, gainer #1 | NO PATTERN: no rip | last candles RR, vol 0.7x the 5 before (high break needs 2.0x)
2026-10-07 16:43:02,866 INFO [v36] WHY-NOT PFAI px 4.3800 | crowd #2 $2877k held 5.0m, gainer #2 | NO PATTERN: no rip | last candles RR, vol 0.6x the 5 before (high break needs 2.0x)
2026-10-07 16:43:02,867 INFO [v36b] WHY-NOT PFAI px 4.3800 | crowd #2 $2877k held 5.0m, gainer #2 | NO PATTERN: no rip | last candles RR, vol 0.6x the 5 before (high break needs 2.0x)
2026-10-07 16:43:12,219 INFO [v36] WHY-NOT SNXX px 16.3350 | crowd #1 $4212k held 5.2m, gainer #23 | NO PATTERN: no rip | last candles GG, vol 0.9x the 5 before (high break needs 2.0x)
2026-10-07 16:43:12,220 INFO [v36b] WHY-NOT SNXX px 16.3350 | crowd #1 $4212k held 5.2m, gainer #23 | NO PATTERN: no rip | last candles GG, vol 0.9x the 5 before (high break needs 2.0x)
2026-10-07 16:44:01,482 INFO [v36] WHY-NOT SBFM px 1.0404 | crowd #3 $2046k, gainer #1 | NO PATTERN: no rip | last candles RG, vol 1.2x the 5 before (high break needs 2.0x)
2026-10-07 16:44:01,482 INFO [v36b] WHY-NOT SBFM px 1.0404 | crowd #3 $2046k, gainer #1 | NO PATTERN: no rip | last candles RG, vol 1.2x the 5 before (high break needs 2.0x)
2026-10-07 16:44:02,917 INFO [v36] WHY-NOT PFAI px 3.9300 | crowd #2 $2877k held 6.0m, gainer #2 | NO PATTERN: no rip | last candles RR, vol 1.2x the 5 before (high break needs 2.0x)
2026-10-07 16:44:02,918 INFO [v36b] WHY-NOT PFAI px 3.9300 | crowd #2 $2877k held 6.0m, gainer #2 | NO PATTERN: no rip | last candles RR, vol 1.2x the 5 before (high break needs 2.0x)
2026-10-07 16:44:12,778 INFO [v36] WHY-NOT SNXX px 16.3250 | crowd #1 $4212k held 6.2m, gainer #23 | NO PATTERN: no rip | last candles GG, vol 1.6x the 5 before (high break needs 2.0x)
2026-10-07 16:44:12,778 INFO [v36b] WHY-NOT SNXX px 16.3250 | crowd #1 $4212k held 6.2m, gainer #23 | NO PATTERN: no rip | last candles GG, vol 1.6x the 5 before (high break needs 2.0x)
2026-10-07 16:45:01,673 INFO [v36] WHY-NOT SBFM px 1.0801 | crowd #3 $2097k, gainer #1 | NO PATTERN: no rip | last candles GG, vol 1.3x the 5 before (high break needs 2.0x)
2026-10-07 16:45:01,674 INFO [v36b] WHY-NOT SBFM px 1.0801 | crowd #3 $2097k, gainer #1 | NO PATTERN: no rip | last candles GG, vol 1.3x the 5 before (high break needs 2.0x)
2026-10-07 16:45:03,218 INFO [v36] WHY-NOT PFAI px 4.1200 | crowd #2 $2693k held 7.1m, gainer #2 | NO PATTERN: no rip | last candles RG, vol 1.6x the 5 before (high break needs 2.0x)
2026-10-07 16:45:03,219 INFO [v36b] WHY-NOT PFAI px 4.1200 | crowd #2 $2693k held 7.1m, gainer #2 | NO PATTERN: no rip | last candles RG, vol 1.6x the 5 before (high break needs 2.0x)
2026-10-07 16:45:14,423 INFO [v36] WHY-NOT SNXX px 16.3750 | crowd #1 $4740k held 7.2m, gainer #22 | NO PATTERN: no rip | last candles GG, vol 1.2x the 5 before (high break needs 2.0x)
2026-10-07 16:45:14,424 INFO [v36b] WHY-NOT SNXX px 16.3750 | crowd #1 $4740k held 7.2m, gainer #22 | NO PATTERN: no rip | last candles GG, vol 1.2x the 5 before (high break needs 2.0x)
2026-10-07 16:46:00,097 INFO [v36] WHY-NOT DKI px 2.2300 | crowd #4 $1011k, gainer #2 | WAIT: hod trigger 3.6900
2026-10-07 16:46:00,098 INFO [v36b] WHY-NOT DKI px 2.2300 | crowd #4 $1011k, gainer #2 | WAIT: hod trigger 3.6900
2026-10-07 16:46:01,897 INFO [v36] WHY-NOT SBFM px 1.0702 | crowd #3 $1942k, gainer #1 | NO PATTERN: no rip | last candles GR, vol 0.6x the 5 before (high break needs 2.0x)
2026-10-07 16:46:01,897 INFO [v36b] WHY-NOT SBFM px 1.0702 | crowd #3 $1942k, gainer #1 | NO PATTERN: no rip | last candles GR, vol 0.6x the 5 before (high break needs 2.0x)
2026-10-07 16:46:03,511 INFO [v36] WHY-NOT PFAI px 3.8000 | crowd #2 $2852k held 8.1m, gainer #3 | NO PATTERN: no rip | last candles GR, vol 0.9x the 5 before (high break needs 2.0x)
2026-10-07 16:46:03,513 INFO [v36b] WHY-NOT PFAI px 3.8000 | crowd #2 $2852k held 8.1m, gainer #3 | NO PATTERN: no rip | last candles GR, vol 0.9x the 5 before (high break needs 2.0x)
2026-10-07 16:46:16,914 INFO [v36] WHY-NOT SNXX px 16.3637 | crowd #1 $5121k held 8.3m, gainer #23 | NO PATTERN: no rip | last candles GG, vol 0.9x the 5 before (high break needs 2.0x)
2026-10-07 16:46:16,915 INFO [v36b] WHY-NOT SNXX px 16.3637 | crowd #1 $5121k held 8.3m, gainer #23 | NO PATTERN: no rip | last candles GG, vol 0.9x the 5 before (high break needs 2.0x)
2026-10-07 16:47:02,024 INFO [v36] WHY-NOT SBFM px 1.1101 | crowd #3 $2283k, gainer #1 | NO PATTERN: no rip | last candles RG, vol 1.7x the 5 before (high break needs 2.0x)
2026-10-07 16:47:02,025 INFO [v36b] WHY-NOT SBFM px 1.1101 | crowd #3 $2283k, gainer #1 | NO PATTERN: no rip | last candles RG, vol 1.7x the 5 before (high break needs 2.0x)
2026-10-07 16:47:03,681 INFO [v36] WHY-NOT PFAI px 3.9800 | crowd #2 $3017k held 9.1m, gainer #2 | NO PATTERN: no rip | last candles RG, vol 1.1x the 5 before (high break needs 2.0x)
2026-10-07 16:47:03,681 INFO [v36b] WHY-NOT PFAI px 3.9800 | crowd #2 $3017k held 9.1m, gainer #2 | NO PATTERN: no rip | last candles RG, vol 1.1x the 5 before (high break needs 2.0x)
2026-10-07 16:47:17,875 INFO [v36] WHY-NOT SNXX px 16.3339 | crowd #1 $5765k held 9.3m, gainer #23 | NO PATTERN: no rip | last candles GR, vol 1.4x the 5 before (high break needs 2.0x)
2026-10-07 16:47:17,876 INFO [v36b] WHY-NOT SNXX px 16.3339 | crowd #1 $5765k held 9.3m, gainer #23 | NO PATTERN: no rip | last candles GR, vol 1.4x the 5 before (high break needs 2.0x)
2026-10-07 16:48:02,060 INFO [v36] WHY-NOT SBFM px 1.0600 | crowd #3 $2283k, gainer #1 | NO PATTERN: no rip | last candles GR, vol 1.0x the 5 before (high break needs 2.0x)
2026-10-07 16:48:02,061 INFO [v36b] WHY-NOT SBFM px 1.0600 | crowd #3 $2283k, gainer #1 | NO PATTERN: no rip | last candles GR, vol 1.0x the 5 before (high break needs 2.0x)
2026-10-07 16:48:03,980 INFO [v36] WHY-NOT PFAI px 3.9500 | crowd #2 $3017k held 10.1m, gainer #2 | NO PATTERN: no rip | last candles GR, vol 0.5x the 5 before (high break needs 2.0x)
2026-10-07 16:48:03,981 INFO [v36b] WHY-NOT PFAI px 3.9500 | crowd #2 $3017k held 10.1m, gainer #2 | NO PATTERN: no rip | last candles GR, vol 0.5x the 5 before (high break needs 2.0x)
2026-10-07 16:48:19,736 INFO [v36] WHY-NOT SNXX px 16.3210 | crowd #1 $5765k held 10.3m, gainer #22 | NO PATTERN: no rip | last candles RR, vol 1.3x the 5 before (high break needs 2.0x)
2026-10-07 16:48:19,743 INFO [v36b] WHY-NOT SNXX px 16.3210 | crowd #1 $5765k held 10.3m, gainer #22 | NO PATTERN: no rip | last candles RR, vol 1.3x the 5 before (high break needs 2.0x)
2026-10-07 16:49:02,168 INFO [v36] WHY-NOT SBFM px 1.0500 | crowd #3 $2431k, gainer #1 | NO PATTERN: no rip | last candles RR, vol 0.5x the 5 before (high break needs 2.0x)
2026-10-07 16:49:02,169 INFO [v36b] WHY-NOT SBFM px 1.0500 | crowd #3 $2431k, gainer #1 | NO PATTERN: no rip | last candles RR, vol 0.5x the 5 before (high break needs 2.0x)
2026-10-07 16:49:04,231 INFO [v36] WHY-NOT PFAI px 3.7000 | crowd #2 $2896k held 11.1m, gainer #2 | NO PATTERN: no rip | last candles RR, vol 0.4x the 5 before (high break needs 2.0x)
2026-10-07 16:49:04,231 INFO [v36b] WHY-NOT PFAI px 3.7000 | crowd #2 $2896k held 11.1m, gainer #2 | NO PATTERN: no rip | last candles RR, vol 0.4x the 5 before (high break needs 2.0x)
2026-10-07 16:49:20,971 INFO [v36] WHY-NOT SNXX px 16.3555 | crowd #1 $5407k held 11.3m, gainer #22 | NO PATTERN: no rip | last candles RG, vol 0.3x the 5 before (high break needs 2.0x)
2026-10-07 16:49:20,971 INFO [v36b] WHY-NOT SNXX px 16.3555 | crowd #1 $5407k held 11.3m, gainer #22 | NO PATTERN: no rip | last candles RG, vol 0.3x the 5 before (high break needs 2.0x)
2026-10-07 16:50:02,220 INFO [v36] WHY-NOT SBFM px 1.0350 | crowd #3 $1841k, gainer #1 | NO PATTERN: no rip | last candles RR, vol 0.5x the 5 before (high break needs 2.0x)
2026-10-07 16:50:02,221 INFO [v36b] WHY-NOT SBFM px 1.0350 | crowd #3 $1841k, gainer #1 | NO PATTERN: no rip | last candles RR, vol 0.5x the 5 before (high break needs 2.0x)
2026-10-07 16:50:04,466 INFO [v36] WHY-NOT PFAI px 3.7100 | crowd #2 $2127k held 12.1m, gainer #2 | NO PATTERN: no rip | last candles RR, vol 1.0x the 5 before (high break needs 2.0x)
2026-10-07 16:50:04,466 INFO [v36b] WHY-NOT PFAI px 3.7100 | crowd #2 $2127k held 12.1m, gainer #2 | NO PATTERN: no rip | last candles RR, vol 1.0x the 5 before (high break needs 2.0x)
2026-10-07 16:50:21,275 INFO [v36] WHY-NOT SNXX px 16.3678 | crowd #1 $4616k held 12.4m, gainer #22 | NO PATTERN: no rip | last candles GG, vol 0.4x the 5 before (high break needs 2.0x)
2026-10-07 16:50:21,276 INFO [v36b] WHY-NOT SNXX px 16.3678 | crowd #1 $4616k held 12.4m, gainer #22 | NO PATTERN: no rip | last candles GG, vol 0.4x the 5 before (high break needs 2.0x)
2026-10-07 16:51:02,986 INFO [v36] WHY-NOT SBFM px 1.0301 | crowd #3 $1773k, gainer #1 | NO PATTERN: no rip | last candles RG, vol 0.5x the 5 before (high break needs 2.0x)
2026-10-07 16:51:02,986 INFO [v36b] WHY-NOT SBFM px 1.0301 | crowd #3 $1773k, gainer #1 | NO PATTERN: no rip | last candles RG, vol 0.5x the 5 before (high break needs 2.0x)
2026-10-07 16:51:04,727 INFO [v36] WHY-NOT PFAI px 3.9900 | crowd #2 $2019k held 13.1m, gainer #2 | NO PATTERN: no rip | last candles RG, vol 1.0x the 5 before (high break needs 2.0x)
2026-10-07 16:51:04,728 INFO [v36b] WHY-NOT PFAI px 3.9900 | crowd #2 $2019k held 13.1m, gainer #2 | NO PATTERN: no rip | last candles RG, vol 1.0x the 5 before (high break needs 2.0x)
2026-10-07 16:51:22,151 INFO [v36] WHY-NOT SNXX px 16.4350 | crowd #1 $6142k held 13.4m, gainer #21 | WAIT: hod trigger 16.6643
2026-10-07 16:51:22,151 INFO [v36b] WHY-NOT SNXX px 16.4350 | crowd #1 $6142k held 13.4m, gainer #21 | WAIT: hod trigger 16.6643
2026-10-07 16:52:03,014 INFO [v36] WHY-NOT SBFM px 1.0250 | crowd #3 $1301k, gainer #1 | NO PATTERN: no rip | last candles GR, vol 0.7x the 5 before (high break needs 2.0x)
2026-10-07 16:52:03,014 INFO [v36b] WHY-NOT SBFM px 1.0250 | crowd #3 $1301k, gainer #1 | NO PATTERN: no rip | last candles GR, vol 0.7x the 5 before (high break needs 2.0x)
2026-10-07 16:52:05,004 INFO [v36] WHY-NOT PFAI px 4.2900 | crowd #2 $2422k held 14.1m, gainer #2 | WAIT: hod trigger 7.0700
2026-10-07 16:52:05,005 INFO [v36b] WHY-NOT PFAI px 4.2900 | crowd #2 $2422k held 14.1m, gainer #2 | WAIT: hod trigger 7.0700
2026-10-07 16:52:22,395 INFO [v36] WHY-NOT SNXX px 16.4001 | crowd #1 $6142k held 14.4m, gainer #21 | NO PATTERN: no rip | last candles GR, vol 0.9x the 5 before (high break needs 2.0x)
2026-10-07 16:52:22,396 INFO [v36b] WHY-NOT SNXX px 16.4001 | crowd #1 $6142k held 14.4m, gainer #21 | NO PATTERN: no rip | last candles GR, vol 0.9x the 5 before (high break needs 2.0x)
2026-10-07 16:53:03,450 INFO [v36] WHY-NOT SBFM px 1.0401 | crowd #3 $1301k, gainer #1 | NO PATTERN: no rip | last candles RG, vol 1.4x the 5 before (high break needs 2.0x)
2026-10-07 16:53:03,451 INFO [v36b] WHY-NOT SBFM px 1.0401 | crowd #3 $1301k, gainer #1 | NO PATTERN: no rip | last candles RG, vol 1.4x the 5 before (high break needs 2.0x)
2026-10-07 16:53:05,405 INFO [v36] WHY-NOT PFAI px 4.1683 | crowd #2 $2422k held 15.1m, gainer #2 | NO PATTERN: no rip | last candles GR, vol 1.2x the 5 before (high break needs 2.0x)
2026-10-07 16:53:05,407 INFO [v36b] WHY-NOT PFAI px 4.1683 | crowd #2 $2422k held 15.1m, gainer #2 | NO PATTERN: no rip | last candles GR, vol 1.2x the 5 before (high break needs 2.0x)
2026-10-07 16:53:24,770 INFO [v36] WHY-NOT SNXX px 16.3750 | crowd #1 $5859k held 15.4m, gainer #25 | NO PATTERN: no rip | last candles RR, vol 1.4x the 5 before (high break needs 2.0x)
2026-10-07 16:53:24,771 INFO [v36b] WHY-NOT SNXX px 16.3750 | crowd #1 $5859k held 15.4m, gainer #25 | NO PATTERN: no rip | last candles RR, vol 1.4x the 5 before (high break needs 2.0x)
2026-10-07 16:54:05,508 INFO [v36] WHY-NOT PFAI px 4.1100 | crowd #2 $2804k held 16.1m, gainer #2 | NO PATTERN: no rip | last candles RR, vol 0.5x the 5 before (high break needs 2.0x)
2026-10-07 16:54:05,508 INFO [v36] WHY-NOT SBFM px 1.0450 | crowd #3 $1268k, gainer #1 | NO PATTERN: no rip | last candles GR, vol 1.3x the 5 before (high break needs 2.0x)
2026-10-07 16:54:05,509 INFO [v36b] WHY-NOT PFAI px 4.1100 | crowd #2 $2804k held 16.1m, gainer #2 | NO PATTERN: no rip | last candles RR, vol 0.5x the 5 before (high break needs 2.0x)
2026-10-07 16:54:05,509 INFO [v36b] WHY-NOT SBFM px 1.0450 | crowd #3 $1268k, gainer #1 | NO PATTERN: no rip | last candles GR, vol 1.3x the 5 before (high break needs 2.0x)
2026-10-07 16:54:26,781 INFO [v36] WHY-NOT SNXX px 16.3945 | crowd #1 $7283k held 16.4m, gainer #24 | NO PATTERN: no rip | last candles RG, vol 1.6x the 5 before (high break needs 2.0x)
2026-10-07 16:54:26,782 INFO [v36b] WHY-NOT SNXX px 16.3945 | crowd #1 $7283k held 16.4m, gainer #24 | NO PATTERN: no rip | last candles RG, vol 1.6x the 5 before (high break needs 2.0x)
2026-10-07 16:55:05,602 INFO [v36] WHY-NOT PFAI px 4.0600 | crowd #2 $2615k held 17.1m, gainer #2 | NO PATTERN: no rip | last candles RR, vol 0.5x the 5 before (high break needs 2.0x)
2026-10-07 16:55:05,602 INFO [v36b] WHY-NOT PFAI px 4.0600 | crowd #2 $2615k held 17.1m, gainer #2 | NO PATTERN: no rip | last candles RR, vol 0.5x the 5 before (high break needs 2.0x)
2026-10-07 16:55:06,006 INFO [v36] WHY-NOT SBFM px 1.0450 | crowd #3 $1186k, gainer #1 | NO PATTERN: no rip | last candles RG, vol 0.5x the 5 before (high break needs 2.0x)
2026-10-07 16:55:06,006 INFO [v36b] WHY-NOT SBFM px 1.0450 | crowd #3 $1186k, gainer #1 | NO PATTERN: no rip | last candles RG, vol 0.5x the 5 before (high break needs 2.0x)
2026-10-07 16:55:26,921 INFO [v36] WHY-NOT SNXX px 16.3900 | crowd #1 $7281k held 17.4m, gainer #24 | NO PATTERN: no rip | last candles GG, vol 0.3x the 5 before (high break needs 2.0x)
2026-10-07 16:55:26,922 INFO [v36b] WHY-NOT SNXX px 16.3900 | crowd #1 $7281k held 17.4m, gainer #24 | NO PATTERN: no rip | last candles GG, vol 0.3x the 5 before (high break needs 2.0x)
2026-10-07 16:56:06,607 INFO [v36b] WHY-NOT PFAI px 4.1400 | crowd #3 $2424k, gainer #3 | NO CROWD: not top 2 held 2m, not ripping, not a top gainer with $1000k
2026-10-07 16:56:06,635 INFO [v36] WHY-NOT PFAI px 4.1400 | crowd #3 $2424k, gainer #3 | NO CROWD: not top 2 held 2m, not ripping, not a top gainer with $1000k
2026-10-07 16:56:07,059 INFO [v36] WHY-NOT SBFM px 1.0300 | crowd #4 $1221k, gainer #2 | NO PATTERN: no rip | last candles GR, vol 0.9x the 5 before (high break needs 2.0x)
2026-10-07 16:56:07,059 INFO [v36b] WHY-NOT SBFM px 1.0300 | crowd #4 $1221k, gainer #2 | NO PATTERN: no rip | last candles GR, vol 0.9x the 5 before (high break needs 2.0x)
2026-10-07 16:56:29,731 INFO [v36] WHY-NOT SNXX px 16.4050 | crowd #1 $5990k held 18.5m, gainer #25 | NO PATTERN: no rip | last candles GG, vol 0.8x the 5 before (high break needs 2.0x)
2026-10-07 16:56:29,731 INFO [v36b] WHY-NOT SNXX px 16.4050 | crowd #1 $5990k held 18.5m, gainer #25 | NO PATTERN: no rip | last candles GG, vol 0.8x the 5 before (high break needs 2.0x)
2026-10-07 16:57:07,876 INFO [v36] WHY-NOT PFAI px 3.9300 | crowd #3 $2424k, gainer #3 | NO CROWD: not top 2 held 2m, not ripping, not a top gainer with $1000k
2026-10-07 16:57:07,877 INFO [v36b] WHY-NOT PFAI px 3.9300 | crowd #3 $2424k, gainer #3 | NO CROWD: not top 2 held 2m, not ripping, not a top gainer with $1000k
2026-10-07 16:57:08,079 INFO [v36] WHY-NOT SBFM px 1.0250 | crowd #4 $1221k, gainer #2 | NO PATTERN: no rip | last candles RR, vol 0.7x the 5 before (high break needs 2.0x)
2026-10-07 16:57:08,080 INFO [v36b] WHY-NOT SBFM px 1.0250 | crowd #4 $1221k, gainer #2 | NO PATTERN: no rip | last candles RR, vol 0.7x the 5 before (high break needs 2.0x)
2026-10-07 16:57:30,359 INFO [v36] WHY-NOT SNXX px 16.4050 | crowd #1 $5990k held 19.5m, gainer #25 | NO PATTERN: no rip | last candles GG, vol 0.5x the 5 before (high break needs 2.0x)
2026-10-07 16:57:30,359 INFO [v36b] WHY-NOT SNXX px 16.4050 | crowd #1 $5990k held 19.5m, gainer #25 | NO PATTERN: no rip | last candles GG, vol 0.5x the 5 before (high break needs 2.0x)
2026-10-07 16:58:08,728 INFO [v36] WHY-NOT PFAI px 3.8901 | crowd #3 $1540k, gainer #3 | NO CROWD: not top 2 held 2m, not ripping, not a top gainer with $1000k
2026-10-07 16:58:08,729 INFO [v36b] WHY-NOT PFAI px 3.8901 | crowd #3 $1540k, gainer #3 | NO CROWD: not top 2 held 2m, not ripping, not a top gainer with $1000k
2026-10-07 16:58:30,420 INFO [v36] WHY-NOT SNXX px 16.3845 | crowd #1 $4492k held 20.5m, gainer #25 | NO PATTERN: no rip | last candles GR, vol 0.5x the 5 before (high break needs 2.0x)
2026-10-07 16:58:30,421 INFO [v36b] WHY-NOT SNXX px 16.3845 | crowd #1 $4492k held 20.5m, gainer #25 | NO PATTERN: no rip | last candles GR, vol 0.5x the 5 before (high break needs 2.0x)
2026-10-07 16:59:10,536 INFO [v36b] WHY-NOT PFAI px 3.8600 | crowd #3 $1540k, gainer #3 | NO CROWD: not top 2 held 2m, not ripping, not a top gainer with $1000k
2026-10-07 16:59:10,608 INFO [v36] WHY-NOT PFAI px 3.8600 | crowd #3 $1540k, gainer #3 | NO CROWD: not top 2 held 2m, not ripping, not a top gainer with $1000k
2026-10-07 16:59:31,389 INFO [v36] WHY-NOT SNXX px 16.3642 | crowd #1 $4492k held 21.5m, gainer #26 | NO PATTERN: no rip | last candles RR, vol 0.6x the 5 before (high break needs 2.0x)
2026-10-07 16:59:31,390 INFO [v36b] WHY-NOT SNXX px 16.3642 | crowd #1 $4492k held 21.5m, gainer #26 | NO PATTERN: no rip | last candles RR, vol 0.6x the 5 before (high break needs 2.0x)
2026-10-07 17:00:36,109 INFO [v36] WHY-NOT SNXX px 16.3500 | crowd #1 $3182k held 22.6m, gainer #28 | NO PATTERN: no rip | last candles RR, vol 1.1x the 5 before (high break needs 2.0x)
2026-10-07 17:00:36,110 INFO [v36b] WHY-NOT SNXX px 16.3500 | crowd #1 $3182k held 22.6m, gainer #28 | NO PATTERN: no rip | last candles RR, vol 1.1x the 5 before (high break needs 2.0x)
2026-10-07 17:00:36,183 INFO [v36] WHY-NOT SXTC px 3.6900 | crowd #2 $2850k held 4.6m, gainer #1 | WAIT: hod trigger 7.1200
2026-10-07 17:00:36,184 INFO [v36b] WHY-NOT SXTC px 3.6900 | crowd #2 $2850k held 4.6m, gainer #1 | WAIT: hod trigger 7.1200
2026-10-07 17:01:36,361 INFO [v36] WHY-NOT SXTC px 3.6700 | crowd #2 $2850k held 5.6m, gainer #1 | WAIT: hod trigger 7.1200
2026-10-07 17:01:36,363 INFO [v36b] WHY-NOT SXTC px 3.6700 | crowd #2 $2850k held 5.6m, gainer #1 | WAIT: hod trigger 7.1200
2026-10-07 17:01:37,584 INFO [v36] WHY-NOT SNXX px 16.3500 | crowd #1 $3503k held 23.6m, gainer #27 | NO PATTERN: no rip | last candles RR, vol 0.9x the 5 before (high break needs 2.0x)
2026-10-07 17:01:37,585 INFO [v36b] WHY-NOT SNXX px 16.3500 | crowd #1 $3503k held 23.6m, gainer #27 | NO PATTERN: no rip | last candles RR, vol 0.9x the 5 before (high break needs 2.0x)
2026-10-07 17:02:36,370 INFO [v36] WHY-NOT SXTC px 3.5003 | crowd #1 $9544k held 6.6m, gainer #1 | WAIT: hod trigger 7.1200
2026-10-07 17:02:36,372 INFO [v36b] WHY-NOT SXTC px 3.5003 | crowd #1 $9544k held 6.6m, gainer #1 | WAIT: hod trigger 7.1200
2026-10-07 17:02:42,547 INFO [v36] WHY-NOT SNXX px 16.3900 | crowd #2 $3541k held 24.7m, gainer #29 | NO PATTERN: no rip | last candles RR, vol 1.8x the 5 before (high break needs 2.0x)
2026-10-07 17:02:42,548 INFO [v36b] WHY-NOT SNXX px 16.3900 | crowd #2 $3541k held 24.7m, gainer #29 | NO PATTERN: no rip | last candles RR, vol 1.8x the 5 before (high break needs 2.0x)
2026-10-07 17:03:29,076 INFO [v36] WHY-NOT SBFM px 1.0000 | crowd #3 $1568k, gainer #2 | NO PATTERN: no rip | last candles GG, vol 0.5x the 5 before (high break needs 2.0x)
2026-10-07 17:03:29,076 INFO [v36b] WHY-NOT SBFM px 1.0000 | crowd #3 $1568k, gainer #2 | NO PATTERN: no rip | last candles GG, vol 0.5x the 5 before (high break needs 2.0x)
2026-10-07 17:03:36,378 INFO [v36] WHY-NOT SXTC px 3.5100 | crowd #1 $13005k held 7.6m, gainer #1 | WAIT: hod trigger 7.1200
2026-10-07 17:03:36,380 INFO [v36b] WHY-NOT SXTC px 3.5100 | crowd #1 $13005k held 7.6m, gainer #1 | WAIT: hod trigger 7.1200
2026-10-07 17:03:43,043 INFO [v36] WHY-NOT SNXX px 16.3900 | crowd #2 $6210k held 25.7m, gainer #26 | NO PATTERN: no rip | last candles RG, vol 4.5x the 5 before (high break needs 2.0x)
2026-10-07 17:03:43,043 INFO [v36b] WHY-NOT SNXX px 16.3900 | crowd #2 $6210k held 25.7m, gainer #26 | NO PATTERN: no rip | last candles RG, vol 4.5x the 5 before (high break needs 2.0x)
2026-10-07 17:04:29,182 INFO [v36] WHY-NOT SBFM px 1.0085 | crowd #3 $1568k, gainer #2 | NO PATTERN: no rip | last candles GG, vol 1.0x the 5 before (high break needs 2.0x)
2026-10-07 17:04:29,182 INFO [v36b] WHY-NOT SBFM px 1.0085 | crowd #3 $1568k, gainer #2 | NO PATTERN: no rip | last candles GG, vol 1.0x the 5 before (high break needs 2.0x)
2026-10-07 17:04:36,455 INFO [v36] WHY-NOT SXTC px 3.8300 | crowd #1 $13005k held 8.6m, gainer #1 | WAIT: hod trigger 7.1200
2026-10-07 17:04:36,461 INFO [v36b] WHY-NOT SXTC px 3.8300 | crowd #1 $13005k held 8.6m, gainer #1 | WAIT: hod trigger 7.1200
2026-10-07 17:04:44,034 INFO [v36] WHY-NOT SNXX px 16.4000 | crowd #2 $6210k held 26.7m, gainer #29 | NO PATTERN: no rip | last candles GR, vol 0.8x the 5 before (high break needs 2.0x)
2026-10-07 17:04:44,035 INFO [v36b] WHY-NOT SNXX px 16.4000 | crowd #2 $6210k held 26.7m, gainer #29 | NO PATTERN: no rip | last candles GR, vol 0.8x the 5 before (high break needs 2.0x)
2026-10-07 17:05:29,201 INFO [v36] WHY-NOT SBFM px 1.0000 | crowd #3 $1580k, gainer #2 | NO PATTERN: no rip | last candles GG, vol 0.5x the 5 before (high break needs 2.0x)
2026-10-07 17:05:29,211 INFO [v36b] WHY-NOT SBFM px 1.0000 | crowd #3 $1295k, gainer #2 | NO PATTERN: no rip | last candles GG, vol 0.5x the 5 before (high break needs 2.0x)
2026-10-07 17:05:36,498 INFO [v36] WHY-NOT SXTC px 4.2300 | crowd #1 $14825k held 9.6m, gainer #1 | WAIT: hod trigger 7.1200
2026-10-07 17:05:36,501 INFO [v36b] WHY-NOT SXTC px 4.2300 | crowd #1 $15759k held 9.6m, gainer #1 | WAIT: hod trigger 7.1200
2026-10-07 17:05:44,044 INFO [v36] WHY-NOT SNXX px 16.4100 | crowd #2 $6679k held 27.7m, gainer #28 | NO PATTERN: no rip | last candles RG, vol 0.3x the 5 before (high break needs 2.0x)
2026-10-07 17:05:44,047 INFO [v36b] WHY-NOT SNXX px 16.4100 | crowd #2 $6386k held 27.7m, gainer #28 | NO PATTERN: no rip | last candles RG, vol 0.3x the 5 before (high break needs 2.0x)
2026-10-07 17:06:36,536 INFO [v36] WHY-NOT SXTC px 4.4750 | crowd #1 $15759k held 10.6m, gainer #1 | WAIT: hod trigger 7.1200
2026-10-07 17:06:36,539 INFO [v36b] WHY-NOT SXTC px 4.4750 | crowd #1 $15759k held 10.6m, gainer #1 | WAIT: hod trigger 7.1200
2026-10-07 17:06:44,797 INFO [v36] WHY-NOT SNXX px 16.4100 | crowd #2 $6386k held 28.7m, gainer #28 | NO PATTERN: no rip | last candles GG, vol 1.6x the 5 before (high break needs 2.0x)
2026-10-07 17:06:44,798 INFO [v36b] WHY-NOT SNXX px 16.4100 | crowd #2 $6386k held 28.7m, gainer #28 | NO PATTERN: no rip | last candles GG, vol 1.6x the 5 before (high break needs 2.0x)
2026-10-07 17:07:36,539 INFO [v36] WHY-NOT SXTC px 4.8800 | crowd #1 $19315k held 11.6m, gainer #1 | WAIT: hod trigger 7.1200
2026-10-07 17:07:36,543 INFO [v36b] WHY-NOT SXTC px 4.8800 | crowd #1 $18089k held 11.6m, gainer #1 | WAIT: hod trigger 7.1200
2026-10-07 17:07:44,851 INFO [v36] WHY-NOT SNXX px 16.3850 | crowd #2 $7320k held 29.7m, gainer #27 | NO PATTERN: no rip | last candles GR, vol 0.4x the 5 before (high break needs 2.0x)
2026-10-07 17:07:44,851 INFO [v36b] WHY-NOT SNXX px 16.3850 | crowd #2 $7836k held 29.7m, gainer #27 | NO PATTERN: no rip | last candles GR, vol 0.4x the 5 before (high break needs 2.0x)
2026-10-07 17:08:36,629 INFO [v36] WHY-NOT SXTC px 3.9950 | crowd #1 $19315k held 12.6m, gainer #1 | WAIT: hod trigger 7.1200
2026-10-07 17:08:36,636 INFO [v36b] WHY-NOT SXTC px 3.9950 | crowd #1 $19315k held 12.6m, gainer #1 | WAIT: hod trigger 7.1200
2026-10-07 17:08:46,375 INFO [v36] WHY-NOT SNXX px 16.4400 | crowd #2 $7320k held 30.8m, gainer #26 | NO PATTERN: no rip | last candles RR, vol 0.6x the 5 before (high break needs 2.0x)
2026-10-07 17:08:46,376 INFO [v36b] WHY-NOT SNXX px 16.4400 | crowd #2 $7320k held 30.8m, gainer #26 | NO PATTERN: no rip | last candles RR, vol 0.6x the 5 before (high break needs 2.0x)
2026-10-07 17:09:00,094 INFO [v36] WHY-NOT BIYA px 2.3850 | crowd #3 $2646k, gainer #3 | NO: 6 buys today
2026-10-07 17:09:00,095 INFO [v36b] WHY-NOT BIYA px 2.3850 | crowd #3 $2646k, gainer #3 | NO: 6 buys today
2026-10-07 17:09:36,687 INFO [v36] WHY-NOT SXTC px 3.8650 | crowd #1 $21185k held 13.6m, gainer #1 | WAIT: hod trigger 7.1200
2026-10-07 17:09:36,690 INFO [v36b] WHY-NOT SXTC px 3.8650 | crowd #1 $21185k held 13.6m, gainer #1 | WAIT: hod trigger 7.1200
2026-10-07 17:09:50,746 INFO [v36] WHY-NOT SNXX px 16.4019 | crowd #2 $4923k held 31.8m, gainer #26 | NO PATTERN: no rip | last candles RG, vol 0.8x the 5 before (high break needs 2.0x)
2026-10-07 17:09:50,746 INFO [v36b] WHY-NOT SNXX px 16.4019 | crowd #2 $4923k held 31.8m, gainer #26 | NO PATTERN: no rip | last candles RG, vol 0.8x the 5 before (high break needs 2.0x)
2026-10-07 17:10:00,132 INFO [v36] WHY-NOT BIYA px 2.3799 | crowd #3 $3481k, gainer #3 | NO: 6 buys today
2026-10-07 17:10:00,135 INFO [v36b] WHY-NOT BIYA px 2.3799 | crowd #3 $3481k, gainer #3 | NO: 6 buys today
2026-10-07 17:10:36,733 INFO [v36] WHY-NOT SXTC px 3.8399 | crowd #1 $21890k held 14.6m, gainer #1 | WAIT: hod trigger 7.1200
2026-10-07 17:10:36,737 INFO [v36b] WHY-NOT SXTC px 3.8399 | crowd #1 $21890k held 14.6m, gainer #1 | WAIT: hod trigger 7.1200
2026-10-07 17:10:50,822 INFO [v36] WHY-NOT SNXX px 16.3950 | crowd #2 $4631k held 32.8m, gainer #25 | NO PATTERN: no rip | last candles GR, vol 0.4x the 5 before (high break needs 2.0x)
2026-10-07 17:10:50,822 INFO [v36b] WHY-NOT SNXX px 16.3950 | crowd #2 $4631k held 32.8m, gainer #25 | NO PATTERN: no rip | last candles GR, vol 0.4x the 5 before (high break needs 2.0x)
2026-10-07 17:11:00,632 INFO [v36] WHY-NOT BIYA px 2.4200 | crowd #3 $3481k, gainer #3 | NO: 6 buys today
2026-10-07 17:11:00,633 INFO [v36b] WHY-NOT BIYA px 2.4200 | crowd #3 $3481k, gainer #3 | NO: 6 buys today
2026-10-07 17:11:36,806 INFO [v36] WHY-NOT SXTC px 3.8700 | crowd #1 $21890k held 15.6m, gainer #1 | WAIT: hod trigger 7.1200
2026-10-07 17:11:36,834 INFO [v36b] WHY-NOT SXTC px 3.8700 | crowd #1 $21890k held 15.6m, gainer #1 | WAIT: hod trigger 7.1200
2026-10-07 17:11:50,876 INFO [v36] WHY-NOT SNXX px 16.4040 | crowd #2 $4631k held 33.8m, gainer #26 | NO PATTERN: no rip | last candles RG, vol 0.8x the 5 before (high break needs 2.0x)
2026-10-07 17:11:50,876 INFO [v36b] WHY-NOT SNXX px 16.4040 | crowd #2 $4631k held 33.8m, gainer #26 | NO PATTERN: no rip | last candles RG, vol 0.8x the 5 before (high break needs 2.0x)
2026-10-07 17:12:00,845 INFO [v36] WHY-NOT BIYA px 2.4501 | crowd #2 $3566k held 0.0m, gainer #3 | NO: 6 buys today
2026-10-07 17:12:00,848 INFO [v36b] WHY-NOT BIYA px 2.4501 | crowd #2 $3566k held 0.0m, gainer #3 | NO: 6 buys today
2026-10-07 17:12:36,839 INFO [v36] WHY-NOT SXTC px 4.0899 | crowd #1 $15118k held 16.6m, gainer #1 | WAIT: hod trigger 7.1200
2026-10-07 17:12:36,840 INFO [v36b] WHY-NOT SXTC px 4.0899 | crowd #1 $15118k held 16.6m, gainer #1 | WAIT: hod trigger 7.1200
2026-10-07 17:13:00,852 INFO [v36] WHY-NOT SNXX px 16.3950 | crowd #3 $3234k, gainer #26 | NO CROWD: not top 2 held 2m, not ripping, not a top gainer with $1000k
2026-10-07 17:13:00,854 INFO [v36b] WHY-NOT SNXX px 16.3950 | crowd #3 $3234k, gainer #26 | NO CROWD: not top 2 held 2m, not ripping, not a top gainer with $1000k
2026-10-07 17:13:00,883 INFO [v36] WHY-NOT BIYA px 2.5700 | crowd #2 $5831k held 1.0m, gainer #3 | NO: 6 buys today
2026-10-07 17:13:00,886 INFO [v36b] WHY-NOT BIYA px 2.5700 | crowd #2 $5831k held 1.0m, gainer #3 | NO: 6 buys today
2026-10-07 17:13:36,853 INFO [v36b] WHY-NOT SXTC px 3.8839 | crowd #1 $15118k held 17.6m, gainer #1 | WAIT: hod trigger 7.1200
2026-10-07 17:13:36,935 INFO [v36] WHY-NOT SXTC px 3.8839 | crowd #1 $15118k held 17.6m, gainer #1 | WAIT: hod trigger 7.1200
2026-10-07 17:14:01,032 INFO [v36] WHY-NOT SNXX px 16.3550 | crowd #3 $2749k, gainer #27 | NO CROWD: not top 2 held 2m, not ripping, not a top gainer with $1000k
2026-10-07 17:14:01,032 INFO [v36b] WHY-NOT SNXX px 16.3550 | crowd #3 $2749k, gainer #27 | NO CROWD: not top 2 held 2m, not ripping, not a top gainer with $1000k
2026-10-07 17:14:01,234 INFO [v36] WHY-NOT BIYA px 2.5700 | crowd #2 $5553k held 2.0m, gainer #3 | NO: 6 buys today
2026-10-07 17:14:01,235 INFO [v36b] WHY-NOT BIYA px 2.5700 | crowd #2 $5553k held 2.0m, gainer #3 | NO: 6 buys today
2026-10-07 17:14:37,052 INFO [v36] WHY-NOT SXTC px 4.0078 | crowd #1 $12845k held 18.6m, gainer #1 | WAIT: hod trigger 7.1200
2026-10-07 17:14:37,053 INFO [v36b] WHY-NOT SXTC px 4.0078 | crowd #1 $12845k held 18.6m, gainer #1 | WAIT: hod trigger 7.1200
2026-10-07 17:15:01,575 INFO [v36] WHY-NOT BIYA px 2.5400 | crowd #2 $5553k held 3.0m, gainer #3 | NO: 6 buys today
2026-10-07 17:15:01,576 INFO [v36b] WHY-NOT BIYA px 2.5400 | crowd #2 $5553k held 3.0m, gainer #3 | NO: 6 buys today
2026-10-07 17:15:02,280 INFO [v36] WHY-NOT SNXX px 16.3683 | crowd #3 $2723k, gainer #28 | NO CROWD: not top 2 held 2m, not ripping, not a top gainer with $1000k
2026-10-07 17:15:02,281 INFO [v36b] WHY-NOT SNXX px 16.3683 | crowd #3 $2723k, gainer #28 | NO CROWD: not top 2 held 2m, not ripping, not a top gainer with $1000k
2026-10-07 17:15:37,069 INFO [v36] WHY-NOT SXTC px 4.2050 | crowd #1 $10733k held 19.6m, gainer #1 | WAIT: hod trigger 7.1200
2026-10-07 17:15:37,070 INFO [v36b] WHY-NOT SXTC px 4.2050 | crowd #1 $10733k held 19.6m, gainer #1 | WAIT: hod trigger 7.1200
2026-10-07 17:15:42,194 INFO [v36] WHY-NOT SBFM px 1.0000 | crowd #4 $1334k, gainer #2 | NO PATTERN: no rip | last candles GR, vol 0.9x the 5 before (high break needs 2.0x)
2026-10-07 17:15:42,194 INFO [v36b] WHY-NOT SBFM px 1.0000 | crowd #4 $1334k, gainer #2 | NO PATTERN: no rip | last candles GR, vol 0.9x the 5 before (high break needs 2.0x)
2026-10-07 17:16:02,045 INFO [v36] WHY-NOT BIYA px 2.4200 | crowd #2 $6397k held 4.0m, gainer #3 | NO: 6 buys today
2026-10-07 17:16:02,048 INFO [v36b] WHY-NOT BIYA px 2.4200 | crowd #2 $6397k held 4.0m, gainer #3 | NO: 6 buys today
2026-10-07 17:16:02,517 INFO [v36] WHY-NOT SNXX px 16.3920 | crowd #3 $2464k, gainer #28 | NO CROWD: not top 2 held 2m, not ripping, not a top gainer with $1000k
2026-10-07 17:16:02,518 INFO [v36b] WHY-NOT SNXX px 16.3920 | crowd #3 $2464k, gainer #28 | NO CROWD: not top 2 held 2m, not ripping, not a top gainer with $1000k
2026-10-07 17:16:37,251 INFO [v36] WHY-NOT SXTC px 4.0900 | crowd #1 $9702k held 20.6m, gainer #1 | WAIT: hod trigger 7.1200
2026-10-07 17:16:37,254 INFO [v36b] WHY-NOT SXTC px 4.0900 | crowd #1 $9702k held 20.6m, gainer #1 | WAIT: hod trigger 7.1200
2026-10-07 17:17:02,086 INFO [v36] WHY-NOT BIYA px 2.5200 | crowd #2 $4516k held 5.0m, gainer #3 | NO: 6 buys today
2026-10-07 17:17:02,087 INFO [v36b] WHY-NOT BIYA px 2.5200 | crowd #2 $4516k held 5.0m, gainer #3 | NO: 6 buys today
2026-10-07 17:17:13,603 INFO [v36] WHY-NOT SNXX px 16.3901 | crowd #3 $3040k, gainer #28 | NO CROWD: not top 2 held 2m, not ripping, not a top gainer with $1000k
2026-10-07 17:17:13,604 INFO [v36b] WHY-NOT SNXX px 16.3901 | crowd #3 $3040k, gainer #28 | NO CROWD: not top 2 held 2m, not ripping, not a top gainer with $1000k
2026-10-07 17:17:37,750 INFO [v36] WHY-NOT SXTC px 3.9794 | crowd #1 $9782k held 21.6m, gainer #1 | WAIT: hod trigger 7.1200
2026-10-07 17:17:37,752 INFO [v36b] WHY-NOT SXTC px 3.9794 | crowd #1 $9782k held 21.6m, gainer #1 | WAIT: hod trigger 7.1200
2026-10-07 17:18:02,897 INFO [v36] WHY-NOT BIYA px 2.5100 | crowd #2 $4516k held 6.0m, gainer #3 | NO: 6 buys today
2026-10-07 17:18:02,898 INFO [v36b] WHY-NOT BIYA px 2.5100 | crowd #2 $4516k held 6.0m, gainer #3 | NO: 6 buys today
2026-10-07 17:18:18,120 INFO [v36] WHY-NOT SNXX px 16.3950 | crowd #3 $3040k, gainer #29 | NO CROWD: not top 2 held 2m, not ripping, not a top gainer with $1000k
2026-10-07 17:18:18,121 INFO [v36b] WHY-NOT SNXX px 16.3950 | crowd #3 $3040k, gainer #29 | NO CROWD: not top 2 held 2m, not ripping, not a top gainer with $1000k
2026-10-07 17:18:38,030 INFO [v36] WHY-NOT SXTC px 3.8999 | crowd #1 $9782k held 22.6m, gainer #1 | WAIT: hod trigger 7.1200
2026-10-07 17:18:38,031 INFO [v36b] WHY-NOT SXTC px 3.8999 | crowd #1 $9782k held 22.6m, gainer #1 | WAIT: hod trigger 7.1200
2026-10-07 17:19:03,256 INFO [v36] WHY-NOT BIYA px 2.4200 | crowd #2 $4105k held 7.1m, gainer #3 | NO: 6 buys today
2026-10-07 17:19:03,257 INFO [v36b] WHY-NOT BIYA px 2.4200 | crowd #2 $4105k held 7.1m, gainer #3 | NO: 6 buys today
2026-10-07 17:19:21,175 INFO [v36] WHY-NOT SNXX px 16.4129 | crowd #3 $3163k, gainer #28 | NO CROWD: not top 2 held 2m, not ripping, not a top gainer with $1000k
2026-10-07 17:19:21,176 INFO [v36b] WHY-NOT SNXX px 16.4129 | crowd #3 $3163k, gainer #28 | NO CROWD: not top 2 held 2m, not ripping, not a top gainer with $1000k
2026-10-07 17:19:38,282 INFO [v36] WHY-NOT SXTC px 4.1300 | crowd #1 $8036k held 23.6m, gainer #1 | WAIT: hod trigger 7.1200
2026-10-07 17:19:38,283 INFO [v36b] WHY-NOT SXTC px 4.1300 | crowd #1 $8036k held 23.6m, gainer #1 | WAIT: hod trigger 7.1200
2026-10-07 17:20:03,476 INFO [v36] WHY-NOT BIYA px 2.4299 | crowd #2 $3534k held 8.1m, gainer #3 | NO: 6 buys today
2026-10-07 17:20:03,476 INFO [v36b] WHY-NOT BIYA px 2.4299 | crowd #2 $3534k held 8.1m, gainer #3 | NO: 6 buys today
2026-10-07 17:20:22,446 INFO [v36b] WHY-NOT SNXX px 16.4350 | crowd #3 $2654k, gainer #26 | NO CROWD: not top 2 held 2m, not ripping, not a top gainer with $1000k
2026-10-07 17:20:22,476 INFO [v36] WHY-NOT SNXX px 16.4350 | crowd #3 $2654k, gainer #26 | NO CROWD: not top 2 held 2m, not ripping, not a top gainer with $1000k
2026-10-07 17:20:38,349 INFO [v36] WHY-NOT SXTC px 4.1998 | crowd #1 $8051k held 24.6m, gainer #1 | WAIT: hod trigger 7.1200
2026-10-07 17:20:38,393 INFO [v36b] WHY-NOT SXTC px 4.1998 | crowd #1 $8051k held 24.6m, gainer #1 | WAIT: hod trigger 7.1200
2026-10-07 17:21:03,495 INFO [v36b] WHY-NOT BIYA px 2.3403 | crowd #3 $2664k, gainer #3 | NO: 6 buys today
2026-10-07 17:21:03,541 INFO [v36] WHY-NOT BIYA px 2.3499 | crowd #3 $2664k, gainer #3 | NO: 6 buys today
2026-10-07 17:21:23,066 INFO [v36] WHY-NOT SNXX px 16.4300 | crowd #2 $3810k held 0.4m, gainer #28 | NO CROWD: not top 2 held 2m, not ripping, not a top gainer with $1000k
2026-10-07 17:21:23,066 INFO [v36b] WHY-NOT SNXX px 16.4300 | crowd #2 $3810k held 0.4m, gainer #28 | NO CROWD: not top 2 held 2m, not ripping, not a top gainer with $1000k
2026-10-07 17:21:38,425 INFO [v36b] WHY-NOT SXTC px 4.4142 | crowd #1 $9558k held 25.6m, gainer #1 | WAIT: hod trigger 7.1200
2026-10-07 17:21:38,511 INFO [v36] WHY-NOT SXTC px 4.4142 | crowd #1 $9558k held 25.6m, gainer #1 | WAIT: hod trigger 7.1200
2026-10-07 17:22:03,587 INFO [v36] WHY-NOT BIYA px 2.3350 | crowd #3 $2472k, gainer #3 | NO: 6 buys today
2026-10-07 17:22:03,588 INFO [v36b] WHY-NOT BIYA px 2.3350 | crowd #3 $2472k, gainer #3 | NO: 6 buys today
2026-10-07 17:22:24,223 INFO [v36] WHY-NOT SNXX px 16.4450 | crowd #2 $6082k held 1.4m, gainer #26 | NO CROWD: not top 2 held 2m, not ripping, not a top gainer with $1000k
2026-10-07 17:22:24,223 INFO [v36b] WHY-NOT SNXX px 16.4450 | crowd #2 $6082k held 1.4m, gainer #26 | NO CROWD: not top 2 held 2m, not ripping, not a top gainer with $1000k
2026-10-07 17:22:38,434 INFO [v36b] WHY-NOT SXTC px 4.5500 | crowd #1 $10436k held 26.6m, gainer #1 | WAIT: hod trigger 7.1200
2026-10-07 17:22:38,513 INFO [v36] WHY-NOT SXTC px 4.5402 | crowd #1 $10436k held 26.6m, gainer #1 | WAIT: hod trigger 7.1200
2026-10-07 17:23:03,864 INFO [v36] WHY-NOT BIYA px 2.3501 | crowd #3 $2472k, gainer #3 | NO: 6 buys today
2026-10-07 17:23:03,864 INFO [v36b] WHY-NOT BIYA px 2.3501 | crowd #3 $2472k, gainer #3 | NO: 6 buys today
2026-10-07 17:23:24,804 INFO [v36] WHY-NOT SNXX px 16.4710 | crowd #2 $6082k held 2.4m, gainer #28 | NO PATTERN: no rip | last candles GG, vol 1.1x the 5 before (high break needs 2.0x)
2026-10-07 17:23:24,805 INFO [v36b] WHY-NOT SNXX px 16.4710 | crowd #2 $6082k held 2.4m, gainer #28 | NO PATTERN: no rip | last candles GG, vol 1.1x the 5 before (high break needs 2.0x)
2026-10-07 17:23:38,462 INFO [v36b] WHY-NOT SXTC px 4.7250 | crowd #1 $10436k held 27.6m, gainer #1 | WAIT: hod trigger 7.1200
2026-10-07 17:23:38,528 INFO [v36] WHY-NOT SXTC px 4.7100 | crowd #1 $10436k held 27.6m, gainer #1 | WAIT: hod trigger 7.1200
2026-10-07 17:24:04,216 INFO [v36] WHY-NOT BIYA px 2.3900 | crowd #3 $1988k, gainer #3 | NO: 6 buys today
2026-10-07 17:24:04,226 INFO [v36b] WHY-NOT BIYA px 2.3900 | crowd #3 $1988k, gainer #3 | NO: 6 buys today
2026-10-07 17:24:25,037 INFO [v36] WHY-NOT SNXX px 16.3800 | crowd #2 $6971k held 3.4m, gainer #30 | NO PATTERN: no rip | last candles GR, vol 1.3x the 5 before (high break needs 2.0x)
2026-10-07 17:24:25,037 INFO [v36b] WHY-NOT SNXX px 16.3800 | crowd #2 $6971k held 3.4m, gainer #30 | NO PATTERN: no rip | last candles GR, vol 1.3x the 5 before (high break needs 2.0x)
2026-10-07 17:24:38,563 INFO [v36] WHY-NOT SXTC px 4.6090 | crowd #1 $12588k held 28.6m, gainer #1 | WAIT: hod trigger 7.1200
2026-10-07 17:24:38,565 INFO [v36b] WHY-NOT SXTC px 4.6090 | crowd #1 $12588k held 28.6m, gainer #1 | WAIT: hod trigger 7.1200
2026-10-07 17:25:04,921 INFO [v36] WHY-NOT BIYA px 2.4200 | crowd #3 $1955k, gainer #3 | NO: 6 buys today
2026-10-07 17:25:04,934 INFO [v36b] WHY-NOT BIYA px 2.4200 | crowd #3 $1955k, gainer #3 | NO: 6 buys today
2026-10-07 17:25:26,889 INFO [v36] WHY-NOT SNXX px 16.3650 | crowd #2 $9597k held 4.4m, gainer #31 | NO PATTERN: no rip | last candles RR, vol 0.8x the 5 before (high break needs 2.0x)
2026-10-07 17:25:26,890 INFO [v36b] WHY-NOT SNXX px 16.3650 | crowd #2 $9597k held 4.4m, gainer #31 | NO PATTERN: no rip | last candles RR, vol 0.8x the 5 before (high break needs 2.0x)
2026-10-07 17:25:38,600 INFO [v36] WHY-NOT SXTC px 5.3594 | crowd #1 $15618k held 29.6m, gainer #1 | WAIT: hod trigger 7.1200
2026-10-07 17:25:38,728 INFO [v36b] WHY-NOT SXTC px 5.3500 | crowd #1 $15618k held 29.6m, gainer #1 | WAIT: hod trigger 7.1200
2026-10-07 17:26:04,928 INFO [v36] WHY-NOT BIYA px 2.5897 | crowd #3 $1955k, gainer #3 | NO: 6 buys today
2026-10-07 17:26:04,997 INFO [v36b] WHY-NOT BIYA px 2.5803 | crowd #3 $1955k, gainer #3 | NO: 6 buys today
2026-10-07 17:26:27,027 INFO [v36b] WHY-NOT SNXX px 16.3550 | crowd #2 $9597k held 5.4m, gainer #32 | NO PATTERN: no rip | last candles RR, vol 0.5x the 5 before (high break needs 2.0x)
2026-10-07 17:26:27,043 INFO [v36] WHY-NOT SNXX px 16.3550 | crowd #2 $9597k held 5.4m, gainer #32 | NO PATTERN: no rip | last candles RR, vol 0.5x the 5 before (high break needs 2.0x)
2026-10-07 17:27:04,952 INFO [v36] WHY-NOT BIYA px 2.6899 | crowd #3 $4095k, gainer #3 | NO: 6 buys today
2026-10-07 17:27:05,006 INFO [v36b] WHY-NOT BIYA px 2.6823 | crowd #3 $4095k, gainer #3 | NO: 6 buys today
2026-10-07 17:27:27,714 INFO [v36] WHY-NOT SNXX px 16.3550 | crowd #2 $7100k held 6.5m, gainer #31 | NO PATTERN: no rip | last candles RR, vol 0.9x the 5 before (high break needs 2.0x)
2026-10-07 17:27:27,714 INFO [v36b] WHY-NOT SNXX px 16.3550 | crowd #2 $7100k held 6.5m, gainer #31 | NO PATTERN: no rip | last candles RR, vol 0.9x the 5 before (high break needs 2.0x)
2026-10-07 17:28:04,963 INFO [v36] WHY-NOT BIYA px 2.7100 | crowd #3 $4095k, gainer #3 | NO: 6 buys today
2026-10-07 17:28:05,017 INFO [v36b] WHY-NOT BIYA px 2.7064 | crowd #3 $4095k, gainer #3 | NO: 6 buys today
2026-10-07 17:28:29,329 INFO [v36] WHY-NOT SNXX px 16.3350 | crowd #2 $7100k held 7.5m, gainer #31 | NO PATTERN: no rip | last candles RR, vol 0.6x the 5 before (high break needs 2.0x)
2026-10-07 17:28:29,330 INFO [v36b] WHY-NOT SNXX px 16.3350 | crowd #2 $7100k held 7.5m, gainer #31 | NO PATTERN: no rip | last candles RR, vol 0.6x the 5 before (high break needs 2.0x)
2026-10-07 17:28:35,551 INFO [v36] WHY-NOT SBFM px 1.0000 | crowd #4 $982k, gainer #2 | WAIT: hod trigger 1.5600
2026-10-07 17:28:35,553 INFO [v36b] WHY-NOT SBFM px 1.0000 | crowd #4 $982k, gainer #2 | WAIT: hod trigger 1.5600
2026-10-07 17:29:05,164 INFO [v36] WHY-NOT BIYA px 2.7100 | crowd #3 $5673k, gainer #3 | NO: 6 buys today
2026-10-07 17:29:05,166 INFO [v36b] WHY-NOT BIYA px 2.7100 | crowd #3 $5673k, gainer #3 | NO: 6 buys today
2026-10-07 17:29:29,782 INFO [v36] WHY-NOT SNXX px 16.3500 | crowd #2 $6545k held 8.5m, gainer #30 | NO PATTERN: no rip | last candles RG, vol 0.4x the 5 before (high break needs 2.0x)
2026-10-07 17:29:29,782 INFO [v36b] WHY-NOT SNXX px 16.3500 | crowd #2 $6545k held 8.5m, gainer #30 | NO PATTERN: no rip | last candles RG, vol 0.4x the 5 before (high break needs 2.0x)
2026-10-07 17:30:05,176 INFO [v36b] WHY-NOT BIYA px 2.7201 | crowd #2 $7039k held 0.1m, gainer #3 | NO: 6 buys today
2026-10-07 17:30:05,366 INFO [v36] WHY-NOT BIYA px 2.7201 | crowd #2 $7039k held 0.1m, gainer #3 | NO: 6 buys today
2026-10-07 17:30:29,921 INFO [v36] WHY-NOT SNXX px 16.3650 | crowd #3 $4090k, gainer #30 | NO CROWD: not top 2 held 2m, not ripping, not a top gainer with $1000k
2026-10-07 17:30:29,922 INFO [v36b] WHY-NOT SNXX px 16.3650 | crowd #3 $4090k, gainer #30 | NO CROWD: not top 2 held 2m, not ripping, not a top gainer with $1000k
2026-10-07 17:30:56,833 INFO [v36] WHY-NOT SXTC px 5.5300 | crowd #1 $19546k held 34.9m, gainer #1 | WAIT: hod trigger 7.1200
2026-10-07 17:30:56,840 INFO [v36b] WHY-NOT SXTC px 5.5300 | crowd #1 $19546k held 34.9m, gainer #1 | WAIT: hod trigger 7.1200
2026-10-07 17:31:05,224 INFO [v36b] WHY-NOT BIYA px 2.7250 | crowd #2 $7039k held 1.1m, gainer #3 | NO: 6 buys today
2026-10-07 17:31:05,483 INFO [v36] WHY-NOT BIYA px 2.7253 | crowd #2 $7039k held 1.1m, gainer #3 | NO: 6 buys today
2026-10-07 17:31:30,659 INFO [v36] WHY-NOT SNXX px 16.3900 | crowd #3 $4090k, gainer #31 | NO CROWD: not top 2 held 2m, not ripping, not a top gainer with $1000k
2026-10-07 17:31:30,660 INFO [v36b] WHY-NOT SNXX px 16.3900 | crowd #3 $4090k, gainer #31 | NO CROWD: not top 2 held 2m, not ripping, not a top gainer with $1000k
2026-10-07 17:31:56,863 INFO [v36] WHY-NOT SXTC px 6.2600 | crowd #1 $19546k held 35.9m, gainer #1 | WAIT: hod trigger 7.1200
2026-10-07 17:31:56,866 INFO [v36b] WHY-NOT SXTC px 6.2600 | crowd #1 $19546k held 35.9m, gainer #1 | WAIT: hod trigger 7.1200
2026-10-07 17:32:05,226 INFO [v36b] WHY-NOT BIYA px 2.7000 | crowd #2 $7172k held 2.1m, gainer #3 | NO: 6 buys today
2026-10-07 17:32:05,557 INFO [v36] WHY-NOT BIYA px 2.7000 | crowd #2 $7172k held 2.1m, gainer #3 | NO: 6 buys today
2026-10-07 17:32:32,649 INFO [v36] WHY-NOT SNXX px 16.3550 | crowd #3 $3713k, gainer #31 | NO CROWD: not top 2 held 2m, not ripping, not a top gainer with $1000k
2026-10-07 17:32:32,650 INFO [v36b] WHY-NOT SNXX px 16.3550 | crowd #3 $3713k, gainer #31 | NO CROWD: not top 2 held 2m, not ripping, not a top gainer with $1000k
2026-10-07 17:32:56,871 INFO [v36] WHY-NOT SXTC px 5.7390 | crowd #1 $18824k held 36.9m, gainer #1 | WAIT: hod trigger 7.1200
2026-10-07 17:32:56,873 INFO [v36b] WHY-NOT SXTC px 5.7390 | crowd #1 $18824k held 36.9m, gainer #1 | WAIT: hod trigger 7.1200
2026-10-07 17:33:05,324 INFO [v36b] WHY-NOT BIYA px 2.6798 | crowd #2 $5617k held 3.1m, gainer #3 | NO: 6 buys today
2026-10-07 17:33:05,562 INFO [v36] WHY-NOT BIYA px 2.7000 | crowd #2 $5617k held 3.1m, gainer #3 | NO: 6 buys today
2026-10-07 17:33:32,844 INFO [v36] WHY-NOT SNXX px 16.3100 | crowd #3 $2580k, gainer #33 | NO CROWD: not top 2 held 2m, not ripping, not a top gainer with $1000k
2026-10-07 17:33:32,846 INFO [v36b] WHY-NOT SNXX px 16.3100 | crowd #3 $2580k, gainer #33 | NO CROWD: not top 2 held 2m, not ripping, not a top gainer with $1000k
2026-10-07 17:33:56,871 INFO [v36] WHY-NOT SXTC px 5.8700 | crowd #1 $23159k held 37.9m, gainer #1 | WAIT: hod trigger 7.1200
2026-10-07 17:33:56,873 INFO [v36b] WHY-NOT SXTC px 5.8700 | crowd #1 $23159k held 37.9m, gainer #1 | WAIT: hod trigger 7.1200
2026-10-07 17:34:05,498 INFO [v36b] WHY-NOT BIYA px 2.6300 | crowd #2 $4748k held 4.1m, gainer #3 | NO: 6 buys today
2026-10-07 17:34:05,564 INFO [v36] WHY-NOT BIYA px 2.6250 | crowd #2 $4748k held 4.1m, gainer #3 | NO: 6 buys today
2026-10-07 17:34:33,163 INFO [v36] WHY-NOT SNXX px 16.3400 | crowd #3 $4175k, gainer #36 | NO CROWD: not top 2 held 2m, not ripping, not a top gainer with $1000k
2026-10-07 17:34:33,164 INFO [v36b] WHY-NOT SNXX px 16.3400 | crowd #3 $4175k, gainer #36 | NO CROWD: not top 2 held 2m, not ripping, not a top gainer with $1000k
2026-10-07 17:34:56,880 INFO [v36] WHY-NOT SXTC px 5.9995 | crowd #1 $25792k held 38.9m, gainer #1 | WAIT: hod trigger 7.1200
2026-10-07 17:34:56,883 INFO [v36b] WHY-NOT SXTC px 5.9995 | crowd #1 $25792k held 38.9m, gainer #1 | WAIT: hod trigger 7.1200
2026-10-07 17:35:05,549 INFO [v36b] WHY-NOT BIYA px 2.6499 | crowd #2 $5302k held 5.1m, gainer #3 | NO: 6 buys today
2026-10-07 17:35:06,054 INFO [v36] WHY-NOT BIYA px 2.6500 | crowd #2 $5302k held 5.1m, gainer #3 | NO: 6 buys today
2026-10-07 17:35:37,313 INFO [v36] WHY-NOT SNXX px 16.3350 | crowd #3 $4175k, gainer #34 | NO CROWD: not top 2 held 2m, not ripping, not a top gainer with $1000k
2026-10-07 17:35:37,313 INFO [v36b] WHY-NOT SNXX px 16.3350 | crowd #3 $4175k, gainer #34 | NO CROWD: not top 2 held 2m, not ripping, not a top gainer with $1000k
2026-10-07 17:35:55,667 INFO [v36] WHY-NOT SXTC px 6.6200 | crowd #- $0k, gainer #1 | NO CROWD: not top 2 held 2m, not ripping, not a top gainer with $1000k
2026-10-07 17:35:55,870 INFO [v36b] WHY-NOT SXTC px 6.6200 | crowd #- $0k, gainer #1 | NO CROWD: not top 2 held 2m, not ripping, not a top gainer with $1000k
2026-10-07 17:35:56,894 INFO [v36] WHY-NOT SXTC px 7.0500 | crowd #1 $25792k held 39.9m, gainer #1 | WAIT: hod trigger 7.1200
2026-10-07 17:35:56,918 INFO [v36b] WHY-NOT SXTC px 6.9328 | crowd #1 $25792k held 39.9m, gainer #1 | WAIT: hod trigger 7.1200
2026-10-07 17:36:00,609 INFO [v36] WHY-NOT BIYA px 2.7000 | crowd #- $0k, gainer #2 | NO: 6 buys today
2026-10-07 17:36:00,609 INFO [v36b] WHY-NOT BIYA px 2.7000 | crowd #- $0k, gainer #2 | NO: 6 buys today
2026-10-07 17:36:09,001 INFO [v36] WHY-NOT BIYA px 2.7600 | crowd #3 $4693k, gainer #3 | NO: 6 buys today
2026-10-07 17:36:09,942 INFO [v36b] WHY-NOT BIYA px 2.7600 | crowd #3 $4693k, gainer #3 | NO: 6 buys today
2026-10-07 17:36:55,737 INFO [v36] WHY-NOT SXTC px 6.4000 | crowd #- $0k, gainer #1 | NO CROWD: not top 2 held 2m, not ripping, not a top gainer with $1000k
2026-10-07 17:36:55,966 INFO [v36b] WHY-NOT SXTC px 6.4140 | crowd #- $0k, gainer #1 | NO CROWD: not top 2 held 2m, not ripping, not a top gainer with $1000k
2026-10-07 17:37:00,634 INFO [v36] WHY-NOT BIYA px 2.7524 | crowd #2 $1562k held 0.0m, gainer #2 | NO: 6 buys today
2026-10-07 17:37:00,634 INFO [v36b] WHY-NOT BIYA px 2.7524 | crowd #2 $1562k held 0.0m, gainer #2 | NO: 6 buys today
2026-10-07 17:37:01,827 INFO [v36] WHY-NOT SNXX px 16.3500 | crowd #3 $757k, gainer #17 | NO CROWD: not top 2 held 2m, not ripping, not a top gainer with $1000k
2026-10-07 17:37:01,827 INFO [v36b] WHY-NOT SNXX px 16.3500 | crowd #3 $757k, gainer #17 | NO CROWD: not top 2 held 2m, not ripping, not a top gainer with $1000k
2026-10-07 17:37:55,914 INFO [v36] WHY-NOT SXTC px 6.1600 | crowd #1 $13191k held 0.9m, gainer #1 | WAIT: hod trigger 7.1800
2026-10-07 17:37:56,224 INFO [v36b] WHY-NOT SXTC px 6.1301 | crowd #1 $13191k held 0.9m, gainer #1 | WAIT: hod trigger 7.1800
2026-10-07 17:38:00,799 INFO [v36] WHY-NOT BIYA px 2.7055 | crowd #2 $2429k held 1.0m, gainer #2 | NO: 6 buys today
2026-10-07 17:38:00,800 INFO [v36b] WHY-NOT BIYA px 2.7055 | crowd #2 $2429k held 1.0m, gainer #2 | NO: 6 buys today
2026-10-07 17:38:11,068 INFO [v36] WHY-NOT SNXX px 16.3250 | crowd #3 $1103k, gainer #18 | NO CROWD: not top 2 held 2m, not ripping, not a top gainer with $1000k
2026-10-07 17:38:11,071 INFO [v36b] WHY-NOT SNXX px 16.3250 | crowd #3 $1103k, gainer #18 | NO CROWD: not top 2 held 2m, not ripping, not a top gainer with $1000k
2026-10-07 17:38:55,978 INFO [v36] WHY-NOT SXTC px 6.3250 | crowd #1 $16091k held 1.9m, gainer #1 | WAIT: hod trigger 7.1800
2026-10-07 17:38:56,275 INFO [v36b] WHY-NOT SXTC px 6.3500 | crowd #1 $16091k held 1.9m, gainer #1 | WAIT: hod trigger 7.1800
2026-10-07 17:39:02,198 INFO [v36b] WHY-NOT BIYA px 2.6699 | crowd #2 $2947k held 2.0m, gainer #2 | NO: 6 buys today
2026-10-07 17:39:02,209 INFO [v36] WHY-NOT BIYA px 2.6699 | crowd #2 $2947k held 2.0m, gainer #2 | NO: 6 buys today
2026-10-07 17:39:16,574 INFO [v36] WHY-NOT SNXX px 16.3245 | crowd #3 $1103k, gainer #20 | NO CROWD: not top 2 held 2m, not ripping, not a top gainer with $1000k
2026-10-07 17:39:16,574 INFO [v36b] WHY-NOT SNXX px 16.3245 | crowd #3 $1103k, gainer #20 | NO CROWD: not top 2 held 2m, not ripping, not a top gainer with $1000k
2026-10-07 17:39:56,018 INFO [v36] WHY-NOT SXTC px 6.6650 | crowd #1 $19049k held 2.9m, gainer #1 | WAIT: hod trigger 7.1800
2026-10-07 17:39:56,288 INFO [v36b] WHY-NOT SXTC px 6.6800 | crowd #1 $19049k held 2.9m, gainer #1 | WAIT: hod trigger 7.1800
2026-10-07 17:40:02,235 INFO [v36] WHY-NOT BIYA px 2.6300 | crowd #2 $2947k held 3.0m, gainer #2 | NO: 6 buys today
2026-10-07 17:40:02,236 INFO [v36b] WHY-NOT BIYA px 2.6300 | crowd #2 $2947k held 3.0m, gainer #2 | NO: 6 buys today
2026-10-07 17:40:21,145 INFO [v36b] WHY-NOT SNXX px 16.3300 | crowd #3 $2788k, gainer #20 | NO CROWD: not top 2 held 2m, not ripping, not a top gainer with $1000k
2026-10-07 17:40:23,119 INFO [v36] WHY-NOT SNXX px 16.3250 | crowd #3 $2788k, gainer #20 | NO CROWD: not top 2 held 2m, not ripping, not a top gainer with $1000k
2026-10-07 17:40:56,832 INFO [v36] WHY-NOT SXTC px 7.2100 | crowd #1 $19049k held 3.9m, gainer #1 | NO: 6 buys today
2026-10-07 17:41:00,065 INFO [v36b] WHY-NOT SXTC px 7.1700 | crowd #1 $25445k held 4.0m, gainer #1 | WAIT: hod trigger 7.7900
2026-10-07 17:41:03,129 INFO [v36] WHY-NOT BIYA px 2.7599 | crowd #3 $3613k, gainer #2 | NO: 6 buys today
2026-10-07 17:41:03,130 INFO [v36b] WHY-NOT BIYA px 2.7599 | crowd #3 $3613k, gainer #2 | NO: 6 buys today
2026-10-07 17:41:26,360 INFO [v36] WHY-NOT SNXX px 16.3500 | crowd #2 $3711k held 0.4m, gainer #21 | NO CROWD: not top 2 held 2m, not ripping, not a top gainer with $1000k
2026-10-07 17:41:26,360 INFO [v36b] WHY-NOT SNXX px 16.3500 | crowd #2 $3711k held 0.4m, gainer #21 | NO CROWD: not top 2 held 2m, not ripping, not a top gainer with $1000k
2026-10-07 17:41:56,847 INFO [v36] WHY-NOT SXTC px 7.1800 | crowd #1 $25445k held 4.9m, gainer #1 | NO: 6 buys today
2026-10-07 17:42:00,070 INFO [v36b] WHY-NOT SXTC px 7.1700 | crowd #1 $27439k held 5.0m, gainer #1 | WAIT: hod trigger 7.7900
2026-10-07 17:42:03,194 INFO [v36] WHY-NOT BIYA px 2.7500 | crowd #3 $4889k, gainer #2 | NO: 6 buys today
2026-10-07 17:42:03,209 INFO [v36b] WHY-NOT BIYA px 2.7500 | crowd #3 $4889k, gainer #2 | NO: 6 buys today
2026-10-07 17:42:28,899 INFO [v36] WHY-NOT SNXX px 16.3645 | crowd #2 $4940k held 1.5m, gainer #22 | NO CROWD: not top 2 held 2m, not ripping, not a top gainer with $1000k
2026-10-07 17:42:28,899 INFO [v36b] WHY-NOT SNXX px 16.3645 | crowd #2 $4940k held 1.5m, gainer #22 | NO CROWD: not top 2 held 2m, not ripping, not a top gainer with $1000k
2026-10-07 17:42:57,013 INFO [v36] WHY-NOT SXTC px 6.6050 | crowd #1 $27439k held 5.9m, gainer #1 | NO: 6 buys today
2026-10-07 17:43:00,219 INFO [v36b] WHY-NOT SXTC px 6.6100 | crowd #1 $25361k held 6.0m, gainer #1 | WAIT: hod trigger 7.7900
2026-10-07 17:43:03,253 INFO [v36] WHY-NOT BIYA px 2.6790 | crowd #3 $4293k, gainer #2 | NO: 6 buys today
2026-10-07 17:43:03,253 INFO [v36b] WHY-NOT BIYA px 2.6790 | crowd #3 $4477k, gainer #2 | NO: 6 buys today
2026-10-07 17:43:30,317 INFO [v36] WHY-NOT SNXX px 16.3899 | crowd #2 $4939k held 2.5m, gainer #23 | NO PATTERN: no rip | last candles RG, vol 0.2x the 5 before (high break needs 2.0x)
2026-10-07 17:43:30,318 INFO [v36b] WHY-NOT SNXX px 16.3899 | crowd #2 $5073k held 2.5m, gainer #23 | NO PATTERN: no rip | last candles RG, vol 0.2x the 5 before (high break needs 2.0x)
2026-10-07 17:43:57,033 INFO [v36] WHY-NOT SXTC px 6.2400 | crowd #1 $27274k held 6.9m, gainer #1 | NO: 6 buys today
2026-10-07 17:44:00,238 INFO [v36b] WHY-NOT SXTC px 6.3400 | crowd #1 $27274k held 7.0m, gainer #1 | WAIT: hod trigger 7.7900
2026-10-07 17:44:03,320 INFO [v36] WHY-NOT BIYA px 2.4499 | crowd #3 $4293k, gainer #2 | NO: 6 buys today
2026-10-07 17:44:03,387 INFO [v36b] WHY-NOT BIYA px 2.4499 | crowd #3 $4293k, gainer #2 | NO: 6 buys today
2026-10-07 17:44:32,907 INFO [v36] WHY-NOT SNXX px 16.3600 | crowd #2 $4939k held 3.5m, gainer #23 | NO PATTERN: no rip | last candles GG, vol 1.1x the 5 before (high break needs 2.0x)
2026-10-07 17:44:32,908 INFO [v36b] WHY-NOT SNXX px 16.3600 | crowd #2 $4939k held 3.5m, gainer #23 | NO PATTERN: no rip | last candles GG, vol 1.1x the 5 before (high break needs 2.0x)
2026-10-07 17:44:57,331 INFO [v36] WHY-NOT SXTC px 5.9882 | crowd #1 $27274k held 8.0m, gainer #1 | NO: 6 buys today
2026-10-07 17:45:00,248 INFO [v36b] WHY-NOT SXTC px 6.0101 | crowd #1 $24958k held 8.0m, gainer #1 | WAIT: hod trigger 7.7900
2026-10-07 17:45:03,570 INFO [v36] WHY-NOT BIYA px 2.3750 | crowd #2 $5572k held 0.1m, gainer #2 | NO: 6 buys today
2026-10-07 17:45:03,571 INFO [v36b] WHY-NOT BIYA px 2.3750 | crowd #2 $5572k held 0.1m, gainer #2 | NO: 6 buys today
2026-10-07 17:45:34,308 INFO [v36] WHY-NOT SNXX px 16.3651 | crowd #3 $3878k, gainer #23 | NO CROWD: not top 2 held 2m, not ripping, not a top gainer with $1000k
2026-10-07 17:45:34,308 INFO [v36b] WHY-NOT SNXX px 16.3651 | crowd #3 $3878k, gainer #23 | NO CROWD: not top 2 held 2m, not ripping, not a top gainer with $1000k
2026-10-07 17:45:57,442 INFO [v36] WHY-NOT SXTC px 5.9600 | crowd #1 $24958k held 9.0m, gainer #1 | NO: 6 buys today
2026-10-07 17:46:00,029 INFO [v36] WHY-NOT SBFM px 1.0297 | crowd #- $0k, gainer #2 | NO CROWD: not top 2 held 2m, not ripping, not a top gainer with $1000k
2026-10-07 17:46:00,030 INFO [v36b] WHY-NOT SBFM px 1.0297 | crowd #- $0k, gainer #2 | NO CROWD: not top 2 held 2m, not ripping, not a top gainer with $1000k
2026-10-07 17:46:00,257 INFO [v36b] WHY-NOT SXTC px 5.9460 | crowd #1 $24958k held 9.0m, gainer #1 | WAIT: hod trigger 7.7900
2026-10-07 17:46:03,994 INFO [v36] WHY-NOT BIYA px 2.4490 | crowd #2 $5572k held 1.1m, gainer #3 | NO: 6 buys today
2026-10-07 17:46:04,003 INFO [v36b] WHY-NOT BIYA px 2.4490 | crowd #2 $5572k held 1.1m, gainer #3 | NO: 6 buys today
2026-10-07 17:46:35,386 INFO [v36] WHY-NOT SNXX px 16.3700 | crowd #3 $3878k, gainer #25 | NO CROWD: not top 2 held 2m, not ripping, not a top gainer with $1000k
2026-10-07 17:46:35,387 INFO [v36b] WHY-NOT SNXX px 16.3700 | crowd #3 $3878k, gainer #25 | NO CROWD: not top 2 held 2m, not ripping, not a top gainer with $1000k
2026-10-07 17:46:57,553 INFO [v36] WHY-NOT SXTC px 5.1400 | crowd #1 $24958k held 10.0m, gainer #1 | NO: 6 buys today
2026-10-07 17:47:00,129 INFO [v36] WHY-NOT SBFM px 1.0498 | crowd #6 $1061k, gainer #2 | NO PATTERN: no rip | last candles GG, vol 0.0x the 5 before (high break needs 2.0x)
2026-10-07 17:47:00,130 INFO [v36b] WHY-NOT SBFM px 1.0498 | crowd #6 $1061k, gainer #2 | NO PATTERN: no rip | last candles GG, vol 0.0x the 5 before (high break needs 2.0x)
2026-10-07 17:47:00,373 INFO [v36b] WHY-NOT SXTC px 5.1400 | crowd #1 $18870k held 10.0m, gainer #1 | WAIT: hod trigger 7.7900
2026-10-07 17:47:01,205 INFO [v36] WHY-NOT AVBP px 17.2200 | crowd #3 $3474k, gainer #13 | NO CROWD: not top 2 held 2m, not ripping, not a top gainer with $1000k
2026-10-07 17:47:01,206 INFO [v36b] WHY-NOT AVBP px 17.2200 | crowd #3 $3474k, gainer #13 | NO CROWD: not top 2 held 2m, not ripping, not a top gainer with $1000k
2026-10-07 17:47:04,072 INFO [v36] WHY-NOT BIYA px 2.3900 | crowd #2 $4613k held 2.1m, gainer #3 | NO: 6 buys today
2026-10-07 17:47:04,072 INFO [v36b] WHY-NOT BIYA px 2.3900 | crowd #2 $4613k held 2.1m, gainer #3 | NO: 6 buys today
2026-10-07 17:47:57,560 INFO [v36] WHY-NOT SXTC px 5.7052 | crowd #1 $18870k held 11.0m, gainer #1 | NO: 6 buys today
2026-10-07 17:48:00,386 INFO [v36] WHY-NOT SBFM px 1.0150 | crowd #6 $2046k, gainer #2 | NO PATTERN: no rip | last candles GR, vol 0.6x the 5 before (high break needs 2.0x)
2026-10-07 17:48:00,387 INFO [v36b] WHY-NOT SBFM px 1.0150 | crowd #6 $2046k, gainer #2 | NO PATTERN: no rip | last candles GR, vol 0.6x the 5 before (high break needs 2.0x)
2026-10-07 17:48:00,559 INFO [v36b] WHY-NOT SXTC px 5.6400 | crowd #1 $17777k held 11.0m, gainer #1 | WAIT: hod trigger 7.7900
2026-10-07 17:48:03,208 INFO [v36] WHY-NOT SNXX px 16.3700 | crowd #2 $5140k held 0.1m, gainer #27 | NO CROWD: not top 2 held 2m, not ripping, not a top gainer with $1000k
2026-10-07 17:48:03,209 INFO [v36b] WHY-NOT SNXX px 16.3700 | crowd #2 $5140k held 0.1m, gainer #27 | NO CROWD: not top 2 held 2m, not ripping, not a top gainer with $1000k
2026-10-07 17:48:04,923 INFO [v36] WHY-NOT BIYA px 2.3899 | crowd #3 $4640k, gainer #3 | NO: 6 buys today
2026-10-07 17:48:04,929 INFO [v36b] WHY-NOT BIYA px 2.3899 | crowd #3 $4640k, gainer #3 | NO: 6 buys today
2026-10-07 17:48:57,582 INFO [v36] WHY-NOT SXTC px 5.6900 | crowd #1 $17777k held 12.0m, gainer #1 | NO: 6 buys today
2026-10-07 17:49:00,605 INFO [v36] WHY-NOT SBFM px 1.0200 | crowd #6 $2616k, gainer #2 | NO PATTERN: no rip | last candles R-, vol 0.3x the 5 before (high break needs 2.0x)
2026-10-07 17:49:00,606 INFO [v36b] WHY-NOT SBFM px 1.0200 | crowd #6 $2616k, gainer #2 | NO PATTERN: no rip | last candles R-, vol 0.3x the 5 before (high break needs 2.0x)
2026-10-07 17:49:00,633 INFO [v36b] WHY-NOT SXTC px 5.6750 | crowd #1 $16945k held 12.0m, gainer #1 | WAIT: hod trigger 7.7900
2026-10-07 17:49:05,275 INFO [v36] WHY-NOT BIYA px 2.4000 | crowd #3 $4292k, gainer #3 | NO: 6 buys today
2026-10-07 17:49:05,275 INFO [v36b] WHY-NOT BIYA px 2.4000 | crowd #3 $4292k, gainer #3 | NO: 6 buys today
2026-10-07 17:49:05,949 INFO [v36] WHY-NOT SNXX px 16.3750 | crowd #2 $5229k held 1.1m, gainer #26 | NO CROWD: not top 2 held 2m, not ripping, not a top gainer with $1000k
2026-10-07 17:49:05,949 INFO [v36b] WHY-NOT SNXX px 16.3750 | crowd #2 $5229k held 1.1m, gainer #26 | NO CROWD: not top 2 held 2m, not ripping, not a top gainer with $1000k
2026-10-07 17:49:57,620 INFO [v36] WHY-NOT SXTC px 5.7784 | crowd #1 $16945k held 13.0m, gainer #1 | NO: 6 buys today
2026-10-07 17:50:00,720 INFO [v36b] WHY-NOT SXTC px 5.7700 | crowd #1 $14178k held 13.0m, gainer #1 | WAIT: hod trigger 7.7900
2026-10-07 17:50:01,878 INFO [v36] WHY-NOT SBFM px 1.0200 | crowd #3 $3030k, gainer #2 | NO PATTERN: no rip | last candles -R, vol 0.2x the 5 before (high break needs 2.0x)
2026-10-07 17:50:01,878 INFO [v36b] WHY-NOT SBFM px 1.0200 | crowd #3 $3030k, gainer #2 | NO PATTERN: no rip | last candles -R, vol 0.2x the 5 before (high break needs 2.0x)
2026-10-07 17:50:06,971 INFO [v36] WHY-NOT SNXX px 16.3546 | crowd #2 $4312k held 2.1m, gainer #28 | NO PATTERN: no rip | last candles GR, vol 0.3x the 5 before (high break needs 2.0x)
2026-10-07 17:50:06,971 INFO [v36b] WHY-NOT SNXX px 16.3546 | crowd #2 $4312k held 2.1m, gainer #28 | NO PATTERN: no rip | last candles GR, vol 0.3x the 5 before (high break needs 2.0x)
2026-10-07 17:50:57,623 INFO [v36] WHY-NOT SXTC px 5.8700 | crowd #1 $14178k held 14.0m, gainer #1 | NO: 6 buys today
2026-10-07 17:51:00,946 INFO [v36b] WHY-NOT SXTC px 5.8000 | crowd #1 $13845k held 14.0m, gainer #1 | WAIT: hod trigger 7.7900
2026-10-07 17:51:07,067 INFO [v36] WHY-NOT SNXX px 16.3050 | crowd #2 $4248k held 3.1m, gainer #30 | NO PATTERN: no rip | last candles RR, vol 0.6x the 5 before (high break needs 2.0x)
2026-10-07 17:51:07,067 INFO [v36b] WHY-NOT SNXX px 16.3050 | crowd #2 $4248k held 3.1m, gainer #30 | NO PATTERN: no rip | last candles RR, vol 0.6x the 5 before (high break needs 2.0x)
2026-10-07 17:51:58,357 INFO [v36] WHY-NOT SXTC px 5.9700 | crowd #1 $13845k held 15.0m, gainer #1 | NO: 6 buys today
2026-10-07 17:52:00,974 INFO [v36b] WHY-NOT SXTC px 5.9661 | crowd #1 $13219k held 15.0m, gainer #1 | WAIT: hod trigger 7.7900
2026-10-07 17:52:07,689 INFO [v36] WHY-NOT AVBP px 17.1950 | crowd #3 $1923k, gainer #13 | NO CROWD: not top 2 held 2m, not ripping, not a top gainer with $1000k
2026-10-07 17:52:07,748 INFO [v36b] WHY-NOT AVBP px 17.1950 | crowd #3 $1923k, gainer #13 | NO CROWD: not top 2 held 2m, not ripping, not a top gainer with $1000k
2026-10-07 17:52:10,600 INFO [v36] WHY-NOT SNXX px 16.2550 | crowd #2 $3031k held 4.2m, gainer #32 | NO PATTERN: no rip | last candles RR, vol 1.9x the 5 before (high break needs 2.0x)
2026-10-07 17:52:10,601 INFO [v36b] WHY-NOT SNXX px 16.2550 | crowd #2 $3031k held 4.2m, gainer #32 | NO PATTERN: no rip | last candles RR, vol 1.9x the 5 before (high break needs 2.0x)
2026-10-07 17:52:58,403 INFO [v36] WHY-NOT SXTC px 6.9500 | crowd #1 $13219k held 16.0m, gainer #1 | NO: 6 buys today
2026-10-07 17:53:00,987 INFO [v36b] WHY-NOT SXTC px 7.0500 | crowd #1 $13219k held 16.0m, gainer #1 | WAIT: hod trigger 7.7900
2026-10-07 17:53:08,820 INFO [v36] WHY-NOT AVBP px 17.0700 | crowd #3 $1923k, gainer #14 | NO CROWD: not top 2 held 2m, not ripping, not a top gainer with $1000k
2026-10-07 17:53:08,820 INFO [v36b] WHY-NOT AVBP px 17.0700 | crowd #3 $1923k, gainer #14 | NO CROWD: not top 2 held 2m, not ripping, not a top gainer with $1000k
2026-10-07 17:53:11,866 INFO [v36] WHY-NOT SNXX px 16.2502 | crowd #2 $3031k held 5.2m, gainer #33 | NO PATTERN: no rip | last candles RR, vol 2.7x the 5 before (high break needs 2.0x)
2026-10-07 17:53:11,866 INFO [v36b] WHY-NOT SNXX px 16.2502 | crowd #2 $3031k held 5.2m, gainer #33 | NO PATTERN: no rip | last candles RR, vol 2.7x the 5 before (high break needs 2.0x)
2026-10-07 17:53:58,422 INFO [v36] WHY-NOT SXTC px 6.7400 | crowd #1 $13219k held 17.0m, gainer #1 | NO: 6 buys today
2026-10-07 17:54:01,179 INFO [v36b] WHY-NOT SXTC px 6.7000 | crowd #1 $15664k held 17.0m, gainer #1 | WAIT: hod trigger 7.7900
2026-10-07 17:54:11,569 INFO [v36] WHY-NOT AVBP px 17.0600 | crowd #3 $1925k, gainer #14 | NO CROWD: not top 2 held 2m, not ripping, not a top gainer with $1000k
2026-10-07 17:54:11,569 INFO [v36b] WHY-NOT AVBP px 17.0600 | crowd #3 $1925k, gainer #14 | NO CROWD: not top 2 held 2m, not ripping, not a top gainer with $1000k
2026-10-07 17:54:12,155 INFO [v36] WHY-NOT SNXX px 16.2944 | crowd #2 $4381k held 6.2m, gainer #30 | NO PATTERN: no rip | last candles RG, vol 1.1x the 5 before (high break needs 2.0x)
2026-10-07 17:54:12,155 INFO [v36b] WHY-NOT SNXX px 16.2944 | crowd #2 $4381k held 6.2m, gainer #30 | NO PATTERN: no rip | last candles RG, vol 1.1x the 5 before (high break needs 2.0x)
2026-10-07 17:54:58,456 INFO [v36] WHY-NOT SXTC px 6.7550 | crowd #1 $15664k held 18.0m, gainer #1 | NO: 6 buys today
2026-10-07 17:55:01,187 INFO [v36b] WHY-NOT SXTC px 6.8361 | crowd #1 $20527k held 18.0m, gainer #1 | WAIT: hod trigger 7.7900
2026-10-07 17:55:12,262 INFO [v36b] WHY-NOT AVBP px 17.0657 | crowd #3 $1731k, gainer #14 | NO CROWD: not top 2 held 2m, not ripping, not a top gainer with $1000k
2026-10-07 17:55:12,310 INFO [v36] WHY-NOT AVBP px 17.0657 | crowd #3 $1731k, gainer #14 | NO CROWD: not top 2 held 2m, not ripping, not a top gainer with $1000k
2026-10-07 17:55:15,045 INFO [v36] WHY-NOT SNXX px 16.2751 | crowd #2 $4932k held 7.3m, gainer #32 | NO PATTERN: no rip | last candles GR, vol 0.5x the 5 before (high break needs 2.0x)
2026-10-07 17:55:15,045 INFO [v36b] WHY-NOT SNXX px 16.2751 | crowd #2 $4932k held 7.3m, gainer #32 | NO PATTERN: no rip | last candles GR, vol 0.5x the 5 before (high break needs 2.0x)
2026-10-07 17:55:59,089 INFO [v36] WHY-NOT SXTC px 7.4300 | crowd #1 $20527k held 19.0m, gainer #1 | NO: 7 buys today
2026-10-07 17:56:01,198 INFO [v36b] WHY-NOT SXTC px 7.5241 | crowd #1 $21907k held 19.0m, gainer #1 | NO: 6 buys today
2026-10-07 17:56:17,603 INFO [v36] WHY-NOT SXTC px 7.6350 | crowd #- $0k, gainer #1 | NO: 8 buys today
2026-10-07 17:56:17,604 INFO [v36b] WHY-NOT SXTC px 7.6350 | crowd #- $0k, gainer #1 | NO: 7 buys today
2026-10-07 17:56:21,219 INFO [v36b] WHY-NOT AVBP px 17.0800 | crowd #3 $1380k, gainer #14 | NO CROWD: not top 2 held 2m, not ripping, not a top gainer with $1000k
2026-10-07 17:56:21,314 INFO [v36b] WHY-NOT SNXX px 16.2817 | crowd #2 $5212k held 8.4m, gainer #30 | NO PATTERN: no rip | last candles RG, vol 0.2x the 5 before (high break needs 2.0x)
2026-10-07 17:56:27,314 INFO [v36] WHY-NOT AVBP px 17.0800 | crowd #3 $1380k, gainer #14 | NO CROWD: not top 2 held 2m, not ripping, not a top gainer with $1000k
2026-10-07 17:56:27,396 INFO [v36] WHY-NOT SNXX px 16.2817 | crowd #2 $5212k held 8.5m, gainer #30 | NO PATTERN: no rip | last candles RG, vol 0.2x the 5 before (high break needs 2.0x)
2026-10-07 17:56:59,111 INFO [v36] WHY-NOT SXTC px 7.6400 | crowd #1 $21907k held 20.0m, gainer #1 | NO: 8 buys today
2026-10-07 17:57:00,123 INFO [v36] WHY-NOT BIYA px 2.3490 | crowd #3 $1634k, gainer #3 | NO: 6 buys today
2026-10-07 17:57:00,124 INFO [v36b] WHY-NOT BIYA px 2.3490 | crowd #3 $1634k, gainer #3 | NO: 6 buys today
2026-10-07 17:57:01,338 INFO [v36] WHY-NOT SNXX px 16.2800 | crowd #2 $155k held 0.0m, gainer #17 | NO CROWD: not top 2 held 2m, not ripping, not a top gainer with $1000k
2026-10-07 17:57:01,339 INFO [v36b] WHY-NOT SNXX px 16.2800 | crowd #2 $155k held 0.0m, gainer #17 | NO CROWD: not top 2 held 2m, not ripping, not a top gainer with $1000k
2026-10-07 17:57:04,146 INFO [v36] WHY-NOT DKI px 2.1298 | crowd #3 $147k, gainer #2 | NO CROWD: not top 2 held 2m, not ripping, not a top gainer with $1000k
2026-10-07 17:57:04,147 INFO [v36b] WHY-NOT DKI px 2.1298 | crowd #3 $147k, gainer #2 | NO CROWD: not top 2 held 2m, not ripping, not a top gainer with $1000k
2026-10-07 17:57:17,948 INFO [v36] WHY-NOT SXTC px 7.5700 | crowd #1 $6243k held 0.3m, gainer #1 | NO: 8 buys today
2026-10-07 17:57:17,950 INFO [v36b] WHY-NOT SXTC px 7.5700 | crowd #1 $6243k held 0.3m, gainer #1 | NO: 7 buys today
2026-10-07 17:58:00,524 INFO [v36] WHY-NOT BIYA px 2.4300 | crowd #5 $233k, gainer #2 | NO: 6 buys today
2026-10-07 17:58:00,530 INFO [v36b] WHY-NOT BIYA px 2.4300 | crowd #5 $233k, gainer #2 | NO: 6 buys today
2026-10-07 17:58:01,643 INFO [v36] WHY-NOT SNXX px 16.3101 | crowd #2 $531k held 1.0m, gainer #23 | NO CROWD: not top 2 held 2m, not ripping, not a top gainer with $1000k
2026-10-07 17:58:01,646 INFO [v36b] WHY-NOT SNXX px 16.3101 | crowd #2 $531k held 1.0m, gainer #23 | NO CROWD: not top 2 held 2m, not ripping, not a top gainer with $1000k
2026-10-07 17:58:04,865 INFO [v36] WHY-NOT AVBP px 17.1000 | crowd #3 $474k, gainer #13 | NO CROWD: not top 2 held 2m, not ripping, not a top gainer with $1000k
2026-10-07 17:58:04,865 INFO [v36b] WHY-NOT AVBP px 17.1000 | crowd #3 $474k, gainer #13 | NO CROWD: not top 2 held 2m, not ripping, not a top gainer with $1000k
2026-10-07 17:58:18,006 INFO [v36] WHY-NOT SXTC px 7.5400 | crowd #1 $10708k held 1.3m, gainer #1 | NO: 8 buys today
2026-10-07 17:58:18,008 INFO [v36b] WHY-NOT SXTC px 7.5400 | crowd #1 $10708k held 1.3m, gainer #1 | NO: 7 buys today
2026-10-07 17:58:45,706 INFO [v36] WHY-NOT SXTC px 8.0500 | crowd #1 $10708k held 1.8m, gainer #1 | NO SPEED for a re-entry: 0.08 under 0.10
2026-10-07 17:58:46,900 INFO [v36b] WHY-NOT SXTC px 8.0500 | crowd #1 $10708k held 1.8m, gainer #1 | NO SPEED for a re-entry: 0.08 under 0.10
2026-10-07 17:58:50,706 INFO [v36] WHY-NOT SXTC px 8.2800 | crowd #1 $10708k held 1.8m, gainer #1 | NO TAPE at the trigger 8.0500: 30s ask 46% bid 34% between 21% of 436089 sh (40% by quote)
2026-10-07 17:58:51,976 INFO [v36b] WHY-NOT SXTC px 8.7400 | crowd #1 $10708k held 1.9m, gainer #1 | NO: 8.7400 is 9% over the trigger 8.0500 - the move already happened
2026-10-07 17:58:55,707 INFO [v36] WHY-NOT SXTC px 8.7400 | crowd #1 $10708k held 1.9m, gainer #1 | NO: 8.7400 is 9% over the trigger 8.0500 - the move already happened
2026-10-07 17:58:57,037 INFO [v36b] WHY-NOT SXTC px 8.5600 | crowd #1 $10708k held 1.9m, gainer #1 | NO: 8.5600 is 6% over the trigger 8.0500 - the move already happened
2026-10-07 17:59:00,795 INFO [v36] WHY-NOT BIYA px 2.3850 | crowd #5 $233k, gainer #2 | NO: 6 buys today
2026-10-07 17:59:00,796 INFO [v36b] WHY-NOT BIYA px 2.3850 | crowd #5 $233k, gainer #2 | NO: 6 buys today
2026-10-07 17:59:05,844 INFO [v36] WHY-NOT AVBP px 17.0950 | crowd #3 $474k, gainer #13 | NO CROWD: not top 2 held 2m, not ripping, not a top gainer with $1000k
2026-10-07 17:59:05,845 INFO [v36b] WHY-NOT AVBP px 17.0950 | crowd #3 $474k, gainer #13 | NO CROWD: not top 2 held 2m, not ripping, not a top gainer with $1000k
2026-10-07 17:59:05,853 INFO [v36] WHY-NOT SNXX px 16.3101 | crowd #2 $531k held 2.1m, gainer #24 | NO PATTERN: no rip | last candles GG, vol 1.7x the 5 before (high break needs 2.0x)
2026-10-07 17:59:05,853 INFO [v36b] WHY-NOT SNXX px 16.3101 | crowd #2 $531k held 2.1m, gainer #24 | NO PATTERN: no rip | last candles GG, vol 1.7x the 5 before (high break needs 2.0x)
2026-10-07 18:00:00,083 INFO [v36] WHY-NOT SXTC px 8.9370 | crowd #1 $19572k held 3.0m, gainer #1 | NO: 10 buys today
2026-10-07 18:00:00,084 INFO [v36b] WHY-NOT SXTC px 8.9370 | crowd #1 $19572k held 3.0m, gainer #1 | NO: 8 buys today
2026-10-07 18:00:02,200 INFO [v36] WHY-NOT BIYA px 2.3900 | crowd #3 $546k, gainer #2 | NO: 6 buys today
2026-10-07 18:00:02,201 INFO [v36b] WHY-NOT BIYA px 2.3900 | crowd #3 $546k, gainer #2 | NO: 6 buys today
2026-10-07 18:00:14,478 INFO [v36] WHY-NOT SNXX px 16.3100 | crowd #2 $979k held 3.2m, gainer #25 | NO PATTERN: no rip | last candles G-, vol 0.7x the 5 before (high break needs 2.0x)
2026-10-07 18:00:14,478 INFO [v36b] WHY-NOT SNXX px 16.3100 | crowd #2 $979k held 3.2m, gainer #25 | NO PATTERN: no rip | last candles G-, vol 0.7x the 5 before (high break needs 2.0x)
2026-10-07 18:00:34,213 INFO [v36] WHY-NOT SXTC px 9.3800 | crowd #1 $19572k held 3.6m, gainer #1 | NO SPEED for a re-entry: 0.06 under 0.10
2026-10-07 18:00:34,297 INFO [v36b] WHY-NOT SXTC px 9.3800 | crowd #1 $19572k held 3.6m, gainer #1 | NO SPEED for a re-entry: 0.05 under 0.10
2026-10-07 18:00:39,294 INFO [v36] WHY-NOT SXTC px 9.3800 | crowd #1 $19572k held 3.7m, gainer #1 | NO SPEED for a re-entry: 0.07 under 0.10
2026-10-07 18:00:39,324 INFO [v36b] WHY-NOT SXTC px 9.3800 | crowd #1 $19572k held 3.7m, gainer #1 | NO SPEED for a re-entry: 0.07 under 0.10
2026-10-07 18:00:44,314 INFO [v36] WHY-NOT SXTC px 9.4300 | crowd #1 $19572k held 3.7m, gainer #1 | NO SPEED for a re-entry: 0.06 under 0.10
2026-10-07 18:00:44,333 INFO [v36b] WHY-NOT SXTC px 9.3950 | crowd #1 $19572k held 3.7m, gainer #1 | NO SPEED for a re-entry: 0.05 under 0.10
2026-10-07 18:01:02,365 INFO [v36] WHY-NOT BIYA px 2.3500 | crowd #3 $815k, gainer #2 | NO: 6 buys today
2026-10-07 18:01:02,365 INFO [v36b] WHY-NOT BIYA px 2.3500 | crowd #3 $815k, gainer #2 | NO: 6 buys today
2026-10-07 18:01:14,845 INFO [v36] WHY-NOT SNXX px 16.3250 | crowd #2 $1330k held 4.2m, gainer #26 | NO PATTERN: no rip | last candles -R, vol 0.4x the 5 before (high break needs 2.0x)
2026-10-07 18:01:14,845 INFO [v36b] WHY-NOT SNXX px 16.3250 | crowd #2 $1330k held 4.2m, gainer #26 | NO PATTERN: no rip | last candles -R, vol 0.4x the 5 before (high break needs 2.0x)
2026-10-07 18:01:44,375 INFO [v36] WHY-NOT SXTC px 8.6000 | crowd #1 $38907k held 4.7m, gainer #1 | NO: 10 buys today
2026-10-07 18:01:44,377 INFO [v36b] WHY-NOT SXTC px 8.6000 | crowd #1 $38907k held 4.7m, gainer #1 | NO: 8 buys today
2026-10-07 18:02:02,572 INFO [v36] WHY-NOT BIYA px 2.2850 | crowd #3 $998k, gainer #2 | NO: 6 buys today
2026-10-07 18:02:02,573 INFO [v36b] WHY-NOT BIYA px 2.2850 | crowd #3 $998k, gainer #2 | NO: 6 buys today
2026-10-07 18:02:16,373 INFO [v36] WHY-NOT SNXX px 16.3650 | crowd #2 $1330k held 5.3m, gainer #26 | NO PATTERN: no rip | last candles RG, vol 2.6x the 5 before (high break needs 2.0x)
2026-10-07 18:02:16,373 INFO [v36b] WHY-NOT SNXX px 16.3650 | crowd #2 $1330k held 5.3m, gainer #26 | NO PATTERN: no rip | last candles RG, vol 2.6x the 5 before (high break needs 2.0x)
2026-10-07 18:02:44,752 INFO [v36] WHY-NOT SXTC px 8.3000 | crowd #1 $38907k held 5.7m, gainer #1 | NO: 10 buys today
2026-10-07 18:02:44,754 INFO [v36b] WHY-NOT SXTC px 8.3000 | crowd #1 $38907k held 5.7m, gainer #1 | NO: 8 buys today
2026-10-07 18:03:02,866 INFO [v36] WHY-NOT BIYA px 2.3100 | crowd #4 $1238k, gainer #2 | NO: 6 buys today
2026-10-07 18:03:02,867 INFO [v36b] WHY-NOT BIYA px 2.3100 | crowd #4 $1238k, gainer #2 | NO: 6 buys today
2026-10-07 18:03:07,666 INFO [v36] WHY-NOT CPHI px 1.0000 | crowd #3 $2080k, gainer #3 | NO CROWD: not top 2 held 2m, not ripping, not a top gainer with $1000k
2026-10-07 18:03:07,668 INFO [v36b] WHY-NOT CPHI px 1.0000 | crowd #3 $2080k, gainer #3 | NO CROWD: not top 2 held 2m, not ripping, not a top gainer with $1000k
2026-10-07 18:03:16,404 INFO [v36] WHY-NOT SNXX px 16.4000 | crowd #2 $2475k held 6.3m, gainer #26 | WAIT: hod trigger 16.6640
2026-10-07 18:03:16,404 INFO [v36b] WHY-NOT SNXX px 16.4000 | crowd #2 $2475k held 6.3m, gainer #26 | WAIT: hod trigger 16.6640
2026-10-07 18:03:44,970 INFO [v36] WHY-NOT SXTC px 8.0400 | crowd #1 $38923k held 6.7m, gainer #1 | NO: 10 buys today
2026-10-07 18:03:44,975 INFO [v36b] WHY-NOT SXTC px 8.0400 | crowd #1 $38923k held 6.7m, gainer #1 | NO: 8 buys today
2026-10-07 18:04:02,873 INFO [v36] WHY-NOT BIYA px 2.4100 | crowd #4 $1238k, gainer #2 | NO: 6 buys today
2026-10-07 18:04:02,934 INFO [v36b] WHY-NOT BIYA px 2.4100 | crowd #4 $1238k, gainer #2 | NO: 6 buys today
2026-10-07 18:04:17,989 INFO [v36] WHY-NOT SNXX px 16.4000 | crowd #3 $2475k, gainer #27 | NO CROWD: not top 2 held 2m, not ripping, not a top gainer with $1000k
2026-10-07 18:04:18,054 INFO [v36b] WHY-NOT SNXX px 16.4000 | crowd #3 $2475k, gainer #27 | NO CROWD: not top 2 held 2m, not ripping, not a top gainer with $1000k
2026-10-07 18:04:22,718 INFO [v36] WHY-NOT CPHI px 1.0000 | crowd #2 $2874k held 0.4m, gainer #3 | NO CROWD: not top 2 held 2m, not ripping, not a top gainer with $1000k
2026-10-07 18:04:22,720 INFO [v36b] WHY-NOT CPHI px 1.0000 | crowd #2 $2874k held 0.4m, gainer #3 | NO CROWD: not top 2 held 2m, not ripping, not a top gainer with $1000k
2026-10-07 18:04:44,986 INFO [v36b] WHY-NOT SXTC px 8.0000 | crowd #1 $33811k held 7.7m, gainer #1 | NO: 8 buys today
2026-10-07 18:04:45,050 INFO [v36] WHY-NOT SXTC px 8.0000 | crowd #1 $33811k held 7.7m, gainer #1 | NO: 10 buys today
2026-10-07 18:05:03,235 INFO [v36] WHY-NOT BIYA px 2.3700 | crowd #4 $1378k, gainer #2 | NO: 6 buys today
2026-10-07 18:05:03,235 INFO [v36b] WHY-NOT BIYA px 2.3700 | crowd #4 $1378k, gainer #2 | NO: 6 buys today
2026-10-07 18:05:20,005 INFO [v36] WHY-NOT SNXX px 16.4500 | crowd #3 $3009k, gainer #28 | NO CROWD: not top 2 held 2m, not ripping, not a top gainer with $1000k
2026-10-07 18:05:20,005 INFO [v36b] WHY-NOT SNXX px 16.4500 | crowd #3 $3009k, gainer #28 | NO CROWD: not top 2 held 2m, not ripping, not a top gainer with $1000k
2026-10-07 18:05:45,669 INFO [v36] WHY-NOT SXTC px 8.1050 | crowd #1 $25440k held 8.8m, gainer #1 | NO: 10 buys today
2026-10-07 18:05:45,670 INFO [v36b] WHY-NOT SXTC px 8.1050 | crowd #1 $25440k held 8.8m, gainer #1 | NO: 8 buys today
2026-10-07 18:06:03,623 INFO [v36] WHY-NOT BIYA px 2.3333 | crowd #4 $1378k, gainer #2 | NO: 6 buys today
2026-10-07 18:06:03,623 INFO [v36b] WHY-NOT BIYA px 2.3333 | crowd #4 $1378k, gainer #2 | NO: 6 buys today
2026-10-07 18:06:12,333 INFO [v36] WHY-NOT CPHI px 1.0000 | crowd #2 $3394k held 2.2m, gainer #3 | NO PATTERN: no rip | last candles GR, vol 0.5x the 5 before (high break needs 2.0x)
2026-10-07 18:06:12,337 INFO [v36b] WHY-NOT CPHI px 1.0000 | crowd #2 $3394k held 2.2m, gainer #3 | NO PATTERN: no rip | last candles GR, vol 0.5x the 5 before (high break needs 2.0x)
2026-10-07 18:06:24,525 INFO [v36] WHY-NOT SNXX px 16.4400 | crowd #3 $3355k, gainer #29 | NO CROWD: not top 2 held 2m, not ripping, not a top gainer with $1000k
2026-10-07 18:06:24,526 INFO [v36b] WHY-NOT SNXX px 16.4400 | crowd #3 $3355k, gainer #29 | NO CROWD: not top 2 held 2m, not ripping, not a top gainer with $1000k
2026-10-07 18:06:45,677 INFO [v36] WHY-NOT SXTC px 8.0100 | crowd #1 $25440k held 9.8m, gainer #1 | NO: 10 buys today
2026-10-07 18:06:45,678 INFO [v36b] WHY-NOT SXTC px 8.0100 | crowd #1 $25440k held 9.8m, gainer #1 | NO: 8 buys today
2026-10-07 18:07:05,413 INFO [v36] WHY-NOT BIYA px 2.3300 | crowd #4 $1324k, gainer #2 | NO: 6 buys today
2026-10-07 18:07:05,473 INFO [v36b] WHY-NOT BIYA px 2.3300 | crowd #4 $1324k, gainer #2 | NO: 6 buys today
2026-10-07 18:07:14,075 INFO [v36] WHY-NOT CPHI px 1.0000 | crowd #3 $3797k, gainer #3 | NO CROWD: not top 2 held 2m, not ripping, not a top gainer with $1000k
2026-10-07 18:07:14,077 INFO [v36b] WHY-NOT CPHI px 1.0000 | crowd #3 $3797k, gainer #3 | NO CROWD: not top 2 held 2m, not ripping, not a top gainer with $1000k
2026-10-07 18:07:26,890 INFO [v36] WHY-NOT SNXX px 16.3850 | crowd #2 $4583k held 0.4m, gainer #29 | NO CROWD: not top 2 held 2m, not ripping, not a top gainer with $1000k
2026-10-07 18:07:26,890 INFO [v36b] WHY-NOT SNXX px 16.3850 | crowd #2 $4583k held 0.4m, gainer #29 | NO CROWD: not top 2 held 2m, not ripping, not a top gainer with $1000k
2026-10-07 18:07:36,703 INFO [v36] WHY-NOT MOBX px 1.2102 | crowd #- $0k, gainer #1 | NO CROWD: not top 2 held 2m, not ripping, not a top gainer with $1000k
2026-10-07 18:07:36,704 INFO [v36b] WHY-NOT MOBX px 1.2102 | crowd #- $0k, gainer #1 | NO CROWD: not top 2 held 2m, not ripping, not a top gainer with $1000k
2026-10-07 18:07:45,679 INFO [v36] WHY-NOT SXTC px 8.4950 | crowd #1 $19827k held 10.8m, gainer #1 | NO: 10 buys today
2026-10-07 18:07:45,680 INFO [v36b] WHY-NOT SXTC px 8.4950 | crowd #1 $19827k held 10.8m, gainer #1 | NO: 8 buys today
2026-10-07 18:08:00,039 INFO [v36] WHY-NOT SXTC px 8.0841 | crowd #- $0k, gainer #1 | NO: 11 buys today
2026-10-07 18:08:00,039 INFO [v36b] WHY-NOT SXTC px 8.0841 | crowd #- $0k, gainer #1 | NO: 9 buys today
2026-10-07 18:08:04,261 INFO [v36] WHY-NOT DKI px 1.9082 | crowd #- $0k, gainer #2 | NO CROWD: not top 2 held 2m, not ripping, not a top gainer with $1000k
2026-10-07 18:08:04,261 INFO [v36b] WHY-NOT DKI px 1.9082 | crowd #- $0k, gainer #2 | NO CROWD: not top 2 held 2m, not ripping, not a top gainer with $1000k
2026-10-07 18:08:08,993 INFO [v36] WHY-NOT BIYA px 2.3500 | crowd #5 $1218k, gainer #2 | NO: 6 buys today
2026-10-07 18:08:08,993 INFO [v36b] WHY-NOT BIYA px 2.3500 | crowd #5 $1218k, gainer #2 | NO: 6 buys today
2026-10-07 18:09:00,047 INFO [v36b] WHY-NOT SXTC px 7.7800 | crowd #1 $3683k held 0.0m, gainer #1 | NO: 9 buys today
2026-10-07 18:09:00,260 INFO [v36] WHY-NOT SXTC px 7.7700 | crowd #1 $6633k held 0.0m, gainer #1 | NO: 11 buys today
2026-10-07 18:09:00,276 INFO [v36] WHY-NOT SNXX px 16.3955 | crowd #2 $2335k held 0.0m, gainer #23 | NO CROWD: not top 2 held 2m, not ripping, not a top gainer with $1000k
2026-10-07 18:09:00,276 INFO [v36b] WHY-NOT SNXX px 16.3955 | crowd #2 $2335k held 0.0m, gainer #23 | NO CROWD: not top 2 held 2m, not ripping, not a top gainer with $1000k
2026-10-07 18:09:01,298 INFO [v36b] WHY-NOT SNDG px 10.1400 | crowd #3 $114k, gainer #24 | NO CROWD: not top 2 held 2m, not ripping, not a top gainer with $1000k
2026-10-07 18:09:03,888 INFO [v36] WHY-NOT BIYA px 2.3200 | crowd #5 $229k, gainer #2 | NO: 6 buys today
2026-10-07 18:09:03,888 INFO [v36b] WHY-NOT BIYA px 2.3200 | crowd #- $0k, gainer #2 | NO: 6 buys today
2026-10-07 18:10:00,120 INFO [v36b] WHY-NOT SXTC px 7.9450 | crowd #1 $10137k held 1.0m, gainer #1 | NO: 9 buys today
2026-10-07 18:10:00,344 INFO [v36] WHY-NOT SXTC px 7.9699 | crowd #1 $10137k held 1.0m, gainer #1 | NO: 11 buys today
2026-10-07 18:10:00,602 INFO [v36] WHY-NOT SNXX px 16.4000 | crowd #2 $2904k held 1.0m, gainer #26 | NO CROWD: not top 2 held 2m, not ripping, not a top gainer with $1000k
2026-10-07 18:10:00,603 INFO [v36b] WHY-NOT SNXX px 16.4000 | crowd #2 $2904k held 1.0m, gainer #26 | NO CROWD: not top 2 held 2m, not ripping, not a top gainer with $1000k
2026-10-07 18:10:07,323 INFO [v36] WHY-NOT BIYA px 2.3200 | crowd #5 $319k, gainer #2 | NO: 6 buys today
2026-10-07 18:10:07,324 INFO [v36b] WHY-NOT BIYA px 2.3200 | crowd #5 $319k, gainer #2 | NO: 6 buys today
2026-10-07 18:11:00,133 INFO [v36b] WHY-NOT SXTC px 7.2600 | crowd #1 $10137k held 2.0m, gainer #1 | NO: 9 buys today
2026-10-07 18:11:00,384 INFO [v36] WHY-NOT SXTC px 7.2700 | crowd #1 $10137k held 2.0m, gainer #1 | NO: 11 buys today
2026-10-07 18:11:04,808 INFO [v36b] WHY-NOT SNXX px 16.3950 | crowd #2 $2904k held 2.1m, gainer #25 | NO PATTERN: no rip | last candles RR, vol 0.3x the 5 before (high break needs 2.0x)
2026-10-07 18:11:04,808 INFO [v36] WHY-NOT SNXX px 16.3950 | crowd #2 $2904k held 2.1m, gainer #25 | NO PATTERN: no rip | last candles RR, vol 0.3x the 5 before (high break needs 2.0x)
2026-10-07 18:11:07,749 INFO [v36] WHY-NOT BIYA px 2.3250 | crowd #5 $319k, gainer #2 | NO: 6 buys today
2026-10-07 18:11:07,749 INFO [v36b] WHY-NOT BIYA px 2.3250 | crowd #5 $319k, gainer #2 | NO: 6 buys today
2026-10-07 18:11:23,435 INFO [v36] WHY-NOT CPHI px 1.0000 | crowd #3 $1281k, gainer #3 | NO CROWD: not top 2 held 2m, not ripping, not a top gainer with $1000k
2026-10-07 18:11:23,441 INFO [v36b] WHY-NOT CPHI px 1.0000 | crowd #3 $1281k, gainer #3 | NO CROWD: not top 2 held 2m, not ripping, not a top gainer with $1000k
2026-10-07 18:12:00,186 INFO [v36b] WHY-NOT SXTC px 7.0450 | crowd #1 $12433k held 3.0m, gainer #1 | NO: 9 buys today
2026-10-07 18:12:00,423 INFO [v36] WHY-NOT SXTC px 7.0600 | crowd #1 $12433k held 3.0m, gainer #1 | NO: 11 buys today
2026-10-07 18:12:07,860 INFO [v36] WHY-NOT SNXX px 16.3900 | crowd #2 $3239k held 3.1m, gainer #26 | NO PATTERN: no rip | last candles RR, vol 0.4x the 5 before (high break needs 2.0x)
2026-10-07 18:12:07,861 INFO [v36b] WHY-NOT SNXX px 16.3900 | crowd #2 $3239k held 3.1m, gainer #26 | NO PATTERN: no rip | last candles RR, vol 0.4x the 5 before (high break needs 2.0x)
2026-10-07 18:12:09,964 INFO [v36] WHY-NOT BIYA px 2.3299 | crowd #5 $371k, gainer #2 | NO: 6 buys today
2026-10-07 18:12:09,965 INFO [v36b] WHY-NOT BIYA px 2.3299 | crowd #5 $371k, gainer #2 | NO: 6 buys today
2026-10-07 18:12:13,568 INFO [v36b] WHY-NOT CPHI px 1.0100 | crowd #- $0k, gainer #1 | NO CROWD: not top 2 held 2m, not ripping, not a top gainer with $1000k
2026-10-07 18:12:23,501 INFO [v36] WHY-NOT CPHI px 1.0000 | crowd #3 $1961k, gainer #3 | NO CROWD: not top 2 held 2m, not ripping, not a top gainer with $1000k
2026-10-07 18:12:23,503 INFO [v36b] WHY-NOT CPHI px 1.0000 | crowd #3 $1961k, gainer #3 | NO CROWD: not top 2 held 2m, not ripping, not a top gainer with $1000k
2026-10-07 18:13:00,633 INFO [v36b] WHY-NOT SXTC px 7.0600 | crowd #1 $2027k held 0.0m, gainer #1 | NO: 9 buys today
2026-10-07 18:13:00,741 INFO [v36b] WHY-NOT SNXX px 16.3855 | crowd #3 $455k, gainer #15 | NO CROWD: not top 2 held 2m, not ripping, not a top gainer with $1000k
2026-10-07 18:13:13,947 INFO [v36b] WHY-NOT CPHI px 1.0050 | crowd #2 $686k held 0.2m, gainer #2 | NO CROWD: not top 2 held 2m, not ripping, not a top gainer with $1000k
2026-10-07 18:14:00,930 INFO [v36b] WHY-NOT SNXX px 16.3700 | crowd #3 $455k, gainer #21 | NO CROWD: not top 2 held 2m, not ripping, not a top gainer with $1000k
2026-10-07 18:14:01,612 INFO [v36b] WHY-NOT SXTC px 7.0000 | crowd #1 $2027k held 1.0m, gainer #1 | NO: 9 buys today
2026-10-07 18:14:13,976 INFO [v36b] WHY-NOT CPHI px 1.0000 | crowd #2 $686k held 1.2m, gainer #2 | NO CROWD: not top 2 held 2m, not ripping, not a top gainer with $1000k
2026-10-07 18:15:01,799 INFO [v36b] WHY-NOT SXTC px 6.5801 | crowd #1 $5899k held 2.0m, gainer #1 | NO: 9 buys today
2026-10-07 18:15:07,250 INFO [v36b] WHY-NOT SNXX px 16.3702 | crowd #3 $844k, gainer #20 | NO CROWD: not top 2 held 2m, not ripping, not a top gainer with $1000k
2026-10-07 18:15:19,349 INFO [v36b] WHY-NOT CPHI px 1.0000 | crowd #2 $1759k held 2.3m, gainer #2 | WAIT: hod trigger 1.1300
2026-10-07 18:15:29,820 INFO [v36] WHY-NOT DKI px 1.8801 | crowd #6 $274k, gainer #2 | NO CROWD: not top 2 held 2m, not ripping, not a top gainer with $1000k
2026-10-07 18:15:29,820 INFO [v36] WHY-NOT SXTC px 6.9907 | crowd #1 $5899k held 0.0m, gainer #- | NO: 11 buys today
2026-10-07 18:16:01,612 INFO [v36] WHY-NOT SNXX px 16.3855 | crowd #3 $1232k, gainer #- | NO CROWD: not top 2 held 2m, not ripping, not a top gainer with $1000k
2026-10-07 18:16:01,883 INFO [v36b] WHY-NOT SXTC px 7.2000 | crowd #1 $9359k held 3.0m, gainer #1 | NO: 9 buys today
2026-10-07 18:16:08,989 INFO [v36b] WHY-NOT SNXX px 16.3901 | crowd #3 $1232k, gainer #22 | NO CROWD: not top 2 held 2m, not ripping, not a top gainer with $1000k
2026-10-07 18:16:19,351 INFO [v36b] WHY-NOT CPHI px 1.0100 | crowd #2 $2487k held 3.3m, gainer #2 | WAIT: hod trigger 1.1300
2026-10-07 18:16:34,062 INFO [v36] WHY-NOT SXTC px 6.9600 | crowd #1 $9359k held 1.1m, gainer #1 | NO: 11 buys today
2026-10-07 18:17:02,228 INFO [v36b] WHY-NOT SXTC px 7.0400 | crowd #1 $12054k held 4.0m, gainer #1 | NO: 9 buys today
2026-10-07 18:17:14,116 INFO [v36] WHY-NOT SNXX px 16.3700 | crowd #3 $1468k, gainer #14 | NO CROWD: not top 2 held 2m, not ripping, not a top gainer with $1000k
2026-10-07 18:17:18,516 INFO [v36b] WHY-NOT SNXX px 16.3913 | crowd #3 $1468k, gainer #25 | NO CROWD: not top 2 held 2m, not ripping, not a top gainer with $1000k
2026-10-07 18:17:23,110 INFO [v36b] WHY-NOT CPHI px 1.0000 | crowd #2 $2875k held 4.4m, gainer #2 | WAIT: hod trigger 1.1300
2026-10-07 18:17:34,564 INFO [v36] WHY-NOT SXTC px 7.0100 | crowd #1 $12054k held 2.1m, gainer #1 | NO: 11 buys today
2026-10-07 18:18:02,290 INFO [v36b] WHY-NOT SXTC px 6.9114 | crowd #1 $11042k held 5.0m, gainer #1 | NO: 9 buys today
2026-10-07 18:18:23,014 INFO [v36b] WHY-NOT SNXX px 16.3900 | crowd #3 $1468k, gainer #26 | NO CROWD: not top 2 held 2m, not ripping, not a top gainer with $1000k
2026-10-07 18:18:23,144 INFO [v36b] WHY-NOT CPHI px 1.0701 | crowd #2 $3021k held 5.4m, gainer #2 | WAIT: hod trigger 1.1585
2026-10-07 18:18:25,089 INFO [v36] WHY-NOT SNXX px 16.3900 | crowd #3 $1468k, gainer #26 | NO CROWD: not top 2 held 2m, not ripping, not a top gainer with $1000k
2026-10-07 18:18:35,617 INFO [v36] WHY-NOT SXTC px 7.0400 | crowd #1 $12054k held 3.1m, gainer #1 | NO: 11 buys today
2026-10-07 18:18:50,824 INFO [v36] WHY-NOT CPHI px 1.0950 | crowd #- $0k, gainer #1 | NO CROWD: not top 2 held 2m, not ripping, not a top gainer with $1000k
2026-10-07 18:18:50,825 INFO [v36b] WHY-NOT CPHI px 1.0950 | crowd #- $0k, gainer #1 | NO CROWD: not top 2 held 2m, not ripping, not a top gainer with $1000k
2026-10-07 18:19:02,639 INFO [v36b] WHY-NOT SXTC px 6.9216 | crowd #1 $10612k held 6.0m, gainer #1 | NO: 9 buys today
2026-10-07 18:19:08,313 INFO [v36] WHY-NOT CPHI px 1.1100 | crowd #2 $3851k held 3.6m, gainer #2 | WAIT: hod trigger 1.1900
2026-10-07 18:19:23,109 INFO [v36b] WHY-NOT SNXX px 16.3700 | crowd #3 $992k, gainer #29 | NO CROWD: not top 2 held 2m, not ripping, not a top gainer with $1000k
2026-10-07 18:19:23,257 INFO [v36b] WHY-NOT CPHI px 1.1100 | crowd #2 $3851k held 6.4m, gainer #2 | WAIT: hod trigger 1.1900
2026-10-07 18:19:27,136 INFO [v36] WHY-NOT SNXX px 16.3700 | crowd #3 $992k, gainer #29 | NO CROWD: not top 2 held 2m, not ripping, not a top gainer with $1000k
2026-10-07 18:19:51,509 INFO [v36] WHY-NOT CPHI px 1.0750 | crowd #- $0k, gainer #1 | NO CROWD: not top 2 held 2m, not ripping, not a top gainer with $1000k
2026-10-07 18:19:51,510 INFO [v36b] WHY-NOT CPHI px 1.0750 | crowd #- $0k, gainer #1 | NO CROWD: not top 2 held 2m, not ripping, not a top gainer with $1000k
2026-10-07 18:20:00,535 INFO [v36] WHY-NOT SXTC px 7.0200 | crowd #2 $1122k held 0.0m, gainer #1 | NO: 11 buys today
2026-10-07 18:20:00,536 INFO [v36b] WHY-NOT SXTC px 7.0200 | crowd #2 $1122k held 0.0m, gainer #1 | NO: 9 buys today
2026-10-07 18:20:00,910 INFO [v36] WHY-NOT SNXX px 16.3650 | crowd #3 $163k, gainer #21 | NO CROWD: not top 2 held 2m, not ripping, not a top gainer with $1000k
2026-10-07 18:20:00,911 INFO [v36b] WHY-NOT SNXX px 16.3650 | crowd #3 $163k, gainer #21 | NO CROWD: not top 2 held 2m, not ripping, not a top gainer with $1000k
2026-10-07 18:20:51,555 INFO [v36] WHY-NOT CPHI px 1.1000 | crowd #1 $2142k held 0.9m, gainer #2 | WAIT: hod trigger 1.1900
2026-10-07 18:20:51,556 INFO [v36b] WHY-NOT CPHI px 1.1000 | crowd #1 $2142k held 0.9m, gainer #2 | WAIT: hod trigger 1.1900
2026-10-07 18:21:00,586 INFO [v36] WHY-NOT SXTC px 6.5000 | crowd #2 $1122k held 1.0m, gainer #1 | NO: 11 buys today
2026-10-07 18:21:00,587 INFO [v36b] WHY-NOT SXTC px 6.5000 | crowd #2 $1122k held 1.0m, gainer #1 | NO: 9 buys today
2026-10-07 18:21:04,600 INFO [v36] WHY-NOT SNXX px 16.3555 | crowd #3 $327k, gainer #25 | NO CROWD: not top 2 held 2m, not ripping, not a top gainer with $1000k
2026-10-07 18:21:04,600 INFO [v36b] WHY-NOT SNXX px 16.3555 | crowd #3 $327k, gainer #25 | NO CROWD: not top 2 held 2m, not ripping, not a top gainer with $1000k
2026-10-07 18:21:35,868 INFO [v36] WHY-NOT CPHI px 1.1900 | crowd #1 $2142k held 1.6m, gainer #2 | NO TAPE at the trigger 1.1900: 30s ask 36% bid 25% between 39% of 991247 sh (100% by quote)
2026-10-07 18:22:00,366 INFO [v36b] WHY-NOT CPHI px 1.1900 | crowd #2 $3086k held 2.0m, gainer #2 | WAIT: hod trigger 1.2500
2026-10-07 18:22:00,735 INFO [v36] WHY-NOT SXTC px 6.1300 | crowd #1 $3212k held 2.0m, gainer #1 | NO: 11 buys today
2026-10-07 18:22:00,738 INFO [v36b] WHY-NOT SXTC px 6.1300 | crowd #1 $3212k held 2.0m, gainer #1 | NO: 9 buys today
2026-10-07 18:22:04,858 INFO [v36] WHY-NOT SNXX px 16.3600 | crowd #3 $327k, gainer #26 | NO CROWD: not top 2 held 2m, not ripping, not a top gainer with $1000k
2026-10-07 18:22:04,858 INFO [v36b] WHY-NOT SNXX px 16.3600 | crowd #3 $327k, gainer #26 | NO CROWD: not top 2 held 2m, not ripping, not a top gainer with $1000k
2026-10-07 18:22:30,466 INFO [v36b] WHY-NOT CPHI px 1.2500 | crowd #2 $3086k held 2.5m, gainer #2 | NO SPEED for a re-entry: 0.05 under 0.10
2026-10-07 18:22:40,009 INFO [v36b] WHY-NOT CPHI px 1.2500 | crowd #2 $3086k held 2.7m, gainer #2 | NO SPEED for a re-entry: 0.06 under 0.10
2026-10-07 18:22:45,042 INFO [v36b] WHY-NOT CPHI px 1.2500 | crowd #2 $3086k held 2.7m, gainer #2 | NO SPEED for a re-entry: 0.05 under 0.10
2026-10-07 18:22:53,506 INFO [v36] WHY-NOT CPHI px 1.1900 | crowd #2 $3086k held 2.9m, gainer #2 | WAIT: hod trigger 1.2500
2026-10-07 18:23:00,896 INFO [v36] WHY-NOT SXTC px 6.2100 | crowd #1 $5639k held 3.0m, gainer #1 | NO: 11 buys today
2026-10-07 18:23:00,897 INFO [v36b] WHY-NOT SXTC px 6.2100 | crowd #1 $5639k held 3.0m, gainer #1 | NO: 9 buys today
2026-10-07 18:23:06,395 INFO [v36] WHY-NOT SNXX px 16.3600 | crowd #3 $721k, gainer #26 | NO CROWD: not top 2 held 2m, not ripping, not a top gainer with $1000k
2026-10-07 18:23:06,396 INFO [v36b] WHY-NOT SNXX px 16.3600 | crowd #3 $721k, gainer #26 | NO CROWD: not top 2 held 2m, not ripping, not a top gainer with $1000k
2026-10-07 18:23:45,522 INFO [v36b] WHY-NOT CPHI px 1.2017 | crowd #2 $4994k held 3.8m, gainer #2 | WAIT: hod trigger 1.3000
2026-10-07 18:23:53,693 INFO [v36] WHY-NOT CPHI px 1.2000 | crowd #2 $4994k held 3.9m, gainer #2 | WAIT: hod trigger 1.3000
2026-10-07 18:24:01,402 INFO [v36] WHY-NOT SXTC px 6.3000 | crowd #1 $7330k held 4.0m, gainer #1 | NO: 11 buys today
2026-10-07 18:24:01,403 INFO [v36b] WHY-NOT SXTC px 6.3000 | crowd #1 $7330k held 4.0m, gainer #1 | NO: 9 buys today
2026-10-07 18:24:08,837 INFO [v36] WHY-NOT SNXX px 16.3550 | crowd #3 $843k, gainer #29 | NO CROWD: not top 2 held 2m, not ripping, not a top gainer with $1000k
2026-10-07 18:24:08,837 INFO [v36b] WHY-NOT SNXX px 16.3550 | crowd #3 $843k, gainer #29 | NO CROWD: not top 2 held 2m, not ripping, not a top gainer with $1000k
2026-10-07 18:24:45,524 INFO [v36b] WHY-NOT CPHI px 1.2452 | crowd #2 $7181k held 4.8m, gainer #2 | WAIT: hod trigger 1.3000
2026-10-07 18:24:53,758 INFO [v36] WHY-NOT CPHI px 1.2400 | crowd #2 $7181k held 4.9m, gainer #2 | WAIT: hod trigger 1.3000
2026-10-07 18:25:01,780 INFO [v36] WHY-NOT SXTC px 6.3400 | crowd #1 $8248k held 5.0m, gainer #1 | NO: 11 buys today
2026-10-07 18:25:01,793 INFO [v36b] WHY-NOT SXTC px 6.3400 | crowd #1 $8248k held 5.0m, gainer #1 | NO: 9 buys today
2026-10-07 18:25:09,207 INFO [v36] WHY-NOT SNXX px 16.3899 | crowd #3 $971k, gainer #30 | NO CROWD: not top 2 held 2m, not ripping, not a top gainer with $1000k
2026-10-07 18:25:09,244 INFO [v36b] WHY-NOT SNXX px 16.3899 | crowd #3 $971k, gainer #30 | NO CROWD: not top 2 held 2m, not ripping, not a top gainer with $1000k
2026-10-07 18:25:45,536 INFO [v36b] WHY-NOT CPHI px 1.1900 | crowd #2 $6814k held 5.8m, gainer #2 | WAIT: hod trigger 1.3300
2026-10-07 18:25:53,762 INFO [v36] WHY-NOT CPHI px 1.1900 | crowd #2 $6814k held 5.9m, gainer #2 | WAIT: hod trigger 1.3300
2026-10-07 18:26:01,815 INFO [v36] WHY-NOT SXTC px 5.7700 | crowd #1 $8517k held 6.0m, gainer #1 | NO: 11 buys today
2026-10-07 18:26:01,815 INFO [v36b] WHY-NOT SXTC px 5.7700 | crowd #1 $8517k held 6.0m, gainer #1 | NO: 9 buys today
2026-10-07 18:26:09,660 INFO [v36] WHY-NOT SNXX px 16.3950 | crowd #3 $855k, gainer #31 | NO CROWD: not top 2 held 2m, not ripping, not a top gainer with $1000k
2026-10-07 18:26:09,732 INFO [v36b] WHY-NOT SNXX px 16.3950 | crowd #3 $855k, gainer #31 | NO CROWD: not top 2 held 2m, not ripping, not a top gainer with $1000k
2026-10-07 18:26:45,545 INFO [v36b] WHY-NOT CPHI px 1.0900 | crowd #2 $7873k held 6.8m, gainer #2 | WAIT: hod trigger 1.3300
2026-10-07 18:26:53,806 INFO [v36] WHY-NOT CPHI px 1.1400 | crowd #2 $7873k held 6.9m, gainer #2 | WAIT: hod trigger 1.3300
2026-10-07 18:27:01,959 INFO [v36] WHY-NOT SXTC px 5.8851 | crowd #1 $7709k held 7.0m, gainer #1 | NO: 11 buys today
2026-10-07 18:27:01,960 INFO [v36b] WHY-NOT SXTC px 5.8851 | crowd #1 $7709k held 7.0m, gainer #1 | NO: 9 buys today
2026-10-07 18:27:10,631 INFO [v36] WHY-NOT SNXX px 16.3950 | crowd #3 $1807k, gainer #31 | NO CROWD: not top 2 held 2m, not ripping, not a top gainer with $1000k
2026-10-07 18:27:10,631 INFO [v36b] WHY-NOT SNXX px 16.3950 | crowd #3 $1807k, gainer #31 | NO CROWD: not top 2 held 2m, not ripping, not a top gainer with $1000k
2026-10-07 18:27:45,574 INFO [v36b] WHY-NOT CPHI px 1.0902 | crowd #2 $7631k held 7.8m, gainer #2 | NO: 2 positions open
2026-10-07 18:27:54,238 INFO [v36] WHY-NOT CPHI px 1.0900 | crowd #2 $7631k held 7.9m, gainer #2 | NO: 2 positions open
2026-10-07 18:28:01,968 INFO [v36] WHY-NOT SXTC px 5.4997 | crowd #2 $7280k held 8.0m, gainer #1 | NO: 2 positions open
2026-10-07 18:28:01,968 INFO [v36b] WHY-NOT SXTC px 5.4997 | crowd #2 $7280k held 8.0m, gainer #1 | NO: 2 positions open
2026-10-07 18:28:10,651 INFO [v36] WHY-NOT SNXX px 16.4050 | crowd #3 $1993k, gainer #32 | NO: 2 positions open
2026-10-07 18:28:10,691 INFO [v36b] WHY-NOT SNXX px 16.4050 | crowd #3 $1993k, gainer #32 | NO: 2 positions open
2026-10-07 18:28:45,964 INFO [v36b] WHY-NOT CPHI px 1.1400 | crowd #1 $7631k held 8.8m, gainer #2 | NO: 2 positions open
2026-10-07 18:28:54,322 INFO [v36] WHY-NOT CPHI px 1.1300 | crowd #1 $7631k held 8.9m, gainer #2 | WAIT: hod trigger 1.3300
2026-10-07 18:29:02,275 INFO [v36] WHY-NOT SXTC px 5.6401 | crowd #1 $7633k held 9.0m, gainer #1 | NO: 11 buys today
2026-10-07 18:29:02,277 INFO [v36b] WHY-NOT SXTC px 5.6401 | crowd #1 $7633k held 9.0m, gainer #1 | NO: 9 buys today
2026-10-07 18:29:15,037 INFO [v36] WHY-NOT SNXX px 16.3950 | crowd #3 $2052k, gainer #30 | NO CROWD: not top 2 held 2m, not ripping, not a top gainer with $1000k
2026-10-07 18:29:15,038 INFO [v36b] WHY-NOT SNXX px 16.3950 | crowd #3 $2052k, gainer #30 | NO CROWD: not top 2 held 2m, not ripping, not a top gainer with $1000k
2026-10-07 18:29:46,037 INFO [v36b] WHY-NOT CPHI px 1.0700 | crowd #2 $5859k held 9.8m, gainer #2 | WAIT: hod trigger 1.3300
2026-10-07 18:29:54,347 INFO [v36] WHY-NOT CPHI px 1.0750 | crowd #2 $5859k held 9.9m, gainer #2 | WAIT: hod trigger 1.3300
2026-10-07 18:30:02,314 INFO [v36] WHY-NOT SXTC px 5.8750 | crowd #1 $7633k held 10.0m, gainer #1 | NO: 11 buys today
2026-10-07 18:30:02,316 INFO [v36b] WHY-NOT SXTC px 5.8750 | crowd #1 $7633k held 10.0m, gainer #1 | NO: 9 buys today
2026-10-07 18:30:27,920 INFO [v36] WHY-NOT SNXX px 16.4150 | crowd #3 $2052k, gainer #30 | NO CROWD: not top 2 held 2m, not ripping, not a top gainer with $1000k
2026-10-07 18:30:27,920 INFO [v36b] WHY-NOT SNXX px 16.4150 | crowd #3 $2052k, gainer #30 | NO CROWD: not top 2 held 2m, not ripping, not a top gainer with $1000k
2026-10-07 18:30:46,043 INFO [v36b] WHY-NOT CPHI px 1.0050 | crowd #2 $5859k held 10.8m, gainer #2 | WAIT: hod trigger 1.3300
2026-10-07 18:30:56,526 INFO [v36] WHY-NOT CPHI px 1.0000 | crowd #2 $5859k held 10.9m, gainer #2 | WAIT: hod trigger 1.3300
2026-10-07 18:31:02,482 INFO [v36] WHY-NOT SXTC px 5.7300 | crowd #1 $7613k held 11.0m, gainer #1 | NO: 11 buys today
2026-10-07 18:31:02,489 INFO [v36b] WHY-NOT SXTC px 5.7300 | crowd #1 $7613k held 11.0m, gainer #1 | NO: 9 buys today
2026-10-07 18:31:28,998 INFO [v36] WHY-NOT SNXX px 16.3900 | crowd #3 $2277k, gainer #29 | NO CROWD: not top 2 held 2m, not ripping, not a top gainer with $1000k
2026-10-07 18:31:28,999 INFO [v36b] WHY-NOT SNXX px 16.3900 | crowd #3 $2277k, gainer #29 | NO CROWD: not top 2 held 2m, not ripping, not a top gainer with $1000k
2026-10-07 18:32:01,612 INFO [v36] WHY-NOT CPHI px 1.0000 | crowd #2 $4785k held 12.0m, gainer #2 | WAIT: hod trigger 1.3300
2026-10-07 18:32:01,613 INFO [v36b] WHY-NOT CPHI px 1.0000 | crowd #2 $4785k held 12.0m, gainer #2 | WAIT: hod trigger 1.3300
2026-10-07 18:32:03,102 INFO [v36] WHY-NOT SXTC px 5.7500 | crowd #1 $6629k held 12.0m, gainer #1 | NO: 11 buys today
2026-10-07 18:32:03,103 INFO [v36b] WHY-NOT SXTC px 5.7500 | crowd #1 $6629k held 12.0m, gainer #1 | NO: 9 buys today
2026-10-07 18:32:35,018 INFO [v36] WHY-NOT SNXX px 16.3850 | crowd #3 $1965k, gainer #30 | NO CROWD: not top 2 held 2m, not ripping, not a top gainer with $1000k
2026-10-07 18:32:35,019 INFO [v36b] WHY-NOT SNXX px 16.3850 | crowd #3 $1965k, gainer #30 | NO CROWD: not top 2 held 2m, not ripping, not a top gainer with $1000k
2026-10-07 18:33:00,324 INFO [v36] WHY-NOT NCPL px 1.6718 | crowd #3 $2157k, gainer #2 | WAIT: hod trigger 1.7700
2026-10-07 18:33:00,325 INFO [v36b] WHY-NOT NCPL px 1.6718 | crowd #3 $2157k, gainer #2 | WAIT: hod trigger 1.7700
2026-10-07 18:33:03,372 INFO [v36] WHY-NOT SXTC px 5.6160 | crowd #1 $6264k held 13.1m, gainer #1 | NO: 11 buys today
2026-10-07 18:33:03,373 INFO [v36b] WHY-NOT SXTC px 5.6160 | crowd #1 $6264k held 13.1m, gainer #1 | NO: 9 buys today
2026-10-07 18:33:48,472 INFO [v36] WHY-NOT CPHI px 1.0000 | crowd #2 $3919k held 13.8m, gainer #3 | WAIT: hod trigger 1.3300
2026-10-07 18:33:48,482 INFO [v36b] WHY-NOT CPHI px 1.0000 | crowd #2 $3919k held 13.8m, gainer #3 | WAIT: hod trigger 1.3300
2026-10-07 18:34:00,530 INFO [v36] WHY-NOT NCPL px 1.6550 | crowd #3 $1693k, gainer #3 | NO CROWD: not top 2 held 2m, not ripping, not a top gainer with $1000k
2026-10-07 18:34:00,531 INFO [v36b] WHY-NOT NCPL px 1.6550 | crowd #3 $1693k, gainer #3 | NO CROWD: not top 2 held 2m, not ripping, not a top gainer with $1000k
2026-10-07 18:34:03,492 INFO [v36] WHY-NOT SXTC px 5.5700 | crowd #1 $5634k held 14.1m, gainer #1 | NO: 11 buys today
2026-10-07 18:34:03,492 INFO [v36b] WHY-NOT SXTC px 5.5700 | crowd #1 $5634k held 14.1m, gainer #1 | NO: 9 buys today
2026-10-07 18:35:02,313 INFO [v36] WHY-NOT SNXX px 16.3050 | crowd #3 $2772k, gainer #35 | NO CROWD: not top 2 held 2m, not ripping, not a top gainer with $1000k
2026-10-07 18:35:02,313 INFO [v36b] WHY-NOT SNXX px 16.3050 | crowd #3 $2772k, gainer #35 | NO CROWD: not top 2 held 2m, not ripping, not a top gainer with $1000k
2026-10-07 18:35:02,314 INFO [v36] WHY-NOT NCPL px 1.6550 | crowd #4 $1427k, gainer #2 | WAIT: hod trigger 1.7700
2026-10-07 18:35:02,315 INFO [v36b] WHY-NOT NCPL px 1.6550 | crowd #4 $1427k, gainer #2 | WAIT: hod trigger 1.7700
2026-10-07 18:35:03,534 INFO [v36] WHY-NOT SXTC px 5.4100 | crowd #1 $5665k held 15.1m, gainer #1 | NO: 11 buys today
2026-10-07 18:35:03,534 INFO [v36b] WHY-NOT SXTC px 5.4100 | crowd #1 $5665k held 15.1m, gainer #1 | NO: 9 buys today
2026-10-07 18:36:02,789 INFO [v36] WHY-NOT NCPL px 1.6800 | crowd #4 $1427k, gainer #2 | WAIT: hod trigger 1.7700
2026-10-07 18:36:02,789 INFO [v36b] WHY-NOT NCPL px 1.6800 | crowd #4 $1427k, gainer #2 | WAIT: hod trigger 1.7700
2026-10-07 18:36:03,657 INFO [v36] WHY-NOT SXTC px 5.8327 | crowd #1 $5665k held 16.1m, gainer #1 | NO: 11 buys today
2026-10-07 18:36:03,658 INFO [v36b] WHY-NOT SXTC px 5.8327 | crowd #1 $5665k held 16.1m, gainer #1 | NO: 9 buys today
2026-10-07 18:36:06,316 INFO [v36] WHY-NOT SNXX px 16.3400 | crowd #3 $2772k, gainer #35 | NO CROWD: not top 2 held 2m, not ripping, not a top gainer with $1000k
2026-10-07 18:36:06,317 INFO [v36b] WHY-NOT SNXX px 16.3400 | crowd #3 $2772k, gainer #35 | NO CROWD: not top 2 held 2m, not ripping, not a top gainer with $1000k
2026-10-07 18:37:03,080 INFO [v36] WHY-NOT NCPL px 1.6650 | crowd #4 $1359k, gainer #2 | WAIT: hod trigger 1.7700
2026-10-07 18:37:03,083 INFO [v36b] WHY-NOT NCPL px 1.6650 | crowd #4 $1359k, gainer #2 | WAIT: hod trigger 1.7700
2026-10-07 18:37:03,686 INFO [v36] WHY-NOT SXTC px 5.9905 | crowd #1 $6557k held 17.1m, gainer #1 | NO: 11 buys today
2026-10-07 18:37:03,686 INFO [v36b] WHY-NOT SXTC px 5.9905 | crowd #1 $6557k held 17.1m, gainer #1 | NO: 9 buys today
2026-10-07 18:37:06,785 INFO [v36] WHY-NOT SNXX px 16.3250 | crowd #3 $3006k, gainer #36 | NO CROWD: not top 2 held 2m, not ripping, not a top gainer with $1000k
2026-10-07 18:37:06,786 INFO [v36b] WHY-NOT SNXX px 16.3250 | crowd #3 $3006k, gainer #36 | NO CROWD: not top 2 held 2m, not ripping, not a top gainer with $1000k
2026-10-07 18:38:03,474 INFO [v36] WHY-NOT NCPL px 1.6277 | crowd #4 $1066k, gainer #2 | WAIT: hod trigger 1.7700
2026-10-07 18:38:03,475 INFO [v36b] WHY-NOT NCPL px 1.6277 | crowd #4 $1066k, gainer #2 | WAIT: hod trigger 1.7700
2026-10-07 18:38:03,713 INFO [v36] WHY-NOT SXTC px 5.7600 | crowd #1 $7348k held 18.1m, gainer #1 | NO: 11 buys today
2026-10-07 18:38:03,714 INFO [v36b] WHY-NOT SXTC px 5.7600 | crowd #1 $7348k held 18.1m, gainer #1 | NO: 9 buys today
2026-10-07 18:38:07,059 INFO [v36] WHY-NOT SNXX px 16.3450 | crowd #2 $3192k held 0.1m, gainer #36 | NO CROWD: not top 2 held 2m, not ripping, not a top gainer with $1000k
2026-10-07 18:38:07,059 INFO [v36b] WHY-NOT SNXX px 16.3450 | crowd #2 $3192k held 0.1m, gainer #36 | NO CROWD: not top 2 held 2m, not ripping, not a top gainer with $1000k
2026-10-07 18:39:04,368 INFO [v36] WHY-NOT SXTC px 5.6730 | crowd #1 $8623k held 19.1m, gainer #1 | NO: 11 buys today
2026-10-07 18:39:04,368 INFO [v36b] WHY-NOT SXTC px 5.6730 | crowd #1 $8623k held 19.1m, gainer #1 | NO: 9 buys today
2026-10-07 18:39:04,384 INFO [v36] WHY-NOT NCPL px 1.6300 | crowd #4 $1066k, gainer #2 | WAIT: hod trigger 1.7700
2026-10-07 18:39:04,384 INFO [v36b] WHY-NOT NCPL px 1.6300 | crowd #4 $1066k, gainer #2 | WAIT: hod trigger 1.7700
2026-10-07 18:39:15,252 INFO [v36] WHY-NOT SNXX px 16.3375 | crowd #2 $3214k held 1.3m, gainer #35 | NO CROWD: not top 2 held 2m, not ripping, not a top gainer with $1000k
2026-10-07 18:39:15,252 INFO [v36b] WHY-NOT SNXX px 16.3375 | crowd #2 $3214k held 1.3m, gainer #35 | NO CROWD: not top 2 held 2m, not ripping, not a top gainer with $1000k
2026-10-07 18:40:04,427 INFO [v36] WHY-NOT SXTC px 5.4700 | crowd #1 $8838k held 20.1m, gainer #1 | NO: 11 buys today
2026-10-07 18:40:04,428 INFO [v36b] WHY-NOT SXTC px 5.4700 | crowd #1 $8838k held 20.1m, gainer #1 | NO: 9 buys today
2026-10-07 18:40:04,552 INFO [v36] WHY-NOT NCPL px 1.6103 | crowd #4 $1008k, gainer #2 | WAIT: hod trigger 1.7700
2026-10-07 18:40:04,552 INFO [v36b] WHY-NOT NCPL px 1.6103 | crowd #4 $1008k, gainer #2 | WAIT: hod trigger 1.7700
2026-10-07 18:40:16,478 INFO [v36] WHY-NOT SNXX px 16.3200 | crowd #2 $3285k held 2.3m, gainer #37 | NO PATTERN: no rip | last candles -R, vol 0.3x the 5 before (high break needs 2.0x)
2026-10-07 18:40:16,478 INFO [v36b] WHY-NOT SNXX px 16.3200 | crowd #2 $3285k held 2.3m, gainer #37 | NO PATTERN: no rip | last candles -R, vol 0.3x the 5 before (high break needs 2.0x)
2026-10-07 18:41:04,751 INFO [v36] WHY-NOT SXTC px 5.6800 | crowd #1 $7119k held 21.1m, gainer #1 | NO: 11 buys today
2026-10-07 18:41:04,752 INFO [v36b] WHY-NOT SXTC px 5.6800 | crowd #1 $7119k held 21.1m, gainer #1 | NO: 9 buys today
2026-10-07 18:41:08,521 INFO [v36] WHY-NOT NCPL px 1.6400 | crowd #5 $720k, gainer #2 | NO CROWD: not top 2 held 2m, not ripping, not a top gainer with $1000k
2026-10-07 18:41:08,521 INFO [v36b] WHY-NOT NCPL px 1.6400 | crowd #5 $720k, gainer #2 | NO CROWD: not top 2 held 2m, not ripping, not a top gainer with $1000k
2026-10-07 18:41:17,371 INFO [v36] WHY-NOT SNXX px 16.3400 | crowd #3 $1348k, gainer #35 | NO CROWD: not top 2 held 2m, not ripping, not a top gainer with $1000k
2026-10-07 18:41:17,372 INFO [v36b] WHY-NOT SNXX px 16.3400 | crowd #3 $1348k, gainer #35 | NO CROWD: not top 2 held 2m, not ripping, not a top gainer with $1000k
2026-10-07 18:42:04,833 INFO [v36b] WHY-NOT SXTC px 5.8400 | crowd #1 $5940k held 22.1m, gainer #1 | NO: 9 buys today
2026-10-07 18:42:05,655 INFO [v36] WHY-NOT SXTC px 5.8473 | crowd #1 $5940k held 22.1m, gainer #1 | NO: 11 buys today
2026-10-07 18:42:10,717 INFO [v36] WHY-NOT NCPL px 1.6450 | crowd #6 $590k, gainer #2 | NO CROWD: not top 2 held 2m, not ripping, not a top gainer with $1000k
2026-10-07 18:42:10,718 INFO [v36b] WHY-NOT NCPL px 1.6450 | crowd #6 $590k, gainer #2 | NO CROWD: not top 2 held 2m, not ripping, not a top gainer with $1000k
2026-10-07 18:42:26,379 INFO [v36] WHY-NOT SNXX px 16.3290 | crowd #3 $1131k, gainer #36 | NO CROWD: not top 2 held 2m, not ripping, not a top gainer with $1000k
2026-10-07 18:42:26,380 INFO [v36b] WHY-NOT SNXX px 16.3290 | crowd #3 $1131k, gainer #36 | NO CROWD: not top 2 held 2m, not ripping, not a top gainer with $1000k
2026-10-07 18:43:05,415 INFO [v36b] WHY-NOT SXTC px 5.7600 | crowd #1 $5940k held 23.1m, gainer #1 | NO: 9 buys today
2026-10-07 18:43:05,759 INFO [v36] WHY-NOT SXTC px 5.6900 | crowd #1 $5940k held 23.1m, gainer #1 | NO: 11 buys today
2026-10-07 18:43:10,778 INFO [v36] WHY-NOT NCPL px 1.7090 | crowd #6 $590k, gainer #2 | NO CROWD: not top 2 held 2m, not ripping, not a top gainer with $1000k
2026-10-07 18:43:10,779 INFO [v36b] WHY-NOT NCPL px 1.7090 | crowd #6 $590k, gainer #2 | NO CROWD: not top 2 held 2m, not ripping, not a top gainer with $1000k
2026-10-07 18:43:31,938 INFO [v36] WHY-NOT SNXX px 16.3285 | crowd #3 $1131k, gainer #36 | NO CROWD: not top 2 held 2m, not ripping, not a top gainer with $1000k
2026-10-07 18:43:31,939 INFO [v36b] WHY-NOT SNXX px 16.3285 | crowd #3 $1131k, gainer #36 | NO CROWD: not top 2 held 2m, not ripping, not a top gainer with $1000k
2026-10-07 18:44:05,470 INFO [v36b] WHY-NOT SXTC px 5.4684 | crowd #1 $4481k held 24.1m, gainer #1 | NO: 9 buys today
2026-10-07 18:44:05,971 INFO [v36] WHY-NOT SXTC px 5.4500 | crowd #1 $4481k held 24.1m, gainer #1 | NO: 11 buys today
2026-10-07 18:44:10,813 INFO [v36b] WHY-NOT NCPL px 1.6650 | crowd #4 $666k, gainer #2 | NO CROWD: not top 2 held 2m, not ripping, not a top gainer with $1000k
2026-10-07 18:44:10,814 INFO [v36] WHY-NOT NCPL px 1.6650 | crowd #4 $666k, gainer #2 | NO CROWD: not top 2 held 2m, not ripping, not a top gainer with $1000k
2026-10-07 18:44:32,461 INFO [v36] WHY-NOT SNXX px 16.3350 | crowd #3 $1023k, gainer #36 | NO CROWD: not top 2 held 2m, not ripping, not a top gainer with $1000k
2026-10-07 18:44:32,461 INFO [v36b] WHY-NOT SNXX px 16.3350 | crowd #3 $1023k, gainer #36 | NO CROWD: not top 2 held 2m, not ripping, not a top gainer with $1000k
2026-10-07 18:45:05,869 INFO [v36b] WHY-NOT SXTC px 5.3718 | crowd #1 $4481k held 25.1m, gainer #1 | NO: 9 buys today
2026-10-07 18:45:06,870 INFO [v36] WHY-NOT SXTC px 5.3800 | crowd #1 $4481k held 25.1m, gainer #1 | NO: 11 buys today
2026-10-07 18:45:11,058 INFO [v36] WHY-NOT NCPL px 1.7000 | crowd #4 $666k, gainer #2 | NO CROWD: not top 2 held 2m, not ripping, not a top gainer with $1000k
2026-10-07 18:45:11,059 INFO [v36b] WHY-NOT NCPL px 1.7000 | crowd #4 $666k, gainer #2 | NO CROWD: not top 2 held 2m, not ripping, not a top gainer with $1000k
2026-10-07 18:45:36,169 INFO [v36] WHY-NOT SNXX px 16.3250 | crowd #3 $997k, gainer #35 | NO CROWD: not top 2 held 2m, not ripping, not a top gainer with $1000k
2026-10-07 18:45:36,169 INFO [v36b] WHY-NOT SNXX px 16.3250 | crowd #3 $997k, gainer #35 | NO CROWD: not top 2 held 2m, not ripping, not a top gainer with $1000k
2026-10-07 18:46:00,089 INFO [v36] WHY-NOT PFAI px 3.6846 | crowd #7 $349k, gainer #2 | NO CROWD: not top 2 held 2m, not ripping, not a top gainer with $1000k
2026-10-07 18:46:00,091 INFO [v36b] WHY-NOT PFAI px 3.6846 | crowd #7 $349k, gainer #2 | NO CROWD: not top 2 held 2m, not ripping, not a top gainer with $1000k
2026-10-07 18:46:05,910 INFO [v36b] WHY-NOT SXTC px 5.2999 | crowd #1 $4773k held 26.1m, gainer #1 | NO: 9 buys today
2026-10-07 18:46:07,242 INFO [v36] WHY-NOT SXTC px 5.2699 | crowd #1 $4773k held 26.1m, gainer #1 | NO: 11 buys today
2026-10-07 18:46:11,504 INFO [v36] WHY-NOT NCPL px 1.6800 | crowd #3 $1247k, gainer #3 | NO CROWD: not top 2 held 2m, not ripping, not a top gainer with $1000k
2026-10-07 18:46:11,506 INFO [v36b] WHY-NOT NCPL px 1.6800 | crowd #3 $1247k, gainer #3 | NO CROWD: not top 2 held 2m, not ripping, not a top gainer with $1000k
2026-10-07 18:46:36,491 INFO [v36] WHY-NOT SNXX px 16.2971 | crowd #2 $1294k held 0.6m, gainer #36 | NO CROWD: not top 2 held 2m, not ripping, not a top gainer with $1000k
2026-10-07 18:46:36,492 INFO [v36b] WHY-NOT SNXX px 16.2971 | crowd #2 $1294k held 0.6m, gainer #36 | NO CROWD: not top 2 held 2m, not ripping, not a top gainer with $1000k
2026-10-07 18:47:00,218 INFO [v36] WHY-NOT PFAI px 3.7000 | crowd #6 $512k, gainer #2 | NO CROWD: not top 2 held 2m, not ripping, not a top gainer with $1000k
2026-10-07 18:47:00,219 INFO [v36b] WHY-NOT PFAI px 3.7000 | crowd #6 $512k, gainer #2 | NO CROWD: not top 2 held 2m, not ripping, not a top gainer with $1000k
2026-10-07 18:47:05,967 INFO [v36b] WHY-NOT SXTC px 5.4359 | crowd #1 $4704k held 27.1m, gainer #1 | NO: 9 buys today
2026-10-07 18:47:07,253 INFO [v36] WHY-NOT SXTC px 5.3788 | crowd #1 $4704k held 27.1m, gainer #1 | NO: 11 buys today
2026-10-07 18:47:11,736 INFO [v36] WHY-NOT NCPL px 1.6450 | crowd #3 $1539k, gainer #3 | NO CROWD: not top 2 held 2m, not ripping, not a top gainer with $1000k
2026-10-07 18:47:11,736 INFO [v36b] WHY-NOT NCPL px 1.6450 | crowd #3 $1539k, gainer #3 | NO CROWD: not top 2 held 2m, not ripping, not a top gainer with $1000k
2026-10-07 18:47:37,248 INFO [v36] WHY-NOT SNXX px 16.2919 | crowd #2 $2116k held 1.6m, gainer #35 | NO CROWD: not top 2 held 2m, not ripping, not a top gainer with $1000k
2026-10-07 18:47:37,248 INFO [v36b] WHY-NOT SNXX px 16.2919 | crowd #2 $2116k held 1.6m, gainer #35 | NO CROWD: not top 2 held 2m, not ripping, not a top gainer with $1000k
2026-10-07 18:48:00,244 INFO [v36] WHY-NOT PFAI px 3.9800 | crowd #6 $512k, gainer #2 | NO PATTERN: rip 14:47 alive | last candles GG, vol 5.6x the 5 before (high break needs 2.0x)
2026-10-07 18:48:00,244 INFO [v36b] WHY-NOT PFAI px 3.9800 | crowd #6 $512k, gainer #2 | NO PATTERN: rip 14:47 alive | last candles GG, vol 5.6x the 5 before (high break needs 2.0x)
2026-10-07 18:48:05,986 INFO [v36b] WHY-NOT SXTC px 5.0300 | crowd #1 $4704k held 28.1m, gainer #1 | NO: 9 buys today
2026-10-07 18:48:07,375 INFO [v36] WHY-NOT SXTC px 5.0378 | crowd #1 $4704k held 28.1m, gainer #1 | NO: 11 buys today
2026-10-07 18:48:12,487 INFO [v36] WHY-NOT NCPL px 1.6101 | crowd #3 $1539k, gainer #3 | NO CROWD: not top 2 held 2m, not ripping, not a top gainer with $1000k
2026-10-07 18:48:12,487 INFO [v36b] WHY-NOT NCPL px 1.6101 | crowd #3 $1539k, gainer #3 | NO CROWD: not top 2 held 2m, not ripping, not a top gainer with $1000k
2026-10-07 18:48:38,871 INFO [v36] WHY-NOT SNXX px 16.3000 | crowd #2 $2116k held 2.6m, gainer #35 | NO PATTERN: no rip | last candles RG, vol 1.1x the 5 before (high break needs 2.0x)
2026-10-07 18:48:38,872 INFO [v36b] WHY-NOT SNXX px 16.3000 | crowd #2 $2116k held 2.6m, gainer #35 | NO PATTERN: no rip | last candles RG, vol 1.1x the 5 before (high break needs 2.0x)
2026-10-07 18:49:00,310 INFO [v36] WHY-NOT PFAI px 4.3400 | crowd #2 $2527k held 0.0m, gainer #2 | WAIT: hod trigger 7.0700
2026-10-07 18:49:00,311 INFO [v36b] WHY-NOT PFAI px 4.3400 | crowd #2 $2527k held 0.0m, gainer #2 | WAIT: hod trigger 7.0700
2026-10-07 18:49:05,996 INFO [v36b] WHY-NOT SXTC px 4.1000 | crowd #1 $7509k held 29.1m, gainer #1 | NO: 9 buys today
2026-10-07 18:49:07,421 INFO [v36] WHY-NOT SXTC px 4.1000 | crowd #1 $7509k held 29.1m, gainer #1 | NO: 11 buys today
2026-10-07 18:49:40,974 INFO [v36] WHY-NOT SNXX px 16.3000 | crowd #3 $2422k, gainer #36 | NO CROWD: not top 2 held 2m, not ripping, not a top gainer with $1000k
2026-10-07 18:49:40,975 INFO [v36b] WHY-NOT SNXX px 16.3000 | crowd #3 $2422k, gainer #36 | NO CROWD: not top 2 held 2m, not ripping, not a top gainer with $1000k
2026-10-07 18:50:00,337 INFO [v36] WHY-NOT PFAI px 4.1600 | crowd #2 $3878k held 1.0m, gainer #2 | NO PATTERN: rip 14:48 alive | last candles GR, vol 2.8x the 5 before (high break needs 2.0x)
2026-10-07 18:50:00,340 INFO [v36b] WHY-NOT PFAI px 4.1600 | crowd #2 $3878k held 1.0m, gainer #2 | NO PATTERN: rip 14:48 alive | last candles GR, vol 2.8x the 5 before (high break needs 2.0x)
2026-10-07 18:50:45,640 INFO [v36] WHY-NOT SNXX px 16.2903 | crowd #3 $2307k, gainer #36 | NO CROWD: not top 2 held 2m, not ripping, not a top gainer with $1000k
2026-10-07 18:50:45,641 INFO [v36b] WHY-NOT SNXX px 16.2903 | crowd #3 $2307k, gainer #36 | NO CROWD: not top 2 held 2m, not ripping, not a top gainer with $1000k
2026-10-07 18:51:00,536 INFO [v36] WHY-NOT PFAI px 4.4182 | crowd #2 $3878k held 2.0m, gainer #2 | NO PATTERN: rip 14:48 alive | last candles RG, vol 1.1x the 5 before (high break needs 2.0x)
2026-10-07 18:51:00,537 INFO [v36b] WHY-NOT PFAI px 4.4182 | crowd #2 $3878k held 2.0m, gainer #2 | NO PATTERN: rip 14:48 alive | last candles RG, vol 1.1x the 5 before (high break needs 2.0x)
2026-10-07 18:51:45,872 INFO [v36] WHY-NOT SNXX px 16.2550 | crowd #3 $2307k, gainer #36 | NO CROWD: not top 2 held 2m, not ripping, not a top gainer with $1000k
2026-10-07 18:51:45,875 INFO [v36b] WHY-NOT SNXX px 16.2550 | crowd #3 $2307k, gainer #36 | NO CROWD: not top 2 held 2m, not ripping, not a top gainer with $1000k
2026-10-07 18:52:00,576 INFO [v36] WHY-NOT PFAI px 4.7175 | crowd #2 $4574k held 3.0m, gainer #2 | NO PATTERN: rip 14:48 alive | last candles GG, vol 1.6x the 5 before (high break needs 2.0x)
2026-10-07 18:52:00,577 INFO [v36b] WHY-NOT PFAI px 4.7175 | crowd #2 $4574k held 3.0m, gainer #2 | NO PATTERN: rip 14:48 alive | last candles GG, vol 1.6x the 5 before (high break needs 2.0x)
2026-10-07 18:52:47,318 INFO [v36] WHY-NOT SNXX px 16.2600 | crowd #3 $2552k, gainer #40 | NO CROWD: not top 2 held 2m, not ripping, not a top gainer with $1000k
2026-10-07 18:52:47,318 INFO [v36b] WHY-NOT SNXX px 16.2600 | crowd #3 $2552k, gainer #40 | NO CROWD: not top 2 held 2m, not ripping, not a top gainer with $1000k
2026-10-07 18:53:00,690 INFO [v36] WHY-NOT PFAI px 4.7498 | crowd #1 $6850k held 4.0m, gainer #2 | NO PATTERN: rip 14:48 alive | last candles GG, vol 1.1x the 5 before (high break needs 2.0x)
2026-10-07 18:53:00,692 INFO [v36b] WHY-NOT PFAI px 4.7498 | crowd #1 $6850k held 4.0m, gainer #2 | NO PATTERN: rip 14:48 alive | last candles GG, vol 1.1x the 5 before (high break needs 2.0x)
2026-10-07 18:53:52,661 INFO [v36] WHY-NOT SNXX px 16.2629 | crowd #3 $3333k, gainer #39 | NO CROWD: not top 2 held 2m, not ripping, not a top gainer with $1000k
2026-10-07 18:53:52,662 INFO [v36b] WHY-NOT SNXX px 16.2629 | crowd #3 $3333k, gainer #39 | NO CROWD: not top 2 held 2m, not ripping, not a top gainer with $1000k
2026-10-07 18:54:01,091 INFO [v36] WHY-NOT PFAI px 4.5930 | crowd #1 $6850k held 5.0m, gainer #2 | WAIT: setup trigger 4.7500
2026-10-07 18:54:01,092 INFO [v36b] WHY-NOT PFAI px 4.5930 | crowd #1 $6850k held 5.0m, gainer #2 | WAIT: setup trigger 4.7500
2026-10-07 18:54:07,584 INFO [v36] WHY-NOT SXTC px 4.3200 | crowd #2 $6451k held 34.1m, gainer #1 | NO: 11 buys today
2026-10-07 18:54:07,587 INFO [v36b] WHY-NOT SXTC px 4.3200 | crowd #2 $6451k held 34.1m, gainer #1 | NO: 9 buys today
2026-10-07 18:54:11,463 INFO [v36] WHY-NOT PFAI px 4.7500 | crowd #1 $6850k held 5.2m, gainer #2 | NO TAPE at the trigger 4.7500: 30s ask 26% bid 34% between 41% of 49259 sh (99% by quote)
2026-10-07 18:54:11,465 INFO [v36b] WHY-NOT PFAI px 4.7500 | crowd #1 $6850k held 5.2m, gainer #2 | NO TAPE at the trigger 4.7500: 30s ask 26% bid 34% between 41% of 49259 sh (99% by quote)
2026-10-07 18:54:53,117 INFO [v36] WHY-NOT SNXX px 16.2250 | crowd #3 $3519k, gainer #39 | NO CROWD: not top 2 held 2m, not ripping, not a top gainer with $1000k
2026-10-07 18:54:53,118 INFO [v36b] WHY-NOT SNXX px 16.2250 | crowd #3 $3519k, gainer #39 | NO CROWD: not top 2 held 2m, not ripping, not a top gainer with $1000k
2026-10-07 18:55:07,589 INFO [v36] WHY-NOT SXTC px 4.2600 | crowd #1 $6451k held 35.1m, gainer #1 | NO: 11 buys today
2026-10-07 18:55:07,591 INFO [v36b] WHY-NOT SXTC px 4.2600 | crowd #1 $6451k held 35.1m, gainer #1 | NO: 9 buys today
2026-10-07 18:55:14,545 INFO [v36b] WHY-NOT PFAI px 4.6800 | crowd #2 $6170k held 6.2m, gainer #2 | WAIT: hod trigger 7.0700
2026-10-07 18:55:33,653 INFO [v36] WHY-NOT PFAI px 4.4200 | crowd #2 $6170k held 6.6m, gainer #2 | WAIT: hod trigger 7.0700
2026-10-07 18:55:53,667 INFO [v36] WHY-NOT SNXX px 16.2400 | crowd #3 $3519k, gainer #39 | NO CROWD: not top 2 held 2m, not ripping, not a top gainer with $1000k
2026-10-07 18:55:53,667 INFO [v36b] WHY-NOT SNXX px 16.2400 | crowd #3 $3519k, gainer #39 | NO CROWD: not top 2 held 2m, not ripping, not a top gainer with $1000k
2026-10-07 18:56:08,193 INFO [v36] WHY-NOT SXTC px 4.4600 | crowd #1 $8466k held 36.1m, gainer #1 | NO: 11 buys today
2026-10-07 18:56:08,194 INFO [v36b] WHY-NOT SXTC px 4.4600 | crowd #1 $8466k held 36.1m, gainer #1 | NO: 9 buys today
2026-10-07 18:56:14,578 INFO [v36b] WHY-NOT PFAI px 3.9901 | crowd #2 $5981k held 7.2m, gainer #2 | WAIT: hod trigger 7.0700
2026-10-07 18:56:33,679 INFO [v36] WHY-NOT PFAI px 4.3299 | crowd #2 $5981k held 7.6m, gainer #2 | WAIT: hod trigger 7.0700
2026-10-07 18:56:55,017 INFO [v36b] WHY-NOT SNXX px 16.2550 | crowd #3 $5228k, gainer #40 | NO CROWD: not top 2 held 2m, not ripping, not a top gainer with $1000k
2026-10-07 18:56:55,048 INFO [v36] WHY-NOT SNXX px 16.2550 | crowd #3 $5228k, gainer #40 | NO CROWD: not top 2 held 2m, not ripping, not a top gainer with $1000k
2026-10-07 18:57:08,403 INFO [v36] WHY-NOT SXTC px 4.5628 | crowd #1 $8466k held 37.1m, gainer #1 | NO: 11 buys today
2026-10-07 18:57:08,403 INFO [v36b] WHY-NOT SXTC px 4.5628 | crowd #1 $8466k held 37.1m, gainer #1 | NO: 9 buys today
2026-10-07 18:57:14,803 INFO [v36b] WHY-NOT PFAI px 4.2700 | crowd #2 $5981k held 8.2m, gainer #2 | WAIT: hod trigger 7.0700
2026-10-07 18:57:33,698 INFO [v36] WHY-NOT PFAI px 4.4150 | crowd #2 $5981k held 8.6m, gainer #2 | WAIT: hod trigger 7.0700
2026-10-07 18:57:58,222 INFO [v36] WHY-NOT SNXX px 16.2603 | crowd #3 $5228k, gainer #40 | NO CROWD: not top 2 held 2m, not ripping, not a top gainer with $1000k
2026-10-07 18:57:58,222 INFO [v36b] WHY-NOT SNXX px 16.2603 | crowd #3 $5228k, gainer #40 | NO CROWD: not top 2 held 2m, not ripping, not a top gainer with $1000k
2026-10-07 18:58:08,618 INFO [v36] WHY-NOT SXTC px 4.2700 | crowd #1 $5994k held 38.1m, gainer #1 | NO: 11 buys today
2026-10-07 18:58:08,619 INFO [v36b] WHY-NOT SXTC px 4.2700 | crowd #1 $5994k held 38.1m, gainer #1 | NO: 9 buys today
2026-10-07 18:58:15,568 INFO [v36b] WHY-NOT PFAI px 4.5200 | crowd #2 $5123k held 9.3m, gainer #2 | WAIT: hod trigger 7.0700
2026-10-07 18:58:33,957 INFO [v36] WHY-NOT PFAI px 4.7100 | crowd #2 $5123k held 9.6m, gainer #2 | WAIT: hod trigger 7.0700
2026-10-07 18:58:58,553 INFO [v36] WHY-NOT SNXX px 16.2350 | crowd #3 $4437k, gainer #40 | NO CROWD: not top 2 held 2m, not ripping, not a top gainer with $1000k
2026-10-07 18:58:58,554 INFO [v36b] WHY-NOT SNXX px 16.2350 | crowd #3 $4437k, gainer #40 | NO CROWD: not top 2 held 2m, not ripping, not a top gainer with $1000k
2026-10-07 18:59:08,750 INFO [v36] WHY-NOT SXTC px 4.3900 | crowd #1 $6849k held 39.1m, gainer #1 | NO: 11 buys today
2026-10-07 18:59:08,751 INFO [v36b] WHY-NOT SXTC px 4.3900 | crowd #1 $6849k held 39.1m, gainer #1 | NO: 9 buys today
2026-10-07 18:59:15,613 INFO [v36b] WHY-NOT PFAI px 4.6000 | crowd #2 $5580k held 10.3m, gainer #2 | WAIT: hod trigger 7.0700
2026-10-07 18:59:34,261 INFO [v36] WHY-NOT PFAI px 4.6000 | crowd #2 $5580k held 10.6m, gainer #2 | WAIT: hod trigger 7.0700
2026-10-07 18:59:58,739 INFO [v36b] WHY-NOT SNXX px 16.2200 | crowd #3 $4427k, gainer #42 | NO CROWD: not top 2 held 2m, not ripping, not a top gainer with $1000k
2026-10-07 18:59:58,815 INFO [v36] WHY-NOT SNXX px 16.2200 | crowd #3 $4427k, gainer #42 | NO CROWD: not top 2 held 2m, not ripping, not a top gainer with $1000k
2026-10-07 19:00:08,768 INFO [v36b] WHY-NOT SXTC px 4.2649 | crowd #2 $4617k held 40.1m, gainer #1 | NO: 9 buys today
2026-10-07 19:00:08,845 INFO [v36] WHY-NOT SXTC px 4.2649 | crowd #2 $4617k held 40.1m, gainer #1 | NO: 11 buys today
2026-10-07 19:00:16,101 INFO [v36b] WHY-NOT PFAI px 4.6900 | crowd #1 $4842k held 11.3m, gainer #2 | WAIT: hod trigger 7.0700
2026-10-07 19:00:34,273 INFO [v36] WHY-NOT PFAI px 4.7500 | crowd #1 $4842k held 11.6m, gainer #2 | WAIT: hod trigger 7.0700
2026-10-07 19:01:03,341 INFO [v36] WHY-NOT SNXX px 16.2000 | crowd #3 $3083k, gainer #45 | NO CROWD: not top 2 held 2m, not ripping, not a top gainer with $1000k
2026-10-07 19:01:03,342 INFO [v36b] WHY-NOT SNXX px 16.2000 | crowd #3 $3083k, gainer #45 | NO CROWD: not top 2 held 2m, not ripping, not a top gainer with $1000k
2026-10-07 19:01:08,870 INFO [v36] WHY-NOT SXTC px 4.3250 | crowd #2 $3680k held 41.1m, gainer #1 | NO: 11 buys today
2026-10-07 19:01:08,871 INFO [v36b] WHY-NOT SXTC px 4.3250 | crowd #2 $3680k held 41.1m, gainer #1 | NO: 9 buys today
2026-10-07 19:01:16,270 INFO [v36b] WHY-NOT PFAI px 4.7800 | crowd #1 $4889k held 12.3m, gainer #2 | WAIT: hod trigger 7.0700
2026-10-07 19:01:34,274 INFO [v36] WHY-NOT PFAI px 5.1080 | crowd #1 $4889k held 12.6m, gainer #2 | WAIT: hod trigger 7.0700
2026-10-07 19:02:03,572 INFO [v36] WHY-NOT SNXX px 16.1500 | crowd #2 $3747k held 0.1m, gainer #48 | NO CROWD: not top 2 held 2m, not ripping, not a top gainer with $1000k
2026-10-07 19:02:03,572 INFO [v36b] WHY-NOT SNXX px 16.1500 | crowd #2 $3747k held 0.1m, gainer #48 | NO CROWD: not top 2 held 2m, not ripping, not a top gainer with $1000k
2026-10-07 19:02:09,476 INFO [v36] WHY-NOT SXTC px 4.3800 | crowd #3 $3212k, gainer #1 | NO: 11 buys today
2026-10-07 19:02:09,477 INFO [v36b] WHY-NOT SXTC px 4.3800 | crowd #3 $3212k, gainer #1 | NO: 9 buys today
2026-10-07 19:02:16,399 INFO [v36b] WHY-NOT PFAI px 5.1700 | crowd #1 $6187k held 13.3m, gainer #2 | WAIT: hod trigger 7.0700
2026-10-07 19:02:34,780 INFO [v36] WHY-NOT PFAI px 5.1300 | crowd #1 $6187k held 13.6m, gainer #2 | WAIT: hod trigger 7.0700
2026-10-07 19:03:03,800 INFO [v36] WHY-NOT SNXX px 16.0450 | crowd #2 $3747k held 1.1m, gainer #49 | NO CROWD: not top 2 held 2m, not ripping, not a top gainer with $1000k
2026-10-07 19:03:03,801 INFO [v36b] WHY-NOT SNXX px 16.0450 | crowd #2 $3747k held 1.1m, gainer #49 | NO CROWD: not top 2 held 2m, not ripping, not a top gainer with $1000k
2026-10-07 19:03:09,637 INFO [v36] WHY-NOT SXTC px 3.7350 | crowd #3 $3212k, gainer #1 | NO: 11 buys today
2026-10-07 19:03:09,637 INFO [v36b] WHY-NOT SXTC px 3.7350 | crowd #3 $3212k, gainer #1 | NO: 9 buys today
2026-10-07 19:03:16,448 INFO [v36b] WHY-NOT PFAI px 5.6300 | crowd #1 $6187k held 14.3m, gainer #2 | WAIT: hod trigger 7.0700
2026-10-07 19:03:34,831 INFO [v36] WHY-NOT PFAI px 5.5599 | crowd #1 $6187k held 14.6m, gainer #2 | WAIT: hod trigger 7.0700
2026-10-07 19:04:04,038 INFO [v36] WHY-NOT SNXX px 16.0150 | crowd #2 $6113k held 2.1m, gainer #49 | NO PATTERN: no rip | last candles RR, vol 2.1x the 5 before (high break needs 2.0x)
2026-10-07 19:04:04,039 INFO [v36b] WHY-NOT SNXX px 16.0150 | crowd #2 $6113k held 2.1m, gainer #49 | NO PATTERN: no rip | last candles RR, vol 2.1x the 5 before (high break needs 2.0x)
2026-10-07 19:04:09,687 INFO [v36] WHY-NOT SXTC px 3.3000 | crowd #3 $3922k, gainer #1 | NO: 11 buys today
2026-10-07 19:04:09,689 INFO [v36b] WHY-NOT SXTC px 3.3000 | crowd #3 $3922k, gainer #1 | NO: 9 buys today
2026-10-07 19:04:16,469 INFO [v36b] WHY-NOT PFAI px 5.4800 | crowd #1 $6510k held 15.3m, gainer #2 | WAIT: hod trigger 7.0700
2026-10-07 19:04:34,838 INFO [v36] WHY-NOT PFAI px 5.4600 | crowd #1 $6510k held 15.6m, gainer #2 | WAIT: hod trigger 7.0700
2026-10-07 19:05:05,453 INFO [v36] WHY-NOT SNXX px 16.0300 | crowd #1 $8229k held 3.1m, gainer #47 | NO PATTERN: no rip | last candles RG, vol 2.9x the 5 before (high break needs 2.0x)
2026-10-07 19:05:05,456 INFO [v36b] WHY-NOT SNXX px 16.0300 | crowd #1 $8229k held 3.1m, gainer #47 | NO PATTERN: no rip | last candles RG, vol 2.9x the 5 before (high break needs 2.0x)
2026-10-07 19:05:09,757 INFO [v36] WHY-NOT SXTC px 3.4700 | crowd #3 $4703k, gainer #1 | NO: 11 buys today
2026-10-07 19:05:09,759 INFO [v36b] WHY-NOT SXTC px 3.4700 | crowd #3 $4703k, gainer #1 | NO: 9 buys today
2026-10-07 19:05:16,604 INFO [v36b] WHY-NOT PFAI px 5.3850 | crowd #2 $7590k held 16.3m, gainer #2 | WAIT: hod trigger 7.0700
2026-10-07 19:05:34,885 INFO [v36] WHY-NOT PFAI px 5.6500 | crowd #2 $7590k held 16.6m, gainer #2 | WAIT: hod trigger 7.0700
2026-10-07 19:06:05,526 INFO [v36] WHY-NOT SNXX px 15.9973 | crowd #1 $12488k held 4.1m, gainer #48 | NO PATTERN: no rip | last candles GR, vol 1.7x the 5 before (high break needs 2.0x)
2026-10-07 19:06:05,526 INFO [v36b] WHY-NOT SNXX px 15.9973 | crowd #1 $12488k held 4.1m, gainer #48 | NO PATTERN: no rip | last candles GR, vol 1.7x the 5 before (high break needs 2.0x)
2026-10-07 19:06:10,516 INFO [v36] WHY-NOT SXTC px 3.4500 | crowd #3 $5347k, gainer #1 | NO: 11 buys today
2026-10-07 19:06:10,518 INFO [v36b] WHY-NOT SXTC px 3.4500 | crowd #3 $5347k, gainer #1 | NO: 9 buys today
2026-10-07 19:06:16,693 INFO [v36b] WHY-NOT PFAI px 5.4200 | crowd #2 $8533k held 17.3m, gainer #2 | WAIT: hod trigger 7.0700
2026-10-07 19:06:35,046 INFO [v36] WHY-NOT PFAI px 5.5000 | crowd #2 $8533k held 17.6m, gainer #2 | WAIT: hod trigger 7.0700
2026-10-07 19:07:05,564 INFO [v36] WHY-NOT SNXX px 15.9544 | crowd #1 $16029k held 5.1m, gainer #50 | NO PATTERN: no rip | last candles RR, vol 0.4x the 5 before (high break needs 2.0x)
2026-10-07 19:07:05,642 INFO [v36b] WHY-NOT SNXX px 15.9544 | crowd #1 $16029k held 5.1m, gainer #50 | NO PATTERN: no rip | last candles RR, vol 0.4x the 5 before (high break needs 2.0x)
2026-10-07 19:07:10,597 INFO [v36] WHY-NOT SXTC px 3.3410 | crowd #3 $5854k, gainer #1 | NO: 11 buys today
2026-10-07 19:07:10,649 INFO [v36b] WHY-NOT SXTC px 3.3410 | crowd #3 $5854k, gainer #1 | NO: 9 buys today
2026-10-07 19:07:16,734 INFO [v36b] WHY-NOT PFAI px 5.6500 | crowd #2 $9341k held 18.3m, gainer #2 | WAIT: hod trigger 7.0700
2026-10-07 19:07:35,129 INFO [v36] WHY-NOT PFAI px 5.4400 | crowd #2 $9341k held 18.6m, gainer #2 | WAIT: hod trigger 7.0700
2026-10-07 19:08:06,241 INFO [v36] WHY-NOT SNXX px 15.9550 | crowd #1 $15177k held 6.1m, gainer #49 | NO PATTERN: no rip | last candles R-, vol 0.8x the 5 before (high break needs 2.0x)
2026-10-07 19:08:06,316 INFO [v36b] WHY-NOT SNXX px 15.9550 | crowd #1 $15177k held 6.1m, gainer #49 | NO PATTERN: no rip | last candles R-, vol 0.8x the 5 before (high break needs 2.0x)
2026-10-07 19:08:10,842 INFO [v36] WHY-NOT SXTC px 3.4300 | crowd #3 $4754k, gainer #1 | NO: 11 buys today
2026-10-07 19:08:10,843 INFO [v36b] WHY-NOT SXTC px 3.4300 | crowd #3 $4754k, gainer #1 | NO: 9 buys today
2026-10-07 19:08:16,756 INFO [v36b] WHY-NOT PFAI px 5.4500 | crowd #2 $7394k held 19.3m, gainer #2 | WAIT: hod trigger 7.0700
2026-10-07 19:08:35,262 INFO [v36] WHY-NOT PFAI px 5.3200 | crowd #2 $7394k held 19.6m, gainer #2 | WAIT: hod trigger 7.0700
2026-10-07 19:09:06,647 INFO [v36] WHY-NOT SNXX px 15.9550 | crowd #1 $15177k held 7.1m, gainer #49 | NO PATTERN: no rip | last candles -R, vol 0.7x the 5 before (high break needs 2.0x)
2026-10-07 19:09:06,648 INFO [v36b] WHY-NOT SNXX px 15.9550 | crowd #1 $15177k held 7.1m, gainer #49 | NO PATTERN: no rip | last candles -R, vol 0.7x the 5 before (high break needs 2.0x)
2026-10-07 19:09:11,164 INFO [v36] WHY-NOT SXTC px 3.4300 | crowd #3 $4754k, gainer #1 | NO: 11 buys today
2026-10-07 19:09:11,165 INFO [v36b] WHY-NOT SXTC px 3.4300 | crowd #3 $4754k, gainer #1 | NO: 9 buys today
2026-10-07 19:09:16,998 INFO [v36b] WHY-NOT PFAI px 5.4400 | crowd #2 $7394k held 20.3m, gainer #2 | WAIT: hod trigger 7.0700
2026-10-07 19:09:35,633 INFO [v36] WHY-NOT PFAI px 5.4900 | crowd #2 $7394k held 20.6m, gainer #2 | WAIT: hod trigger 7.0700
2026-10-07 19:10:06,686 INFO [v36] WHY-NOT SNXX px 15.9200 | crowd #1 $14719k held 8.1m, gainer #51 | NO PATTERN: no rip | last candles RR, vol 0.4x the 5 before (high break needs 2.0x)
2026-10-07 19:10:06,687 INFO [v36b] WHY-NOT SNXX px 15.9200 | crowd #1 $14719k held 8.1m, gainer #51 | NO PATTERN: no rip | last candles RR, vol 0.4x the 5 before (high break needs 2.0x)
2026-10-07 19:10:11,437 INFO [v36] WHY-NOT SXTC px 3.2900 | crowd #3 $3581k, gainer #1 | NO: 11 buys today
2026-10-07 19:10:11,438 INFO [v36b] WHY-NOT SXTC px 3.2900 | crowd #3 $3581k, gainer #1 | NO: 9 buys today
2026-10-07 19:10:17,204 INFO [v36b] WHY-NOT PFAI px 5.2000 | crowd #2 $5902k held 21.3m, gainer #2 | WAIT: hod trigger 7.0700
2026-10-07 19:10:35,723 INFO [v36] WHY-NOT PFAI px 5.0000 | crowd #2 $5902k held 21.6m, gainer #2 | WAIT: hod trigger 7.0700
2026-10-07 19:11:06,744 INFO [v36] WHY-NOT SNXX px 15.9550 | crowd #1 $8008k held 9.1m, gainer #51 | NO PATTERN: no rip | last candles RG, vol 0.5x the 5 before (high break needs 2.0x)
2026-10-07 19:11:06,744 INFO [v36b] WHY-NOT SNXX px 15.9550 | crowd #1 $8008k held 9.1m, gainer #51 | NO PATTERN: no rip | last candles RG, vol 0.5x the 5 before (high break needs 2.0x)
2026-10-07 19:11:12,267 INFO [v36] WHY-NOT SXTC px 3.3500 | crowd #3 $2470k, gainer #1 | NO: 11 buys today
2026-10-07 19:11:12,267 INFO [v36b] WHY-NOT SXTC px 3.3500 | crowd #3 $2470k, gainer #1 | NO: 9 buys today
2026-10-07 19:11:17,240 INFO [v36b] WHY-NOT PFAI px 5.3500 | crowd #2 $4795k held 22.3m, gainer #2 | WAIT: hod trigger 7.0700
2026-10-07 19:11:35,729 INFO [v36] WHY-NOT PFAI px 5.6400 | crowd #2 $4795k held 22.6m, gainer #2 | WAIT: hod trigger 7.0700
2026-10-07 19:12:06,905 INFO [v36] WHY-NOT SNXX px 15.9699 | crowd #1 $8661k held 10.1m, gainer #50 | NO PATTERN: no rip | last candles GG, vol 1.1x the 5 before (high break needs 2.0x)
2026-10-07 19:12:06,905 INFO [v36b] WHY-NOT SNXX px 15.9699 | crowd #1 $8661k held 10.1m, gainer #50 | NO PATTERN: no rip | last candles GG, vol 1.1x the 5 before (high break needs 2.0x)
2026-10-07 19:12:13,441 INFO [v36] WHY-NOT SXTC px 3.3200 | crowd #3 $2470k, gainer #1 | NO: 11 buys today
2026-10-07 19:12:13,441 INFO [v36b] WHY-NOT SXTC px 3.3200 | crowd #3 $2470k, gainer #1 | NO: 9 buys today
2026-10-07 19:12:17,257 INFO [v36b] WHY-NOT PFAI px 5.2200 | crowd #2 $6122k held 23.3m, gainer #2 | WAIT: hod trigger 7.0700
2026-10-07 19:12:35,876 INFO [v36] WHY-NOT PFAI px 5.2000 | crowd #2 $6122k held 23.6m, gainer #2 | WAIT: hod trigger 7.0700
2026-10-07 19:13:07,272 INFO [v36] WHY-NOT SNXX px 15.9500 | crowd #1 $6723k held 11.1m, gainer #51 | NO PATTERN: no rip | last candles GR, vol 0.3x the 5 before (high break needs 2.0x)
2026-10-07 19:13:07,273 INFO [v36b] WHY-NOT SNXX px 15.9500 | crowd #1 $6723k held 11.1m, gainer #51 | NO PATTERN: no rip | last candles GR, vol 0.3x the 5 before (high break needs 2.0x)
2026-10-07 19:13:13,604 INFO [v36] WHY-NOT SXTC px 3.5850 | crowd #3 $2215k, gainer #1 | NO: 11 buys today
2026-10-07 19:13:13,604 INFO [v36b] WHY-NOT SXTC px 3.5850 | crowd #3 $2215k, gainer #1 | NO: 9 buys today
2026-10-07 19:13:17,508 INFO [v36b] WHY-NOT PFAI px 5.1601 | crowd #2 $5743k held 24.3m, gainer #2 | WAIT: hod trigger 7.0700
2026-10-07 19:13:35,920 INFO [v36] WHY-NOT PFAI px 5.0585 | crowd #2 $5743k held 24.6m, gainer #2 | WAIT: hod trigger 7.0700
2026-10-07 19:14:13,368 INFO [v36] WHY-NOT SNXX px 15.9450 | crowd #1 $6723k held 12.2m, gainer #51 | NO PATTERN: no rip | last candles RR, vol 1.7x the 5 before (high break needs 2.0x)
2026-10-07 19:14:13,368 INFO [v36b] WHY-NOT SNXX px 15.9450 | crowd #1 $6723k held 12.2m, gainer #51 | NO PATTERN: no rip | last candles RR, vol 1.7x the 5 before (high break needs 2.0x)
2026-10-07 19:14:14,074 INFO [v36] WHY-NOT SXTC px 3.6791 | crowd #3 $2215k, gainer #1 | NO: 11 buys today
2026-10-07 19:14:14,075 INFO [v36b] WHY-NOT SXTC px 3.6791 | crowd #3 $2215k, gainer #1 | NO: 9 buys today
2026-10-07 19:14:17,553 INFO [v36b] WHY-NOT PFAI px 5.0484 | crowd #2 $5743k held 25.3m, gainer #2 | WAIT: hod trigger 7.0700
2026-10-07 19:14:36,414 INFO [v36] WHY-NOT PFAI px 5.1500 | crowd #2 $5743k held 25.6m, gainer #2 | WAIT: hod trigger 7.0700
2026-10-07 19:15:13,817 INFO [v36] WHY-NOT SNXX px 15.9650 | crowd #1 $6239k held 13.2m, gainer #51 | NO PATTERN: no rip | last candles RG, vol 0.3x the 5 before (high break needs 2.0x)
2026-10-07 19:15:13,817 INFO [v36b] WHY-NOT SNXX px 15.9650 | crowd #1 $6239k held 13.2m, gainer #51 | NO PATTERN: no rip | last candles RG, vol 0.3x the 5 before (high break needs 2.0x)
2026-10-07 19:15:18,441 INFO [v36b] WHY-NOT PFAI px 5.1100 | crowd #2 $5833k held 26.3m, gainer #2 | WAIT: hod trigger 7.0700
2026-10-07 19:15:36,717 INFO [v36] WHY-NOT PFAI px 5.0140 | crowd #2 $5833k held 26.6m, gainer #2 | WAIT: hod trigger 7.0700
2026-10-07 19:16:14,792 INFO [v36] WHY-NOT SNXX px 15.9450 | crowd #1 $5684k held 14.2m, gainer #51 | NO PATTERN: no rip | last candles GR, vol 0.5x the 5 before (high break needs 2.0x)
2026-10-07 19:16:14,792 INFO [v36b] WHY-NOT SNXX px 15.9450 | crowd #1 $5684k held 14.2m, gainer #51 | NO PATTERN: no rip | last candles GR, vol 0.5x the 5 before (high break needs 2.0x)
2026-10-07 19:16:18,736 INFO [v36b] WHY-NOT PFAI px 4.6500 | crowd #2 $4826k held 27.3m, gainer #2 | WAIT: hod trigger 7.0700
2026-10-07 19:16:37,341 INFO [v36] WHY-NOT PFAI px 4.6401 | crowd #2 $4826k held 27.6m, gainer #2 | WAIT: hod trigger 7.0700
2026-10-07 19:17:15,865 INFO [v36] WHY-NOT SNXX px 15.9429 | crowd #1 $4373k held 15.3m, gainer #52 | NO PATTERN: no rip | last candles RR, vol 0.4x the 5 before (high break needs 2.0x)
2026-10-07 19:17:15,866 INFO [v36b] WHY-NOT SNXX px 15.9429 | crowd #1 $4373k held 15.3m, gainer #52 | NO PATTERN: no rip | last candles RR, vol 0.4x the 5 before (high break needs 2.0x)
2026-10-07 19:17:18,875 INFO [v36b] WHY-NOT PFAI px 4.4944 | crowd #2 $3610k held 28.3m, gainer #2 | WAIT: hod trigger 7.0700
2026-10-07 19:17:37,524 INFO [v36] WHY-NOT PFAI px 4.4100 | crowd #2 $3610k held 28.6m, gainer #2 | WAIT: hod trigger 7.0700
2026-10-07 19:18:18,215 INFO [v36] WHY-NOT SNXX px 16.0200 | crowd #1 $4237k held 16.3m, gainer #51 | NO PATTERN: no rip | last candles RG, vol 0.4x the 5 before (high break needs 2.0x)
2026-10-07 19:18:18,215 INFO [v36b] WHY-NOT SNXX px 16.0200 | crowd #1 $4237k held 16.3m, gainer #51 | NO PATTERN: no rip | last candles RG, vol 0.4x the 5 before (high break needs 2.0x)
2026-10-07 19:18:19,350 INFO [v36b] WHY-NOT PFAI px 4.5100 | crowd #2 $3643k held 29.3m, gainer #2 | WAIT: hod trigger 7.0700
2026-10-07 19:18:37,770 INFO [v36] WHY-NOT PFAI px 4.5036 | crowd #2 $3643k held 29.6m, gainer #2 | WAIT: hod trigger 7.0700
2026-10-07 19:19:19,235 INFO [v36] WHY-NOT SNXX px 15.9750 | crowd #3 $2616k, gainer #50 | NO CROWD: not top 2 held 2m, not ripping, not a top gainer with $1000k
2026-10-07 19:19:19,235 INFO [v36b] WHY-NOT SNXX px 15.9750 | crowd #3 $2616k, gainer #50 | NO CROWD: not top 2 held 2m, not ripping, not a top gainer with $1000k
2026-10-07 19:19:19,383 INFO [v36b] WHY-NOT PFAI px 4.3300 | crowd #2 $3211k held 30.3m, gainer #2 | WAIT: hod trigger 7.0700
2026-10-07 19:19:38,004 INFO [v36] WHY-NOT PFAI px 4.3500 | crowd #2 $3211k held 30.6m, gainer #2 | WAIT: hod trigger 7.0700
2026-10-07 19:20:19,648 INFO [v36] WHY-NOT SNXX px 15.9400 | crowd #3 $2616k, gainer #50 | NO CROWD: not top 2 held 2m, not ripping, not a top gainer with $1000k
2026-10-07 19:20:19,648 INFO [v36b] WHY-NOT SNXX px 15.9400 | crowd #3 $2616k, gainer #50 | NO CROWD: not top 2 held 2m, not ripping, not a top gainer with $1000k
2026-10-07 19:20:19,692 INFO [v36b] WHY-NOT PFAI px 4.2800 | crowd #2 $3211k held 31.3m, gainer #2 | WAIT: hod trigger 7.0700
2026-10-07 19:20:38,194 INFO [v36] WHY-NOT PFAI px 4.2300 | crowd #2 $3211k held 31.6m, gainer #2 | WAIT: hod trigger 7.0700
2026-10-07 19:21:19,713 INFO [v36] WHY-NOT SNXX px 15.8700 | crowd #3 $2366k, gainer #52 | NO CROWD: not top 2 held 2m, not ripping, not a top gainer with $1000k
2026-10-07 19:21:19,714 INFO [v36b] WHY-NOT SNXX px 15.8700 | crowd #3 $2366k, gainer #52 | NO CROWD: not top 2 held 2m, not ripping, not a top gainer with $1000k
2026-10-07 19:21:19,730 INFO [v36b] WHY-NOT PFAI px 4.2500 | crowd #2 $3073k held 32.3m, gainer #2 | WAIT: hod trigger 7.0700
2026-10-07 19:21:39,086 INFO [v36] WHY-NOT PFAI px 4.3038 | crowd #2 $3073k held 32.7m, gainer #2 | WAIT: hod trigger 7.0700
2026-10-07 19:22:20,083 INFO [v36] WHY-NOT SNXX px 15.8200 | crowd #1 $4994k held 0.3m, gainer #54 | NO CROWD: not top 2 held 2m, not ripping, not a top gainer with $1000k
2026-10-07 19:22:20,084 INFO [v36b] WHY-NOT SNXX px 15.8200 | crowd #1 $4994k held 0.3m, gainer #54 | NO CROWD: not top 2 held 2m, not ripping, not a top gainer with $1000k
2026-10-07 19:22:23,736 INFO [v36b] WHY-NOT PFAI px 4.3000 | crowd #3 $2950k, gainer #2 | WAIT: hod trigger 7.0700
2026-10-07 19:22:39,928 INFO [v36] WHY-NOT PFAI px 4.2700 | crowd #3 $2950k, gainer #2 | WAIT: hod trigger 7.0700
2026-10-07 19:23:24,048 INFO [v36b] WHY-NOT PFAI px 4.3899 | crowd #4 $2170k, gainer #2 | WAIT: hod trigger 7.0700
2026-10-07 19:23:25,996 INFO [v36] WHY-NOT SNXX px 15.8450 | crowd #1 $9217k held 1.4m, gainer #52 | NO CROWD: not top 2 held 2m, not ripping, not a top gainer with $1000k
2026-10-07 19:23:25,997 INFO [v36b] WHY-NOT SNXX px 15.8450 | crowd #1 $9217k held 1.4m, gainer #52 | NO CROWD: not top 2 held 2m, not ripping, not a top gainer with $1000k
2026-10-07 19:23:40,555 INFO [v36] WHY-NOT PFAI px 4.3800 | crowd #4 $2170k, gainer #2 | WAIT: hod trigger 7.0700
2026-10-07 19:24:24,179 INFO [v36b] WHY-NOT PFAI px 4.4800 | crowd #4 $1702k, gainer #2 | WAIT: hod trigger 7.0700
2026-10-07 19:24:26,457 INFO [v36] WHY-NOT SNXX px 15.8903 | crowd #1 $12065k held 2.4m, gainer #52 | NO PATTERN: no rip | last candles GG, vol 0.2x the 5 before (high break needs 2.0x)
2026-10-07 19:24:26,457 INFO [v36b] WHY-NOT SNXX px 15.8903 | crowd #1 $12065k held 2.4m, gainer #52 | NO PATTERN: no rip | last candles GG, vol 0.2x the 5 before (high break needs 2.0x)
2026-10-07 19:24:37,245 INFO [v36] WHY-NOT SXTC px 4.7300 | crowd #2 $3349k held 5.6m, gainer #1 | NO: 11 buys today
2026-10-07 19:24:37,247 INFO [v36b] WHY-NOT SXTC px 4.7300 | crowd #2 $3349k held 5.6m, gainer #1 | NO: 9 buys today
2026-10-07 19:24:42,124 INFO [v36] WHY-NOT PFAI px 4.4009 | crowd #4 $1702k, gainer #2 | WAIT: hod trigger 7.0700
2026-10-07 19:25:25,053 INFO [v36b] WHY-NOT PFAI px 4.2100 | crowd #5 $1448k, gainer #2 | WAIT: hod trigger 7.0700
2026-10-07 19:25:26,592 INFO [v36] WHY-NOT SNXX px 15.8800 | crowd #1 $13199k held 3.4m, gainer #52 | NO PATTERN: no rip | last candles GR, vol 0.6x the 5 before (high break needs 2.0x)
2026-10-07 19:25:26,594 INFO [v36b] WHY-NOT SNXX px 15.8800 | crowd #1 $13199k held 3.4m, gainer #52 | NO PATTERN: no rip | last candles GR, vol 0.6x the 5 before (high break needs 2.0x)
2026-10-07 19:25:37,274 INFO [v36] WHY-NOT SXTC px 4.3800 | crowd #2 $5593k held 6.6m, gainer #1 | NO: 11 buys today
2026-10-07 19:25:37,360 INFO [v36b] WHY-NOT SXTC px 4.3700 | crowd #2 $5593k held 6.6m, gainer #1 | NO: 9 buys today
2026-10-07 19:25:42,376 INFO [v36] WHY-NOT PFAI px 4.1300 | crowd #5 $1448k, gainer #2 | WAIT: hod trigger 7.0700
2026-10-07 19:26:25,599 INFO [v36b] WHY-NOT PFAI px 4.1001 | crowd #4 $1485k, gainer #2 | WAIT: hod trigger 7.0700
2026-10-07 19:26:27,924 INFO [v36] WHY-NOT SNXX px 15.9090 | crowd #1 $13199k held 4.5m, gainer #52 | NO PATTERN: no rip | last candles RG, vol 1.2x the 5 before (high break needs 2.0x)
2026-10-07 19:26:27,925 INFO [v36b] WHY-NOT SNXX px 15.9090 | crowd #1 $13199k held 4.5m, gainer #52 | NO PATTERN: no rip | last candles RG, vol 1.2x the 5 before (high break needs 2.0x)
2026-10-07 19:26:37,462 INFO [v36] WHY-NOT SXTC px 4.4216 | crowd #2 $5593k held 7.6m, gainer #1 | NO: 11 buys today
2026-10-07 19:26:37,464 INFO [v36b] WHY-NOT SXTC px 4.4216 | crowd #2 $5593k held 7.6m, gainer #1 | NO: 9 buys today
2026-10-07 19:26:42,398 INFO [v36] WHY-NOT PFAI px 4.0800 | crowd #4 $1485k, gainer #2 | WAIT: hod trigger 7.0700
2026-10-07 19:27:28,243 INFO [v36b] WHY-NOT PFAI px 4.0800 | crowd #4 $1485k, gainer #2 | WAIT: hod trigger 7.0700
2026-10-07 19:27:30,006 INFO [v36] WHY-NOT SNXX px 15.8999 | crowd #1 $13161k held 5.5m, gainer #52 | NO PATTERN: no rip | last candles GR, vol 0.7x the 5 before (high break needs 2.0x)
2026-10-07 19:27:30,006 INFO [v36b] WHY-NOT SNXX px 15.8999 | crowd #1 $13161k held 5.5m, gainer #52 | NO PATTERN: no rip | last candles GR, vol 0.7x the 5 before (high break needs 2.0x)
2026-10-07 19:27:37,473 INFO [v36] WHY-NOT SXTC px 5.0484 | crowd #2 $7613k held 8.6m, gainer #1 | NO: 11 buys today
2026-10-07 19:27:37,474 INFO [v36b] WHY-NOT SXTC px 5.0484 | crowd #2 $7613k held 8.6m, gainer #1 | NO: 9 buys today
2026-10-07 19:27:42,851 INFO [v36] WHY-NOT PFAI px 3.9300 | crowd #4 $1485k, gainer #2 | WAIT: hod trigger 7.0700
2026-10-07 19:28:03,444 INFO [v36] WHY-NOT BIYA px 2.3100 | crowd #7 $905k, gainer #2 | NO: 6 buys today
2026-10-07 19:28:03,444 INFO [v36b] WHY-NOT BIYA px 2.3100 | crowd #7 $905k, gainer #2 | NO: 6 buys today
2026-10-07 19:28:28,301 INFO [v36b] WHY-NOT PFAI px 3.8800 | crowd #3 $1427k, gainer #3 | NO CROWD: not top 2 held 2m, not ripping, not a top gainer with $1000k
2026-10-07 19:28:30,590 INFO [v36] WHY-NOT SNXX px 15.8912 | crowd #1 $10224k held 6.5m, gainer #54 | NO PATTERN: no rip | last candles RR, vol 0.4x the 5 before (high break needs 2.0x)
2026-10-07 19:28:30,591 INFO [v36b] WHY-NOT SNXX px 15.8912 | crowd #1 $10224k held 6.5m, gainer #54 | NO PATTERN: no rip | last candles RR, vol 0.4x the 5 before (high break needs 2.0x)
2026-10-07 19:28:37,588 INFO [v36] WHY-NOT SXTC px 4.7600 | crowd #2 $8574k held 9.6m, gainer #1 | NO: 11 buys today
2026-10-07 19:28:37,591 INFO [v36b] WHY-NOT SXTC px 4.7600 | crowd #2 $8574k held 9.6m, gainer #1 | NO: 9 buys today
2026-10-07 19:28:43,365 INFO [v36] WHY-NOT PFAI px 3.9400 | crowd #3 $1427k, gainer #3 | NO CROWD: not top 2 held 2m, not ripping, not a top gainer with $1000k
2026-10-07 19:29:03,927 INFO [v36] WHY-NOT BIYA px 2.3350 | crowd #8 $669k, gainer #2 | NO: 6 buys today
2026-10-07 19:29:03,927 INFO [v36b] WHY-NOT BIYA px 2.3350 | crowd #8 $669k, gainer #2 | NO: 6 buys today
2026-10-07 19:29:28,769 INFO [v36b] WHY-NOT PFAI px 4.0400 | crowd #3 $1653k, gainer #3 | NO CROWD: not top 2 held 2m, not ripping, not a top gainer with $1000k
2026-10-07 19:29:31,951 INFO [v36] WHY-NOT SNXX px 15.8900 | crowd #2 $7692k held 7.5m, gainer #53 | NO PATTERN: no rip | last candles RR, vol 0.3x the 5 before (high break needs 2.0x)
2026-10-07 19:29:31,952 INFO [v36b] WHY-NOT SNXX px 15.8900 | crowd #2 $7692k held 7.5m, gainer #53 | NO PATTERN: no rip | last candles RR, vol 0.3x the 5 before (high break needs 2.0x)
2026-10-07 19:29:37,603 INFO [v36] WHY-NOT SXTC px 4.3350 | crowd #1 $11255k held 10.6m, gainer #1 | NO: 11 buys today
2026-10-07 19:29:37,604 INFO [v36b] WHY-NOT SXTC px 4.3350 | crowd #1 $11255k held 10.6m, gainer #1 | NO: 9 buys today
2026-10-07 19:29:43,615 INFO [v36] WHY-NOT PFAI px 3.9800 | crowd #3 $1653k, gainer #3 | NO CROWD: not top 2 held 2m, not ripping, not a top gainer with $1000k
2026-10-07 19:30:02,259 INFO [v36] WHY-NOT AVBP px 16.9350 | crowd #3 $1778k, gainer #22 | NO CROWD: not top 2 held 2m, not ripping, not a top gainer with $1000k
2026-10-07 19:30:02,259 INFO [v36b] WHY-NOT AVBP px 16.9350 | crowd #3 $1778k, gainer #22 | NO CROWD: not top 2 held 2m, not ripping, not a top gainer with $1000k
2026-10-07 19:30:28,814 INFO [v36b] WHY-NOT PFAI px 4.2850 | crowd #4 $1653k, gainer #2 | WAIT: hod trigger 7.0700
2026-10-07 19:30:32,035 INFO [v36] WHY-NOT SNXX px 15.9200 | crowd #2 $6795k held 8.5m, gainer #54 | NO PATTERN: no rip | last candles RG, vol 0.4x the 5 before (high break needs 2.0x)
2026-10-07 19:30:32,035 INFO [v36b] WHY-NOT SNXX px 15.9200 | crowd #2 $7692k held 8.5m, gainer #54 | NO PATTERN: no rip | last candles RG, vol 0.4x the 5 before (high break needs 2.0x)
2026-10-07 19:30:37,663 INFO [v36] WHY-NOT SXTC px 4.1050 | crowd #1 $12499k held 11.6m, gainer #1 | NO: 11 buys today
2026-10-07 19:30:37,664 INFO [v36b] WHY-NOT SXTC px 4.1050 | crowd #1 $12499k held 11.6m, gainer #1 | NO: 9 buys today
2026-10-07 19:30:43,661 INFO [v36] WHY-NOT PFAI px 4.5100 | crowd #4 $1653k, gainer #2 | WAIT: hod trigger 7.0700
2026-10-07 19:31:29,038 INFO [v36b] WHY-NOT PFAI px 4.5800 | crowd #3 $1420k, gainer #2 | WAIT: hod trigger 7.0700
2026-10-07 19:31:32,454 INFO [v36] WHY-NOT SNXX px 15.9450 | crowd #2 $6795k held 9.5m, gainer #53 | NO PATTERN: no rip | last candles GG, vol 0.9x the 5 before (high break needs 2.0x)
2026-10-07 19:31:32,454 INFO [v36b] WHY-NOT SNXX px 15.9450 | crowd #2 $6795k held 9.5m, gainer #53 | NO PATTERN: no rip | last candles GG, vol 0.9x the 5 before (high break needs 2.0x)
2026-10-07 19:31:37,695 INFO [v36] WHY-NOT SXTC px 3.7000 | crowd #1 $11299k held 12.6m, gainer #1 | NO: 11 buys today
2026-10-07 19:31:37,696 INFO [v36b] WHY-NOT SXTC px 3.7000 | crowd #1 $11299k held 12.6m, gainer #1 | NO: 9 buys today
2026-10-07 19:31:43,699 INFO [v36] WHY-NOT PFAI px 4.6999 | crowd #3 $1420k, gainer #2 | WAIT: hod trigger 7.0700
2026-10-07 19:32:29,074 INFO [v36b] WHY-NOT PFAI px 4.6950 | crowd #3 $1771k, gainer #2 | WAIT: hod trigger 7.0700
2026-10-07 19:32:32,800 INFO [v36] WHY-NOT SNXX px 15.9200 | crowd #2 $4369k held 10.5m, gainer #53 | NO PATTERN: no rip | last candles GG, vol 1.3x the 5 before (high break needs 2.0x)
2026-10-07 19:32:32,801 INFO [v36b] WHY-NOT SNXX px 15.9200 | crowd #2 $4916k held 10.5m, gainer #53 | NO PATTERN: no rip | last candles GG, vol 1.3x the 5 before (high break needs 2.0x)
2026-10-07 19:32:37,977 INFO [v36] WHY-NOT SXTC px 3.5300 | crowd #1 $11312k held 13.6m, gainer #1 | NO: 11 buys today
2026-10-07 19:32:37,979 INFO [v36b] WHY-NOT SXTC px 3.5300 | crowd #1 $10502k held 13.6m, gainer #1 | NO: 9 buys today
2026-10-07 19:32:44,252 INFO [v36] WHY-NOT PFAI px 4.6800 | crowd #3 $2649k, gainer #2 | WAIT: hod trigger 7.0700
2026-10-07 19:33:29,101 INFO [v36b] WHY-NOT PFAI px 4.7300 | crowd #3 $2649k, gainer #2 | WAIT: hod trigger 7.0700
2026-10-07 19:33:35,552 INFO [v36] WHY-NOT SNXX px 15.9472 | crowd #2 $4369k held 11.6m, gainer #53 | NO PATTERN: no rip | last candles GR, vol 1.3x the 5 before (high break needs 2.0x)
2026-10-07 19:33:35,553 INFO [v36b] WHY-NOT SNXX px 15.9472 | crowd #2 $4369k held 11.6m, gainer #53 | NO PATTERN: no rip | last candles GR, vol 1.3x the 5 before (high break needs 2.0x)
2026-10-07 19:33:44,304 INFO [v36] WHY-NOT PFAI px 4.8200 | crowd #3 $2649k, gainer #2 | WAIT: hod trigger 7.0700
2026-10-07 20:00:00,325 INFO [v36] WHY-NOT PFAI px 5.0700 | crowd #4 $1277k, gainer #1 | WAIT: hod trigger 7.0700
2026-10-07 20:00:00,326 INFO [v36b] WHY-NOT PFAI px 5.0700 | crowd #4 $1277k, gainer #1 | WAIT: hod trigger 7.0700
2026-10-07 20:00:00,586 INFO [v36] WHY-NOT AVBP px 16.8900 | crowd #1 $5122k held 0.0m, gainer #21 | NO CROWD: not top 2 held 2m, not ripping, not a top gainer with $1000k
2026-10-07 20:00:00,587 INFO [v36b] WHY-NOT AVBP px 16.8900 | crowd #1 $5122k held 0.0m, gainer #21 | NO CROWD: not top 2 held 2m, not ripping, not a top gainer with $1000k
2026-10-07 20:00:00,589 INFO [v36] WHY-NOT JANX px 17.9200 | crowd #3 $1308k, gainer #43 | NO FLOAT: 59.8M > 20M
2026-10-07 20:00:00,590 INFO [v36b] WHY-NOT JANX px 17.9200 | crowd #3 $1308k, gainer #43 | NO FLOAT: 59.8M > 20M
2026-10-07 20:00:00,593 INFO [v36] WHY-NOT BIYA px 2.1800 | crowd #10 $344k, gainer #2 | NO: 6 buys today
2026-10-07 20:00:00,594 INFO [v36b] WHY-NOT BIYA px 2.1800 | crowd #10 $344k, gainer #2 | NO: 6 buys today
2026-10-07 20:00:00,616 INFO [v36] WHY-NOT SNXX px 15.7400 | crowd #2 $4510k held 0.0m, gainer #50 | NO CROWD: not top 2 held 2m, not ripping, not a top gainer with $1000k
2026-10-07 20:00:00,617 INFO [v36b] WHY-NOT SNXX px 15.7400 | crowd #2 $4510k held 0.0m, gainer #50 | NO CROWD: not top 2 held 2m, not ripping, not a top gainer with $1000k
2026-10-07 20:01:00,389 INFO [v36] WHY-NOT PFAI px 5.3400 | crowd #4 $2416k, gainer #1 | WAIT: hod trigger 7.0700
2026-10-07 20:01:00,390 INFO [v36b] WHY-NOT PFAI px 5.3400 | crowd #4 $2416k, gainer #1 | WAIT: hod trigger 7.0700
2026-10-07 20:01:02,121 INFO [v36] WHY-NOT BIYA px 2.2100 | crowd #11 $572k, gainer #2 | NO: 6 buys today
2026-10-07 20:01:02,121 INFO [v36b] WHY-NOT BIYA px 2.2100 | crowd #11 $572k, gainer #2 | NO: 6 buys today
2026-10-07 20:01:06,433 INFO [v36] WHY-NOT SNXX px 15.7900 | crowd #2 $8860k held 1.1m, gainer #49 | NO CROWD: not top 2 held 2m, not ripping, not a top gainer with $1000k
2026-10-07 20:01:06,437 INFO [v36b] WHY-NOT SNXX px 15.7900 | crowd #2 $8860k held 1.1m, gainer #49 | NO CROWD: not top 2 held 2m, not ripping, not a top gainer with $1000k
2026-10-07 20:01:26,916 INFO [v36] WHY-NOT AVBP px 16.8000 | crowd #1 $10000k held 1.4m, gainer #20 | NO CROWD: not top 2 held 2m, not ripping, not a top gainer with $1000k
2026-10-07 20:01:26,917 INFO [v36b] WHY-NOT AVBP px 16.8000 | crowd #1 $10000k held 1.4m, gainer #20 | NO CROWD: not top 2 held 2m, not ripping, not a top gainer with $1000k
2026-10-07 20:02:00,544 INFO [v36] WHY-NOT PFAI px 5.9900 | crowd #4 $1960k, gainer #1 | WAIT: hod trigger 7.0700
2026-10-07 20:02:00,545 INFO [v36b] WHY-NOT PFAI px 5.9900 | crowd #4 $1960k, gainer #1 | WAIT: hod trigger 7.0700
2026-10-07 20:02:03,129 INFO [v36] WHY-NOT BIYA px 2.1100 | crowd #11 $503k, gainer #2 | NO: 6 buys today
2026-10-07 20:02:03,129 INFO [v36b] WHY-NOT BIYA px 2.1100 | crowd #11 $503k, gainer #2 | NO: 6 buys today
2026-10-07 20:02:06,884 INFO [v36] WHY-NOT SNXX px 15.6800 | crowd #1 $7227k held 2.1m, gainer #55 | NO PATTERN: no rip | last candles GR, vol 1.6x the 5 before (high break needs 2.0x)
2026-10-07 20:02:06,926 INFO [v36b] WHY-NOT SNXX px 15.6800 | crowd #1 $7227k held 2.1m, gainer #55 | NO PATTERN: no rip | last candles GR, vol 1.6x the 5 before (high break needs 2.0x)
2026-10-07 20:03:00,944 INFO [v36] WHY-NOT PFAI px 5.5900 | crowd #3 $4716k, gainer #1 | WAIT: hod trigger 7.0700
2026-10-07 20:03:00,946 INFO [v36b] WHY-NOT PFAI px 5.5900 | crowd #3 $4716k, gainer #1 | WAIT: hod trigger 7.0700
2026-10-07 20:03:06,319 INFO [v36] WHY-NOT BIYA px 2.1600 | crowd #9 $540k, gainer #2 | NO: 6 buys today
2026-10-07 20:03:06,319 INFO [v36b] WHY-NOT BIYA px 2.1600 | crowd #9 $540k, gainer #2 | NO: 6 buys today
2026-10-07 20:03:07,321 INFO [v36] WHY-NOT SNXX px 15.7200 | crowd #1 $9605k held 3.1m, gainer #54 | NO PATTERN: no rip | last candles RG, vol 0.3x the 5 before (high break needs 2.0x)
2026-10-07 20:03:07,322 INFO [v36b] WHY-NOT SNXX px 15.7200 | crowd #1 $9605k held 3.1m, gainer #54 | NO PATTERN: no rip | last candles RG, vol 0.3x the 5 before (high break needs 2.0x)
2026-10-07 20:04:01,487 INFO [v36] WHY-NOT PFAI px 5.8000 | crowd #2 $4478k held 0.0m, gainer #1 | WAIT: hod trigger 7.0700
2026-10-07 20:04:01,518 INFO [v36b] WHY-NOT PFAI px 5.8000 | crowd #2 $4478k held 0.0m, gainer #1 | WAIT: hod trigger 7.0700
2026-10-07 20:04:09,232 INFO [v36] WHY-NOT BIYA px 2.1300 | crowd #12 $251k, gainer #2 | NO: 6 buys today
2026-10-07 20:04:09,233 INFO [v36b] WHY-NOT BIYA px 2.1300 | crowd #12 $251k, gainer #2 | NO: 6 buys today
2026-10-07 20:04:10,759 INFO [v36] WHY-NOT SNXX px 15.7300 | crowd #1 $5100k held 4.2m, gainer #52 | NO PATTERN: no rip | last candles G-, vol 0.2x the 5 before (high break needs 2.0x)
2026-10-07 20:04:10,760 INFO [v36b] WHY-NOT SNXX px 15.7300 | crowd #1 $5100k held 4.2m, gainer #52 | NO PATTERN: no rip | last candles G-, vol 0.2x the 5 before (high break needs 2.0x)
2026-10-07 20:05:00,038 INFO [v36] WHY-NOT MVIS px 1.7000 | crowd #3 $1195k, gainer #40 | NO FLOAT: 27.3M > 20M
2026-10-07 20:05:00,039 INFO [v36b] WHY-NOT MVIS px 1.7000 | crowd #3 $1195k, gainer #40 | NO FLOAT: 27.3M > 20M
2026-10-07 20:05:01,508 INFO [v36] WHY-NOT PFAI px 5.5100 | crowd #2 $4674k held 1.0m, gainer #1 | WAIT: hod trigger 7.0700
2026-10-07 20:05:01,671 INFO [v36b] WHY-NOT PFAI px 5.5100 | crowd #2 $4674k held 1.0m, gainer #1 | WAIT: hod trigger 7.0700
2026-10-07 20:05:10,136 INFO [v36] WHY-NOT BIYA px 2.1400 | crowd #4 $263k, gainer #2 | NO: 6 buys today
2026-10-07 20:05:10,136 INFO [v36b] WHY-NOT BIYA px 2.1400 | crowd #4 $263k, gainer #2 | NO: 6 buys today
2026-10-07 20:05:15,004 INFO [v36] WHY-NOT SNXX px 15.7000 | crowd #1 $4754k held 5.2m, gainer #55 | NO PATTERN: no rip | last candles -R, vol 0.1x the 5 before (high break needs 2.0x)
2026-10-07 20:05:15,005 INFO [v36b] WHY-NOT SNXX px 15.7000 | crowd #1 $4754k held 5.2m, gainer #55 | NO PATTERN: no rip | last candles -R, vol 0.1x the 5 before (high break needs 2.0x)
2026-10-07 20:06:00,322 INFO [v36] WHY-NOT MVIS px 1.5200 | crowd #3 $1082k, gainer #62 | NO FLOAT: 27.3M > 20M
2026-10-07 20:06:00,322 INFO [v36b] WHY-NOT MVIS px 1.5200 | crowd #3 $1082k, gainer #62 | NO FLOAT: 27.3M > 20M
2026-10-07 20:06:01,607 INFO [v36] WHY-NOT PFAI px 4.9000 | crowd #1 $2616k held 2.0m, gainer #1 | WAIT: hod trigger 7.0700
2026-10-07 20:06:01,709 INFO [v36b] WHY-NOT PFAI px 4.9100 | crowd #1 $2616k held 2.0m, gainer #1 | WAIT: hod trigger 7.0700
2026-10-07 20:06:11,879 INFO [v36] WHY-NOT BIYA px 2.1400 | crowd #4 $152k, gainer #2 | NO: 6 buys today
2026-10-07 20:06:11,880 INFO [v36b] WHY-NOT BIYA px 2.1400 | crowd #4 $152k, gainer #2 | NO: 6 buys today
2026-10-07 20:06:30,660 INFO [v36] WHY-NOT SNXX px 15.7100 | crowd #2 $1505k held 6.5m, gainer #54 | NO PATTERN: no rip | last candles RG, vol 0.1x the 5 before (high break needs 2.0x)
2026-10-07 20:06:30,660 INFO [v36b] WHY-NOT SNXX px 15.7100 | crowd #2 $1505k held 6.5m, gainer #54 | NO PATTERN: no rip | last candles RG, vol 0.1x the 5 before (high break needs 2.0x)
2026-10-07 20:07:00,223 INFO [v36] WHY-NOT AIXI px 2.1100 | crowd #2 $970k held 0.0m, gainer #23 | NO CROWD: not top 2 held 2m, not ripping, not a top gainer with $1000k
2026-10-07 20:07:00,225 INFO [v36b] WHY-NOT AIXI px 2.1100 | crowd #2 $1847k held 0.0m, gainer #23 | NO CROWD: not top 2 held 2m, not ripping, not a top gainer with $1000k
2026-10-07 20:07:01,607 INFO [v36] WHY-NOT PFAI px 4.8300 | crowd #1 $2077k held 3.0m, gainer #1 | WAIT: hod trigger 7.0700
2026-10-07 20:07:02,044 INFO [v36] WHY-NOT MVIS px 1.5300 | crowd #3 $936k, gainer #62 | NO FLOAT: 27.3M > 20M
2026-10-07 20:07:02,546 INFO [v36b] WHY-NOT PFAI px 4.8200 | crowd #1 $2851k held 3.0m, gainer #1 | WAIT: hod trigger 7.0700
2026-10-07 20:07:18,041 INFO [v36] WHY-NOT BIYA px 2.1600 | crowd #5 $122k, gainer #2 | NO: 6 buys today
2026-10-07 20:07:18,041 INFO [v36b] WHY-NOT BIYA px 2.1600 | crowd #5 $150k, gainer #2 | NO: 6 buys today
2026-10-07 20:07:39,875 INFO [v36b] WHY-NOT SNXX px 15.6800 | crowd #3 $1170k, gainer #53 | NO CROWD: not top 2 held 2m, not ripping, not a top gainer with $1000k
2026-10-07 20:08:00,247 INFO [v36] WHY-NOT AIXI px 2.1600 | crowd #2 $1847k held 1.0m, gainer #11 | NO CROWD: not top 2 held 2m, not ripping, not a top gainer with $1000k
2026-10-07 20:08:00,249 INFO [v36b] WHY-NOT AIXI px 2.1600 | crowd #2 $1847k held 1.0m, gainer #11 | NO CROWD: not top 2 held 2m, not ripping, not a top gainer with $1000k
2026-10-07 20:08:00,348 INFO [v36b] WHY-NOT MVIS px 1.4193 | crowd #3 $781k, gainer #66 | NO FLOAT: 27.3M > 20M
2026-10-07 20:08:02,150 INFO [v36] WHY-NOT MVIS px 1.4102 | crowd #3 $781k, gainer #66 | NO FLOAT: 27.3M > 20M
2026-10-07 20:08:03,144 INFO [v36] WHY-NOT PFAI px 4.5500 | crowd #1 $1947k held 4.1m, gainer #1 | WAIT: hod trigger 7.0700
2026-10-07 20:08:03,144 INFO [v36b] WHY-NOT PFAI px 4.5500 | crowd #1 $1947k held 4.1m, gainer #1 | WAIT: hod trigger 7.0700
2026-10-07 20:08:24,983 INFO [v36] WHY-NOT BIYA px 2.1600 | crowd #5 $109k, gainer #2 | NO: 6 buys today
2026-10-07 20:08:24,983 INFO [v36b] WHY-NOT BIYA px 2.1600 | crowd #5 $109k, gainer #2 | NO: 6 buys today
2026-10-07 20:09:00,314 INFO [v36] WHY-NOT AIXI px 2.2400 | crowd #1 $4214k held 2.0m, gainer #9 | NO PATTERN: no rip | last candles GG, vol 0.7x the 5 before (high break needs 2.0x)
2026-10-07 20:09:00,317 INFO [v36b] WHY-NOT AIXI px 2.2400 | crowd #1 $4214k held 2.0m, gainer #9 | NO PATTERN: no rip | last candles GG, vol 0.7x the 5 before (high break needs 2.0x)
2026-10-07 20:09:00,977 INFO [v36b] WHY-NOT MVIS px 1.4200 | crowd #3 $774k, gainer #65 | NO FLOAT: 27.3M > 20M
2026-10-07 20:09:03,123 INFO [v36] WHY-NOT MVIS px 1.4400 | crowd #3 $774k, gainer #65 | NO FLOAT: 27.3M > 20M
2026-10-07 20:09:05,926 INFO [v36] WHY-NOT PFAI px 4.5900 | crowd #2 $2130k held 5.1m, gainer #1 | WAIT: hod trigger 7.0700
2026-10-07 20:09:05,927 INFO [v36b] WHY-NOT PFAI px 4.5900 | crowd #2 $2130k held 5.1m, gainer #1 | WAIT: hod trigger 7.0700
2026-10-07 20:09:26,991 INFO [v36] WHY-NOT BIYA px 2.2300 | crowd #5 $157k, gainer #2 | NO: 6 buys today
2026-10-07 20:09:26,992 INFO [v36b] WHY-NOT BIYA px 2.2300 | crowd #5 $157k, gainer #2 | NO: 6 buys today
2026-10-07 20:10:00,846 INFO [v36] WHY-NOT AIXI px 2.1500 | crowd #1 $3244k held 3.0m, gainer #13 | NO PATTERN: no rip | last candles GR, vol 0.4x the 5 before (high break needs 2.0x)
2026-10-07 20:10:00,847 INFO [v36b] WHY-NOT AIXI px 2.1500 | crowd #1 $3244k held 3.0m, gainer #13 | NO PATTERN: no rip | last candles GR, vol 0.4x the 5 before (high break needs 2.0x)
2026-10-07 20:10:03,732 INFO [v36] WHY-NOT SNXX px 15.6897 | crowd #3 $547k, gainer #55 | NO CROWD: not top 2 held 2m, not ripping, not a top gainer with $1000k
2026-10-07 20:10:03,734 INFO [v36b] WHY-NOT SNXX px 15.6897 | crowd #3 $547k, gainer #55 | NO CROWD: not top 2 held 2m, not ripping, not a top gainer with $1000k
2026-10-07 20:10:08,093 INFO [v36] WHY-NOT PFAI px 4.6200 | crowd #2 $1412k held 6.1m, gainer #1 | WAIT: hod trigger 7.0700
2026-10-07 20:10:08,094 INFO [v36b] WHY-NOT PFAI px 4.6200 | crowd #2 $1412k held 6.1m, gainer #1 | WAIT: hod trigger 7.0700
2026-10-07 20:10:28,141 INFO [v36] WHY-NOT BIYA px 2.2197 | crowd #5 $110k, gainer #2 | NO: 6 buys today
2026-10-07 20:10:28,141 INFO [v36b] WHY-NOT BIYA px 2.2197 | crowd #5 $110k, gainer #2 | NO: 6 buys today
2026-10-07 20:11:01,117 INFO [v36] WHY-NOT AIXI px 2.2400 | crowd #1 $3611k held 4.0m, gainer #8 | NO PATTERN: no rip | last candles RG, vol 0.8x the 5 before (high break needs 2.0x)
2026-10-07 20:11:01,124 INFO [v36b] WHY-NOT AIXI px 2.2400 | crowd #1 $3611k held 4.0m, gainer #8 | NO PATTERN: no rip | last candles RG, vol 0.8x the 5 before (high break needs 2.0x)
2026-10-07 20:11:05,237 INFO [v36] WHY-NOT SNXX px 15.7000 | crowd #2 $1135k held 0.1m, gainer #56 | NO CROWD: not top 2 held 2m, not ripping, not a top gainer with $1000k
2026-10-07 20:11:05,240 INFO [v36b] WHY-NOT SNXX px 15.7000 | crowd #2 $1135k held 0.1m, gainer #56 | NO CROWD: not top 2 held 2m, not ripping, not a top gainer with $1000k
2026-10-07 20:11:09,316 INFO [v36] WHY-NOT PFAI px 4.5500 | crowd #3 $854k, gainer #1 | NO CROWD: not top 2 held 2m, not ripping, not a top gainer with $1000k
2026-10-07 20:11:09,316 INFO [v36b] WHY-NOT PFAI px 4.5500 | crowd #3 $854k, gainer #1 | NO CROWD: not top 2 held 2m, not ripping, not a top gainer with $1000k
2026-10-07 20:11:43,632 INFO [v36] WHY-NOT BIYA px 2.2000 | crowd #7 $130k, gainer #2 | NO: 6 buys today
2026-10-07 20:11:43,633 INFO [v36b] WHY-NOT BIYA px 2.2000 | crowd #7 $130k, gainer #2 | NO: 6 buys today
2026-10-07 20:12:01,172 INFO [v36] WHY-NOT AIXI px 2.1800 | crowd #1 $2392k held 5.0m, gainer #11 | NO PATTERN: no rip | last candles GR, vol 0.4x the 5 before (high break needs 2.0x)
2026-10-07 20:12:01,173 INFO [v36b] WHY-NOT AIXI px 2.1800 | crowd #1 $2392k held 5.0m, gainer #11 | NO PATTERN: no rip | last candles GR, vol 0.4x the 5 before (high break needs 2.0x)
2026-10-07 20:12:11,025 INFO [v36] WHY-NOT SNXX px 15.6985 | crowd #2 $1244k held 1.2m, gainer #56 | NO CROWD: not top 2 held 2m, not ripping, not a top gainer with $1000k
2026-10-07 20:12:11,026 INFO [v36b] WHY-NOT SNXX px 15.6985 | crowd #2 $1244k held 1.2m, gainer #56 | NO CROWD: not top 2 held 2m, not ripping, not a top gainer with $1000k
2026-10-07 20:12:12,086 INFO [v36] WHY-NOT PFAI px 4.4900 | crowd #3 $767k, gainer #1 | NO CROWD: not top 2 held 2m, not ripping, not a top gainer with $1000k
2026-10-07 20:12:12,086 INFO [v36b] WHY-NOT PFAI px 4.4900 | crowd #3 $767k, gainer #1 | NO CROWD: not top 2 held 2m, not ripping, not a top gainer with $1000k
2026-10-07 20:12:48,950 INFO [v36] WHY-NOT BIYA px 2.1600 | crowd #7 $118k, gainer #2 | NO: 6 buys today
2026-10-07 20:12:48,951 INFO [v36b] WHY-NOT BIYA px 2.1600 | crowd #7 $118k, gainer #2 | NO: 6 buys today
2026-10-07 20:13:01,191 INFO [v36b] WHY-NOT AIXI px 2.0500 | crowd #1 $1881k held 6.0m, gainer #24 | NO PATTERN: no rip | last candles RR, vol 0.4x the 5 before (high break needs 2.0x)
2026-10-07 20:13:01,266 INFO [v36] WHY-NOT AIXI px 2.0500 | crowd #1 $1881k held 6.0m, gainer #24 | NO PATTERN: no rip | last candles RR, vol 0.4x the 5 before (high break needs 2.0x)
2026-10-07 20:13:11,441 INFO [v36] WHY-NOT SNXX px 15.6905 | crowd #2 $1357k held 2.2m, gainer #56 | NO PATTERN: no rip | last candles RG, vol 1.1x the 5 before (high break needs 2.0x)
2026-10-07 20:13:11,509 INFO [v36b] WHY-NOT SNXX px 15.6905 | crowd #2 $1357k held 2.2m, gainer #56 | NO PATTERN: no rip | last candles RG, vol 1.1x the 5 before (high break needs 2.0x)
2026-10-07 20:13:16,551 INFO [v36b] WHY-NOT PFAI px 4.3700 | crowd #3 $604k, gainer #1 | NO CROWD: not top 2 held 2m, not ripping, not a top gainer with $1000k
2026-10-07 20:13:16,586 INFO [v36] WHY-NOT PFAI px 4.3700 | crowd #3 $604k, gainer #1 | NO CROWD: not top 2 held 2m, not ripping, not a top gainer with $1000k
2026-10-07 20:13:50,537 INFO [v36] WHY-NOT BIYA px 2.1800 | crowd #7 $87k, gainer #2 | NO: 6 buys today
2026-10-07 20:13:50,537 INFO [v36b] WHY-NOT BIYA px 2.1800 | crowd #7 $87k, gainer #2 | NO: 6 buys today
2026-10-07 20:14:00,174 INFO [v36] WHY-NOT SUGP px 2.9700 | crowd #12 $12k, gainer #1 | NO CROWD: not top 2 held 2m, not ripping, not a top gainer with $1000k
2026-10-07 20:14:00,174 INFO [v36b] WHY-NOT SUGP px 2.9700 | crowd #12 $12k, gainer #1 | NO CROWD: not top 2 held 2m, not ripping, not a top gainer with $1000k
2026-10-07 20:14:01,364 INFO [v36] WHY-NOT AIXI px 2.0100 | crowd #1 $1465k held 7.0m, gainer #40 | NO PATTERN: no rip | last candles RR, vol 1.0x the 5 before (high break needs 2.0x)
2026-10-07 20:14:01,365 INFO [v36b] WHY-NOT AIXI px 2.0100 | crowd #1 $1465k held 7.0m, gainer #40 | NO PATTERN: no rip | last candles RR, vol 1.0x the 5 before (high break needs 2.0x)
2026-10-07 20:14:16,798 INFO [v36] WHY-NOT PFAI px 4.0195 | crowd #3 $500k, gainer #2 | NO CROWD: not top 2 held 2m, not ripping, not a top gainer with $1000k
2026-10-07 20:14:16,799 INFO [v36b] WHY-NOT PFAI px 4.0195 | crowd #3 $500k, gainer #2 | NO CROWD: not top 2 held 2m, not ripping, not a top gainer with $1000k
2026-10-07 20:14:26,639 INFO [v36] WHY-NOT SNXX px 15.7070 | crowd #2 $744k held 3.4m, gainer #58 | NO PATTERN: no rip | last candles GG, vol 0.1x the 5 before (high break needs 2.0x)
2026-10-07 20:14:26,642 INFO [v36b] WHY-NOT SNXX px 15.7070 | crowd #2 $744k held 3.4m, gainer #58 | NO PATTERN: no rip | last candles GG, vol 0.1x the 5 before (high break needs 2.0x)
2026-10-07 20:15:00,335 INFO [v36] WHY-NOT SUGP px 2.9700 | crowd #6 $297k, gainer #1 | NO CROWD: not top 2 held 2m, not ripping, not a top gainer with $1000k
2026-10-07 20:15:00,335 INFO [v36b] WHY-NOT SUGP px 2.9700 | crowd #6 $297k, gainer #1 | NO CROWD: not top 2 held 2m, not ripping, not a top gainer with $1000k
2026-10-07 20:15:00,391 INFO [v36] WHY-NOT IRIX px 1.0000 | crowd #2 $1046k held 0.0m, gainer #5 | NO CROWD: not top 2 held 2m, not ripping, not a top gainer with $1000k
2026-10-07 20:15:00,392 INFO [v36b] WHY-NOT IRIX px 1.0000 | crowd #2 $1046k held 0.0m, gainer #5 | NO CROWD: not top 2 held 2m, not ripping, not a top gainer with $1000k
2026-10-07 20:15:01,387 INFO [v36] WHY-NOT AIXI px 2.1000 | crowd #1 $1628k held 8.0m, gainer #25 | NO PATTERN: no rip | last candles RG, vol 1.0x the 5 before (high break needs 2.0x)
2026-10-07 20:15:01,389 INFO [v36b] WHY-NOT AIXI px 2.1000 | crowd #1 $1628k held 8.0m, gainer #25 | NO PATTERN: no rip | last candles RG, vol 1.0x the 5 before (high break needs 2.0x)
2026-10-07 20:15:19,195 INFO [v36] WHY-NOT PFAI px 4.1900 | crowd #3 $899k, gainer #2 | NO CROWD: not top 2 held 2m, not ripping, not a top gainer with $1000k
2026-10-07 20:15:19,195 INFO [v36b] WHY-NOT PFAI px 4.1900 | crowd #3 $899k, gainer #2 | NO CROWD: not top 2 held 2m, not ripping, not a top gainer with $1000k
2026-10-07 20:16:00,467 INFO [v36] WHY-NOT SUGP px 2.8377 | crowd #6 $400k, gainer #1 | NO CROWD: not top 2 held 2m, not ripping, not a top gainer with $1000k
2026-10-07 20:16:00,467 INFO [v36b] WHY-NOT SUGP px 2.8377 | crowd #6 $400k, gainer #1 | NO CROWD: not top 2 held 2m, not ripping, not a top gainer with $1000k
2026-10-07 20:16:00,799 INFO [v36] WHY-NOT KUST px 5.5200 | crowd #3 $823k, gainer #11 | NO CROWD: not top 2 held 2m, not ripping, not a top gainer with $1000k
2026-10-07 20:16:00,800 INFO [v36b] WHY-NOT KUST px 5.5200 | crowd #3 $823k, gainer #11 | NO CROWD: not top 2 held 2m, not ripping, not a top gainer with $1000k
2026-10-07 20:16:01,480 INFO [v36] WHY-NOT AIXI px 2.1100 | crowd #1 $1811k held 9.0m, gainer #16 | NO PATTERN: no rip | last candles GG, vol 1.1x the 5 before (high break needs 2.0x)
2026-10-07 20:16:01,485 INFO [v36b] WHY-NOT AIXI px 2.1100 | crowd #1 $1811k held 9.0m, gainer #16 | NO PATTERN: no rip | last candles GG, vol 1.1x the 5 before (high break needs 2.0x)
2026-10-07 20:16:22,290 INFO [v36] WHY-NOT PFAI px 4.1600 | crowd #4 $683k, gainer #2 | NO CROWD: not top 2 held 2m, not ripping, not a top gainer with $1000k
2026-10-07 20:16:22,291 INFO [v36b] WHY-NOT PFAI px 4.1600 | crowd #4 $683k, gainer #2 | NO CROWD: not top 2 held 2m, not ripping, not a top gainer with $1000k
2026-10-07 20:16:51,972 INFO [v36] WHY-NOT IRIX px 1.0000 | crowd #2 $1326k held 1.9m, gainer #5 | NO CROWD: not top 2 held 2m, not ripping, not a top gainer with $1000k
2026-10-07 20:16:51,973 INFO [v36b] WHY-NOT IRIX px 1.0000 | crowd #2 $1326k held 1.9m, gainer #5 | NO CROWD: not top 2 held 2m, not ripping, not a top gainer with $1000k
2026-10-07 20:17:00,558 INFO [v36] WHY-NOT SUGP px 3.2100 | crowd #5 $619k, gainer #1 | NO CROWD: not top 2 held 2m, not ripping, not a top gainer with $1000k
2026-10-07 20:17:00,559 INFO [v36b] WHY-NOT SUGP px 3.2100 | crowd #5 $619k, gainer #1 | NO CROWD: not top 2 held 2m, not ripping, not a top gainer with $1000k
2026-10-07 20:17:00,840 INFO [v36] WHY-NOT KUST px 5.1000 | crowd #3 $1204k, gainer #22 | NO CROWD: not top 2 held 2m, not ripping, not a top gainer with $1000k
2026-10-07 20:17:00,841 INFO [v36b] WHY-NOT KUST px 5.1000 | crowd #3 $1204k, gainer #22 | NO CROWD: not top 2 held 2m, not ripping, not a top gainer with $1000k
2026-10-07 20:17:01,951 INFO [v36] WHY-NOT AIXI px 2.0300 | crowd #1 $1771k held 10.0m, gainer #38 | NO PATTERN: no rip | last candles GR, vol 0.6x the 5 before (high break needs 2.0x)
2026-10-07 20:17:01,952 INFO [v36b] WHY-NOT AIXI px 2.0300 | crowd #1 $1771k held 10.0m, gainer #38 | NO PATTERN: no rip | last candles GR, vol 0.6x the 5 before (high break needs 2.0x)
2026-10-07 20:17:25,190 INFO [v36] WHY-NOT PFAI px 4.2900 | crowd #4 $726k, gainer #2 | NO CROWD: not top 2 held 2m, not ripping, not a top gainer with $1000k
2026-10-07 20:17:25,191 INFO [v36b] WHY-NOT PFAI px 4.2900 | crowd #4 $726k, gainer #2 | NO CROWD: not top 2 held 2m, not ripping, not a top gainer with $1000k
2026-10-07 20:18:01,582 INFO [v36] WHY-NOT SUGP px 2.9400 | crowd #4 $476k, gainer #1 | NO CROWD: not top 2 held 2m, not ripping, not a top gainer with $1000k
2026-10-07 20:18:01,583 INFO [v36b] WHY-NOT SUGP px 2.9400 | crowd #4 $476k, gainer #1 | NO CROWD: not top 2 held 2m, not ripping, not a top gainer with $1000k
2026-10-07 20:18:01,725 INFO [v36] WHY-NOT KUST px 4.5000 | crowd #3 $921k, gainer #65 | NO CROWD: not top 2 held 2m, not ripping, not a top gainer with $1000k
2026-10-07 20:18:01,725 INFO [v36b] WHY-NOT KUST px 4.5000 | crowd #3 $921k, gainer #65 | NO CROWD: not top 2 held 2m, not ripping, not a top gainer with $1000k
2026-10-07 20:18:02,516 INFO [v36] WHY-NOT AIXI px 2.0300 | crowd #1 $1264k held 11.0m, gainer #31 | NO PATTERN: no rip | last candles RG, vol 0.4x the 5 before (high break needs 2.0x)
2026-10-07 20:18:02,516 INFO [v36b] WHY-NOT AIXI px 2.0300 | crowd #1 $1264k held 11.0m, gainer #31 | NO PATTERN: no rip | last candles RG, vol 0.4x the 5 before (high break needs 2.0x)
2026-10-07 20:18:20,588 INFO [v36] WHY-NOT IRIX px 1.0000 | crowd #2 $1002k held 3.3m, gainer #5 | NO PATTERN: no rip | last candles RR, vol 0.2x the 5 before (high break needs 2.0x)
2026-10-07 20:18:20,588 INFO [v36b] WHY-NOT IRIX px 1.0000 | crowd #2 $1002k held 3.3m, gainer #5 | NO PATTERN: no rip | last candles RR, vol 0.2x the 5 before (high break needs 2.0x)
2026-10-07 20:18:32,533 INFO [v36] WHY-NOT PFAI px 4.3300 | crowd #5 $389k, gainer #2 | NO CROWD: not top 2 held 2m, not ripping, not a top gainer with $1000k
2026-10-07 20:18:32,534 INFO [v36b] WHY-NOT PFAI px 4.3300 | crowd #5 $389k, gainer #2 | NO CROWD: not top 2 held 2m, not ripping, not a top gainer with $1000k
2026-10-07 20:19:01,606 INFO [v36] WHY-NOT SUGP px 2.7100 | crowd #3 $1020k, gainer #1 | NO PATTERN: no rip | last candles RR, vol 1.0x the 5 before (high break needs 2.0x)
2026-10-07 20:19:01,607 INFO [v36b] WHY-NOT SUGP px 2.7100 | crowd #3 $1020k, gainer #1 | NO PATTERN: no rip | last candles RR, vol 1.0x the 5 before (high break needs 2.0x)
2026-10-07 20:19:01,829 INFO [v36] WHY-NOT KUST px 4.2900 | crowd #2 $1140k held 0.0m, gainer #66 | NO CROWD: not top 2 held 2m, not ripping, not a top gainer with $1000k
2026-10-07 20:19:01,830 INFO [v36b] WHY-NOT KUST px 4.2900 | crowd #2 $1140k held 0.0m, gainer #66 | NO CROWD: not top 2 held 2m, not ripping, not a top gainer with $1000k
2026-10-07 20:19:02,619 INFO [v36] WHY-NOT AIXI px 2.1298 | crowd #1 $1234k held 12.0m, gainer #16 | NO PATTERN: no rip | last candles GG, vol 0.7x the 5 before (high break needs 2.0x)
2026-10-07 20:19:02,620 INFO [v36b] WHY-NOT AIXI px 2.1298 | crowd #1 $1234k held 12.0m, gainer #16 | NO PATTERN: no rip | last candles GG, vol 0.7x the 5 before (high break needs 2.0x)
2026-10-07 20:19:32,719 INFO [v36] WHY-NOT PFAI px 4.2500 | crowd #6 $419k, gainer #2 | NO CROWD: not top 2 held 2m, not ripping, not a top gainer with $1000k
2026-10-07 20:19:32,719 INFO [v36b] WHY-NOT PFAI px 4.2500 | crowd #6 $419k, gainer #2 | NO CROWD: not top 2 held 2m, not ripping, not a top gainer with $1000k
2026-10-07 20:20:02,887 INFO [v36] WHY-NOT AIXI px 2.0100 | crowd #3 $701k, gainer #34 | NO CROWD: not top 2 held 2m, not ripping, not a top gainer with $1000k
2026-10-07 20:20:02,888 INFO [v36b] WHY-NOT AIXI px 2.0100 | crowd #3 $701k, gainer #34 | NO CROWD: not top 2 held 2m, not ripping, not a top gainer with $1000k
2026-10-07 20:20:03,303 INFO [v36] WHY-NOT KUST px 4.3600 | crowd #2 $846k held 1.1m, gainer #66 | NO CROWD: not top 2 held 2m, not ripping, not a top gainer with $1000k
2026-10-07 20:20:03,307 INFO [v36b] WHY-NOT KUST px 4.3600 | crowd #2 $846k held 1.1m, gainer #66 | NO CROWD: not top 2 held 2m, not ripping, not a top gainer with $1000k
2026-10-07 20:20:04,265 INFO [v36] WHY-NOT SUGP px 2.7000 | crowd #1 $917k held 0.1m, gainer #1 | NO CROWD: not top 2 held 2m, not ripping, not a top gainer with $1000k
2026-10-07 20:20:04,266 INFO [v36b] WHY-NOT SUGP px 2.7000 | crowd #1 $917k held 0.1m, gainer #1 | NO CROWD: not top 2 held 2m, not ripping, not a top gainer with $1000k
2026-10-07 20:20:38,400 INFO [v36] WHY-NOT PFAI px 4.2500 | crowd #6 $323k, gainer #2 | NO CROWD: not top 2 held 2m, not ripping, not a top gainer with $1000k
2026-10-07 20:20:38,401 INFO [v36b] WHY-NOT PFAI px 4.2500 | crowd #6 $323k, gainer #2 | NO CROWD: not top 2 held 2m, not ripping, not a top gainer with $1000k
2026-10-07 20:21:02,967 INFO [v36] WHY-NOT SNXX px 15.7000 | crowd #1 $1206k held 0.0m, gainer #57 | NO CROWD: not top 2 held 2m, not ripping, not a top gainer with $1000k
2026-10-07 20:21:02,968 INFO [v36b] WHY-NOT SNXX px 15.7000 | crowd #1 $1206k held 0.0m, gainer #57 | NO CROWD: not top 2 held 2m, not ripping, not a top gainer with $1000k
2026-10-07 20:21:02,970 INFO [v36] WHY-NOT AIXI px 1.9403 | crowd #2 $1038k held 0.0m, gainer #49 | NO CROWD: not top 2 held 2m, not ripping, not a top gainer with $1000k
2026-10-07 20:21:02,971 INFO [v36b] WHY-NOT AIXI px 1.9403 | crowd #2 $1038k held 0.0m, gainer #49 | NO CROWD: not top 2 held 2m, not ripping, not a top gainer with $1000k
2026-10-07 20:21:08,089 INFO [v36] WHY-NOT SUGP px 2.7100 | crowd #3 $903k, gainer #1 | NO CROWD: not top 2 held 2m, not ripping, not a top gainer with $1000k
2026-10-07 20:21:08,089 INFO [v36b] WHY-NOT SUGP px 2.7100 | crowd #3 $903k, gainer #1 | NO CROWD: not top 2 held 2m, not ripping, not a top gainer with $1000k
2026-10-07 20:21:39,892 INFO [v36] WHY-NOT PFAI px 4.2800 | crowd #8 $303k, gainer #2 | NO CROWD: not top 2 held 2m, not ripping, not a top gainer with $1000k
2026-10-07 20:21:39,893 INFO [v36b] WHY-NOT PFAI px 4.2800 | crowd #8 $303k, gainer #2 | NO CROWD: not top 2 held 2m, not ripping, not a top gainer with $1000k
2026-10-07 20:22:03,458 INFO [v36] WHY-NOT AIXI px 1.9980 | crowd #2 $867k held 1.1m, gainer #42 | NO CROWD: not top 2 held 2m, not ripping, not a top gainer with $1000k
2026-10-07 20:22:03,459 INFO [v36b] WHY-NOT AIXI px 1.9980 | crowd #2 $867k held 1.1m, gainer #42 | NO CROWD: not top 2 held 2m, not ripping, not a top gainer with $1000k
2026-10-07 20:22:05,749 INFO [v36] WHY-NOT SNXX px 15.7000 | crowd #1 $942k held 1.1m, gainer #57 | NO CROWD: not top 2 held 2m, not ripping, not a top gainer with $1000k
2026-10-07 20:22:05,749 INFO [v36b] WHY-NOT SNXX px 15.7000 | crowd #1 $942k held 1.1m, gainer #57 | NO CROWD: not top 2 held 2m, not ripping, not a top gainer with $1000k
2026-10-07 20:22:10,671 INFO [v36] WHY-NOT SUGP px 2.5800 | crowd #3 $416k, gainer #1 | NO CROWD: not top 2 held 2m, not ripping, not a top gainer with $1000k
2026-10-07 20:22:10,672 INFO [v36b] WHY-NOT SUGP px 2.5800 | crowd #3 $416k, gainer #1 | NO CROWD: not top 2 held 2m, not ripping, not a top gainer with $1000k
2026-10-07 20:22:48,278 INFO [v36] WHY-NOT PFAI px 4.1900 | crowd #8 $192k, gainer #2 | NO CROWD: not top 2 held 2m, not ripping, not a top gainer with $1000k
2026-10-07 20:22:48,278 INFO [v36b] WHY-NOT PFAI px 4.1900 | crowd #8 $192k, gainer #2 | NO CROWD: not top 2 held 2m, not ripping, not a top gainer with $1000k
2026-10-07 20:23:04,014 INFO [v36] WHY-NOT AIXI px 2.0502 | crowd #1 $1088k held 2.1m, gainer #28 | NO PATTERN: no rip | last candles GG, vol 1.5x the 5 before (high break needs 2.0x)
2026-10-07 20:23:04,015 INFO [v36b] WHY-NOT AIXI px 2.0502 | crowd #1 $1088k held 2.1m, gainer #28 | NO PATTERN: no rip | last candles GG, vol 1.5x the 5 before (high break needs 2.0x)
2026-10-07 20:23:15,841 INFO [v36] WHY-NOT SUGP px 2.5300 | crowd #6 $274k, gainer #1 | NO CROWD: not top 2 held 2m, not ripping, not a top gainer with $1000k
2026-10-07 20:23:15,844 INFO [v36b] WHY-NOT SUGP px 2.5300 | crowd #6 $274k, gainer #1 | NO CROWD: not top 2 held 2m, not ripping, not a top gainer with $1000k
2026-10-07 20:23:16,477 INFO [v36] WHY-NOT SNXX px 15.7185 | crowd #2 $939k held 2.3m, gainer #55 | NO PATTERN: no rip | last candles RG, vol 0.7x the 5 before (high break needs 2.0x)
2026-10-07 20:23:16,477 INFO [v36b] WHY-NOT SNXX px 15.7185 | crowd #2 $939k held 2.3m, gainer #55 | NO PATTERN: no rip | last candles RG, vol 0.7x the 5 before (high break needs 2.0x)
2026-10-07 20:23:52,703 INFO [v36] WHY-NOT PFAI px 4.1500 | crowd #9 $186k, gainer #2 | NO CROWD: not top 2 held 2m, not ripping, not a top gainer with $1000k
2026-10-07 20:23:52,704 INFO [v36b] WHY-NOT PFAI px 4.1500 | crowd #9 $186k, gainer #2 | NO CROWD: not top 2 held 2m, not ripping, not a top gainer with $1000k
2026-10-07 20:24:03,968 INFO [v36] WHY-NOT BIYA px 2.3500 | crowd #3 $733k, gainer #3 | NO: 6 buys today
2026-10-07 20:24:03,968 INFO [v36b] WHY-NOT BIYA px 2.3500 | crowd #3 $733k, gainer #3 | NO: 6 buys today
2026-10-07 20:24:04,709 INFO [v36] WHY-NOT AIXI px 1.9800 | crowd #2 $985k held 3.1m, gainer #44 | NO PATTERN: no rip | last candles GR, vol 0.5x the 5 before (high break needs 2.0x)
2026-10-07 20:24:04,710 INFO [v36b] WHY-NOT AIXI px 1.9800 | crowd #2 $985k held 3.1m, gainer #44 | NO PATTERN: no rip | last candles GR, vol 0.5x the 5 before (high break needs 2.0x)
2026-10-07 20:24:24,449 INFO [v36] WHY-NOT SUGP px 2.5490 | crowd #9 $139k, gainer #1 | NO CROWD: not top 2 held 2m, not ripping, not a top gainer with $1000k
2026-10-07 20:24:24,449 INFO [v36b] WHY-NOT SUGP px 2.5490 | crowd #9 $139k, gainer #1 | NO CROWD: not top 2 held 2m, not ripping, not a top gainer with $1000k
2026-10-07 20:24:53,367 INFO [v36] WHY-NOT PFAI px 4.0197 | crowd #8 $159k, gainer #2 | NO CROWD: not top 2 held 2m, not ripping, not a top gainer with $1000k
2026-10-07 20:24:53,367 INFO [v36b] WHY-NOT PFAI px 4.0197 | crowd #8 $159k, gainer #2 | NO CROWD: not top 2 held 2m, not ripping, not a top gainer with $1000k
2026-10-07 20:25:04,317 INFO [v36] WHY-NOT IRIX px 1.0400 | crowd #1 $1314k held 1.1m, gainer #4 | NO CROWD: not top 2 held 2m, not ripping, not a top gainer with $1000k
2026-10-07 20:25:04,319 INFO [v36] WHY-NOT BIYA px 2.2800 | crowd #3 $598k, gainer #3 | NO: 6 buys today
2026-10-07 20:25:05,109 INFO [v36] WHY-NOT AIXI px 2.0153 | crowd #2 $880k held 4.1m, gainer #32 | NO PATTERN: no rip | last candles RG, vol 1.0x the 5 before (high break needs 2.0x)
2026-10-07 20:25:05,717 INFO [v36b] WHY-NOT IRIX px 1.0400 | crowd #1 $1314k held 1.1m, gainer #4 | NO CROWD: not top 2 held 2m, not ripping, not a top gainer with $1000k
2026-10-07 20:25:05,718 INFO [v36b] WHY-NOT AIXI px 2.0300 | crowd #2 $880k held 4.1m, gainer #32 | NO PATTERN: no rip | last candles RG, vol 1.0x the 5 before (high break needs 2.0x)
2026-10-07 20:25:05,718 INFO [v36b] WHY-NOT BIYA px 2.2800 | crowd #3 $598k, gainer #3 | NO: 6 buys today
2026-10-07 20:25:28,259 INFO [v36] WHY-NOT SUGP px 2.5600 | crowd #8 $116k, gainer #1 | NO CROWD: not top 2 held 2m, not ripping, not a top gainer with $1000k
2026-10-07 20:25:28,259 INFO [v36b] WHY-NOT SUGP px 2.5600 | crowd #8 $116k, gainer #1 | NO CROWD: not top 2 held 2m, not ripping, not a top gainer with $1000k
2026-10-07 20:25:55,341 INFO [v36] WHY-NOT PFAI px 4.0000 | crowd #6 $196k, gainer #2 | NO CROWD: not top 2 held 2m, not ripping, not a top gainer with $1000k
2026-10-07 20:25:55,344 INFO [v36b] WHY-NOT PFAI px 4.0000 | crowd #6 $196k, gainer #2 | NO CROWD: not top 2 held 2m, not ripping, not a top gainer with $1000k
2026-10-07 20:26:02,552 INFO [v36] WHY-NOT SNXX px 15.7300 | crowd #3 $580k, gainer #55 | NO CROWD: not top 2 held 2m, not ripping, not a top gainer with $1000k
2026-10-07 20:26:02,552 INFO [v36b] WHY-NOT SNXX px 15.7300 | crowd #3 $580k, gainer #55 | NO CROWD: not top 2 held 2m, not ripping, not a top gainer with $1000k
2026-10-07 20:26:04,325 INFO [v36] WHY-NOT IRIX px 1.0096 | crowd #1 $1612k held 2.1m, gainer #5 | WAIT: hod trigger 1.1300
2026-10-07 20:26:05,417 INFO [v36] WHY-NOT AIXI px 2.1000 | crowd #2 $1026k held 5.1m, gainer #21 | NO PATTERN: no rip | last candles GG, vol 1.1x the 5 before (high break needs 2.0x)
2026-10-07 20:26:05,971 INFO [v36b] WHY-NOT IRIX px 1.0000 | crowd #1 $1612k held 2.1m, gainer #5 | WAIT: hod trigger 1.1300
2026-10-07 20:26:05,980 INFO [v36b] WHY-NOT AIXI px 2.0800 | crowd #2 $1026k held 5.1m, gainer #21 | NO PATTERN: no rip | last candles GG, vol 1.1x the 5 before (high break needs 2.0x)
2026-10-07 20:26:32,353 INFO [v36] WHY-NOT SUGP px 2.6100 | crowd #9 $95k, gainer #1 | NO CROWD: not top 2 held 2m, not ripping, not a top gainer with $1000k
2026-10-07 20:26:32,353 INFO [v36b] WHY-NOT SUGP px 2.6100 | crowd #9 $95k, gainer #1 | NO CROWD: not top 2 held 2m, not ripping, not a top gainer with $1000k
2026-10-07 20:26:58,264 INFO [v36] WHY-NOT PFAI px 3.9105 | crowd #6 $232k, gainer #2 | NO CROWD: not top 2 held 2m, not ripping, not a top gainer with $1000k
2026-10-07 20:26:58,264 INFO [v36b] WHY-NOT PFAI px 3.9105 | crowd #6 $232k, gainer #2 | NO CROWD: not top 2 held 2m, not ripping, not a top gainer with $1000k
2026-10-07 20:27:04,461 INFO [v36] WHY-NOT IRIX px 1.0004 | crowd #1 $1418k held 3.1m, gainer #5 | WAIT: hod trigger 1.1300
2026-10-07 20:27:06,036 INFO [v36b] WHY-NOT IRIX px 1.0000 | crowd #1 $1418k held 3.1m, gainer #5 | WAIT: hod trigger 1.1300
2026-10-07 20:27:06,119 INFO [v36] WHY-NOT AIXI px 2.0607 | crowd #2 $965k held 6.1m, gainer #20 | NO PATTERN: no rip | last candles GG, vol 1.3x the 5 before (high break needs 2.0x)
2026-10-07 20:27:06,120 INFO [v36b] WHY-NOT AIXI px 2.0607 | crowd #2 $965k held 6.1m, gainer #20 | NO PATTERN: no rip | last candles GG, vol 1.3x the 5 before (high break needs 2.0x)
2026-10-07 20:27:14,161 INFO [v36] WHY-NOT SNXX px 15.7400 | crowd #3 $537k, gainer #54 | NO CROWD: not top 2 held 2m, not ripping, not a top gainer with $1000k
2026-10-07 20:27:14,162 INFO [v36b] WHY-NOT SNXX px 15.7400 | crowd #3 $537k, gainer #54 | NO CROWD: not top 2 held 2m, not ripping, not a top gainer with $1000k
2026-10-07 20:27:37,481 INFO [v36] WHY-NOT SUGP px 2.6000 | crowd #8 $69k, gainer #1 | NO CROWD: not top 2 held 2m, not ripping, not a top gainer with $1000k
2026-10-07 20:27:37,481 INFO [v36b] WHY-NOT SUGP px 2.6000 | crowd #8 $69k, gainer #1 | NO CROWD: not top 2 held 2m, not ripping, not a top gainer with $1000k
2026-10-07 20:28:02,913 INFO [v36] WHY-NOT PFAI px 3.9900 | crowd #5 $235k, gainer #2 | NO CROWD: not top 2 held 2m, not ripping, not a top gainer with $1000k
2026-10-07 20:28:02,913 INFO [v36b] WHY-NOT PFAI px 3.9900 | crowd #5 $235k, gainer #2 | NO CROWD: not top 2 held 2m, not ripping, not a top gainer with $1000k
2026-10-07 20:28:06,149 INFO [v36] WHY-NOT AIXI px 2.0599 | crowd #2 $991k held 7.1m, gainer #26 | NO PATTERN: no rip | last candles GR, vol 0.6x the 5 before (high break needs 2.0x)
2026-10-07 20:28:06,225 INFO [v36b] WHY-NOT AIXI px 2.0599 | crowd #2 $991k held 7.1m, gainer #26 | NO PATTERN: no rip | last candles GR, vol 0.6x the 5 before (high break needs 2.0x)
2026-10-07 20:28:16,662 INFO [v36] WHY-NOT SNXX px 15.7600 | crowd #3 $725k, gainer #53 | NO CROWD: not top 2 held 2m, not ripping, not a top gainer with $1000k
2026-10-07 20:28:16,663 INFO [v36b] WHY-NOT SNXX px 15.7600 | crowd #3 $725k, gainer #53 | NO CROWD: not top 2 held 2m, not ripping, not a top gainer with $1000k
2026-10-07 20:28:43,487 INFO [v36] WHY-NOT SUGP px 2.5703 | crowd #10 $32k, gainer #1 | NO CROWD: not top 2 held 2m, not ripping, not a top gainer with $1000k
2026-10-07 20:28:43,488 INFO [v36b] WHY-NOT SUGP px 2.5703 | crowd #10 $32k, gainer #1 | NO CROWD: not top 2 held 2m, not ripping, not a top gainer with $1000k
2026-10-07 20:29:04,716 INFO [v36] WHY-NOT PFAI px 3.9900 | crowd #5 $205k, gainer #2 | NO CROWD: not top 2 held 2m, not ripping, not a top gainer with $1000k
2026-10-07 20:29:04,717 INFO [v36b] WHY-NOT PFAI px 3.9900 | crowd #5 $205k, gainer #2 | NO CROWD: not top 2 held 2m, not ripping, not a top gainer with $1000k
2026-10-07 20:29:06,346 INFO [v36] WHY-NOT AIXI px 2.1200 | crowd #1 $848k held 8.1m, gainer #21 | NO PATTERN: no rip | last candles RG, vol 0.5x the 5 before (high break needs 2.0x)
2026-10-07 20:29:06,347 INFO [v36b] WHY-NOT AIXI px 2.1200 | crowd #1 $848k held 8.1m, gainer #21 | NO PATTERN: no rip | last candles RG, vol 0.5x the 5 before (high break needs 2.0x)
2026-10-07 20:29:17,139 INFO [v36] WHY-NOT SNXX px 15.7690 | crowd #3 $797k, gainer #53 | NO CROWD: not top 2 held 2m, not ripping, not a top gainer with $1000k
2026-10-07 20:29:17,139 INFO [v36b] WHY-NOT SNXX px 15.7690 | crowd #3 $797k, gainer #53 | NO CROWD: not top 2 held 2m, not ripping, not a top gainer with $1000k
2026-10-07 20:29:52,795 INFO [v36] WHY-NOT SUGP px 2.5700 | crowd #10 $23k, gainer #1 | NO CROWD: not top 2 held 2m, not ripping, not a top gainer with $1000k
2026-10-07 20:29:52,795 INFO [v36b] WHY-NOT SUGP px 2.5700 | crowd #10 $23k, gainer #1 | NO CROWD: not top 2 held 2m, not ripping, not a top gainer with $1000k
2026-10-07 20:30:05,554 INFO [v36] WHY-NOT PFAI px 4.1100 | crowd #5 $153k, gainer #2 | NO CROWD: not top 2 held 2m, not ripping, not a top gainer with $1000k
2026-10-07 20:30:05,554 INFO [v36b] WHY-NOT PFAI px 4.1100 | crowd #5 $153k, gainer #2 | NO CROWD: not top 2 held 2m, not ripping, not a top gainer with $1000k
2026-10-07 20:30:06,579 INFO [v36] WHY-NOT AIXI px 2.2250 | crowd #1 $1324k held 9.1m, gainer #11 | NO PATTERN: rip 16:29 dead | last candles GG, vol 3.2x the 5 before (high break needs 2.0x)
2026-10-07 20:30:06,581 INFO [v36b] WHY-NOT AIXI px 2.2250 | crowd #1 $1324k held 9.1m, gainer #11 | NO PATTERN: rip 16:29 dead | last candles GG, vol 3.2x the 5 before (high break needs 2.0x)
2026-10-07 20:30:18,739 INFO [v36b] WHY-NOT SNXX px 15.7800 | crowd #3 $791k, gainer #52 | NO CROWD: not top 2 held 2m, not ripping, not a top gainer with $1000k
2026-10-07 20:30:20,101 INFO [v36] WHY-NOT SNXX px 15.7800 | crowd #3 $791k, gainer #52 | NO CROWD: not top 2 held 2m, not ripping, not a top gainer with $1000k
2026-10-07 20:30:52,798 INFO [v36] WHY-NOT SUGP px 2.5800 | crowd #12 $23k, gainer #1 | NO CROWD: not top 2 held 2m, not ripping, not a top gainer with $1000k
2026-10-07 20:30:52,798 INFO [v36b] WHY-NOT SUGP px 2.5800 | crowd #12 $23k, gainer #1 | NO CROWD: not top 2 held 2m, not ripping, not a top gainer with $1000k
2026-10-07 20:31:05,601 INFO [v36] WHY-NOT PFAI px 4.1000 | crowd #5 $165k, gainer #2 | NO CROWD: not top 2 held 2m, not ripping, not a top gainer with $1000k
2026-10-07 20:31:05,601 INFO [v36b] WHY-NOT PFAI px 4.1000 | crowd #5 $165k, gainer #2 | NO CROWD: not top 2 held 2m, not ripping, not a top gainer with $1000k
2026-10-07 20:31:06,888 INFO [v36b] WHY-NOT AIXI px 2.2800 | crowd #1 $1827k held 10.1m, gainer #10 | WAIT: hod trigger 2.3700
2026-10-07 20:31:25,648 INFO [v36] WHY-NOT SNXX px 15.7700 | crowd #3 $793k, gainer #52 | NO CROWD: not top 2 held 2m, not ripping, not a top gainer with $1000k
2026-10-07 20:31:25,649 INFO [v36b] WHY-NOT SNXX px 15.7700 | crowd #3 $793k, gainer #52 | NO CROWD: not top 2 held 2m, not ripping, not a top gainer with $1000k
2026-10-07 20:31:41,055 INFO [v36] WHY-NOT AIXI px 2.2900 | crowd #1 $1827k held 10.7m, gainer #10 | WAIT: hod trigger 2.3700
2026-10-07 20:32:06,894 INFO [v36b] WHY-NOT AIXI px 2.2000 | crowd #1 $1674k held 11.1m, gainer #8 | WAIT: hod trigger 2.4100
2026-10-07 20:32:15,105 INFO [v36] WHY-NOT PFAI px 4.0300 | crowd #4 $139k, gainer #2 | NO CROWD: not top 2 held 2m, not ripping, not a top gainer with $1000k
2026-10-07 20:32:15,106 INFO [v36b] WHY-NOT PFAI px 4.0300 | crowd #4 $139k, gainer #2 | NO CROWD: not top 2 held 2m, not ripping, not a top gainer with $1000k
2026-10-07 20:32:23,981 INFO [v36] WHY-NOT SUGP px 2.6300 | crowd #10 $15k, gainer #1 | NO CROWD: not top 2 held 2m, not ripping, not a top gainer with $1000k
2026-10-07 20:32:23,981 INFO [v36b] WHY-NOT SUGP px 2.6300 | crowd #10 $15k, gainer #1 | NO CROWD: not top 2 held 2m, not ripping, not a top gainer with $1000k
2026-10-07 20:32:41,113 INFO [v36] WHY-NOT AIXI px 2.1000 | crowd #1 $1674k held 11.7m, gainer #8 | WAIT: hod trigger 2.4100
2026-10-07 20:32:46,511 INFO [v36] WHY-NOT SNXX px 15.7600 | crowd #3 $413k, gainer #53 | NO CROWD: not top 2 held 2m, not ripping, not a top gainer with $1000k
2026-10-07 20:32:46,511 INFO [v36b] WHY-NOT SNXX px 15.7600 | crowd #3 $413k, gainer #53 | NO CROWD: not top 2 held 2m, not ripping, not a top gainer with $1000k
2026-10-07 20:33:06,953 INFO [v36b] WHY-NOT AIXI px 2.0700 | crowd #1 $2788k held 12.1m, gainer #26 | WAIT: hod trigger 2.4100
2026-10-07 20:33:16,596 INFO [v36] WHY-NOT PFAI px 4.1000 | crowd #6 $184k, gainer #2 | NO CROWD: not top 2 held 2m, not ripping, not a top gainer with $1000k
2026-10-07 20:33:16,596 INFO [v36b] WHY-NOT PFAI px 4.1000 | crowd #6 $184k, gainer #2 | NO CROWD: not top 2 held 2m, not ripping, not a top gainer with $1000k
2026-10-07 20:33:30,586 INFO [v36] WHY-NOT SUGP px 2.6700 | crowd #9 $26k, gainer #1 | NO CROWD: not top 2 held 2m, not ripping, not a top gainer with $1000k
2026-10-07 20:33:30,587 INFO [v36b] WHY-NOT SUGP px 2.6700 | crowd #9 $26k, gainer #1 | NO CROWD: not top 2 held 2m, not ripping, not a top gainer with $1000k
2026-10-07 20:33:41,465 INFO [v36] WHY-NOT AIXI px 2.0800 | crowd #1 $2788k held 12.7m, gainer #26 | WAIT: hod trigger 2.4100
2026-10-07 20:34:07,091 INFO [v36b] WHY-NOT AIXI px 2.0748 | crowd #1 $2027k held 13.1m, gainer #25 | WAIT: hod trigger 2.4100
2026-10-07 20:34:17,555 INFO [v36] WHY-NOT PFAI px 4.1300 | crowd #5 $142k, gainer #2 | NO CROWD: not top 2 held 2m, not ripping, not a top gainer with $1000k
2026-10-07 20:34:17,556 INFO [v36b] WHY-NOT PFAI px 4.1300 | crowd #5 $142k, gainer #2 | NO CROWD: not top 2 held 2m, not ripping, not a top gainer with $1000k
2026-10-07 20:34:19,919 INFO [v36b] WHY-NOT NCPL px 1.7500 | crowd #2 $690k held 0.3m, gainer #4 | NO CROWD: not top 2 held 2m, not ripping, not a top gainer with $1000k
2026-10-07 20:34:26,724 INFO [v36] WHY-NOT NCPL px 1.7400 | crowd #2 $690k held 0.4m, gainer #4 | NO CROWD: not top 2 held 2m, not ripping, not a top gainer with $1000k
2026-10-07 20:34:41,525 INFO [v36] WHY-NOT AIXI px 2.2500 | crowd #1 $2027k held 13.7m, gainer #25 | WAIT: hod trigger 2.4100
2026-10-07 20:34:57,897 INFO [v36] WHY-NOT SUGP px 2.6800 | crowd #8 $23k, gainer #1 | NO CROWD: not top 2 held 2m, not ripping, not a top gainer with $1000k
2026-10-07 20:34:57,897 INFO [v36b] WHY-NOT SUGP px 2.6800 | crowd #8 $23k, gainer #1 | NO CROWD: not top 2 held 2m, not ripping, not a top gainer with $1000k
2026-10-07 20:35:07,149 INFO [v36b] WHY-NOT AIXI px 2.3100 | crowd #1 $1871k held 14.1m, gainer #10 | WAIT: hod trigger 2.4100
2026-10-07 20:35:20,368 INFO [v36b] WHY-NOT NCPL px 1.7513 | crowd #2 $974k held 1.3m, gainer #4 | NO CROWD: not top 2 held 2m, not ripping, not a top gainer with $1000k
2026-10-07 20:35:22,477 INFO [v36] WHY-NOT PFAI px 4.1700 | crowd #5 $150k, gainer #2 | NO CROWD: not top 2 held 2m, not ripping, not a top gainer with $1000k
2026-10-07 20:35:22,477 INFO [v36b] WHY-NOT PFAI px 4.1700 | crowd #5 $150k, gainer #2 | NO CROWD: not top 2 held 2m, not ripping, not a top gainer with $1000k
2026-10-07 20:35:27,106 INFO [v36] WHY-NOT NCPL px 1.7400 | crowd #2 $974k held 1.5m, gainer #4 | NO CROWD: not top 2 held 2m, not ripping, not a top gainer with $1000k
2026-10-07 20:35:41,602 INFO [v36] WHY-NOT AIXI px 2.3600 | crowd #1 $1871k held 14.7m, gainer #10 | WAIT: hod trigger 2.4100
2026-10-07 20:35:59,689 INFO [v36] WHY-NOT SUGP px 2.6800 | crowd #8 $34k, gainer #1 | NO CROWD: not top 2 held 2m, not ripping, not a top gainer with $1000k
2026-10-07 20:35:59,761 INFO [v36b] WHY-NOT SUGP px 2.6800 | crowd #8 $34k, gainer #1 | NO CROWD: not top 2 held 2m, not ripping, not a top gainer with $1000k
2026-10-07 20:36:07,346 INFO [v36b] WHY-NOT AIXI px 2.3400 | crowd #1 $2108k held 15.1m, gainer #5 | WAIT: hod trigger 2.4400
2026-10-07 20:36:21,628 INFO [v36b] WHY-NOT NCPL px 1.7400 | crowd #2 $951k held 2.4m, gainer #4 | WAIT: hod trigger 1.9100
2026-10-07 20:36:24,611 INFO [v36] WHY-NOT PFAI px 4.0600 | crowd #6 $134k, gainer #2 | NO CROWD: not top 2 held 2m, not ripping, not a top gainer with $1000k
2026-10-07 20:36:24,612 INFO [v36b] WHY-NOT PFAI px 4.0600 | crowd #6 $134k, gainer #2 | NO CROWD: not top 2 held 2m, not ripping, not a top gainer with $1000k
2026-10-07 20:36:31,100 INFO [v36] WHY-NOT NCPL px 1.7300 | crowd #2 $951k held 2.5m, gainer #4 | WAIT: hod trigger 1.9100
2026-10-07 20:36:41,731 INFO [v36] WHY-NOT AIXI px 2.3000 | crowd #1 $2108k held 15.7m, gainer #5 | WAIT: hod trigger 2.4400
2026-10-07 20:37:08,090 INFO [v36b] WHY-NOT AIXI px 2.2794 | crowd #1 $1580k held 16.1m, gainer #9 | WAIT: hod trigger 2.4400
2026-10-07 20:37:21,795 INFO [v36b] WHY-NOT NCPL px 1.6900 | crowd #2 $439k held 3.4m, gainer #4 | WAIT: hod trigger 1.9100
2026-10-07 20:37:31,569 INFO [v36] WHY-NOT NCPL px 1.6815 | crowd #2 $439k held 3.5m, gainer #4 | WAIT: hod trigger 1.9100
2026-10-07 20:37:36,622 INFO [v36] WHY-NOT SUGP px 2.6400 | crowd #11 $17k, gainer #1 | NO CROWD: not top 2 held 2m, not ripping, not a top gainer with $1000k
2026-10-07 20:37:36,622 INFO [v36b] WHY-NOT SUGP px 2.6400 | crowd #11 $17k, gainer #1 | NO CROWD: not top 2 held 2m, not ripping, not a top gainer with $1000k
2026-10-07 20:37:41,879 INFO [v36] WHY-NOT AIXI px 2.2600 | crowd #1 $1580k held 16.7m, gainer #9 | WAIT: hod trigger 2.4400
2026-10-07 20:37:53,490 INFO [v36] WHY-NOT PFAI px 4.0700 | crowd #5 $106k, gainer #2 | NO CROWD: not top 2 held 2m, not ripping, not a top gainer with $1000k
2026-10-07 20:37:53,490 INFO [v36b] WHY-NOT PFAI px 4.0700 | crowd #5 $106k, gainer #2 | NO CROWD: not top 2 held 2m, not ripping, not a top gainer with $1000k
2026-10-07 20:38:08,123 INFO [v36b] WHY-NOT AIXI px 2.2939 | crowd #1 $2054k held 17.1m, gainer #8 | WAIT: hod trigger 2.4400
2026-10-07 20:38:23,035 INFO [v36b] WHY-NOT NCPL px 1.7100 | crowd #2 $386k held 4.4m, gainer #4 | WAIT: hod trigger 1.9100
2026-10-07 20:38:32,877 INFO [v36] WHY-NOT NCPL px 1.7002 | crowd #2 $386k held 4.5m, gainer #4 | WAIT: hod trigger 1.9100
2026-10-07 20:38:41,883 INFO [v36] WHY-NOT AIXI px 2.2658 | crowd #1 $2054k held 17.7m, gainer #8 | WAIT: hod trigger 2.4400
2026-10-07 20:38:57,935 INFO [v36] WHY-NOT PFAI px 4.0400 | crowd #7 $113k, gainer #2 | NO CROWD: not top 2 held 2m, not ripping, not a top gainer with $1000k
2026-10-07 20:38:57,936 INFO [v36b] WHY-NOT PFAI px 4.0400 | crowd #7 $113k, gainer #2 | NO CROWD: not top 2 held 2m, not ripping, not a top gainer with $1000k
2026-10-07 20:39:05,876 INFO [v36] WHY-NOT QTEX px 1.7001 | crowd #3 $161k, gainer #46 | NO FLOAT: 60.8M > 20M
2026-10-07 20:39:05,876 INFO [v36b] WHY-NOT QTEX px 1.7001 | crowd #3 $161k, gainer #46 | NO FLOAT: 60.8M > 20M
2026-10-07 20:39:08,442 INFO [v36b] WHY-NOT AIXI px 2.2800 | crowd #1 $1653k held 18.1m, gainer #11 | WAIT: hod trigger 2.4400
2026-10-07 20:39:19,748 INFO [v36] WHY-NOT SUGP px 2.6700 | crowd #16 $20k, gainer #1 | NO CROWD: not top 2 held 2m, not ripping, not a top gainer with $1000k
2026-10-07 20:39:19,749 INFO [v36b] WHY-NOT SUGP px 2.6700 | crowd #16 $20k, gainer #1 | NO CROWD: not top 2 held 2m, not ripping, not a top gainer with $1000k
2026-10-07 20:39:25,777 INFO [v36b] WHY-NOT NCPL px 1.7150 | crowd #2 $233k held 5.4m, gainer #4 | WAIT: hod trigger 1.9100
2026-10-07 20:39:33,631 INFO [v36] WHY-NOT NCPL px 1.7100 | crowd #2 $233k held 5.6m, gainer #4 | WAIT: hod trigger 1.9100
2026-10-07 20:39:42,466 INFO [v36] WHY-NOT AIXI px 2.2685 | crowd #1 $1653k held 18.7m, gainer #11 | WAIT: hod trigger 2.4400
2026-10-07 20:40:02,457 INFO [v36] WHY-NOT PROF px 6.5800 | crowd #2 $339k held 0.0m, gainer #41 | NO FLOAT: 34.9M > 20M
2026-10-07 20:40:02,458 INFO [v36b] WHY-NOT PROF px 6.5800 | crowd #2 $339k held 0.0m, gainer #41 | NO FLOAT: 34.9M > 20M
2026-10-07 20:40:02,922 INFO [v36] WHY-NOT PFAI px 4.0500 | crowd #10 $61k, gainer #2 | NO CROWD: not top 2 held 2m, not ripping, not a top gainer with $1000k
2026-10-07 20:40:02,922 INFO [v36b] WHY-NOT PFAI px 4.0500 | crowd #10 $61k, gainer #2 | NO CROWD: not top 2 held 2m, not ripping, not a top gainer with $1000k
2026-10-07 20:40:08,632 INFO [v36b] WHY-NOT AIXI px 2.2100 | crowd #1 $1114k held 19.1m, gainer #12 | WAIT: hod trigger 2.4400
2026-10-07 20:40:21,076 INFO [v36] WHY-NOT SUGP px 2.6900 | crowd #14 $26k, gainer #1 | NO CROWD: not top 2 held 2m, not ripping, not a top gainer with $1000k
2026-10-07 20:40:21,085 INFO [v36b] WHY-NOT SUGP px 2.6900 | crowd #14 $26k, gainer #1 | NO CROWD: not top 2 held 2m, not ripping, not a top gainer with $1000k
2026-10-07 20:40:25,893 INFO [v36b] WHY-NOT NCPL px 1.7700 | crowd #3 $242k, gainer #4 | NO CROWD: not top 2 held 2m, not ripping, not a top gainer with $1000k
2026-10-07 20:40:33,901 INFO [v36] WHY-NOT NCPL px 1.7720 | crowd #3 $242k, gainer #4 | NO CROWD: not top 2 held 2m, not ripping, not a top gainer with $1000k
2026-10-07 20:40:43,609 INFO [v36] WHY-NOT AIXI px 2.1794 | crowd #1 $1114k held 19.7m, gainer #12 | WAIT: hod trigger 2.4400
2026-10-07 20:41:04,632 INFO [v36] WHY-NOT PROF px 6.6300 | crowd #2 $378k held 1.1m, gainer #36 | NO FLOAT: 34.9M > 20M
2026-10-07 20:41:04,632 INFO [v36b] WHY-NOT PROF px 6.6300 | crowd #2 $378k held 1.1m, gainer #36 | NO FLOAT: 34.9M > 20M
2026-10-07 20:41:09,299 INFO [v36b] WHY-NOT AIXI px 2.1900 | crowd #1 $888k held 20.2m, gainer #13 | WAIT: hod trigger 2.4400
2026-10-07 20:41:21,582 INFO [v36] WHY-NOT SUGP px 2.6500 | crowd #12 $39k, gainer #1 | NO CROWD: not top 2 held 2m, not ripping, not a top gainer with $1000k
2026-10-07 20:41:21,583 INFO [v36b] WHY-NOT SUGP px 2.6500 | crowd #12 $39k, gainer #1 | NO CROWD: not top 2 held 2m, not ripping, not a top gainer with $1000k
2026-10-07 20:41:24,474 INFO [v36] WHY-NOT PFAI px 4.0000 | crowd #9 $87k, gainer #2 | NO CROWD: not top 2 held 2m, not ripping, not a top gainer with $1000k
2026-10-07 20:41:24,477 INFO [v36b] WHY-NOT PFAI px 4.0000 | crowd #9 $87k, gainer #2 | NO CROWD: not top 2 held 2m, not ripping, not a top gainer with $1000k
2026-10-07 20:41:27,674 INFO [v36b] WHY-NOT NCPL px 1.7590 | crowd #3 $311k, gainer #4 | NO CROWD: not top 2 held 2m, not ripping, not a top gainer with $1000k
2026-10-07 20:41:34,465 INFO [v36] WHY-NOT NCPL px 1.7500 | crowd #3 $311k, gainer #4 | NO CROWD: not top 2 held 2m, not ripping, not a top gainer with $1000k
2026-10-07 20:41:44,569 INFO [v36] WHY-NOT AIXI px 2.2080 | crowd #1 $888k held 20.7m, gainer #13 | WAIT: hod trigger 2.4400
2026-10-07 20:42:02,010 INFO [v36] WHY-NOT BIYA px 2.3000 | crowd #8 $75k, gainer #2 | NO: 6 buys today
2026-10-07 20:42:02,011 INFO [v36b] WHY-NOT BIYA px 2.3000 | crowd #8 $75k, gainer #2 | NO: 6 buys today
2026-10-07 20:42:06,655 INFO [v36] WHY-NOT PROF px 6.8100 | crowd #3 $263k, gainer #25 | NO FLOAT: 34.9M > 20M
2026-10-07 20:42:06,656 INFO [v36b] WHY-NOT PROF px 6.8100 | crowd #3 $263k, gainer #25 | NO FLOAT: 34.9M > 20M
2026-10-07 20:42:10,338 INFO [v36b] WHY-NOT AIXI px 2.1900 | crowd #1 $723k held 21.2m, gainer #13 | WAIT: hod trigger 2.4400
2026-10-07 20:42:31,051 INFO [v36b] WHY-NOT NCPL px 1.7500 | crowd #2 $287k held 0.5m, gainer #4 | NO CROWD: not top 2 held 2m, not ripping, not a top gainer with $1000k
2026-10-07 20:42:37,343 INFO [v36] WHY-NOT SUGP px 2.6500 | crowd #13 $37k, gainer #1 | NO CROWD: not top 2 held 2m, not ripping, not a top gainer with $1000k
2026-10-07 20:42:37,343 INFO [v36b] WHY-NOT SUGP px 2.6500 | crowd #13 $37k, gainer #1 | NO CROWD: not top 2 held 2m, not ripping, not a top gainer with $1000k
2026-10-07 20:42:40,905 INFO [v36] WHY-NOT NCPL px 1.7400 | crowd #2 $287k held 0.7m, gainer #4 | NO CROWD: not top 2 held 2m, not ripping, not a top gainer with $1000k
2026-10-07 20:42:45,354 INFO [v36] WHY-NOT AIXI px 2.2501 | crowd #1 $723k held 21.8m, gainer #13 | WAIT: hod trigger 2.4400
2026-10-07 20:43:02,717 INFO [v36] WHY-NOT PFAI px 3.9700 | crowd #3 $154k, gainer #2 | NO CROWD: not top 2 held 2m, not ripping, not a top gainer with $1000k
2026-10-07 20:43:02,717 INFO [v36b] WHY-NOT PFAI px 3.9700 | crowd #5 $181k, gainer #2 | NO CROWD: not top 2 held 2m, not ripping, not a top gainer with $1000k
2026-10-07 20:43:09,971 INFO [v36b] WHY-NOT PROF px 6.7900 | crowd #2 $275k held 0.2m, gainer #29 | NO FLOAT: 34.9M > 20M
2026-10-07 20:43:10,358 INFO [v36b] WHY-NOT AIXI px 2.2550 | crowd #1 $727k held 22.2m, gainer #9 | WAIT: hod trigger 2.4400
2026-10-07 20:43:31,374 INFO [v36b] WHY-NOT NCPL px 1.7299 | crowd #3 $263k, gainer #4 | NO CROWD: not top 2 held 2m, not ripping, not a top gainer with $1000k
2026-10-07 20:43:41,003 INFO [v36] WHY-NOT NCPL px 1.7200 | crowd #2 $245k held 1.7m, gainer #4 | NO CROWD: not top 2 held 2m, not ripping, not a top gainer with $1000k
2026-10-07 20:43:45,861 INFO [v36] WHY-NOT AIXI px 2.2297 | crowd #1 $517k held 22.8m, gainer #9 | WAIT: hod trigger 2.4400
2026-10-07 20:43:52,002 INFO [v36] WHY-NOT SUGP px 2.7000 | crowd #13 $33k, gainer #1 | NO CROWD: not top 2 held 2m, not ripping, not a top gainer with $1000k
2026-10-07 20:43:52,002 INFO [v36b] WHY-NOT SUGP px 2.7000 | crowd #12 $40k, gainer #1 | NO CROWD: not top 2 held 2m, not ripping, not a top gainer with $1000k
2026-10-07 20:44:06,339 INFO [v36] WHY-NOT PFAI px 4.0000 | crowd #5 $168k, gainer #2 | NO CROWD: not top 2 held 2m, not ripping, not a top gainer with $1000k
2026-10-07 20:44:06,339 INFO [v36b] WHY-NOT PFAI px 4.0000 | crowd #5 $168k, gainer #2 | NO CROWD: not top 2 held 2m, not ripping, not a top gainer with $1000k
2026-10-07 20:44:10,724 INFO [v36b] WHY-NOT AIXI px 2.2300 | crowd #1 $543k held 23.2m, gainer #11 | WAIT: hod trigger 2.4400
2026-10-07 20:44:11,263 INFO [v36] WHY-NOT PROF px 6.8000 | crowd #2 $209k held 0.2m, gainer #25 | NO FLOAT: 34.9M > 20M
2026-10-07 20:44:11,264 INFO [v36b] WHY-NOT PROF px 6.8000 | crowd #2 $209k held 1.2m, gainer #25 | NO FLOAT: 34.9M > 20M
2026-10-07 20:44:33,267 INFO [v36b] WHY-NOT NCPL px 1.7900 | crowd #3 $204k, gainer #4 | NO CROWD: not top 2 held 2m, not ripping, not a top gainer with $1000k
2026-10-07 20:44:41,312 INFO [v36] WHY-NOT NCPL px 1.7807 | crowd #3 $204k, gainer #4 | NO CROWD: not top 2 held 2m, not ripping, not a top gainer with $1000k
2026-10-07 20:44:46,193 INFO [v36] WHY-NOT AIXI px 2.1700 | crowd #1 $543k held 23.8m, gainer #11 | WAIT: hod trigger 2.4400
2026-10-07 20:44:53,062 INFO [v36] WHY-NOT SUGP px 2.7338 | crowd #11 $35k, gainer #1 | NO CROWD: not top 2 held 2m, not ripping, not a top gainer with $1000k
2026-10-07 20:44:53,064 INFO [v36b] WHY-NOT SUGP px 2.7338 | crowd #11 $35k, gainer #1 | NO CROWD: not top 2 held 2m, not ripping, not a top gainer with $1000k
2026-10-07 20:45:11,202 INFO [v36b] WHY-NOT AIXI px 2.1315 | crowd #1 $589k held 24.2m, gainer #13 | WAIT: hod trigger 2.4400
2026-10-07 20:45:19,870 INFO [v36] WHY-NOT PROF px 6.8700 | crowd #3 $218k, gainer #22 | NO FLOAT: 34.9M > 20M
2026-10-07 20:45:19,871 INFO [v36b] WHY-NOT PROF px 6.8700 | crowd #3 $218k, gainer #22 | NO FLOAT: 34.9M > 20M
2026-10-07 20:45:23,368 INFO [v36] WHY-NOT PFAI px 3.9600 | crowd #5 $161k, gainer #2 | NO CROWD: not top 2 held 2m, not ripping, not a top gainer with $1000k
2026-10-07 20:45:23,368 INFO [v36b] WHY-NOT PFAI px 3.9600 | crowd #5 $161k, gainer #2 | NO CROWD: not top 2 held 2m, not ripping, not a top gainer with $1000k
2026-10-07 20:45:33,296 INFO [v36b] WHY-NOT NCPL px 1.7400 | crowd #2 $221k held 0.6m, gainer #4 | NO CROWD: not top 2 held 2m, not ripping, not a top gainer with $1000k
2026-10-07 20:45:41,440 INFO [v36] WHY-NOT NCPL px 1.7188 | crowd #2 $221k held 0.7m, gainer #4 | NO CROWD: not top 2 held 2m, not ripping, not a top gainer with $1000k
2026-10-07 20:45:46,278 INFO [v36] WHY-NOT AIXI px 2.1600 | crowd #1 $589k held 24.8m, gainer #13 | WAIT: hod trigger 2.4400
2026-10-07 20:45:54,068 INFO [v36] WHY-NOT SUGP px 2.7500 | crowd #14 $20k, gainer #1 | NO CROWD: not top 2 held 2m, not ripping, not a top gainer with $1000k
2026-10-07 20:45:54,068 INFO [v36b] WHY-NOT SUGP px 2.7500 | crowd #14 $20k, gainer #1 | NO CROWD: not top 2 held 2m, not ripping, not a top gainer with $1000k
2026-10-07 20:46:11,282 INFO [v36b] WHY-NOT AIXI px 2.1600 | crowd #2 $659k held 25.2m, gainer #14 | WAIT: hod trigger 2.4400
2026-10-07 20:46:18,220 INFO [v36] WHY-NOT SNXX px 15.7885 | crowd #1 $909k held 0.3m, gainer #56 | NO CROWD: not top 2 held 2m, not ripping, not a top gainer with $1000k
2026-10-07 20:46:18,220 INFO [v36b] WHY-NOT SNXX px 15.7885 | crowd #1 $909k held 0.3m, gainer #56 | NO CROWD: not top 2 held 2m, not ripping, not a top gainer with $1000k
2026-10-07 20:46:34,211 INFO [v36b] WHY-NOT NCPL px 1.6900 | crowd #3 $228k, gainer #4 | NO CROWD: not top 2 held 2m, not ripping, not a top gainer with $1000k
2026-10-07 20:46:42,196 INFO [v36] WHY-NOT PFAI px 3.9500 | crowd #7 $71k, gainer #2 | NO CROWD: not top 2 held 2m, not ripping, not a top gainer with $1000k
2026-10-07 20:46:42,196 INFO [v36b] WHY-NOT PFAI px 3.9500 | crowd #7 $71k, gainer #2 | NO CROWD: not top 2 held 2m, not ripping, not a top gainer with $1000k
2026-10-07 20:46:45,931 INFO [v36] WHY-NOT NCPL px 1.7000 | crowd #3 $228k, gainer #4 | NO CROWD: not top 2 held 2m, not ripping, not a top gainer with $1000k
2026-10-07 20:46:46,422 INFO [v36] WHY-NOT AIXI px 2.1806 | crowd #2 $659k held 25.8m, gainer #14 | WAIT: hod trigger 2.4400
2026-10-07 20:47:03,478 INFO [v36] WHY-NOT BIYA px 2.3006 | crowd #9 $46k, gainer #2 | NO: 6 buys today
2026-10-07 20:47:03,479 INFO [v36b] WHY-NOT BIYA px 2.3006 | crowd #9 $46k, gainer #2 | NO: 6 buys today
2026-10-07 20:47:06,326 INFO [v36] WHY-NOT SUGP px 2.6493 | crowd #12 $23k, gainer #1 | NO CROWD: not top 2 held 2m, not ripping, not a top gainer with $1000k
2026-10-07 20:47:06,327 INFO [v36b] WHY-NOT SUGP px 2.6493 | crowd #12 $23k, gainer #1 | NO CROWD: not top 2 held 2m, not ripping, not a top gainer with $1000k
2026-10-07 20:47:11,863 INFO [v36b] WHY-NOT AIXI px 2.1803 | crowd #2 $600k held 26.2m, gainer #12 | WAIT: hod trigger 2.4400
2026-10-07 20:47:35,979 INFO [v36] WHY-NOT SNXX px 15.7885 | crowd #1 $878k held 1.6m, gainer #56 | NO CROWD: not top 2 held 2m, not ripping, not a top gainer with $1000k
2026-10-07 20:47:35,980 INFO [v36b] WHY-NOT SNXX px 15.7885 | crowd #1 $878k held 1.6m, gainer #56 | NO CROWD: not top 2 held 2m, not ripping, not a top gainer with $1000k
2026-10-07 20:47:38,204 INFO [v36b] WHY-NOT NCPL px 1.6991 | crowd #3 $247k, gainer #4 | NO CROWD: not top 2 held 2m, not ripping, not a top gainer with $1000k
2026-10-07 20:47:49,754 INFO [v36] WHY-NOT AIXI px 2.1600 | crowd #2 $600k held 26.8m, gainer #12 | WAIT: hod trigger 2.4400
2026-10-07 20:47:50,454 INFO [v36] WHY-NOT NCPL px 1.7000 | crowd #3 $247k, gainer #4 | NO CROWD: not top 2 held 2m, not ripping, not a top gainer with $1000k
2026-10-07 20:48:12,437 INFO [v36b] WHY-NOT AIXI px 2.1700 | crowd #2 $462k held 27.2m, gainer #14 | WAIT: hod trigger 2.4400
2026-10-07 20:48:15,676 INFO [v36] WHY-NOT BIYA px 2.3300 | crowd #8 $34k, gainer #2 | NO: 6 buys today
2026-10-07 20:48:15,677 INFO [v36b] WHY-NOT BIYA px 2.3300 | crowd #8 $34k, gainer #2 | NO: 6 buys today
2026-10-07 20:48:17,176 INFO [v36] WHY-NOT SUGP px 2.6500 | crowd #11 $19k, gainer #1 | NO CROWD: not top 2 held 2m, not ripping, not a top gainer with $1000k
2026-10-07 20:48:17,177 INFO [v36b] WHY-NOT SUGP px 2.6500 | crowd #11 $19k, gainer #1 | NO CROWD: not top 2 held 2m, not ripping, not a top gainer with $1000k
2026-10-07 20:48:38,236 INFO [v36b] WHY-NOT NCPL px 1.6950 | crowd #3 $200k, gainer #4 | NO CROWD: not top 2 held 2m, not ripping, not a top gainer with $1000k
2026-10-07 20:48:40,170 INFO [v36] WHY-NOT SNXX px 15.7900 | crowd #1 $873k held 2.7m, gainer #54 | NO PATTERN: no rip | last candles RG, vol 0.1x the 5 before (high break needs 2.0x)
2026-10-07 20:48:40,171 INFO [v36b] WHY-NOT SNXX px 15.7900 | crowd #1 $873k held 2.7m, gainer #54 | NO PATTERN: no rip | last candles RG, vol 0.1x the 5 before (high break needs 2.0x)
2026-10-07 20:48:50,128 INFO [v36] WHY-NOT AIXI px 2.1991 | crowd #2 $462k held 27.8m, gainer #14 | WAIT: hod trigger 2.4400
2026-10-07 20:48:57,793 INFO [v36] WHY-NOT NCPL px 1.6800 | crowd #3 $200k, gainer #4 | NO CROWD: not top 2 held 2m, not ripping, not a top gainer with $1000k
2026-10-07 20:49:00,100 INFO [v36] WHY-NOT IPW px 1.3500 | crowd #3 $313k, gainer #12 | NO CROWD: not top 2 held 2m, not ripping, not a top gainer with $1000k
2026-10-07 20:49:00,101 INFO [v36b] WHY-NOT IPW px 1.3500 | crowd #3 $313k, gainer #12 | NO CROWD: not top 2 held 2m, not ripping, not a top gainer with $1000k
2026-10-07 20:49:16,500 INFO [v36b] WHY-NOT AIXI px 2.1612 | crowd #2 $518k held 28.3m, gainer #13 | WAIT: hod trigger 2.4400
2026-10-07 20:49:17,583 INFO [v36] WHY-NOT SUGP px 2.6400 | crowd #17 $12k, gainer #1 | NO CROWD: not top 2 held 2m, not ripping, not a top gainer with $1000k
2026-10-07 20:49:17,587 INFO [v36b] WHY-NOT SUGP px 2.6400 | crowd #17 $12k, gainer #1 | NO CROWD: not top 2 held 2m, not ripping, not a top gainer with $1000k
2026-10-07 20:49:31,287 INFO [v36] WHY-NOT PFAI px 4.0500 | crowd #6 $80k, gainer #2 | NO CROWD: not top 2 held 2m, not ripping, not a top gainer with $1000k
2026-10-07 20:49:31,287 INFO [v36b] WHY-NOT PFAI px 4.0500 | crowd #6 $80k, gainer #2 | NO CROWD: not top 2 held 2m, not ripping, not a top gainer with $1000k
2026-10-07 20:49:41,855 INFO [v36] WHY-NOT SNXX px 15.8000 | crowd #1 $914k held 3.7m, gainer #55 | NO PATTERN: no rip | last candles GG, vol 0.4x the 5 before (high break needs 2.0x)
2026-10-07 20:49:41,855 INFO [v36b] WHY-NOT SNXX px 15.8000 | crowd #1 $914k held 3.7m, gainer #55 | NO PATTERN: no rip | last candles GG, vol 0.4x the 5 before (high break needs 2.0x)
2026-10-07 20:49:50,616 INFO [v36] WHY-NOT AIXI px 2.1201 | crowd #2 $518k held 28.8m, gainer #13 | WAIT: hod trigger 2.4400
2026-10-07 20:50:00,412 INFO [v36] WHY-NOT IPW px 1.3000 | crowd #1 $558k held 0.0m, gainer #18 | NO CROWD: not top 2 held 2m, not ripping, not a top gainer with $1000k
2026-10-07 20:50:00,412 INFO [v36b] WHY-NOT IPW px 1.3000 | crowd #1 $558k held 0.0m, gainer #18 | NO CROWD: not top 2 held 2m, not ripping, not a top gainer with $1000k
2026-10-07 20:50:16,924 INFO [v36b] WHY-NOT AIXI px 2.1300 | crowd #2 $464k held 29.3m, gainer #17 | WAIT: hod trigger 2.4400
2026-10-07 20:50:34,729 INFO [v36] WHY-NOT SUGP px 2.6400 | crowd #17 $10k, gainer #1 | NO CROWD: not top 2 held 2m, not ripping, not a top gainer with $1000k
2026-10-07 20:50:34,729 INFO [v36b] WHY-NOT SUGP px 2.6400 | crowd #17 $10k, gainer #1 | NO CROWD: not top 2 held 2m, not ripping, not a top gainer with $1000k
2026-10-07 20:50:42,029 INFO [v36] WHY-NOT PFAI px 3.9908 | crowd #7 $82k, gainer #2 | NO CROWD: not top 2 held 2m, not ripping, not a top gainer with $1000k
2026-10-07 20:50:42,029 INFO [v36b] WHY-NOT PFAI px 3.9908 | crowd #7 $82k, gainer #2 | NO CROWD: not top 2 held 2m, not ripping, not a top gainer with $1000k
2026-10-07 20:50:54,178 INFO [v36] WHY-NOT AIXI px 2.1500 | crowd #2 $464k held 29.9m, gainer #17 | WAIT: hod trigger 2.4400
2026-10-07 20:51:00,432 INFO [v36] WHY-NOT IPW px 1.2300 | crowd #1 $625k held 1.0m, gainer #41 | NO CROWD: not top 2 held 2m, not ripping, not a top gainer with $1000k
2026-10-07 20:51:00,433 INFO [v36b] WHY-NOT IPW px 1.2300 | crowd #1 $625k held 1.0m, gainer #41 | NO CROWD: not top 2 held 2m, not ripping, not a top gainer with $1000k
2026-10-07 20:51:18,034 INFO [v36b] WHY-NOT AIXI px 2.1500 | crowd #2 $386k held 30.3m, gainer #18 | WAIT: hod trigger 2.4400
2026-10-07 20:51:35,749 INFO [v36] WHY-NOT SNXX px 15.8100 | crowd #3 $231k, gainer #56 | NO CROWD: not top 2 held 2m, not ripping, not a top gainer with $1000k
2026-10-07 20:51:35,750 INFO [v36b] WHY-NOT SNXX px 15.8100 | crowd #3 $231k, gainer #56 | NO CROWD: not top 2 held 2m, not ripping, not a top gainer with $1000k
2026-10-07 20:51:42,542 INFO [v36] WHY-NOT PFAI px 3.9800 | crowd #6 $82k, gainer #2 | NO CROWD: not top 2 held 2m, not ripping, not a top gainer with $1000k
2026-10-07 20:51:42,542 INFO [v36b] WHY-NOT PFAI px 3.9800 | crowd #6 $82k, gainer #2 | NO CROWD: not top 2 held 2m, not ripping, not a top gainer with $1000k
2026-10-07 20:51:55,123 INFO [v36] WHY-NOT AIXI px 2.1300 | crowd #2 $386k held 30.9m, gainer #18 | WAIT: hod trigger 2.4400
2026-10-07 20:52:01,187 INFO [v36] WHY-NOT SUGP px 2.6600 | crowd #22 $5k, gainer #1 | NO CROWD: not top 2 held 2m, not ripping, not a top gainer with $1000k
2026-10-07 20:52:01,188 INFO [v36b] WHY-NOT SUGP px 2.6600 | crowd #22 $5k, gainer #1 | NO CROWD: not top 2 held 2m, not ripping, not a top gainer with $1000k
2026-10-07 20:52:01,627 INFO [v36] WHY-NOT IPW px 1.2900 | crowd #1 $675k held 2.0m, gainer #18 | NO PATTERN: no rip | last candles RG, vol 0.9x the 5 before (high break needs 2.0x)
2026-10-07 20:52:01,628 INFO [v36b] WHY-NOT IPW px 1.2900 | crowd #1 $675k held 2.0m, gainer #18 | NO PATTERN: no rip | last candles RG, vol 0.9x the 5 before (high break needs 2.0x)
2026-10-07 20:52:18,693 INFO [v36b] WHY-NOT AIXI px 2.1300 | crowd #2 $400k held 31.3m, gainer #19 | WAIT: hod trigger 2.4400
2026-10-07 20:52:39,831 INFO [v36] WHY-NOT SNXX px 15.8100 | crowd #3 $213k, gainer #55 | NO CROWD: not top 2 held 2m, not ripping, not a top gainer with $1000k
2026-10-07 20:52:39,831 INFO [v36b] WHY-NOT SNXX px 15.8100 | crowd #3 $213k, gainer #55 | NO CROWD: not top 2 held 2m, not ripping, not a top gainer with $1000k
2026-10-07 20:52:43,845 INFO [v36] WHY-NOT PFAI px 3.9800 | crowd #6 $65k, gainer #2 | NO CROWD: not top 2 held 2m, not ripping, not a top gainer with $1000k
2026-10-07 20:52:43,845 INFO [v36b] WHY-NOT PFAI px 3.9800 | crowd #6 $65k, gainer #2 | NO CROWD: not top 2 held 2m, not ripping, not a top gainer with $1000k
2026-10-07 20:52:59,506 INFO [v36] WHY-NOT AIXI px 2.1200 | crowd #2 $400k held 32.0m, gainer #19 | WAIT: hod trigger 2.4400
2026-10-07 20:53:01,915 INFO [v36] WHY-NOT IPW px 1.2600 | crowd #1 $661k held 3.0m, gainer #24 | NO PATTERN: no rip | last candles GR, vol 0.6x the 5 before (high break needs 2.0x)
2026-10-07 20:53:01,916 INFO [v36b] WHY-NOT IPW px 1.2600 | crowd #1 $661k held 3.0m, gainer #24 | NO PATTERN: no rip | last candles GR, vol 0.6x the 5 before (high break needs 2.0x)
2026-10-07 20:53:18,741 INFO [v36b] WHY-NOT AIXI px 2.1000 | crowd #2 $309k held 32.3m, gainer #18 | WAIT: hod trigger 2.4400
2026-10-07 20:53:40,177 INFO [v36] WHY-NOT SNXX px 15.8000 | crowd #3 $279k, gainer #56 | NO CROWD: not top 2 held 2m, not ripping, not a top gainer with $1000k
2026-10-07 20:53:40,178 INFO [v36b] WHY-NOT SNXX px 15.8000 | crowd #3 $279k, gainer #56 | NO CROWD: not top 2 held 2m, not ripping, not a top gainer with $1000k
2026-10-07 20:53:55,851 INFO [v36] WHY-NOT PFAI px 4.1500 | crowd #8 $55k, gainer #2 | NO CROWD: not top 2 held 2m, not ripping, not a top gainer with $1000k
2026-10-07 20:53:55,852 INFO [v36b] WHY-NOT PFAI px 4.1500 | crowd #8 $55k, gainer #2 | NO CROWD: not top 2 held 2m, not ripping, not a top gainer with $1000k
2026-10-07 20:53:59,584 INFO [v36] WHY-NOT AIXI px 2.0800 | crowd #2 $309k held 33.0m, gainer #18 | WAIT: hod trigger 2.4400
2026-10-07 20:54:01,933 INFO [v36] WHY-NOT IPW px 1.2400 | crowd #1 $465k held 4.0m, gainer #34 | NO PATTERN: no rip | last candles RR, vol 0.6x the 5 before (high break needs 2.0x)
2026-10-07 20:54:01,933 INFO [v36b] WHY-NOT IPW px 1.2400 | crowd #1 $465k held 4.0m, gainer #34 | NO PATTERN: no rip | last candles RR, vol 0.6x the 5 before (high break needs 2.0x)
2026-10-07 20:54:19,117 INFO [v36b] WHY-NOT AIXI px 2.0900 | crowd #2 $342k held 33.3m, gainer #20 | WAIT: hod trigger 2.4400
2026-10-07 20:54:43,138 INFO [v36] WHY-NOT SNXX px 15.8100 | crowd #3 $225k, gainer #57 | NO CROWD: not top 2 held 2m, not ripping, not a top gainer with $1000k
2026-10-07 20:54:43,138 INFO [v36b] WHY-NOT SNXX px 15.8100 | crowd #3 $225k, gainer #57 | NO CROWD: not top 2 held 2m, not ripping, not a top gainer with $1000k
2026-10-07 20:54:56,270 INFO [v36] WHY-NOT PFAI px 4.2800 | crowd #6 $87k, gainer #2 | NO CROWD: not top 2 held 2m, not ripping, not a top gainer with $1000k
2026-10-07 20:54:56,271 INFO [v36b] WHY-NOT PFAI px 4.2800 | crowd #6 $87k, gainer #2 | NO CROWD: not top 2 held 2m, not ripping, not a top gainer with $1000k
2026-10-07 20:54:59,917 INFO [v36] WHY-NOT AIXI px 2.0900 | crowd #2 $342k held 34.0m, gainer #20 | WAIT: hod trigger 2.4400
2026-10-07 20:55:02,173 INFO [v36] WHY-NOT IPW px 1.2800 | crowd #1 $383k held 5.0m, gainer #18 | NO PATTERN: no rip | last candles RG, vol 0.5x the 5 before (high break needs 2.0x)
2026-10-07 20:55:02,173 INFO [v36b] WHY-NOT IPW px 1.2800 | crowd #1 $383k held 5.0m, gainer #18 | NO PATTERN: no rip | last candles RG, vol 0.5x the 5 before (high break needs 2.0x)
2026-10-07 20:55:19,887 INFO [v36b] WHY-NOT AIXI px 2.0800 | crowd #2 $324k held 34.3m, gainer #22 | WAIT: hod trigger 2.4400
2026-10-07 20:56:01,314 INFO [v36] WHY-NOT PFAI px 4.2900 | crowd #4 $173k, gainer #2 | NO CROWD: not top 2 held 2m, not ripping, not a top gainer with $1000k
2026-10-07 20:56:01,314 INFO [v36b] WHY-NOT PFAI px 4.2900 | crowd #4 $173k, gainer #2 | NO CROWD: not top 2 held 2m, not ripping, not a top gainer with $1000k
2026-10-07 20:56:01,636 INFO [v36] WHY-NOT AIXI px 2.1200 | crowd #1 $361k held 35.0m, gainer #19 | WAIT: hod trigger 2.4400
2026-10-07 20:56:02,486 INFO [v36] WHY-NOT IPW px 1.2400 | crowd #2 $357k held 6.0m, gainer #40 | NO PATTERN: no rip | last candles GR, vol 1.0x the 5 before (high break needs 2.0x)
2026-10-07 20:56:02,487 INFO [v36b] WHY-NOT IPW px 1.2400 | crowd #2 $357k held 6.0m, gainer #40 | NO PATTERN: no rip | last candles GR, vol 1.0x the 5 before (high break needs 2.0x)
2026-10-07 20:56:10,377 INFO [v36] WHY-NOT SNXX px 15.8400 | crowd #3 $235k, gainer #55 | NO CROWD: not top 2 held 2m, not ripping, not a top gainer with $1000k
2026-10-07 20:56:10,378 INFO [v36b] WHY-NOT SNXX px 15.8400 | crowd #3 $235k, gainer #55 | NO CROWD: not top 2 held 2m, not ripping, not a top gainer with $1000k
2026-10-07 20:56:19,919 INFO [v36b] WHY-NOT AIXI px 2.2500 | crowd #1 $361k held 35.3m, gainer #19 | WAIT: hod trigger 2.4400
2026-10-07 20:57:01,553 INFO [v36] WHY-NOT PFAI px 4.3800 | crowd #3 $244k, gainer #2 | NO CROWD: not top 2 held 2m, not ripping, not a top gainer with $1000k
2026-10-07 20:57:01,554 INFO [v36b] WHY-NOT PFAI px 4.3800 | crowd #3 $244k, gainer #2 | NO CROWD: not top 2 held 2m, not ripping, not a top gainer with $1000k
2026-10-07 20:57:02,996 INFO [v36] WHY-NOT AIXI px 2.2100 | crowd #1 $645k held 36.0m, gainer #14 | WAIT: hod trigger 2.4400
2026-10-07 20:57:03,120 INFO [v36] WHY-NOT IPW px 1.2700 | crowd #2 $294k held 7.0m, gainer #23 | NO PATTERN: no rip | last candles RG, vol 0.3x the 5 before (high break needs 2.0x)
2026-10-07 20:57:03,121 INFO [v36b] WHY-NOT IPW px 1.2700 | crowd #2 $294k held 7.0m, gainer #23 | NO PATTERN: no rip | last candles RG, vol 0.3x the 5 before (high break needs 2.0x)
2026-10-07 20:57:06,382 INFO [v36] WHY-NOT SUGP px 2.6400 | crowd #- $0k, gainer #1 | NO CROWD: not top 2 held 2m, not ripping, not a top gainer with $1000k
2026-10-07 20:57:06,383 INFO [v36b] WHY-NOT SUGP px 2.6400 | crowd #- $0k, gainer #1 | NO CROWD: not top 2 held 2m, not ripping, not a top gainer with $1000k
2026-10-07 20:57:20,219 INFO [v36b] WHY-NOT AIXI px 2.2000 | crowd #1 $645k held 36.3m, gainer #14 | WAIT: hod trigger 2.4400
2026-10-07 20:58:02,028 INFO [v36] WHY-NOT PFAI px 4.3200 | crowd #3 $223k, gainer #2 | NO CROWD: not top 2 held 2m, not ripping, not a top gainer with $1000k
2026-10-07 20:58:02,028 INFO [v36b] WHY-NOT PFAI px 4.3200 | crowd #3 $223k, gainer #2 | NO CROWD: not top 2 held 2m, not ripping, not a top gainer with $1000k
2026-10-07 20:58:03,115 INFO [v36] WHY-NOT AIXI px 2.2300 | crowd #1 $634k held 37.0m, gainer #13 | WAIT: hod trigger 2.4400
2026-10-07 20:58:04,143 INFO [v36b] WHY-NOT IPW px 1.2500 | crowd #2 $247k held 8.1m, gainer #25 | NO PATTERN: no rip | last candles GR, vol 0.5x the 5 before (high break needs 2.0x)
2026-10-07 20:58:04,218 INFO [v36] WHY-NOT IPW px 1.2500 | crowd #2 $247k held 8.1m, gainer #25 | NO PATTERN: no rip | last candles GR, vol 0.5x the 5 before (high break needs 2.0x)
2026-10-07 20:58:20,315 INFO [v36b] WHY-NOT AIXI px 2.2600 | crowd #1 $634k held 37.3m, gainer #13 | WAIT: hod trigger 2.4400
2026-10-07 20:58:48,307 INFO [v36] WHY-NOT SUGP px 2.6000 | crowd #17 $13k, gainer #1 | NO CROWD: not top 2 held 2m, not ripping, not a top gainer with $1000k
2026-10-07 20:58:48,307 INFO [v36b] WHY-NOT SUGP px 2.6000 | crowd #17 $13k, gainer #1 | NO CROWD: not top 2 held 2m, not ripping, not a top gainer with $1000k
2026-10-07 20:59:04,140 INFO [v36] WHY-NOT AIXI px 2.1262 | crowd #1 $580k held 38.1m, gainer #15 | WAIT: hod trigger 2.4400
2026-10-07 20:59:04,248 INFO [v36] WHY-NOT IPW px 1.3084 | crowd #2 $166k held 9.1m, gainer #17 | NO PATTERN: no rip | last candles RG, vol 1.9x the 5 before (high break needs 2.0x)
2026-10-07 20:59:04,249 INFO [v36b] WHY-NOT IPW px 1.3084 | crowd #2 $166k held 9.1m, gainer #17 | NO PATTERN: no rip | last candles RG, vol 1.9x the 5 before (high break needs 2.0x)
2026-10-07 20:59:04,298 INFO [v36] WHY-NOT PFAI px 4.2100 | crowd #3 $161k, gainer #2 | NO CROWD: not top 2 held 2m, not ripping, not a top gainer with $1000k
2026-10-07 20:59:04,299 INFO [v36b] WHY-NOT PFAI px 4.2100 | crowd #3 $161k, gainer #2 | NO CROWD: not top 2 held 2m, not ripping, not a top gainer with $1000k
2026-10-07 20:59:20,930 INFO [v36b] WHY-NOT AIXI px 2.1600 | crowd #1 $580k held 38.3m, gainer #15 | WAIT: hod trigger 2.4400
2026-10-07 20:59:48,340 INFO [v36] WHY-NOT SUGP px 2.4900 | crowd #16 $13k, gainer #1 | NO CROWD: not top 2 held 2m, not ripping, not a top gainer with $1000k
2026-10-07 21:00:04,472 INFO [v36] WHY-NOT IPW px 1.3350 | crowd #3 $378k, gainer #15 | NO CROWD: not top 2 held 2m, not ripping, not a top gainer with $1000k
2026-10-07 21:00:04,473 INFO [v36b] WHY-NOT IPW px 1.3350 | crowd #3 $378k, gainer #15 | NO CROWD: not top 2 held 2m, not ripping, not a top gainer with $1000k
2026-10-07 21:00:05,054 INFO [v36] WHY-NOT AIXI px 2.1400 | crowd #1 $835k held 39.1m, gainer #19 | WAIT: hod trigger 2.4400
2026-10-07 21:00:06,205 INFO [v36] WHY-NOT PFAI px 4.2400 | crowd #5 $155k, gainer #2 | NO CROWD: not top 2 held 2m, not ripping, not a top gainer with $1000k
2026-10-07 21:00:06,205 INFO [v36b] WHY-NOT PFAI px 4.2400 | crowd #5 $155k, gainer #2 | NO CROWD: not top 2 held 2m, not ripping, not a top gainer with $1000k
2026-10-07 21:00:08,630 INFO [v36] WHY-NOT ERNA px 3.0900 | crowd #2 $440k held 0.1m, gainer #5 | WAIT: hod trigger 3.3200
2026-10-07 21:00:14,651 INFO [v36b] WHY-NOT ERNA px 3.1100 | crowd #2 $440k held 0.2m, gainer #5 | WAIT: hod trigger 3.3200
2026-10-07 21:00:14,660 INFO [v36b] WHY-NOT SUGP px 2.4600 | crowd #11 $39k, gainer #1 | NO CROWD: not top 2 held 2m, not ripping, not a top gainer with $1000k
2026-10-07 21:00:21,061 INFO [v36b] WHY-NOT AIXI px 2.1500 | crowd #1 $835k held 39.3m, gainer #19 | WAIT: hod trigger 2.4400
2026-10-07 21:01:04,561 INFO [v36] WHY-NOT IPW px 1.3203 | crowd #3 $480k, gainer #16 | NO CROWD: not top 2 held 2m, not ripping, not a top gainer with $1000k
2026-10-07 21:01:04,561 INFO [v36b] WHY-NOT IPW px 1.3203 | crowd #3 $480k, gainer #16 | NO CROWD: not top 2 held 2m, not ripping, not a top gainer with $1000k
2026-10-07 21:01:05,219 INFO [v36] WHY-NOT AIXI px 2.1000 | crowd #2 $551k held 40.1m, gainer #21 | WAIT: hod trigger 2.4400
2026-10-07 21:01:06,820 INFO [v36] WHY-NOT PFAI px 4.1900 | crowd #8 $80k, gainer #2 | NO CROWD: not top 2 held 2m, not ripping, not a top gainer with $1000k
2026-10-07 21:01:06,821 INFO [v36b] WHY-NOT PFAI px 4.1900 | crowd #8 $80k, gainer #2 | NO CROWD: not top 2 held 2m, not ripping, not a top gainer with $1000k
2026-10-07 21:01:08,777 INFO [v36] WHY-NOT ERNA px 2.9200 | crowd #1 $708k held 1.1m, gainer #6 | WAIT: hod trigger 3.3200
2026-10-07 21:01:14,679 INFO [v36b] WHY-NOT ERNA px 2.8721 | crowd #1 $708k held 1.2m, gainer #6 | WAIT: hod trigger 3.3200
2026-10-07 21:01:19,014 INFO [v36] WHY-NOT SUGP px 2.6000 | crowd #10 $60k, gainer #1 | NO CROWD: not top 2 held 2m, not ripping, not a top gainer with $1000k
2026-10-07 21:01:19,014 INFO [v36b] WHY-NOT SUGP px 2.6000 | crowd #10 $60k, gainer #1 | NO CROWD: not top 2 held 2m, not ripping, not a top gainer with $1000k
2026-10-07 21:01:22,581 INFO [v36b] WHY-NOT AIXI px 2.1194 | crowd #2 $551k held 40.4m, gainer #21 | WAIT: hod trigger 2.4400
2026-10-07 21:02:05,432 INFO [v36] WHY-NOT AIXI px 2.1150 | crowd #3 $417k, gainer #20 | NO CROWD: not top 2 held 2m, not ripping, not a top gainer with $1000k
2026-10-07 21:02:05,623 INFO [v36] WHY-NOT IPW px 1.3100 | crowd #2 $443k held 0.1m, gainer #17 | NO CROWD: not top 2 held 2m, not ripping, not a top gainer with $1000k
2026-10-07 21:02:05,624 INFO [v36b] WHY-NOT IPW px 1.3100 | crowd #2 $443k held 0.1m, gainer #17 | NO CROWD: not top 2 held 2m, not ripping, not a top gainer with $1000k
2026-10-07 21:02:09,032 INFO [v36] WHY-NOT ERNA px 2.6900 | crowd #1 $695k held 2.1m, gainer #12 | WAIT: hod trigger 3.3200
2026-10-07 21:02:18,203 INFO [v36b] WHY-NOT ERNA px 2.6700 | crowd #1 $695k held 2.3m, gainer #12 | WAIT: hod trigger 3.3200
2026-10-07 21:02:25,513 INFO [v36b] WHY-NOT AIXI px 2.1000 | crowd #3 $417k, gainer #20 | NO CROWD: not top 2 held 2m, not ripping, not a top gainer with $1000k
2026-10-07 21:02:31,414 INFO [v36] WHY-NOT PFAI px 4.1700 | crowd #8 $62k, gainer #2 | NO CROWD: not top 2 held 2m, not ripping, not a top gainer with $1000k
2026-10-07 21:02:31,414 INFO [v36b] WHY-NOT PFAI px 4.1700 | crowd #8 $62k, gainer #2 | NO CROWD: not top 2 held 2m, not ripping, not a top gainer with $1000k
2026-10-07 21:02:51,373 INFO [v36] WHY-NOT SUGP px 2.5510 | crowd #10 $47k, gainer #1 | NO CROWD: not top 2 held 2m, not ripping, not a top gainer with $1000k
2026-10-07 21:02:51,374 INFO [v36b] WHY-NOT SUGP px 2.5510 | crowd #10 $47k, gainer #1 | NO CROWD: not top 2 held 2m, not ripping, not a top gainer with $1000k
2026-10-07 21:03:05,687 INFO [v36] WHY-NOT IPW px 1.1699 | crowd #2 $517k held 1.1m, gainer #44 | NO CROWD: not top 2 held 2m, not ripping, not a top gainer with $1000k
2026-10-07 21:03:05,688 INFO [v36b] WHY-NOT IPW px 1.1699 | crowd #2 $517k held 1.1m, gainer #44 | NO CROWD: not top 2 held 2m, not ripping, not a top gainer with $1000k
2026-10-07 21:03:10,107 INFO [v36] WHY-NOT ERNA px 2.5600 | crowd #1 $1010k held 3.2m, gainer #17 | WAIT: hod trigger 3.3200
2026-10-07 21:03:10,462 INFO [v36] WHY-NOT AIXI px 2.0800 | crowd #3 $299k, gainer #23 | NO CROWD: not top 2 held 2m, not ripping, not a top gainer with $1000k
2026-10-07 21:03:19,011 INFO [v36b] WHY-NOT ERNA px 2.5200 | crowd #1 $1010k held 3.3m, gainer #17 | WAIT: hod trigger 3.3200
2026-10-07 21:03:26,560 INFO [v36b] WHY-NOT AIXI px 2.0800 | crowd #3 $299k, gainer #23 | NO CROWD: not top 2 held 2m, not ripping, not a top gainer with $1000k
2026-10-07 21:03:35,784 INFO [v36] WHY-NOT PFAI px 4.1700 | crowd #10 $55k, gainer #2 | NO CROWD: not top 2 held 2m, not ripping, not a top gainer with $1000k
2026-10-07 21:03:35,784 INFO [v36b] WHY-NOT PFAI px 4.1700 | crowd #10 $55k, gainer #2 | NO CROWD: not top 2 held 2m, not ripping, not a top gainer with $1000k
2026-10-07 21:04:00,610 INFO [v36] WHY-NOT NCI px 1.0700 | crowd #3 $330k, gainer #14 | NO CROWD: not top 2 held 2m, not ripping, not a top gainer with $1000k
2026-10-07 21:04:00,610 INFO [v36b] WHY-NOT NCI px 1.0700 | crowd #3 $330k, gainer #14 | NO CROWD: not top 2 held 2m, not ripping, not a top gainer with $1000k
2026-10-07 21:04:06,325 INFO [v36] WHY-NOT IPW px 1.2100 | crowd #2 $426k held 2.1m, gainer #48 | NO PATTERN: no rip | last candles R-, vol 0.8x the 5 before (high break needs 2.0x)
2026-10-07 21:04:06,327 INFO [v36b] WHY-NOT IPW px 1.2100 | crowd #2 $426k held 2.1m, gainer #48 | NO PATTERN: no rip | last candles R-, vol 0.8x the 5 before (high break needs 2.0x)
2026-10-07 21:04:16,869 INFO [v36] WHY-NOT ERNA px 2.4100 | crowd #1 $705k held 4.3m, gainer #30 | WAIT: hod trigger 3.3200
2026-10-07 21:04:28,472 INFO [v36b] WHY-NOT ERNA px 2.3503 | crowd #1 $705k held 4.5m, gainer #30 | WAIT: hod trigger 3.3200
2026-10-07 21:04:39,537 INFO [v36] WHY-NOT PFAI px 4.1900 | crowd #11 $43k, gainer #2 | NO CROWD: not top 2 held 2m, not ripping, not a top gainer with $1000k
2026-10-07 21:04:39,537 INFO [v36b] WHY-NOT PFAI px 4.1900 | crowd #11 $43k, gainer #2 | NO CROWD: not top 2 held 2m, not ripping, not a top gainer with $1000k
2026-10-07 21:05:01,579 INFO [v36] WHY-NOT NCI px 1.0033 | crowd #1 $481k held 0.0m, gainer #23 | NO CROWD: not top 2 held 2m, not ripping, not a top gainer with $1000k
2026-10-07 21:05:01,580 INFO [v36b] WHY-NOT NCI px 1.0033 | crowd #1 $481k held 0.0m, gainer #23 | NO CROWD: not top 2 held 2m, not ripping, not a top gainer with $1000k
2026-10-07 21:05:02,884 INFO [v36] WHY-NOT CPHI px 1.0000 | crowd #3 $343k, gainer #5 | NO CROWD: not top 2 held 2m, not ripping, not a top gainer with $1000k
2026-10-07 21:05:02,887 INFO [v36b] WHY-NOT CPHI px 1.0000 | crowd #3 $343k, gainer #5 | NO CROWD: not top 2 held 2m, not ripping, not a top gainer with $1000k
2026-10-07 21:05:18,061 INFO [v36] WHY-NOT ERNA px 2.4500 | crowd #2 $465k held 5.3m, gainer #31 | WAIT: hod trigger 3.3200
2026-10-07 21:05:36,678 INFO [v36b] WHY-NOT ERNA px 2.4600 | crowd #2 $465k held 5.6m, gainer #31 | WAIT: hod trigger 3.3200
2026-10-07 21:05:42,718 INFO [v36] WHY-NOT PFAI px 4.1800 | crowd #10 $42k, gainer #2 | NO CROWD: not top 2 held 2m, not ripping, not a top gainer with $1000k
2026-10-07 21:05:42,718 INFO [v36b] WHY-NOT PFAI px 4.1800 | crowd #10 $42k, gainer #2 | NO CROWD: not top 2 held 2m, not ripping, not a top gainer with $1000k
2026-10-07 21:05:55,455 INFO [v36] WHY-NOT SUGP px 2.6000 | crowd #21 $5k, gainer #1 | NO CROWD: not top 2 held 2m, not ripping, not a top gainer with $1000k
2026-10-07 21:05:55,456 INFO [v36b] WHY-NOT SUGP px 2.6000 | crowd #21 $5k, gainer #1 | NO CROWD: not top 2 held 2m, not ripping, not a top gainer with $1000k
2026-10-07 21:06:00,036 INFO [v36] WHY-NOT IPW px 1.2299 | crowd #3 $307k, gainer #43 | NO CROWD: not top 2 held 2m, not ripping, not a top gainer with $1000k
2026-10-07 21:06:00,038 INFO [v36b] WHY-NOT IPW px 1.2299 | crowd #3 $307k, gainer #43 | NO CROWD: not top 2 held 2m, not ripping, not a top gainer with $1000k
2026-10-07 21:06:03,977 INFO [v36] WHY-NOT CPHI px 1.0000 | crowd #1 $586k held 0.1m, gainer #4 | NO CROWD: not top 2 held 2m, not ripping, not a top gainer with $1000k
2026-10-07 21:06:03,977 INFO [v36b] WHY-NOT CPHI px 1.0000 | crowd #1 $586k held 0.1m, gainer #4 | NO CROWD: not top 2 held 2m, not ripping, not a top gainer with $1000k
2026-10-07 21:07:00,296 INFO [v36] WHY-NOT AIXI px 2.1000 | crowd #3 $222k, gainer #20 | NO CROWD: not top 2 held 2m, not ripping, not a top gainer with $1000k
2026-10-07 21:07:00,297 INFO [v36b] WHY-NOT AIXI px 2.1000 | crowd #3 $222k, gainer #20 | NO CROWD: not top 2 held 2m, not ripping, not a top gainer with $1000k
2026-10-07 21:07:04,801 INFO [v36] WHY-NOT PFAI px 4.1900 | crowd #12 $42k, gainer #2 | NO CROWD: not top 2 held 2m, not ripping, not a top gainer with $1000k
2026-10-07 21:07:04,801 INFO [v36b] WHY-NOT PFAI px 4.1900 | crowd #12 $42k, gainer #2 | NO CROWD: not top 2 held 2m, not ripping, not a top gainer with $1000k
2026-10-07 21:07:48,655 INFO [v36] WHY-NOT SUGP px 2.5800 | crowd #20 $8k, gainer #1 | NO CROWD: not top 2 held 2m, not ripping, not a top gainer with $1000k
2026-10-07 21:07:48,656 INFO [v36b] WHY-NOT SUGP px 2.5800 | crowd #20 $8k, gainer #1 | NO CROWD: not top 2 held 2m, not ripping, not a top gainer with $1000k
2026-10-07 21:07:50,615 INFO [v36] WHY-NOT CPHI px 1.0000 | crowd #1 $741k held 1.8m, gainer #5 | NO CROWD: not top 2 held 2m, not ripping, not a top gainer with $1000k
2026-10-07 21:07:50,616 INFO [v36b] WHY-NOT CPHI px 1.0000 | crowd #1 $741k held 1.8m, gainer #5 | NO CROWD: not top 2 held 2m, not ripping, not a top gainer with $1000k
2026-10-07 21:08:01,327 INFO [v36] WHY-NOT AIXI px 2.1501 | crowd #3 $318k, gainer #14 | NO CROWD: not top 2 held 2m, not ripping, not a top gainer with $1000k
2026-10-07 21:08:01,327 INFO [v36b] WHY-NOT AIXI px 2.1501 | crowd #3 $318k, gainer #14 | NO CROWD: not top 2 held 2m, not ripping, not a top gainer with $1000k
2026-10-07 21:08:19,115 INFO [v36] WHY-NOT PFAI px 4.2015 | crowd #9 $49k, gainer #2 | NO CROWD: not top 2 held 2m, not ripping, not a top gainer with $1000k
2026-10-07 21:08:19,115 INFO [v36b] WHY-NOT PFAI px 4.2015 | crowd #9 $49k, gainer #2 | NO CROWD: not top 2 held 2m, not ripping, not a top gainer with $1000k
2026-10-07 21:09:01,679 INFO [v36] WHY-NOT AIXI px 2.2300 | crowd #2 $400k held 0.0m, gainer #13 | NO CROWD: not top 2 held 2m, not ripping, not a top gainer with $1000k
2026-10-07 21:09:01,679 INFO [v36b] WHY-NOT AIXI px 2.2300 | crowd #2 $400k held 0.0m, gainer #13 | NO CROWD: not top 2 held 2m, not ripping, not a top gainer with $1000k
2026-10-07 21:09:21,084 INFO [v36] WHY-NOT PFAI px 4.2131 | crowd #13 $33k, gainer #2 | NO CROWD: not top 2 held 2m, not ripping, not a top gainer with $1000k
2026-10-07 21:09:21,085 INFO [v36b] WHY-NOT PFAI px 4.2131 | crowd #13 $33k, gainer #2 | NO CROWD: not top 2 held 2m, not ripping, not a top gainer with $1000k
2026-10-07 21:10:02,101 INFO [v36] WHY-NOT AIXI px 2.2009 | crowd #1 $527k held 1.0m, gainer #13 | NO CROWD: not top 2 held 2m, not ripping, not a top gainer with $1000k
2026-10-07 21:10:02,102 INFO [v36b] WHY-NOT AIXI px 2.2009 | crowd #1 $527k held 1.0m, gainer #13 | NO CROWD: not top 2 held 2m, not ripping, not a top gainer with $1000k
2026-10-07 21:10:23,651 INFO [v36] WHY-NOT SUGP px 2.5550 | crowd #28 $1k, gainer #1 | NO CROWD: not top 2 held 2m, not ripping, not a top gainer with $1000k
2026-10-07 21:10:23,652 INFO [v36b] WHY-NOT SUGP px 2.5550 | crowd #28 $1k, gainer #1 | NO CROWD: not top 2 held 2m, not ripping, not a top gainer with $1000k
2026-10-07 21:10:24,781 INFO [v36] WHY-NOT PFAI px 4.2100 | crowd #9 $66k, gainer #2 | NO CROWD: not top 2 held 2m, not ripping, not a top gainer with $1000k
2026-10-07 21:10:24,782 INFO [v36b] WHY-NOT PFAI px 4.2100 | crowd #9 $66k, gainer #2 | NO CROWD: not top 2 held 2m, not ripping, not a top gainer with $1000k
2026-10-07 21:11:02,144 INFO [v36] WHY-NOT AIXI px 2.2500 | crowd #1 $496k held 2.0m, gainer #12 | WAIT: hod trigger 2.4400
2026-10-07 21:11:02,146 INFO [v36b] WHY-NOT AIXI px 2.2500 | crowd #1 $496k held 2.0m, gainer #12 | WAIT: hod trigger 2.4400
2026-10-07 21:11:25,353 INFO [v36] WHY-NOT PFAI px 4.1000 | crowd #8 $59k, gainer #2 | NO CROWD: not top 2 held 2m, not ripping, not a top gainer with $1000k
2026-10-07 21:11:25,354 INFO [v36b] WHY-NOT PFAI px 4.1000 | crowd #8 $59k, gainer #2 | NO CROWD: not top 2 held 2m, not ripping, not a top gainer with $1000k
2026-10-07 21:12:00,072 INFO [v36] WHY-NOT ERNA px 2.6215 | crowd #3 $65k, gainer #16 | NO CROWD: not top 2 held 2m, not ripping, not a top gainer with $1000k
2026-10-07 21:12:00,072 INFO [v36b] WHY-NOT ERNA px 2.6215 | crowd #3 $65k, gainer #16 | NO CROWD: not top 2 held 2m, not ripping, not a top gainer with $1000k
2026-10-07 21:12:02,162 INFO [v36] WHY-NOT AIXI px 2.2900 | crowd #1 $638k held 3.0m, gainer #10 | WAIT: hod trigger 2.4400
2026-10-07 21:12:02,165 INFO [v36b] WHY-NOT AIXI px 2.2900 | crowd #1 $638k held 3.0m, gainer #10 | WAIT: hod trigger 2.4400
2026-10-07 21:12:31,697 INFO [v36] WHY-NOT SUGP px 2.5400 | crowd #24 $1k, gainer #1 | NO CROWD: not top 2 held 2m, not ripping, not a top gainer with $1000k
2026-10-07 21:12:31,697 INFO [v36b] WHY-NOT SUGP px 2.5400 | crowd #24 $1k, gainer #1 | NO CROWD: not top 2 held 2m, not ripping, not a top gainer with $1000k
2026-10-07 21:13:02,422 INFO [v36] WHY-NOT AIXI px 2.2102 | crowd #1 $1166k held 4.0m, gainer #13 | WAIT: hod trigger 2.4400
2026-10-07 21:13:02,424 INFO [v36b] WHY-NOT AIXI px 2.2102 | crowd #1 $1166k held 4.0m, gainer #13 | WAIT: hod trigger 2.4400
2026-10-07 21:13:12,954 INFO [v36] WHY-NOT PFAI px 4.2100 | crowd #6 $98k, gainer #2 | NO CROWD: not top 2 held 2m, not ripping, not a top gainer with $1000k
2026-10-07 21:13:12,955 INFO [v36b] WHY-NOT PFAI px 4.2100 | crowd #6 $98k, gainer #2 | NO CROWD: not top 2 held 2m, not ripping, not a top gainer with $1000k
2026-10-07 21:13:13,931 INFO [v36] WHY-NOT QTEX px 1.5750 | crowd #3 $169k, gainer #67 | NO FLOAT: 60.8M > 20M
2026-10-07 21:13:13,931 INFO [v36b] WHY-NOT QTEX px 1.5750 | crowd #3 $169k, gainer #67 | NO FLOAT: 60.8M > 20M
2026-10-07 21:14:03,197 INFO [v36] WHY-NOT AIXI px 2.1800 | crowd #1 $1145k held 5.1m, gainer #16 | WAIT: hod trigger 2.4400
2026-10-07 21:14:03,198 INFO [v36b] WHY-NOT AIXI px 2.1800 | crowd #1 $1145k held 5.1m, gainer #16 | WAIT: hod trigger 2.4400
2026-10-07 21:14:18,218 INFO [v36] WHY-NOT QTEX px 1.5900 | crowd #3 $150k, gainer #67 | NO FLOAT: 60.8M > 20M
2026-10-07 21:14:18,218 INFO [v36b] WHY-NOT QTEX px 1.5900 | crowd #3 $150k, gainer #67 | NO FLOAT: 60.8M > 20M
2026-10-07 21:14:19,929 INFO [v36] WHY-NOT PFAI px 4.2400 | crowd #6 $60k, gainer #2 | NO CROWD: not top 2 held 2m, not ripping, not a top gainer with $1000k
2026-10-07 21:14:19,930 INFO [v36b] WHY-NOT PFAI px 4.2400 | crowd #6 $60k, gainer #2 | NO CROWD: not top 2 held 2m, not ripping, not a top gainer with $1000k
2026-10-07 21:15:03,835 INFO [v36b] WHY-NOT AIXI px 2.1400 | crowd #1 $1022k held 6.1m, gainer #16 | WAIT: hod trigger 2.4400
2026-10-07 21:15:03,909 INFO [v36] WHY-NOT AIXI px 2.1400 | crowd #1 $1022k held 6.1m, gainer #16 | WAIT: hod trigger 2.4400
2026-10-07 21:15:24,559 INFO [v36] WHY-NOT PFAI px 4.2400 | crowd #6 $56k, gainer #2 | NO CROWD: not top 2 held 2m, not ripping, not a top gainer with $1000k
2026-10-07 21:15:24,632 INFO [v36b] WHY-NOT PFAI px 4.2400 | crowd #6 $56k, gainer #2 | NO CROWD: not top 2 held 2m, not ripping, not a top gainer with $1000k
2026-10-07 21:15:31,456 INFO [v36] WHY-NOT QTEX px 1.5700 | crowd #2 $170k held 0.5m, gainer #67 | NO FLOAT: 60.8M > 20M
2026-10-07 21:15:31,457 INFO [v36b] WHY-NOT QTEX px 1.5700 | crowd #2 $170k held 0.5m, gainer #67 | NO FLOAT: 60.8M > 20M
2026-10-07 21:16:04,704 INFO [v36] WHY-NOT AIXI px 2.1700 | crowd #1 $705k held 7.1m, gainer #16 | WAIT: hod trigger 2.4400
2026-10-07 21:16:04,704 INFO [v36b] WHY-NOT AIXI px 2.1700 | crowd #1 $705k held 7.1m, gainer #16 | WAIT: hod trigger 2.4400
2026-10-07 21:16:25,121 INFO [v36] WHY-NOT PFAI px 4.2500 | crowd #14 $22k, gainer #2 | NO CROWD: not top 2 held 2m, not ripping, not a top gainer with $1000k
2026-10-07 21:16:25,122 INFO [v36b] WHY-NOT PFAI px 4.2500 | crowd #14 $22k, gainer #2 | NO CROWD: not top 2 held 2m, not ripping, not a top gainer with $1000k
2026-10-07 21:16:33,818 INFO [v36] WHY-NOT QTEX px 1.5799 | crowd #2 $154k held 1.6m, gainer #67 | NO FLOAT: 60.8M > 20M
2026-10-07 21:16:33,818 INFO [v36b] WHY-NOT QTEX px 1.5799 | crowd #2 $154k held 1.6m, gainer #67 | NO FLOAT: 60.8M > 20M
2026-10-07 21:17:00,654 INFO [v36] WHY-NOT SUGP px 2.5800 | crowd #33 $0k, gainer #1 | NO CROWD: not top 2 held 2m, not ripping, not a top gainer with $1000k
2026-10-07 21:17:00,655 INFO [v36b] WHY-NOT SUGP px 2.5800 | crowd #33 $0k, gainer #1 | NO CROWD: not top 2 held 2m, not ripping, not a top gainer with $1000k
2026-10-07 21:17:08,933 INFO [v36] WHY-NOT AIXI px 2.1600 | crowd #1 $455k held 8.1m, gainer #15 | WAIT: hod trigger 2.4400
2026-10-07 21:17:08,934 INFO [v36b] WHY-NOT AIXI px 2.1600 | crowd #1 $455k held 8.1m, gainer #15 | WAIT: hod trigger 2.4400
2026-10-07 21:17:35,435 INFO [v36] WHY-NOT QTEX px 1.5707 | crowd #3 $77k, gainer #67 | NO FLOAT: 60.8M > 20M
2026-10-07 21:17:35,436 INFO [v36b] WHY-NOT QTEX px 1.5707 | crowd #3 $77k, gainer #67 | NO FLOAT: 60.8M > 20M
2026-10-07 21:17:40,559 INFO [v36] WHY-NOT PFAI px 4.2400 | crowd #9 $39k, gainer #2 | NO CROWD: not top 2 held 2m, not ripping, not a top gainer with $1000k
2026-10-07 21:17:40,559 INFO [v36b] WHY-NOT PFAI px 4.2400 | crowd #9 $39k, gainer #2 | NO CROWD: not top 2 held 2m, not ripping, not a top gainer with $1000k
2026-10-07 21:18:09,521 INFO [v36] WHY-NOT AIXI px 2.1294 | crowd #1 $375k held 9.2m, gainer #20 | WAIT: hod trigger 2.4400
2026-10-07 21:18:09,521 INFO [v36b] WHY-NOT AIXI px 2.1294 | crowd #1 $375k held 9.2m, gainer #20 | WAIT: hod trigger 2.4400
2026-10-07 21:18:45,730 INFO [v36] WHY-NOT QTEX px 1.5880 | crowd #3 $85k, gainer #67 | NO FLOAT: 60.8M > 20M
2026-10-07 21:18:45,730 INFO [v36b] WHY-NOT QTEX px 1.5880 | crowd #3 $85k, gainer #67 | NO FLOAT: 60.8M > 20M
2026-10-07 21:18:58,483 INFO [v36] WHY-NOT PFAI px 4.2300 | crowd #9 $39k, gainer #2 | NO CROWD: not top 2 held 2m, not ripping, not a top gainer with $1000k
2026-10-07 21:18:58,484 INFO [v36b] WHY-NOT PFAI px 4.2300 | crowd #9 $39k, gainer #2 | NO CROWD: not top 2 held 2m, not ripping, not a top gainer with $1000k
2026-10-07 21:19:09,616 INFO [v36] WHY-NOT AIXI px 2.1700 | crowd #1 $263k held 10.2m, gainer #15 | WAIT: hod trigger 2.4400
2026-10-07 21:19:09,617 INFO [v36b] WHY-NOT AIXI px 2.1700 | crowd #1 $263k held 10.2m, gainer #15 | WAIT: hod trigger 2.4400
2026-10-07 21:19:22,179 INFO [v36] WHY-NOT IPW px 1.2600 | crowd #3 $75k, gainer #23 | NO CROWD: not top 2 held 2m, not ripping, not a top gainer with $1000k
2026-10-07 21:19:22,180 INFO [v36b] WHY-NOT IPW px 1.2600 | crowd #3 $75k, gainer #23 | NO CROWD: not top 2 held 2m, not ripping, not a top gainer with $1000k
2026-10-07 21:20:10,881 INFO [v36] WHY-NOT PFAI px 4.2400 | crowd #11 $31k, gainer #2 | NO CROWD: not top 2 held 2m, not ripping, not a top gainer with $1000k
2026-10-07 21:20:10,881 INFO [v36b] WHY-NOT PFAI px 4.2400 | crowd #11 $31k, gainer #2 | NO CROWD: not top 2 held 2m, not ripping, not a top gainer with $1000k
2026-10-07 21:20:15,227 INFO [v36] WHY-NOT AIXI px 2.1585 | crowd #1 $176k held 11.3m, gainer #16 | WAIT: hod trigger 2.4400
2026-10-07 21:20:15,227 INFO [v36b] WHY-NOT AIXI px 2.1585 | crowd #1 $176k held 11.3m, gainer #16 | WAIT: hod trigger 2.4400
2026-10-07 21:20:27,710 INFO [v36] WHY-NOT IPW px 1.2700 | crowd #3 $78k, gainer #23 | NO CROWD: not top 2 held 2m, not ripping, not a top gainer with $1000k
2026-10-07 21:20:27,711 INFO [v36b] WHY-NOT IPW px 1.2700 | crowd #3 $78k, gainer #23 | NO CROWD: not top 2 held 2m, not ripping, not a top gainer with $1000k
2026-10-07 21:21:02,959 INFO [v36] WHY-NOT VSA px 2.3900 | crowd #3 $75k, gainer #21 | NO CROWD: not top 2 held 2m, not ripping, not a top gainer with $1000k
2026-10-07 21:21:02,960 INFO [v36b] WHY-NOT VSA px 2.3900 | crowd #3 $75k, gainer #21 | NO CROWD: not top 2 held 2m, not ripping, not a top gainer with $1000k
2026-10-07 21:21:16,631 INFO [v36] WHY-NOT AIXI px 2.2100 | crowd #1 $135k held 12.3m, gainer #15 | WAIT: hod trigger 2.4400
2026-10-07 21:21:16,632 INFO [v36b] WHY-NOT AIXI px 2.2100 | crowd #1 $135k held 12.3m, gainer #15 | WAIT: hod trigger 2.4400
2026-10-07 21:21:20,686 INFO [v36] WHY-NOT PFAI px 4.4000 | crowd #12 $11k, gainer #2 | NO CROWD: not top 2 held 2m, not ripping, not a top gainer with $1000k
2026-10-07 21:21:20,687 INFO [v36b] WHY-NOT PFAI px 4.4000 | crowd #12 $11k, gainer #2 | NO CROWD: not top 2 held 2m, not ripping, not a top gainer with $1000k
2026-10-07 21:22:06,115 INFO [v36] WHY-NOT VSA px 2.3900 | crowd #3 $156k, gainer #20 | NO CROWD: not top 2 held 2m, not ripping, not a top gainer with $1000k
2026-10-07 21:22:06,116 INFO [v36b] WHY-NOT VSA px 2.3900 | crowd #3 $156k, gainer #20 | NO CROWD: not top 2 held 2m, not ripping, not a top gainer with $1000k
2026-10-07 21:22:08,101 INFO [v36] WHY-NOT SNXX px 15.8400 | crowd #1 $375k held 0.1m, gainer #55 | NO CROWD: not top 2 held 2m, not ripping, not a top gainer with $1000k
2026-10-07 21:22:08,101 INFO [v36b] WHY-NOT SNXX px 15.8400 | crowd #1 $375k held 0.1m, gainer #55 | NO CROWD: not top 2 held 2m, not ripping, not a top gainer with $1000k
2026-10-07 21:22:16,760 INFO [v36] WHY-NOT AIXI px 2.1599 | crowd #2 $272k held 13.3m, gainer #13 | WAIT: hod trigger 2.4400
2026-10-07 21:22:16,761 INFO [v36b] WHY-NOT AIXI px 2.1599 | crowd #2 $272k held 13.3m, gainer #13 | WAIT: hod trigger 2.4400
2026-10-07 21:22:25,780 INFO [v36] WHY-NOT PFAI px 4.3700 | crowd #5 $71k, gainer #2 | NO CROWD: not top 2 held 2m, not ripping, not a top gainer with $1000k
2026-10-07 21:22:25,781 INFO [v36b] WHY-NOT PFAI px 4.3700 | crowd #5 $71k, gainer #2 | NO CROWD: not top 2 held 2m, not ripping, not a top gainer with $1000k
2026-10-07 21:23:08,129 INFO [v36] WHY-NOT VSA px 2.4900 | crowd #3 $218k, gainer #19 | NO CROWD: not top 2 held 2m, not ripping, not a top gainer with $1000k
2026-10-07 21:23:08,186 INFO [v36b] WHY-NOT VSA px 2.4900 | crowd #3 $218k, gainer #19 | NO CROWD: not top 2 held 2m, not ripping, not a top gainer with $1000k
2026-10-07 21:23:19,874 INFO [v36] WHY-NOT AIXI px 2.1601 | crowd #2 $278k held 14.3m, gainer #14 | WAIT: hod trigger 2.4400
2026-10-07 21:23:19,874 INFO [v36b] WHY-NOT AIXI px 2.1601 | crowd #2 $278k held 14.3m, gainer #14 | WAIT: hod trigger 2.4400
2026-10-07 21:23:26,763 INFO [v36] WHY-NOT SNXX px 15.8398 | crowd #1 $363k held 1.4m, gainer #55 | NO CROWD: not top 2 held 2m, not ripping, not a top gainer with $1000k
2026-10-07 21:23:26,763 INFO [v36b] WHY-NOT SNXX px 15.8398 | crowd #1 $363k held 1.4m, gainer #55 | NO CROWD: not top 2 held 2m, not ripping, not a top gainer with $1000k
2026-10-07 21:23:30,937 INFO [v36] WHY-NOT PFAI px 4.3800 | crowd #5 $136k, gainer #2 | NO CROWD: not top 2 held 2m, not ripping, not a top gainer with $1000k
2026-10-07 21:23:30,938 INFO [v36b] WHY-NOT PFAI px 4.3800 | crowd #5 $136k, gainer #2 | NO CROWD: not top 2 held 2m, not ripping, not a top gainer with $1000k
2026-10-07 21:24:09,683 INFO [v36] WHY-NOT VSA px 2.3900 | crowd #3 $248k, gainer #23 | NO CROWD: not top 2 held 2m, not ripping, not a top gainer with $1000k
2026-10-07 21:24:09,683 INFO [v36b] WHY-NOT VSA px 2.3900 | crowd #3 $248k, gainer #23 | NO CROWD: not top 2 held 2m, not ripping, not a top gainer with $1000k
2026-10-07 21:24:21,444 INFO [v36] WHY-NOT AIXI px 2.1400 | crowd #2 $270k held 15.4m, gainer #15 | WAIT: hod trigger 2.4400
2026-10-07 21:24:21,445 INFO [v36b] WHY-NOT AIXI px 2.1400 | crowd #2 $270k held 15.4m, gainer #15 | WAIT: hod trigger 2.4400
2026-10-07 21:24:25,294 INFO [v36] WHY-NOT SUGP px 2.5500 | crowd #- $0k, gainer #1 | NO CROWD: not top 2 held 2m, not ripping, not a top gainer with $1000k
2026-10-07 21:24:25,295 INFO [v36b] WHY-NOT SUGP px 2.5500 | crowd #- $0k, gainer #1 | NO CROWD: not top 2 held 2m, not ripping, not a top gainer with $1000k
2026-10-07 21:24:41,364 INFO [v36] WHY-NOT PFAI px 4.3000 | crowd #5 $168k, gainer #2 | NO CROWD: not top 2 held 2m, not ripping, not a top gainer with $1000k
2026-10-07 21:24:41,364 INFO [v36b] WHY-NOT PFAI px 4.3000 | crowd #5 $168k, gainer #2 | NO CROWD: not top 2 held 2m, not ripping, not a top gainer with $1000k
2026-10-07 21:24:58,624 INFO [v36] WHY-NOT SNXX px 15.8400 | crowd #1 $350k held 3.0m, gainer #55 | NO PATTERN: no rip | last candles --, vol 0.1x the 5 before (high break needs 2.0x)
2026-10-07 21:24:58,624 INFO [v36b] WHY-NOT SNXX px 15.8400 | crowd #1 $350k held 3.0m, gainer #55 | NO PATTERN: no rip | last candles --, vol 0.1x the 5 before (high break needs 2.0x)
2026-10-07 21:25:00,120 INFO [v36] WHY-NOT CPHI px 1.0900 | crowd #1 $512k held 0.0m, gainer #3 | WAIT: hod trigger 1.3300
2026-10-07 21:25:00,122 INFO [v36b] WHY-NOT CPHI px 1.0900 | crowd #1 $512k held 0.0m, gainer #3 | WAIT: hod trigger 1.3300
2026-10-07 21:25:12,493 INFO [v36] WHY-NOT VSA px 2.3408 | crowd #2 $274k held 0.2m, gainer #35 | NO CROWD: not top 2 held 2m, not ripping, not a top gainer with $1000k
2026-10-07 21:25:12,493 INFO [v36b] WHY-NOT VSA px 2.3408 | crowd #2 $274k held 0.2m, gainer #35 | NO CROWD: not top 2 held 2m, not ripping, not a top gainer with $1000k
2026-10-07 21:25:22,803 INFO [v36] WHY-NOT AIXI px 2.1497 | crowd #3 $212k, gainer #15 | NO CROWD: not top 2 held 2m, not ripping, not a top gainer with $1000k
2026-10-07 21:25:22,804 INFO [v36b] WHY-NOT AIXI px 2.1497 | crowd #3 $212k, gainer #15 | NO CROWD: not top 2 held 2m, not ripping, not a top gainer with $1000k
2026-10-07 21:25:48,389 INFO [v36] WHY-NOT PFAI px 4.2700 | crowd #4 $150k, gainer #2 | NO CROWD: not top 2 held 2m, not ripping, not a top gainer with $1000k
2026-10-07 21:25:48,390 INFO [v36b] WHY-NOT PFAI px 4.2700 | crowd #4 $150k, gainer #2 | NO CROWD: not top 2 held 2m, not ripping, not a top gainer with $1000k
2026-10-07 21:26:00,347 INFO [v36] WHY-NOT CPHI px 1.0800 | crowd #1 $850k held 1.0m, gainer #4 | WAIT: hod trigger 1.3300
2026-10-07 21:26:00,348 INFO [v36b] WHY-NOT CPHI px 1.0800 | crowd #1 $850k held 1.0m, gainer #4 | WAIT: hod trigger 1.3300
2026-10-07 21:26:14,533 INFO [v36] WHY-NOT VSA px 2.2600 | crowd #2 $238k held 1.2m, gainer #54 | NO CROWD: not top 2 held 2m, not ripping, not a top gainer with $1000k
2026-10-07 21:26:14,533 INFO [v36b] WHY-NOT VSA px 2.2600 | crowd #2 $238k held 1.2m, gainer #54 | NO CROWD: not top 2 held 2m, not ripping, not a top gainer with $1000k
2026-10-07 21:26:23,495 INFO [v36] WHY-NOT AIXI px 2.1400 | crowd #3 $167k, gainer #19 | NO CROWD: not top 2 held 2m, not ripping, not a top gainer with $1000k
2026-10-07 21:26:23,495 INFO [v36b] WHY-NOT AIXI px 2.1400 | crowd #3 $167k, gainer #19 | NO CROWD: not top 2 held 2m, not ripping, not a top gainer with $1000k
2026-10-07 21:26:58,410 INFO [v36] WHY-NOT PFAI px 4.2700 | crowd #4 $129k, gainer #2 | NO CROWD: not top 2 held 2m, not ripping, not a top gainer with $1000k
2026-10-07 21:26:58,410 INFO [v36b] WHY-NOT PFAI px 4.2700 | crowd #4 $129k, gainer #2 | NO CROWD: not top 2 held 2m, not ripping, not a top gainer with $1000k
2026-10-07 21:27:00,680 INFO [v36] WHY-NOT CPHI px 1.0700 | crowd #1 $921k held 2.0m, gainer #4 | WAIT: hod trigger 1.3300
2026-10-07 21:27:00,683 INFO [v36b] WHY-NOT CPHI px 1.0700 | crowd #1 $921k held 2.0m, gainer #4 | WAIT: hod trigger 1.3300
2026-10-07 21:27:14,735 INFO [v36b] WHY-NOT VSA px 2.2038 | crowd #2 $209k held 2.2m, gainer #60 | NO PATTERN: no rip | last candles RR, vol 0.6x the 5 before (high break needs 2.0x)
2026-10-07 21:27:14,745 INFO [v36] WHY-NOT VSA px 2.2038 | crowd #2 $209k held 2.2m, gainer #60 | NO PATTERN: no rip | last candles RR, vol 0.6x the 5 before (high break needs 2.0x)
2026-10-07 21:27:15,525 INFO [v36] WHY-NOT SUGP px 2.5500 | crowd #25 $2k, gainer #1 | NO CROWD: not top 2 held 2m, not ripping, not a top gainer with $1000k
2026-10-07 21:27:15,525 INFO [v36b] WHY-NOT SUGP px 2.5500 | crowd #25 $2k, gainer #1 | NO CROWD: not top 2 held 2m, not ripping, not a top gainer with $1000k
2026-10-07 21:27:26,235 INFO [v36] WHY-NOT AIXI px 2.1397 | crowd #3 $165k, gainer #19 | NO CROWD: not top 2 held 2m, not ripping, not a top gainer with $1000k
2026-10-07 21:27:26,235 INFO [v36b] WHY-NOT AIXI px 2.1397 | crowd #3 $165k, gainer #19 | NO CROWD: not top 2 held 2m, not ripping, not a top gainer with $1000k
2026-10-07 21:28:00,834 INFO [v36] WHY-NOT CPHI px 1.1200 | crowd #1 $1247k held 3.0m, gainer #3 | WAIT: hod trigger 1.3300
2026-10-07 21:28:00,837 INFO [v36b] WHY-NOT CPHI px 1.1200 | crowd #1 $1247k held 3.0m, gainer #3 | WAIT: hod trigger 1.3300
2026-10-07 21:28:18,974 INFO [v36] WHY-NOT VSA px 2.2200 | crowd #3 $122k, gainer #54 | NO CROWD: not top 2 held 2m, not ripping, not a top gainer with $1000k
2026-10-07 21:28:18,975 INFO [v36b] WHY-NOT VSA px 2.2200 | crowd #3 $122k, gainer #54 | NO CROWD: not top 2 held 2m, not ripping, not a top gainer with $1000k
2026-10-07 21:28:25,912 INFO [v36] WHY-NOT PFAI px 4.2600 | crowd #8 $46k, gainer #2 | NO CROWD: not top 2 held 2m, not ripping, not a top gainer with $1000k
2026-10-07 21:28:25,913 INFO [v36b] WHY-NOT PFAI px 4.2600 | crowd #8 $46k, gainer #2 | NO CROWD: not top 2 held 2m, not ripping, not a top gainer with $1000k
2026-10-07 21:28:27,130 INFO [v36] WHY-NOT AIXI px 2.0900 | crowd #2 $184k held 0.4m, gainer #22 | NO CROWD: not top 2 held 2m, not ripping, not a top gainer with $1000k
2026-10-07 21:28:27,130 INFO [v36b] WHY-NOT AIXI px 2.0900 | crowd #2 $184k held 0.4m, gainer #22 | NO CROWD: not top 2 held 2m, not ripping, not a top gainer with $1000k
2026-10-07 21:29:00,962 INFO [v36] WHY-NOT CPHI px 1.0885 | crowd #1 $1247k held 4.0m, gainer #3 | WAIT: hod trigger 1.3300
2026-10-07 21:29:00,963 INFO [v36b] WHY-NOT CPHI px 1.0885 | crowd #1 $1247k held 4.0m, gainer #3 | WAIT: hod trigger 1.3300
2026-10-07 21:29:10,163 INFO [v36] WHY-NOT SNXX px 15.8324 | crowd #2 $453k held 0.2m, gainer #54 | NO CROWD: not top 2 held 2m, not ripping, not a top gainer with $1000k
2026-10-07 21:29:10,164 INFO [v36b] WHY-NOT SNXX px 15.8324 | crowd #2 $453k held 0.2m, gainer #54 | NO CROWD: not top 2 held 2m, not ripping, not a top gainer with $1000k
2026-10-07 21:29:28,975 INFO [v36] WHY-NOT AIXI px 2.0700 | crowd #3 $212k, gainer #26 | NO CROWD: not top 2 held 2m, not ripping, not a top gainer with $1000k
2026-10-07 21:29:28,975 INFO [v36b] WHY-NOT AIXI px 2.0700 | crowd #3 $212k, gainer #26 | NO CROWD: not top 2 held 2m, not ripping, not a top gainer with $1000k
2026-10-07 21:29:53,824 INFO [v36] WHY-NOT PFAI px 4.2900 | crowd #8 $37k, gainer #2 | NO CROWD: not top 2 held 2m, not ripping, not a top gainer with $1000k
2026-10-07 21:29:53,902 INFO [v36b] WHY-NOT PFAI px 4.2900 | crowd #8 $37k, gainer #2 | NO CROWD: not top 2 held 2m, not ripping, not a top gainer with $1000k
2026-10-07 21:30:01,022 INFO [v36] WHY-NOT CPHI px 1.0801 | crowd #1 $1022k held 5.0m, gainer #4 | WAIT: hod trigger 1.3300
2026-10-07 21:30:01,023 INFO [v36b] WHY-NOT CPHI px 1.0801 | crowd #1 $1022k held 5.0m, gainer #4 | WAIT: hod trigger 1.3300
2026-10-07 21:30:17,539 INFO [v36] WHY-NOT SUGP px 2.5600 | crowd #23 $3k, gainer #1 | NO CROWD: not top 2 held 2m, not ripping, not a top gainer with $1000k
2026-10-07 21:30:17,539 INFO [v36b] WHY-NOT SUGP px 2.5600 | crowd #23 $3k, gainer #1 | NO CROWD: not top 2 held 2m, not ripping, not a top gainer with $1000k
2026-10-07 21:30:17,794 INFO [v36] WHY-NOT SNXX px 15.8300 | crowd #2 $536k held 1.3m, gainer #54 | NO CROWD: not top 2 held 2m, not ripping, not a top gainer with $1000k
2026-10-07 21:30:17,795 INFO [v36b] WHY-NOT SNXX px 15.8300 | crowd #2 $536k held 1.3m, gainer #54 | NO CROWD: not top 2 held 2m, not ripping, not a top gainer with $1000k
2026-10-07 21:30:30,403 INFO [v36] WHY-NOT AIXI px 2.1100 | crowd #3 $233k, gainer #23 | NO CROWD: not top 2 held 2m, not ripping, not a top gainer with $1000k
2026-10-07 21:30:30,403 INFO [v36b] WHY-NOT AIXI px 2.1100 | crowd #3 $233k, gainer #23 | NO CROWD: not top 2 held 2m, not ripping, not a top gainer with $1000k
2026-10-07 21:30:56,510 INFO [v36] WHY-NOT PFAI px 4.3300 | crowd #8 $30k, gainer #2 | NO CROWD: not top 2 held 2m, not ripping, not a top gainer with $1000k
2026-10-07 21:30:56,510 INFO [v36b] WHY-NOT PFAI px 4.3300 | crowd #8 $30k, gainer #2 | NO CROWD: not top 2 held 2m, not ripping, not a top gainer with $1000k
2026-10-07 21:31:02,033 INFO [v36] WHY-NOT CPHI px 1.1115 | crowd #1 $833k held 6.0m, gainer #3 | WAIT: hod trigger 1.3300
2026-10-07 21:31:02,034 INFO [v36b] WHY-NOT CPHI px 1.1115 | crowd #1 $833k held 6.0m, gainer #3 | WAIT: hod trigger 1.3300
2026-10-07 21:31:30,857 INFO [v36] WHY-NOT AIXI px 2.1199 | crowd #3 $185k, gainer #23 | NO CROWD: not top 2 held 2m, not ripping, not a top gainer with $1000k
2026-10-07 21:31:30,857 INFO [v36b] WHY-NOT AIXI px 2.1199 | crowd #3 $185k, gainer #23 | NO CROWD: not top 2 held 2m, not ripping, not a top gainer with $1000k
2026-10-07 21:31:44,072 INFO [v36] WHY-NOT SUGP px 2.5500 | crowd #21 $3k, gainer #1 | NO CROWD: not top 2 held 2m, not ripping, not a top gainer with $1000k
2026-10-07 21:31:44,073 INFO [v36b] WHY-NOT SUGP px 2.5500 | crowd #21 $3k, gainer #1 | NO CROWD: not top 2 held 2m, not ripping, not a top gainer with $1000k
2026-10-07 21:31:57,375 INFO [v36] WHY-NOT PFAI px 4.3801 | crowd #8 $21k, gainer #2 | NO CROWD: not top 2 held 2m, not ripping, not a top gainer with $1000k
2026-10-07 21:31:57,376 INFO [v36b] WHY-NOT PFAI px 4.3801 | crowd #8 $21k, gainer #2 | NO CROWD: not top 2 held 2m, not ripping, not a top gainer with $1000k
2026-10-07 21:32:02,033 INFO [v36] WHY-NOT CPHI px 1.1415 | crowd #1 $846k held 7.0m, gainer #3 | WAIT: hod trigger 1.3300
2026-10-07 21:32:02,034 INFO [v36b] WHY-NOT CPHI px 1.1415 | crowd #1 $846k held 7.0m, gainer #3 | WAIT: hod trigger 1.3300
2026-10-07 21:32:03,542 INFO [v36] WHY-NOT SNXX px 15.8400 | crowd #2 $541k held 3.1m, gainer #55 | NO PATTERN: no rip | last candles RR, vol 0.0x the 5 before (high break needs 2.0x)
2026-10-07 21:32:03,543 INFO [v36b] WHY-NOT SNXX px 15.8400 | crowd #2 $541k held 3.1m, gainer #55 | NO PATTERN: no rip | last candles RR, vol 0.0x the 5 before (high break needs 2.0x)
2026-10-07 21:32:30,876 INFO [v36] WHY-NOT AIXI px 2.0900 | crowd #3 $207k, gainer #22 | NO CROWD: not top 2 held 2m, not ripping, not a top gainer with $1000k
2026-10-07 21:32:30,876 INFO [v36b] WHY-NOT AIXI px 2.0900 | crowd #3 $207k, gainer #22 | NO CROWD: not top 2 held 2m, not ripping, not a top gainer with $1000k
2026-10-07 21:32:44,772 INFO [v36] WHY-NOT SUGP px 2.5500 | crowd #25 $1k, gainer #1 | NO CROWD: not top 2 held 2m, not ripping, not a top gainer with $1000k
2026-10-07 21:32:44,772 INFO [v36b] WHY-NOT SUGP px 2.5500 | crowd #25 $1k, gainer #1 | NO CROWD: not top 2 held 2m, not ripping, not a top gainer with $1000k
2026-10-07 21:33:00,277 INFO [v36] WHY-NOT PFAI px 4.3800 | crowd #9 $29k, gainer #2 | NO CROWD: not top 2 held 2m, not ripping, not a top gainer with $1000k
2026-10-07 21:33:00,277 INFO [v36b] WHY-NOT PFAI px 4.3800 | crowd #9 $29k, gainer #2 | NO CROWD: not top 2 held 2m, not ripping, not a top gainer with $1000k
2026-10-07 21:33:02,812 INFO [v36] WHY-NOT CPHI px 1.1300 | crowd #1 $739k held 8.0m, gainer #3 | WAIT: hod trigger 1.3300
2026-10-07 21:33:02,813 INFO [v36b] WHY-NOT CPHI px 1.1300 | crowd #1 $739k held 8.0m, gainer #3 | WAIT: hod trigger 1.3300
2026-10-07 21:33:22,620 INFO [v36] WHY-NOT SNXX px 15.8202 | crowd #2 $208k held 4.4m, gainer #55 | NO PATTERN: no rip | last candles RG, vol 0.2x the 5 before (high break needs 2.0x)
2026-10-07 21:33:22,620 INFO [v36b] WHY-NOT SNXX px 15.8202 | crowd #2 $208k held 4.4m, gainer #55 | NO PATTERN: no rip | last candles RG, vol 0.2x the 5 before (high break needs 2.0x)
2026-10-07 21:33:32,620 INFO [v36] WHY-NOT AIXI px 2.0900 | crowd #3 $151k, gainer #25 | NO CROWD: not top 2 held 2m, not ripping, not a top gainer with $1000k
2026-10-07 21:33:32,620 INFO [v36b] WHY-NOT AIXI px 2.0900 | crowd #3 $151k, gainer #25 | NO CROWD: not top 2 held 2m, not ripping, not a top gainer with $1000k
2026-10-07 21:34:00,056 INFO [v36] WHY-NOT IPW px 1.4700 | crowd #2 $296k held 0.0m, gainer #8 | NO CROWD: not top 2 held 2m, not ripping, not a top gainer with $1000k
2026-10-07 21:34:00,057 INFO [v36b] WHY-NOT IPW px 1.4700 | crowd #2 $296k held 0.0m, gainer #8 | NO CROWD: not top 2 held 2m, not ripping, not a top gainer with $1000k
2026-10-07 21:34:01,827 INFO [v36] WHY-NOT PFAI px 4.3800 | crowd #8 $45k, gainer #2 | NO CROWD: not top 2 held 2m, not ripping, not a top gainer with $1000k
2026-10-07 21:34:01,829 INFO [v36b] WHY-NOT PFAI px 4.3800 | crowd #8 $45k, gainer #2 | NO CROWD: not top 2 held 2m, not ripping, not a top gainer with $1000k
2026-10-07 21:34:03,303 INFO [v36] WHY-NOT CPHI px 1.0900 | crowd #1 $718k held 9.1m, gainer #3 | WAIT: hod trigger 1.3300
2026-10-07 21:34:03,303 INFO [v36b] WHY-NOT CPHI px 1.0900 | crowd #1 $718k held 9.1m, gainer #3 | WAIT: hod trigger 1.3300
2026-10-07 21:34:35,724 INFO [v36] WHY-NOT AIXI px 2.0800 | crowd #3 $118k, gainer #25 | NO CROWD: not top 2 held 2m, not ripping, not a top gainer with $1000k
2026-10-07 21:34:35,724 INFO [v36b] WHY-NOT AIXI px 2.0800 | crowd #3 $118k, gainer #25 | NO CROWD: not top 2 held 2m, not ripping, not a top gainer with $1000k
2026-10-07 21:35:00,252 INFO [v36] WHY-NOT IPW px 1.4200 | crowd #2 $580k held 1.0m, gainer #10 | NO CROWD: not top 2 held 2m, not ripping, not a top gainer with $1000k
2026-10-07 21:35:00,255 INFO [v36b] WHY-NOT IPW px 1.4200 | crowd #2 $580k held 1.0m, gainer #10 | NO CROWD: not top 2 held 2m, not ripping, not a top gainer with $1000k
2026-10-07 21:35:02,677 INFO [v36] WHY-NOT PFAI px 4.4000 | crowd #7 $54k, gainer #2 | NO CROWD: not top 2 held 2m, not ripping, not a top gainer with $1000k
2026-10-07 21:35:02,677 INFO [v36b] WHY-NOT PFAI px 4.4000 | crowd #7 $54k, gainer #2 | NO CROWD: not top 2 held 2m, not ripping, not a top gainer with $1000k
2026-10-07 21:35:03,339 INFO [v36] WHY-NOT CPHI px 1.0698 | crowd #1 $703k held 10.1m, gainer #4 | WAIT: hod trigger 1.3300
2026-10-07 21:35:03,340 INFO [v36b] WHY-NOT CPHI px 1.0698 | crowd #1 $703k held 10.1m, gainer #4 | WAIT: hod trigger 1.3300
2026-10-07 21:35:35,918 INFO [v36] WHY-NOT AIXI px 2.1100 | crowd #3 $103k, gainer #23 | NO CROWD: not top 2 held 2m, not ripping, not a top gainer with $1000k
2026-10-07 21:35:35,921 INFO [v36b] WHY-NOT AIXI px 2.1100 | crowd #3 $103k, gainer #23 | NO CROWD: not top 2 held 2m, not ripping, not a top gainer with $1000k
2026-10-07 21:36:01,503 INFO [v36] WHY-NOT IPW px 1.4700 | crowd #1 $852k held 2.0m, gainer #8 | NO PATTERN: no rip | last candles RG, vol 2.4x the 5 before (high break needs 2.0x)
2026-10-07 21:36:01,505 INFO [v36b] WHY-NOT IPW px 1.4700 | crowd #1 $852k held 2.0m, gainer #8 | NO PATTERN: no rip | last candles RG, vol 2.4x the 5 before (high break needs 2.0x)
2026-10-07 21:36:03,766 INFO [v36] WHY-NOT CPHI px 1.0500 | crowd #2 $529k held 11.1m, gainer #4 | WAIT: hod trigger 1.3300
2026-10-07 21:36:03,767 INFO [v36b] WHY-NOT CPHI px 1.0500 | crowd #2 $529k held 11.1m, gainer #4 | WAIT: hod trigger 1.3300
2026-10-07 21:36:10,845 INFO [v36] WHY-NOT PFAI px 4.4100 | crowd #5 $61k, gainer #2 | NO CROWD: not top 2 held 2m, not ripping, not a top gainer with $1000k
2026-10-07 21:36:10,846 INFO [v36b] WHY-NOT PFAI px 4.4100 | crowd #5 $61k, gainer #2 | NO CROWD: not top 2 held 2m, not ripping, not a top gainer with $1000k
2026-10-07 21:36:36,860 INFO [v36] WHY-NOT AIXI px 2.1200 | crowd #3 $96k, gainer #21 | NO CROWD: not top 2 held 2m, not ripping, not a top gainer with $1000k
2026-10-07 21:36:36,861 INFO [v36b] WHY-NOT AIXI px 2.1200 | crowd #3 $96k, gainer #21 | NO CROWD: not top 2 held 2m, not ripping, not a top gainer with $1000k
2026-10-07 21:37:01,675 INFO [v36] WHY-NOT IPW px 1.4401 | crowd #1 $995k held 3.0m, gainer #9 | NO PATTERN: no rip | last candles GR, vol 1.0x the 5 before (high break needs 2.0x)
2026-10-07 21:37:01,676 INFO [v36b] WHY-NOT IPW px 1.4401 | crowd #1 $995k held 3.0m, gainer #9 | NO PATTERN: no rip | last candles GR, vol 1.0x the 5 before (high break needs 2.0x)
2026-10-07 21:37:02,411 INFO [v36] WHY-NOT QTEX px 1.6400 | crowd #3 $144k, gainer #61 | NO FLOAT: 60.8M > 20M
2026-10-07 21:37:02,411 INFO [v36b] WHY-NOT QTEX px 1.6400 | crowd #3 $144k, gainer #61 | NO FLOAT: 60.8M > 20M
2026-10-07 21:37:05,612 INFO [v36] WHY-NOT CPHI px 1.0800 | crowd #2 $449k held 12.1m, gainer #4 | WAIT: hod trigger 1.3300
2026-10-07 21:37:05,615 INFO [v36b] WHY-NOT CPHI px 1.0800 | crowd #2 $449k held 12.1m, gainer #4 | WAIT: hod trigger 1.3300
2026-10-07 21:37:13,357 INFO [v36] WHY-NOT PFAI px 4.4800 | crowd #4 $95k, gainer #2 | NO CROWD: not top 2 held 2m, not ripping, not a top gainer with $1000k
2026-10-07 21:37:13,357 INFO [v36b] WHY-NOT PFAI px 4.4800 | crowd #4 $95k, gainer #2 | NO CROWD: not top 2 held 2m, not ripping, not a top gainer with $1000k
2026-10-07 21:37:32,064 INFO [v36] WHY-NOT SUGP px 2.5900 | crowd #34 $1k, gainer #1 | NO CROWD: not top 2 held 2m, not ripping, not a top gainer with $1000k
2026-10-07 21:37:32,065 INFO [v36b] WHY-NOT SUGP px 2.5900 | crowd #34 $1k, gainer #1 | NO CROWD: not top 2 held 2m, not ripping, not a top gainer with $1000k
2026-10-07 21:38:02,342 INFO [v36] WHY-NOT IPW px 1.4202 | crowd #1 $867k held 4.0m, gainer #10 | NO PATTERN: no rip | last candles RR, vol 0.5x the 5 before (high break needs 2.0x)
2026-10-07 21:38:02,343 INFO [v36b] WHY-NOT IPW px 1.4202 | crowd #1 $867k held 4.0m, gainer #10 | NO PATTERN: no rip | last candles RR, vol 0.5x the 5 before (high break needs 2.0x)
2026-10-07 21:38:05,663 INFO [v36] WHY-NOT CPHI px 1.1100 | crowd #2 $465k held 13.1m, gainer #3 | WAIT: hod trigger 1.3300
2026-10-07 21:38:05,664 INFO [v36b] WHY-NOT CPHI px 1.1100 | crowd #2 $465k held 13.1m, gainer #3 | WAIT: hod trigger 1.3300
2026-10-07 21:38:06,007 INFO [v36] WHY-NOT QTEX px 1.6400 | crowd #3 $164k, gainer #61 | NO FLOAT: 60.8M > 20M
2026-10-07 21:38:06,008 INFO [v36b] WHY-NOT QTEX px 1.6400 | crowd #3 $164k, gainer #61 | NO FLOAT: 60.8M > 20M
2026-10-07 21:38:15,448 INFO [v36] WHY-NOT PFAI px 4.3193 | crowd #4 $104k, gainer #2 | NO CROWD: not top 2 held 2m, not ripping, not a top gainer with $1000k
2026-10-07 21:38:15,520 INFO [v36b] WHY-NOT PFAI px 4.3193 | crowd #4 $104k, gainer #2 | NO CROWD: not top 2 held 2m, not ripping, not a top gainer with $1000k
2026-10-07 21:39:02,400 INFO [v36] WHY-NOT IPW px 1.3585 | crowd #1 $660k held 5.0m, gainer #12 | NO PATTERN: no rip | last candles RR, vol 0.4x the 5 before (high break needs 2.0x)
2026-10-07 21:39:02,400 INFO [v36b] WHY-NOT IPW px 1.3585 | crowd #1 $660k held 5.0m, gainer #12 | NO PATTERN: no rip | last candles RR, vol 0.4x the 5 before (high break needs 2.0x)
2026-10-07 21:39:05,688 INFO [v36] WHY-NOT CPHI px 1.1100 | crowd #2 $439k held 14.1m, gainer #3 | WAIT: hod trigger 1.3300
2026-10-07 21:39:05,689 INFO [v36b] WHY-NOT CPHI px 1.1100 | crowd #2 $439k held 14.1m, gainer #3 | WAIT: hod trigger 1.3300
2026-10-07 21:39:18,561 INFO [v36] WHY-NOT QTEX px 1.6500 | crowd #3 $172k, gainer #60 | NO FLOAT: 60.8M > 20M
2026-10-07 21:39:18,562 INFO [v36b] WHY-NOT QTEX px 1.6500 | crowd #3 $172k, gainer #60 | NO FLOAT: 60.8M > 20M
2026-10-07 21:39:20,267 INFO [v36] WHY-NOT PFAI px 4.3700 | crowd #5 $102k, gainer #2 | NO CROWD: not top 2 held 2m, not ripping, not a top gainer with $1000k
2026-10-07 21:39:20,267 INFO [v36b] WHY-NOT PFAI px 4.3700 | crowd #5 $102k, gainer #2 | NO CROWD: not top 2 held 2m, not ripping, not a top gainer with $1000k
2026-10-07 21:40:02,592 INFO [v36] WHY-NOT IPW px 1.3800 | crowd #2 $464k held 6.0m, gainer #12 | NO PATTERN: no rip | last candles RG, vol 0.5x the 5 before (high break needs 2.0x)
2026-10-07 21:40:02,593 INFO [v36b] WHY-NOT IPW px 1.3800 | crowd #2 $464k held 6.0m, gainer #12 | NO PATTERN: no rip | last candles RG, vol 0.5x the 5 before (high break needs 2.0x)
2026-10-07 21:40:06,204 INFO [v36] WHY-NOT CPHI px 1.1200 | crowd #1 $534k held 15.1m, gainer #3 | WAIT: hod trigger 1.3300
2026-10-07 21:40:06,205 INFO [v36b] WHY-NOT CPHI px 1.1200 | crowd #1 $534k held 15.1m, gainer #3 | WAIT: hod trigger 1.3300
2026-10-07 21:40:26,360 INFO [v36] WHY-NOT QTEX px 1.6500 | crowd #3 $168k, gainer #60 | NO FLOAT: 60.8M > 20M
2026-10-07 21:40:26,361 INFO [v36b] WHY-NOT QTEX px 1.6500 | crowd #3 $168k, gainer #60 | NO FLOAT: 60.8M > 20M
2026-10-07 21:40:29,040 INFO [v36] WHY-NOT PFAI px 4.4100 | crowd #5 $102k, gainer #2 | NO CROWD: not top 2 held 2m, not ripping, not a top gainer with $1000k
2026-10-07 21:40:29,040 INFO [v36b] WHY-NOT PFAI px 4.4100 | crowd #5 $102k, gainer #2 | NO CROWD: not top 2 held 2m, not ripping, not a top gainer with $1000k
2026-10-07 21:41:05,422 INFO [v36] WHY-NOT IPW px 1.3704 | crowd #2 $330k held 7.1m, gainer #12 | NO PATTERN: no rip | last candles GR, vol 0.3x the 5 before (high break needs 2.0x)
2026-10-07 21:41:05,423 INFO [v36b] WHY-NOT IPW px 1.3704 | crowd #2 $330k held 7.1m, gainer #12 | NO PATTERN: no rip | last candles GR, vol 0.3x the 5 before (high break needs 2.0x)
2026-10-07 21:41:06,473 INFO [v36] WHY-NOT CPHI px 1.0999 | crowd #1 $574k held 16.1m, gainer #3 | WAIT: hod trigger 1.3300
2026-10-07 21:41:06,474 INFO [v36b] WHY-NOT CPHI px 1.0999 | crowd #1 $574k held 16.1m, gainer #3 | WAIT: hod trigger 1.3300
2026-10-07 21:41:06,664 INFO [v36] WHY-NOT AIXI px 2.1400 | crowd #3 $167k, gainer #14 | NO CROWD: not top 2 held 2m, not ripping, not a top gainer with $1000k
2026-10-07 21:41:06,665 INFO [v36b] WHY-NOT AIXI px 2.1400 | crowd #3 $167k, gainer #14 | NO CROWD: not top 2 held 2m, not ripping, not a top gainer with $1000k
2026-10-07 21:41:46,871 INFO [v36] WHY-NOT PFAI px 4.4340 | crowd #5 $63k, gainer #2 | NO CROWD: not top 2 held 2m, not ripping, not a top gainer with $1000k
2026-10-07 21:41:46,872 INFO [v36b] WHY-NOT PFAI px 4.4340 | crowd #5 $63k, gainer #2 | NO CROWD: not top 2 held 2m, not ripping, not a top gainer with $1000k
2026-10-07 21:42:08,195 INFO [v36] WHY-NOT CPHI px 1.1100 | crowd #1 $426k held 17.1m, gainer #3 | WAIT: hod trigger 1.3300
2026-10-07 21:42:08,196 INFO [v36b] WHY-NOT CPHI px 1.1100 | crowd #1 $426k held 17.1m, gainer #3 | WAIT: hod trigger 1.3300
2026-10-07 21:42:08,813 INFO [v36] WHY-NOT IPW px 1.2897 | crowd #2 $221k held 8.1m, gainer #19 | NO PATTERN: no rip | last candles RR, vol 1.8x the 5 before (high break needs 2.0x)
2026-10-07 21:42:08,814 INFO [v36b] WHY-NOT IPW px 1.2897 | crowd #2 $221k held 8.1m, gainer #19 | NO PATTERN: no rip | last candles RR, vol 1.8x the 5 before (high break needs 2.0x)
2026-10-07 21:42:11,540 INFO [v36] WHY-NOT AIXI px 2.1200 | crowd #3 $149k, gainer #22 | NO CROWD: not top 2 held 2m, not ripping, not a top gainer with $1000k
2026-10-07 21:42:11,613 INFO [v36b] WHY-NOT AIXI px 2.1200 | crowd #3 $149k, gainer #22 | NO CROWD: not top 2 held 2m, not ripping, not a top gainer with $1000k
2026-10-07 21:42:17,807 INFO [v36] WHY-NOT SUGP px 2.5800 | crowd #- $0k, gainer #1 | NO CROWD: not top 2 held 2m, not ripping, not a top gainer with $1000k
2026-10-07 21:42:17,807 INFO [v36b] WHY-NOT SUGP px 2.5800 | crowd #- $0k, gainer #1 | NO CROWD: not top 2 held 2m, not ripping, not a top gainer with $1000k
2026-10-07 21:43:04,578 INFO [v36] WHY-NOT PFAI px 4.4100 | crowd #9 $27k, gainer #2 | NO CROWD: not top 2 held 2m, not ripping, not a top gainer with $1000k
2026-10-07 21:43:04,578 INFO [v36b] WHY-NOT PFAI px 4.4100 | crowd #9 $27k, gainer #2 | NO CROWD: not top 2 held 2m, not ripping, not a top gainer with $1000k
2026-10-07 21:43:08,551 INFO [v36] WHY-NOT CPHI px 1.1100 | crowd #1 $447k held 18.1m, gainer #3 | WAIT: hod trigger 1.3300
2026-10-07 21:43:08,552 INFO [v36b] WHY-NOT CPHI px 1.1100 | crowd #1 $447k held 18.1m, gainer #3 | WAIT: hod trigger 1.3300
2026-10-07 21:43:11,986 INFO [v36] WHY-NOT IPW px 1.3000 | crowd #2 $360k held 9.2m, gainer #17 | NO PATTERN: no rip | last candles RG, vol 0.6x the 5 before (high break needs 2.0x)
2026-10-07 21:43:11,987 INFO [v36b] WHY-NOT IPW px 1.3000 | crowd #2 $360k held 9.2m, gainer #17 | NO PATTERN: no rip | last candles RG, vol 0.6x the 5 before (high break needs 2.0x)
2026-10-07 21:43:14,347 INFO [v36] WHY-NOT AIXI px 2.1100 | crowd #3 $150k, gainer #21 | NO CROWD: not top 2 held 2m, not ripping, not a top gainer with $1000k
2026-10-07 21:43:14,348 INFO [v36b] WHY-NOT AIXI px 2.1100 | crowd #3 $150k, gainer #21 | NO CROWD: not top 2 held 2m, not ripping, not a top gainer with $1000k
2026-10-07 21:43:25,213 INFO [v36] WHY-NOT SUGP px 2.5800 | crowd #26 $0k, gainer #1 | NO CROWD: not top 2 held 2m, not ripping, not a top gainer with $1000k
2026-10-07 21:43:25,213 INFO [v36b] WHY-NOT SUGP px 2.5800 | crowd #26 $0k, gainer #1 | NO CROWD: not top 2 held 2m, not ripping, not a top gainer with $1000k
2026-10-07 21:44:09,139 INFO [v36] WHY-NOT CPHI px 1.0701 | crowd #1 $290k held 19.2m, gainer #3 | WAIT: hod trigger 1.3300
2026-10-07 21:44:09,139 INFO [v36b] WHY-NOT CPHI px 1.0701 | crowd #1 $290k held 19.2m, gainer #3 | WAIT: hod trigger 1.3300
2026-10-07 21:44:12,606 INFO [v36] WHY-NOT IPW px 1.2900 | crowd #2 $264k held 10.2m, gainer #19 | NO PATTERN: no rip | last candles GR, vol 0.8x the 5 before (high break needs 2.0x)
2026-10-07 21:44:12,607 INFO [v36b] WHY-NOT IPW px 1.2900 | crowd #2 $264k held 10.2m, gainer #17 | NO PATTERN: no rip | last candles GR, vol 0.8x the 5 before (high break needs 2.0x)
2026-10-07 21:44:13,146 INFO [v36] WHY-NOT SNXX px 15.8600 | crowd #3 $88k, gainer #54 | NO CROWD: not top 2 held 2m, not ripping, not a top gainer with $1000k
2026-10-07 21:44:13,146 INFO [v36b] WHY-NOT SNXX px 15.8600 | crowd #3 $88k, gainer #54 | NO CROWD: not top 2 held 2m, not ripping, not a top gainer with $1000k
2026-10-07 21:44:20,129 INFO [v36b] WHY-NOT PFAI px 4.5100 | crowd #9 $11k, gainer #2 | NO CROWD: not top 2 held 2m, not ripping, not a top gainer with $1000k
2026-10-07 21:44:20,204 INFO [v36] WHY-NOT PFAI px 4.5100 | crowd #9 $11k, gainer #2 | NO CROWD: not top 2 held 2m, not ripping, not a top gainer with $1000k
2026-10-07 21:45:01,356 INFO [v36] WHY-NOT AIXI px 2.1499 | crowd #3 $107k, gainer #20 | NO CROWD: not top 2 held 2m, not ripping, not a top gainer with $1000k
2026-10-07 21:45:01,356 INFO [v36b] WHY-NOT AIXI px 2.1499 | crowd #3 $107k, gainer #20 | NO CROWD: not top 2 held 2m, not ripping, not a top gainer with $1000k
2026-10-07 21:45:09,401 INFO [v36] WHY-NOT CPHI px 1.0698 | crowd #2 $283k held 20.2m, gainer #3 | WAIT: hod trigger 1.3300
2026-10-07 21:45:09,402 INFO [v36b] WHY-NOT CPHI px 1.0698 | crowd #2 $283k held 20.2m, gainer #3 | WAIT: hod trigger 1.3300
2026-10-07 21:45:13,706 INFO [v36] WHY-NOT IPW px 1.3000 | crowd #1 $322k held 11.2m, gainer #17 | NO PATTERN: no rip | last candles RG, vol 0.3x the 5 before (high break needs 2.0x)
2026-10-07 21:45:13,707 INFO [v36b] WHY-NOT IPW px 1.3000 | crowd #1 $322k held 11.2m, gainer #17 | NO PATTERN: no rip | last candles RG, vol 0.3x the 5 before (high break needs 2.0x)
2026-10-07 21:45:22,319 INFO [v36] WHY-NOT PFAI px 4.8789 | crowd #4 $103k, gainer #2 | NO CROWD: not top 2 held 2m, not ripping, not a top gainer with $1000k
2026-10-07 21:45:22,320 INFO [v36b] WHY-NOT PFAI px 4.8789 | crowd #4 $103k, gainer #2 | NO CROWD: not top 2 held 2m, not ripping, not a top gainer with $1000k
2026-10-07 21:45:25,841 INFO [v36] WHY-NOT SUGP px 2.5800 | crowd #22 $1k, gainer #1 | NO CROWD: not top 2 held 2m, not ripping, not a top gainer with $1000k
2026-10-07 21:45:25,842 INFO [v36b] WHY-NOT SUGP px 2.5800 | crowd #22 $1k, gainer #1 | NO CROWD: not top 2 held 2m, not ripping, not a top gainer with $1000k
2026-10-07 21:46:09,785 INFO [v36] WHY-NOT CPHI px 1.0400 | crowd #1 $283k held 21.2m, gainer #3 | WAIT: hod trigger 1.3300
2026-10-07 21:46:09,786 INFO [v36b] WHY-NOT CPHI px 1.0400 | crowd #1 $283k held 21.2m, gainer #3 | WAIT: hod trigger 1.3300
2026-10-07 21:46:14,813 INFO [v36] WHY-NOT IPW px 1.2900 | crowd #3 $213k, gainer #22 | NO CROWD: not top 2 held 2m, not ripping, not a top gainer with $1000k
2026-10-07 21:46:14,813 INFO [v36b] WHY-NOT IPW px 1.2900 | crowd #3 $213k, gainer #22 | NO CROWD: not top 2 held 2m, not ripping, not a top gainer with $1000k
2026-10-07 21:46:23,312 INFO [v36] WHY-NOT PFAI px 5.1600 | crowd #2 $220k held 0.4m, gainer #2 | NO CROWD: not top 2 held 2m, not ripping, not a top gainer with $1000k
2026-10-07 21:46:23,313 INFO [v36b] WHY-NOT PFAI px 5.1600 | crowd #2 $220k held 0.4m, gainer #2 | NO CROWD: not top 2 held 2m, not ripping, not a top gainer with $1000k
2026-10-07 21:46:32,430 INFO [v36] WHY-NOT SUGP px 2.5700 | crowd #19 $2k, gainer #1 | NO CROWD: not top 2 held 2m, not ripping, not a top gainer with $1000k
2026-10-07 21:46:32,430 INFO [v36b] WHY-NOT SUGP px 2.5700 | crowd #19 $2k, gainer #1 | NO CROWD: not top 2 held 2m, not ripping, not a top gainer with $1000k
2026-10-07 21:47:15,660 INFO [v36] WHY-NOT CPHI px 1.0500 | crowd #2 $303k held 22.3m, gainer #3 | WAIT: hod trigger 1.3300
2026-10-07 21:47:15,660 INFO [v36b] WHY-NOT CPHI px 1.0500 | crowd #2 $303k held 22.3m, gainer #3 | WAIT: hod trigger 1.3300
2026-10-07 21:47:16,584 INFO [v36] WHY-NOT IPW px 1.3100 | crowd #3 $179k, gainer #17 | NO CROWD: not top 2 held 2m, not ripping, not a top gainer with $1000k
2026-10-07 21:47:16,585 INFO [v36b] WHY-NOT IPW px 1.3100 | crowd #3 $179k, gainer #17 | NO CROWD: not top 2 held 2m, not ripping, not a top gainer with $1000k
2026-10-07 21:47:23,565 INFO [v36] WHY-NOT PFAI px 5.2308 | crowd #1 $412k held 1.4m, gainer #2 | NO CROWD: not top 2 held 2m, not ripping, not a top gainer with $1000k
2026-10-07 21:47:23,565 INFO [v36b] WHY-NOT PFAI px 5.2308 | crowd #1 $412k held 1.4m, gainer #2 | NO CROWD: not top 2 held 2m, not ripping, not a top gainer with $1000k
2026-10-07 21:48:16,742 INFO [v36] WHY-NOT CPHI px 1.0300 | crowd #2 $280k held 23.3m, gainer #4 | WAIT: hod trigger 1.3300
2026-10-07 21:48:16,743 INFO [v36b] WHY-NOT CPHI px 1.0300 | crowd #2 $280k held 23.3m, gainer #4 | WAIT: hod trigger 1.3300
2026-10-07 21:48:17,754 INFO [v36] WHY-NOT IPW px 1.3500 | crowd #3 $158k, gainer #12 | NO CROWD: not top 2 held 2m, not ripping, not a top gainer with $1000k
2026-10-07 21:48:17,754 INFO [v36b] WHY-NOT IPW px 1.3500 | crowd #3 $158k, gainer #12 | NO CROWD: not top 2 held 2m, not ripping, not a top gainer with $1000k
2026-10-07 21:48:23,678 INFO [v36] WHY-NOT PFAI px 5.5100 | crowd #1 $565k held 2.4m, gainer #2 | WAIT: hod trigger 7.0700
2026-10-07 21:48:23,678 INFO [v36b] WHY-NOT PFAI px 5.5100 | crowd #1 $565k held 2.4m, gainer #2 | WAIT: hod trigger 7.0700
2026-10-07 21:49:19,493 INFO [v36] WHY-NOT IPW px 1.3650 | crowd #3 $203k, gainer #12 | NO CROWD: not top 2 held 2m, not ripping, not a top gainer with $1000k
2026-10-07 21:49:19,494 INFO [v36b] WHY-NOT IPW px 1.3650 | crowd #3 $203k, gainer #12 | NO CROWD: not top 2 held 2m, not ripping, not a top gainer with $1000k
2026-10-07 21:49:19,697 INFO [v36] WHY-NOT CPHI px 1.0300 | crowd #2 $272k held 24.3m, gainer #4 | WAIT: hod trigger 1.3300
2026-10-07 21:49:19,698 INFO [v36b] WHY-NOT CPHI px 1.0300 | crowd #2 $272k held 24.3m, gainer #4 | WAIT: hod trigger 1.3300
2026-10-07 21:49:24,949 INFO [v36] WHY-NOT PFAI px 5.2200 | crowd #1 $690k held 3.4m, gainer #2 | WAIT: hod trigger 7.0700
2026-10-07 21:49:24,950 INFO [v36b] WHY-NOT PFAI px 5.2200 | crowd #1 $690k held 3.4m, gainer #2 | WAIT: hod trigger 7.0700
2026-10-07 21:50:19,539 INFO [v36] WHY-NOT IPW px 1.3300 | crowd #3 $142k, gainer #12 | NO CROWD: not top 2 held 2m, not ripping, not a top gainer with $1000k
2026-10-07 21:50:19,540 INFO [v36b] WHY-NOT IPW px 1.3300 | crowd #3 $142k, gainer #12 | NO CROWD: not top 2 held 2m, not ripping, not a top gainer with $1000k
2026-10-07 21:50:19,827 INFO [v36] WHY-NOT CPHI px 1.0600 | crowd #2 $200k held 25.3m, gainer #3 | WAIT: hod trigger 1.3300
2026-10-07 21:50:19,827 INFO [v36b] WHY-NOT CPHI px 1.0600 | crowd #2 $200k held 25.3m, gainer #3 | WAIT: hod trigger 1.3300
2026-10-07 21:50:27,387 INFO [v36] WHY-NOT PFAI px 5.0900 | crowd #1 $571k held 4.5m, gainer #2 | WAIT: hod trigger 7.0700
2026-10-07 21:50:27,387 INFO [v36b] WHY-NOT PFAI px 5.0900 | crowd #1 $571k held 4.5m, gainer #2 | WAIT: hod trigger 7.0700
2026-10-07 21:51:19,998 INFO [v36] WHY-NOT CPHI px 1.0597 | crowd #3 $221k, gainer #3 | NO CROWD: not top 2 held 2m, not ripping, not a top gainer with $1000k
2026-10-07 21:51:19,998 INFO [v36b] WHY-NOT CPHI px 1.0597 | crowd #3 $221k, gainer #3 | NO CROWD: not top 2 held 2m, not ripping, not a top gainer with $1000k
2026-10-07 21:51:21,961 INFO [v36] WHY-NOT IPW px 1.3280 | crowd #2 $225k held 0.4m, gainer #13 | NO CROWD: not top 2 held 2m, not ripping, not a top gainer with $1000k
2026-10-07 21:51:21,961 INFO [v36b] WHY-NOT IPW px 1.3280 | crowd #2 $225k held 0.4m, gainer #13 | NO CROWD: not top 2 held 2m, not ripping, not a top gainer with $1000k
2026-10-07 21:51:29,998 INFO [v36] WHY-NOT PFAI px 5.1100 | crowd #1 $585k held 5.5m, gainer #2 | WAIT: hod trigger 7.0700
2026-10-07 21:51:29,999 INFO [v36b] WHY-NOT PFAI px 5.1100 | crowd #1 $585k held 5.5m, gainer #2 | WAIT: hod trigger 7.0700
2026-10-07 21:52:01,529 INFO [v36] WHY-NOT AIXI px 2.1400 | crowd #3 $207k, gainer #16 | NO CROWD: not top 2 held 2m, not ripping, not a top gainer with $1000k
2026-10-07 21:52:01,529 INFO [v36b] WHY-NOT AIXI px 2.1400 | crowd #3 $207k, gainer #16 | NO CROWD: not top 2 held 2m, not ripping, not a top gainer with $1000k
2026-10-07 21:52:15,242 INFO [v36] WHY-NOT SUGP px 2.5800 | crowd #- $0k, gainer #1 | NO CROWD: not top 2 held 2m, not ripping, not a top gainer with $1000k
2026-10-07 21:52:15,243 INFO [v36b] WHY-NOT SUGP px 2.5800 | crowd #- $0k, gainer #1 | NO CROWD: not top 2 held 2m, not ripping, not a top gainer with $1000k
2026-10-07 21:52:22,958 INFO [v36] WHY-NOT IPW px 1.3000 | crowd #2 $237k held 1.4m, gainer #19 | NO CROWD: not top 2 held 2m, not ripping, not a top gainer with $1000k
2026-10-07 21:52:22,959 INFO [v36b] WHY-NOT IPW px 1.3000 | crowd #2 $237k held 1.4m, gainer #19 | NO CROWD: not top 2 held 2m, not ripping, not a top gainer with $1000k
2026-10-07 21:52:33,245 INFO [v36] WHY-NOT PFAI px 5.4200 | crowd #1 $559k held 6.6m, gainer #2 | WAIT: hod trigger 7.0700
2026-10-07 21:52:33,245 INFO [v36b] WHY-NOT PFAI px 5.4200 | crowd #1 $559k held 6.6m, gainer #2 | WAIT: hod trigger 7.0700
2026-10-07 21:53:02,215 INFO [v36] WHY-NOT AIXI px 2.1100 | crowd #2 $205k held 0.0m, gainer #18 | NO CROWD: not top 2 held 2m, not ripping, not a top gainer with $1000k
2026-10-07 21:53:02,216 INFO [v36b] WHY-NOT AIXI px 2.1100 | crowd #2 $205k held 0.0m, gainer #18 | NO CROWD: not top 2 held 2m, not ripping, not a top gainer with $1000k
2026-10-07 21:53:24,394 INFO [v36] WHY-NOT IPW px 1.3200 | crowd #3 $193k, gainer #14 | NO CROWD: not top 2 held 2m, not ripping, not a top gainer with $1000k
2026-10-07 21:53:24,395 INFO [v36b] WHY-NOT IPW px 1.3200 | crowd #3 $193k, gainer #14 | NO CROWD: not top 2 held 2m, not ripping, not a top gainer with $1000k
2026-10-07 21:53:40,696 INFO [v36b] WHY-NOT PFAI px 5.3300 | crowd #1 $464k held 7.7m, gainer #2 | WAIT: hod trigger 7.0700
2026-10-07 21:53:40,771 INFO [v36] WHY-NOT PFAI px 5.3300 | crowd #1 $464k held 7.7m, gainer #2 | WAIT: hod trigger 7.0700
2026-10-07 21:54:00,710 INFO [v36] WHY-NOT LGCL px 3.2800 | crowd #2 $218k held 0.0m, gainer #7 | NO CROWD: not top 2 held 2m, not ripping, not a top gainer with $1000k
2026-10-07 21:54:00,711 INFO [v36b] WHY-NOT LGCL px 3.2800 | crowd #2 $218k held 0.0m, gainer #7 | NO CROWD: not top 2 held 2m, not ripping, not a top gainer with $1000k
2026-10-07 21:54:12,754 INFO [v36] WHY-NOT AIXI px 2.1200 | crowd #3 $209k, gainer #17 | NO CROWD: not top 2 held 2m, not ripping, not a top gainer with $1000k
2026-10-07 21:54:12,754 INFO [v36b] WHY-NOT AIXI px 2.1200 | crowd #3 $209k, gainer #17 | NO CROWD: not top 2 held 2m, not ripping, not a top gainer with $1000k
2026-10-07 21:54:25,872 INFO [v36] WHY-NOT SUGP px 2.6000 | crowd #31 $0k, gainer #1 | NO CROWD: not top 2 held 2m, not ripping, not a top gainer with $1000k
2026-10-07 21:54:25,872 INFO [v36b] WHY-NOT SUGP px 2.6000 | crowd #31 $0k, gainer #1 | NO CROWD: not top 2 held 2m, not ripping, not a top gainer with $1000k
2026-10-07 21:54:42,597 INFO [v36] WHY-NOT PFAI px 5.0700 | crowd #1 $408k held 8.7m, gainer #2 | WAIT: hod trigger 7.0700
2026-10-07 21:54:42,598 INFO [v36b] WHY-NOT PFAI px 5.0700 | crowd #1 $408k held 8.7m, gainer #2 | WAIT: hod trigger 7.0700
2026-10-07 21:55:00,130 INFO [v36] WHY-NOT DKI px 2.1794 | crowd #2 $351k held 0.0m, gainer #5 | WAIT: hod trigger 3.6900
2026-10-07 21:55:00,130 INFO [v36b] WHY-NOT DKI px 2.1794 | crowd #2 $351k held 0.0m, gainer #5 | WAIT: hod trigger 3.6900
2026-10-07 21:55:14,123 INFO [v36] WHY-NOT LGCL px 3.3000 | crowd #3 $260k, gainer #7 | NO CROWD: not top 2 held 2m, not ripping, not a top gainer with $1000k
2026-10-07 21:55:14,123 INFO [v36b] WHY-NOT LGCL px 3.3000 | crowd #3 $260k, gainer #7 | NO CROWD: not top 2 held 2m, not ripping, not a top gainer with $1000k
2026-10-07 21:55:48,948 INFO [v36] WHY-NOT PFAI px 5.0600 | crowd #1 $387k held 9.8m, gainer #2 | WAIT: hod trigger 7.0700
2026-10-07 21:55:48,948 INFO [v36b] WHY-NOT PFAI px 5.0600 | crowd #1 $387k held 9.8m, gainer #2 | WAIT: hod trigger 7.0700
2026-10-07 21:56:00,416 INFO [v36] WHY-NOT DKI px 2.1405 | crowd #1 $484k held 1.0m, gainer #4 | WAIT: hod trigger 3.6900
2026-10-07 21:56:00,417 INFO [v36b] WHY-NOT DKI px 2.1405 | crowd #1 $484k held 1.0m, gainer #4 | WAIT: hod trigger 3.6900
2026-10-07 21:56:15,748 INFO [v36] WHY-NOT LGCL px 3.2600 | crowd #3 $232k, gainer #7 | NO CROWD: not top 2 held 2m, not ripping, not a top gainer with $1000k
2026-10-07 21:56:15,748 INFO [v36b] WHY-NOT LGCL px 3.2600 | crowd #3 $232k, gainer #7 | NO CROWD: not top 2 held 2m, not ripping, not a top gainer with $1000k
2026-10-07 21:56:49,556 INFO [v36] WHY-NOT PFAI px 5.1700 | crowd #2 $311k held 10.8m, gainer #2 | WAIT: hod trigger 7.0700
2026-10-07 21:56:49,556 INFO [v36b] WHY-NOT PFAI px 5.1700 | crowd #2 $311k held 10.8m, gainer #2 | WAIT: hod trigger 7.0700
2026-10-07 21:57:00,493 INFO [v36] WHY-NOT DKI px 2.1200 | crowd #1 $586k held 2.0m, gainer #5 | WAIT: hod trigger 3.6900
2026-10-07 21:57:00,493 INFO [v36b] WHY-NOT DKI px 2.1200 | crowd #1 $586k held 2.0m, gainer #5 | WAIT: hod trigger 3.6900
2026-10-07 21:58:01,529 INFO [v36] WHY-NOT DKI px 2.0887 | crowd #1 $696k held 3.0m, gainer #6 | WAIT: hod trigger 3.6900
2026-10-07 21:58:01,530 INFO [v36b] WHY-NOT DKI px 2.0887 | crowd #1 $696k held 3.0m, gainer #6 | WAIT: hod trigger 3.6900
2026-10-07 21:58:03,397 INFO [v36] WHY-NOT PFAI px 5.0200 | crowd #3 $231k, gainer #2 | NO CROWD: not top 2 held 2m, not ripping, not a top gainer with $1000k
2026-10-07 21:58:03,397 INFO [v36b] WHY-NOT PFAI px 5.0200 | crowd #3 $231k, gainer #2 | NO CROWD: not top 2 held 2m, not ripping, not a top gainer with $1000k
2026-10-07 21:59:02,820 INFO [v36] WHY-NOT DKI px 2.0500 | crowd #1 $444k held 4.0m, gainer #6 | WAIT: hod trigger 3.6900
2026-10-07 21:59:02,821 INFO [v36b] WHY-NOT DKI px 2.0500 | crowd #1 $444k held 4.0m, gainer #6 | WAIT: hod trigger 3.6900
2026-10-07 21:59:03,890 INFO [v36] WHY-NOT PFAI px 4.8800 | crowd #3 $162k, gainer #2 | NO CROWD: not top 2 held 2m, not ripping, not a top gainer with $1000k
2026-10-07 21:59:03,964 INFO [v36b] WHY-NOT PFAI px 4.8800 | crowd #3 $162k, gainer #2 | NO CROWD: not top 2 held 2m, not ripping, not a top gainer with $1000k
2026-10-07 21:59:28,764 INFO [v36] WHY-NOT SUGP px 2.5900 | crowd #- $0k, gainer #1 | NO CROWD: not top 2 held 2m, not ripping, not a top gainer with $1000k
2026-10-07 21:59:28,764 INFO [v36b] WHY-NOT SUGP px 2.5900 | crowd #- $0k, gainer #1 | NO CROWD: not top 2 held 2m, not ripping, not a top gainer with $1000k
2026-10-07 22:00:03,194 INFO [v36] WHY-NOT DKI px 2.0700 | crowd #1 $389k held 5.1m, gainer #6 | WAIT: hod trigger 3.6900
2026-10-07 22:00:03,195 INFO [v36b] WHY-NOT DKI px 2.0700 | crowd #1 $389k held 5.1m, gainer #6 | WAIT: hod trigger 3.6900
2026-10-07 22:00:04,104 INFO [v36] WHY-NOT PFAI px 4.9500 | crowd #3 $231k, gainer #2 | NO CROWD: not top 2 held 2m, not ripping, not a top gainer with $1000k
2026-10-07 22:00:04,104 INFO [v36b] WHY-NOT PFAI px 4.9500 | crowd #3 $231k, gainer #2 | NO CROWD: not top 2 held 2m, not ripping, not a top gainer with $1000k
2026-10-07 22:01:03,376 INFO [v36] WHY-NOT DKI px 2.1400 | crowd #1 $367k held 6.1m, gainer #4 | WAIT: hod trigger 3.6900
2026-10-07 22:01:03,377 INFO [v36b] WHY-NOT DKI px 2.1400 | crowd #1 $367k held 6.1m, gainer #4 | WAIT: hod trigger 3.6900
2026-10-07 22:01:05,848 INFO [v36] WHY-NOT PFAI px 5.0300 | crowd #2 $239k held 0.1m, gainer #2 | NO CROWD: not top 2 held 2m, not ripping, not a top gainer with $1000k
2026-10-07 22:01:05,848 INFO [v36b] WHY-NOT PFAI px 5.0300 | crowd #2 $239k held 0.1m, gainer #2 | NO CROWD: not top 2 held 2m, not ripping, not a top gainer with $1000k
2026-10-07 22:01:53,529 INFO [v36] WHY-NOT CPHI px 1.0000 | crowd #3 $238k, gainer #6 | NO CROWD: not top 2 held 2m, not ripping, not a top gainer with $1000k
2026-10-07 22:01:53,530 INFO [v36b] WHY-NOT CPHI px 1.0000 | crowd #3 $238k, gainer #6 | NO CROWD: not top 2 held 2m, not ripping, not a top gainer with $1000k
2026-10-07 22:02:03,923 INFO [v36] WHY-NOT DKI px 2.1900 | crowd #1 $333k held 7.1m, gainer #4 | WAIT: hod trigger 3.6900
2026-10-07 22:02:03,924 INFO [v36b] WHY-NOT DKI px 2.1900 | crowd #1 $333k held 7.1m, gainer #4 | WAIT: hod trigger 3.6900
2026-10-07 22:02:06,614 INFO [v36] WHY-NOT PFAI px 5.1600 | crowd #2 $295k held 1.1m, gainer #2 | NO CROWD: not top 2 held 2m, not ripping, not a top gainer with $1000k
2026-10-07 22:02:06,615 INFO [v36b] WHY-NOT PFAI px 5.1600 | crowd #2 $295k held 1.1m, gainer #2 | NO CROWD: not top 2 held 2m, not ripping, not a top gainer with $1000k
2026-10-07 22:03:04,257 INFO [v36] WHY-NOT DKI px 2.3000 | crowd #1 $497k held 8.1m, gainer #3 | WAIT: hod trigger 3.6900
2026-10-07 22:03:04,257 INFO [v36b] WHY-NOT DKI px 2.3000 | crowd #1 $497k held 8.1m, gainer #3 | WAIT: hod trigger 3.6900
2026-10-07 22:03:13,517 INFO [v36] WHY-NOT PFAI px 5.0600 | crowd #2 $361k held 2.2m, gainer #2 | WAIT: hod trigger 7.0700
2026-10-07 22:03:13,517 INFO [v36b] WHY-NOT PFAI px 5.0600 | crowd #2 $361k held 2.2m, gainer #2 | WAIT: hod trigger 7.0700
2026-10-07 22:03:15,023 INFO [v36] WHY-NOT CPHI px 1.0000 | crowd #3 $212k, gainer #5 | NO CROWD: not top 2 held 2m, not ripping, not a top gainer with $1000k
2026-10-07 22:03:15,024 INFO [v36b] WHY-NOT CPHI px 1.0000 | crowd #3 $212k, gainer #5 | NO CROWD: not top 2 held 2m, not ripping, not a top gainer with $1000k
2026-10-07 22:04:01,361 INFO [v36] WHY-NOT SUGP px 2.6500 | crowd #14 $20k, gainer #1 | NO CROWD: not top 2 held 2m, not ripping, not a top gainer with $1000k
2026-10-07 22:04:01,362 INFO [v36b] WHY-NOT SUGP px 2.6500 | crowd #14 $20k, gainer #1 | NO CROWD: not top 2 held 2m, not ripping, not a top gainer with $1000k
2026-10-07 22:04:04,444 INFO [v36] WHY-NOT DKI px 2.4090 | crowd #1 $850k held 9.1m, gainer #3 | WAIT: hod trigger 3.6900
2026-10-07 22:04:04,445 INFO [v36b] WHY-NOT DKI px 2.4090 | crowd #1 $850k held 9.1m, gainer #3 | WAIT: hod trigger 3.6900
2026-10-07 22:04:22,974 INFO [v36] WHY-NOT PFAI px 5.0100 | crowd #2 $302k held 3.4m, gainer #2 | WAIT: hod trigger 7.0700
2026-10-07 22:04:22,974 INFO [v36b] WHY-NOT PFAI px 5.0100 | crowd #2 $302k held 3.4m, gainer #2 | WAIT: hod trigger 7.0700
2026-10-07 22:05:01,753 INFO [v36] WHY-NOT AIXI px 1.9400 | crowd #3 $143k, gainer #54 | NO CROWD: not top 2 held 2m, not ripping, not a top gainer with $1000k
2026-10-07 22:05:01,754 INFO [v36b] WHY-NOT AIXI px 1.9400 | crowd #3 $143k, gainer #54 | NO CROWD: not top 2 held 2m, not ripping, not a top gainer with $1000k
2026-10-07 22:05:04,633 INFO [v36] WHY-NOT DKI px 2.4709 | crowd #1 $752k held 10.1m, gainer #3 | WAIT: hod trigger 3.6900
2026-10-07 22:05:04,634 INFO [v36b] WHY-NOT DKI px 2.4709 | crowd #1 $752k held 10.1m, gainer #3 | WAIT: hod trigger 3.6900
2026-10-07 22:05:30,211 INFO [v36] WHY-NOT PFAI px 4.9600 | crowd #2 $235k held 4.5m, gainer #2 | WAIT: hod trigger 7.0700
2026-10-07 22:05:30,212 INFO [v36b] WHY-NOT PFAI px 4.9600 | crowd #2 $235k held 4.5m, gainer #2 | WAIT: hod trigger 7.0700
2026-10-07 22:05:58,453 INFO [v36] WHY-NOT SUGP px 2.6000 | crowd #- $0k, gainer #1 | NO CROWD: not top 2 held 2m, not ripping, not a top gainer with $1000k
2026-10-07 22:05:58,453 INFO [v36b] WHY-NOT SUGP px 2.6000 | crowd #- $0k, gainer #1 | NO CROWD: not top 2 held 2m, not ripping, not a top gainer with $1000k
2026-10-07 22:06:02,457 INFO [v36] WHY-NOT AIXI px 1.9400 | crowd #2 $205k held 0.0m, gainer #55 | NO CROWD: not top 2 held 2m, not ripping, not a top gainer with $1000k
2026-10-07 22:06:02,457 INFO [v36b] WHY-NOT AIXI px 1.9400 | crowd #2 $205k held 0.0m, gainer #55 | NO CROWD: not top 2 held 2m, not ripping, not a top gainer with $1000k
2026-10-07 22:06:04,809 INFO [v36] WHY-NOT DKI px 2.4001 | crowd #1 $1371k held 11.1m, gainer #3 | WAIT: hod trigger 3.6900
2026-10-07 22:06:04,810 INFO [v36b] WHY-NOT DKI px 2.4001 | crowd #1 $1371k held 11.1m, gainer #3 | WAIT: hod trigger 3.6900
2026-10-07 22:06:40,485 INFO [v36] WHY-NOT PFAI px 4.9700 | crowd #3 $159k, gainer #2 | NO CROWD: not top 2 held 2m, not ripping, not a top gainer with $1000k
2026-10-07 22:06:40,557 INFO [v36b] WHY-NOT PFAI px 4.9700 | crowd #3 $159k, gainer #2 | NO CROWD: not top 2 held 2m, not ripping, not a top gainer with $1000k
2026-10-07 22:07:05,049 INFO [v36] WHY-NOT DKI px 2.3890 | crowd #1 $1703k held 12.1m, gainer #3 | WAIT: hod trigger 3.6900
2026-10-07 22:07:05,050 INFO [v36b] WHY-NOT DKI px 2.3890 | crowd #1 $1703k held 12.1m, gainer #3 | WAIT: hod trigger 3.6900
2026-10-07 22:07:09,881 INFO [v36] WHY-NOT AIXI px 1.9600 | crowd #2 $363k held 1.2m, gainer #54 | NO CROWD: not top 2 held 2m, not ripping, not a top gainer with $1000k
2026-10-07 22:07:09,882 INFO [v36b] WHY-NOT AIXI px 1.9600 | crowd #2 $363k held 1.2m, gainer #54 | NO CROWD: not top 2 held 2m, not ripping, not a top gainer with $1000k
2026-10-07 22:07:40,634 INFO [v36] WHY-NOT PFAI px 4.9600 | crowd #4 $119k, gainer #2 | NO CROWD: not top 2 held 2m, not ripping, not a top gainer with $1000k
2026-10-07 22:07:40,634 INFO [v36b] WHY-NOT PFAI px 4.9600 | crowd #4 $119k, gainer #2 | NO CROWD: not top 2 held 2m, not ripping, not a top gainer with $1000k
2026-10-07 22:07:44,600 INFO [v36] WHY-NOT SNXX px 15.8600 | crowd #3 $132k, gainer #56 | NO CROWD: not top 2 held 2m, not ripping, not a top gainer with $1000k
2026-10-07 22:07:44,600 INFO [v36b] WHY-NOT SNXX px 15.8600 | crowd #3 $132k, gainer #56 | NO CROWD: not top 2 held 2m, not ripping, not a top gainer with $1000k
2026-10-07 22:08:01,357 INFO [v36] WHY-NOT SUGP px 2.6400 | crowd #18 $4k, gainer #1 | NO CROWD: not top 2 held 2m, not ripping, not a top gainer with $1000k
2026-10-07 22:08:01,357 INFO [v36b] WHY-NOT SUGP px 2.6400 | crowd #18 $4k, gainer #1 | NO CROWD: not top 2 held 2m, not ripping, not a top gainer with $1000k
2026-10-07 22:08:05,445 INFO [v36] WHY-NOT DKI px 2.5099 | crowd #1 $1297k held 13.1m, gainer #3 | WAIT: hod trigger 3.6900
2026-10-07 22:08:05,446 INFO [v36b] WHY-NOT DKI px 2.5099 | crowd #1 $1297k held 13.1m, gainer #3 | WAIT: hod trigger 3.6900
2026-10-07 22:08:10,850 INFO [v36] WHY-NOT AIXI px 1.9900 | crowd #2 $266k held 2.2m, gainer #46 | WAIT: hod trigger 2.4400
2026-10-07 22:08:10,851 INFO [v36b] WHY-NOT AIXI px 1.9900 | crowd #2 $266k held 2.2m, gainer #46 | WAIT: hod trigger 2.4400
2026-10-07 22:08:46,485 INFO [v36] WHY-NOT PFAI px 4.9100 | crowd #3 $91k, gainer #2 | NO CROWD: not top 2 held 2m, not ripping, not a top gainer with $1000k
2026-10-07 22:08:46,485 INFO [v36b] WHY-NOT PFAI px 4.9100 | crowd #3 $91k, gainer #2 | NO CROWD: not top 2 held 2m, not ripping, not a top gainer with $1000k
2026-10-07 22:09:06,019 INFO [v36] WHY-NOT DKI px 2.5091 | crowd #1 $1021k held 14.1m, gainer #3 | WAIT: hod trigger 3.6900
2026-10-07 22:09:06,020 INFO [v36b] WHY-NOT DKI px 2.5091 | crowd #1 $1021k held 14.1m, gainer #3 | WAIT: hod trigger 3.6900
2026-10-07 22:09:17,353 INFO [v36] WHY-NOT AIXI px 2.0100 | crowd #2 $253k held 3.3m, gainer #48 | WAIT: hod trigger 2.4400
2026-10-07 22:09:17,353 INFO [v36b] WHY-NOT AIXI px 2.0100 | crowd #2 $253k held 3.3m, gainer #48 | WAIT: hod trigger 2.4400
2026-10-07 22:09:57,307 INFO [v36] WHY-NOT PFAI px 4.9000 | crowd #3 $132k, gainer #2 | NO CROWD: not top 2 held 2m, not ripping, not a top gainer with $1000k
2026-10-07 22:09:57,307 INFO [v36b] WHY-NOT PFAI px 4.9000 | crowd #3 $132k, gainer #2 | NO CROWD: not top 2 held 2m, not ripping, not a top gainer with $1000k
2026-10-07 22:10:06,371 INFO [v36] WHY-NOT DKI px 2.4800 | crowd #1 $785k held 15.1m, gainer #3 | WAIT: hod trigger 3.6900
2026-10-07 22:10:06,372 INFO [v36b] WHY-NOT DKI px 2.4800 | crowd #1 $785k held 15.1m, gainer #3 | WAIT: hod trigger 3.6900
2026-10-07 22:10:18,428 INFO [v36] WHY-NOT AIXI px 1.9903 | crowd #2 $142k held 4.3m, gainer #48 | WAIT: hod trigger 2.4400
2026-10-07 22:10:18,428 INFO [v36b] WHY-NOT AIXI px 1.9903 | crowd #2 $142k held 4.3m, gainer #48 | WAIT: hod trigger 2.4400
2026-10-07 22:10:59,778 INFO [v36] WHY-NOT PFAI px 4.9300 | crowd #3 $121k, gainer #2 | NO CROWD: not top 2 held 2m, not ripping, not a top gainer with $1000k
2026-10-07 22:10:59,778 INFO [v36b] WHY-NOT PFAI px 4.9300 | crowd #3 $121k, gainer #2 | NO CROWD: not top 2 held 2m, not ripping, not a top gainer with $1000k
2026-10-07 22:11:06,441 INFO [v36] WHY-NOT DKI px 2.4913 | crowd #1 $847k held 16.1m, gainer #3 | WAIT: hod trigger 3.6900
2026-10-07 22:11:06,441 INFO [v36b] WHY-NOT DKI px 2.4913 | crowd #1 $847k held 16.1m, gainer #3 | WAIT: hod trigger 3.6900
2026-10-07 22:11:21,800 INFO [v36] WHY-NOT AIXI px 2.0000 | crowd #2 $112k held 5.4m, gainer #44 | WAIT: hod trigger 2.4400
2026-10-07 22:11:21,801 INFO [v36b] WHY-NOT AIXI px 2.0000 | crowd #2 $112k held 5.4m, gainer #44 | WAIT: hod trigger 2.4400
2026-10-07 22:12:01,375 INFO [v36] WHY-NOT SUGP px 2.6500 | crowd #15 $4k, gainer #1 | NO CROWD: not top 2 held 2m, not ripping, not a top gainer with $1000k
2026-10-07 22:12:01,375 INFO [v36b] WHY-NOT SUGP px 2.6500 | crowd #15 $4k, gainer #1 | NO CROWD: not top 2 held 2m, not ripping, not a top gainer with $1000k
2026-10-07 22:12:06,496 INFO [v36] WHY-NOT DKI px 2.4500 | crowd #1 $775k held 17.1m, gainer #3 | WAIT: hod trigger 3.6900
2026-10-07 22:12:06,497 INFO [v36b] WHY-NOT DKI px 2.4500 | crowd #1 $775k held 17.1m, gainer #3 | WAIT: hod trigger 3.6900
2026-10-07 22:12:38,325 INFO [v36] WHY-NOT SNXX px 15.8690 | crowd #2 $443k held 0.6m, gainer #57 | NO CROWD: not top 2 held 2m, not ripping, not a top gainer with $1000k
2026-10-07 22:12:38,325 INFO [v36b] WHY-NOT SNXX px 15.8690 | crowd #2 $443k held 0.6m, gainer #57 | NO CROWD: not top 2 held 2m, not ripping, not a top gainer with $1000k
2026-10-07 22:12:59,693 INFO [v36] WHY-NOT PFAI px 4.9900 | crowd #5 $85k, gainer #2 | NO CROWD: not top 2 held 2m, not ripping, not a top gainer with $1000k
2026-10-07 22:12:59,694 INFO [v36b] WHY-NOT PFAI px 4.9900 | crowd #5 $85k, gainer #2 | NO CROWD: not top 2 held 2m, not ripping, not a top gainer with $1000k
2026-10-07 22:13:07,719 INFO [v36] WHY-NOT DKI px 2.4000 | crowd #1 $855k held 18.1m, gainer #3 | WAIT: hod trigger 3.6900
2026-10-07 22:13:07,720 INFO [v36b] WHY-NOT DKI px 2.4000 | crowd #1 $855k held 18.1m, gainer #3 | WAIT: hod trigger 3.6900
2026-10-07 22:13:41,050 INFO [v36] WHY-NOT SNXX px 15.8600 | crowd #2 $491k held 1.7m, gainer #56 | NO CROWD: not top 2 held 2m, not ripping, not a top gainer with $1000k
2026-10-07 22:13:41,051 INFO [v36b] WHY-NOT SNXX px 15.8600 | crowd #2 $491k held 1.7m, gainer #56 | NO CROWD: not top 2 held 2m, not ripping, not a top gainer with $1000k
2026-10-07 22:14:00,794 INFO [v36] WHY-NOT QTEX px 1.6000 | crowd #3 $91k, gainer #66 | NO FLOAT: 60.8M > 20M
2026-10-07 22:14:00,795 INFO [v36b] WHY-NOT QTEX px 1.6000 | crowd #3 $91k, gainer #66 | NO FLOAT: 60.8M > 20M
2026-10-07 22:14:04,116 INFO [v36] WHY-NOT PFAI px 5.0000 | crowd #6 $47k, gainer #2 | NO CROWD: not top 2 held 2m, not ripping, not a top gainer with $1000k
2026-10-07 22:14:04,117 INFO [v36b] WHY-NOT PFAI px 5.0000 | crowd #6 $47k, gainer #2 | NO CROWD: not top 2 held 2m, not ripping, not a top gainer with $1000k
2026-10-07 22:14:07,896 INFO [v36] WHY-NOT DKI px 2.2700 | crowd #1 $853k held 19.1m, gainer #3 | WAIT: hod trigger 3.6900
2026-10-07 22:14:07,897 INFO [v36b] WHY-NOT DKI px 2.2700 | crowd #1 $853k held 19.1m, gainer #3 | WAIT: hod trigger 3.6900
2026-10-07 22:14:48,115 INFO [v36] WHY-NOT SNXX px 15.8694 | crowd #2 $489k held 2.8m, gainer #56 | NO PATTERN: no rip | last candles GG, vol 0.1x the 5 before (high break needs 2.0x)
2026-10-07 22:14:48,115 INFO [v36b] WHY-NOT SNXX px 15.8694 | crowd #2 $489k held 2.8m, gainer #56 | NO PATTERN: no rip | last candles GG, vol 0.1x the 5 before (high break needs 2.0x)
2026-10-07 22:15:04,137 INFO [v36] WHY-NOT PFAI px 5.2000 | crowd #3 $117k, gainer #2 | NO CROWD: not top 2 held 2m, not ripping, not a top gainer with $1000k
2026-10-07 22:15:04,137 INFO [v36b] WHY-NOT PFAI px 5.2000 | crowd #3 $117k, gainer #2 | NO CROWD: not top 2 held 2m, not ripping, not a top gainer with $1000k
2026-10-07 22:15:07,995 INFO [v36] WHY-NOT DKI px 2.2900 | crowd #1 $780k held 20.1m, gainer #3 | WAIT: hod trigger 3.6900
2026-10-07 22:15:07,995 INFO [v36b] WHY-NOT DKI px 2.2900 | crowd #1 $780k held 20.1m, gainer #3 | WAIT: hod trigger 3.6900
2026-10-07 22:16:01,360 INFO [v36] WHY-NOT SUGP px 2.6500 | crowd #16 $3k, gainer #1 | NO CROWD: not top 2 held 2m, not ripping, not a top gainer with $1000k
2026-10-07 22:16:01,360 INFO [v36b] WHY-NOT SUGP px 2.6500 | crowd #16 $3k, gainer #1 | NO CROWD: not top 2 held 2m, not ripping, not a top gainer with $1000k
2026-10-07 22:16:05,454 INFO [v36] WHY-NOT PFAI px 5.0200 | crowd #2 $205k held 0.1m, gainer #2 | NO CROWD: not top 2 held 2m, not ripping, not a top gainer with $1000k
2026-10-07 22:16:05,456 INFO [v36b] WHY-NOT PFAI px 5.0200 | crowd #2 $205k held 0.1m, gainer #2 | NO CROWD: not top 2 held 2m, not ripping, not a top gainer with $1000k
2026-10-07 22:16:05,564 INFO [v36] WHY-NOT SNXX px 15.8669 | crowd #3 $110k, gainer #55 | NO CROWD: not top 2 held 2m, not ripping, not a top gainer with $1000k
2026-10-07 22:16:05,564 INFO [v36b] WHY-NOT SNXX px 15.8669 | crowd #3 $110k, gainer #55 | NO CROWD: not top 2 held 2m, not ripping, not a top gainer with $1000k
2026-10-07 22:16:08,520 INFO [v36] WHY-NOT DKI px 2.1700 | crowd #1 $769k held 21.1m, gainer #4 | WAIT: hod trigger 3.6900
2026-10-07 22:16:08,521 INFO [v36b] WHY-NOT DKI px 2.1700 | crowd #1 $769k held 21.1m, gainer #4 | WAIT: hod trigger 3.6900
2026-10-07 22:17:09,471 INFO [v36] WHY-NOT DKI px 2.2469 | crowd #1 $618k held 22.2m, gainer #4 | WAIT: hod trigger 3.6900
2026-10-07 22:17:09,471 INFO [v36b] WHY-NOT DKI px 2.2469 | crowd #1 $618k held 22.2m, gainer #4 | WAIT: hod trigger 3.6900
2026-10-07 22:17:09,813 INFO [v36] WHY-NOT PFAI px 4.9801 | crowd #2 $251k held 1.2m, gainer #2 | NO CROWD: not top 2 held 2m, not ripping, not a top gainer with $1000k
2026-10-07 22:17:09,813 INFO [v36b] WHY-NOT PFAI px 4.9801 | crowd #2 $251k held 1.2m, gainer #2 | NO CROWD: not top 2 held 2m, not ripping, not a top gainer with $1000k
2026-10-07 22:17:21,836 INFO [v36] WHY-NOT SNXX px 15.8400 | crowd #3 $238k, gainer #56 | NO CROWD: not top 2 held 2m, not ripping, not a top gainer with $1000k
2026-10-07 22:17:21,837 INFO [v36b] WHY-NOT SNXX px 15.8400 | crowd #3 $238k, gainer #56 | NO CROWD: not top 2 held 2m, not ripping, not a top gainer with $1000k
2026-10-07 22:18:11,107 INFO [v36] WHY-NOT DKI px 2.2700 | crowd #1 $596k held 23.2m, gainer #3 | WAIT: hod trigger 3.6900
2026-10-07 22:18:11,108 INFO [v36b] WHY-NOT DKI px 2.2700 | crowd #1 $596k held 23.2m, gainer #3 | WAIT: hod trigger 3.6900
2026-10-07 22:18:11,462 INFO [v36] WHY-NOT PFAI px 5.0100 | crowd #3 $251k, gainer #2 | NO CROWD: not top 2 held 2m, not ripping, not a top gainer with $1000k
2026-10-07 22:18:11,462 INFO [v36b] WHY-NOT PFAI px 5.0100 | crowd #3 $251k, gainer #2 | NO CROWD: not top 2 held 2m, not ripping, not a top gainer with $1000k
2026-10-07 22:19:11,552 INFO [v36] WHY-NOT DKI px 2.2211 | crowd #1 $571k held 24.2m, gainer #4 | WAIT: hod trigger 3.6900
2026-10-07 22:19:11,552 INFO [v36b] WHY-NOT DKI px 2.2211 | crowd #1 $571k held 24.2m, gainer #4 | WAIT: hod trigger 3.6900
2026-10-07 22:19:14,858 INFO [v36] WHY-NOT PFAI px 5.0100 | crowd #3 $183k, gainer #2 | NO CROWD: not top 2 held 2m, not ripping, not a top gainer with $1000k
2026-10-07 22:19:14,859 INFO [v36b] WHY-NOT PFAI px 5.0100 | crowd #3 $183k, gainer #2 | NO CROWD: not top 2 held 2m, not ripping, not a top gainer with $1000k
2026-10-07 22:19:56,615 INFO [v36] WHY-NOT SNXX px 15.8300 | crowd #2 $273k held 1.9m, gainer #56 | NO CROWD: not top 2 held 2m, not ripping, not a top gainer with $1000k
2026-10-07 22:19:56,615 INFO [v36b] WHY-NOT SNXX px 15.8300 | crowd #2 $273k held 1.9m, gainer #56 | NO CROWD: not top 2 held 2m, not ripping, not a top gainer with $1000k
2026-10-07 22:20:01,342 INFO [v36] WHY-NOT SUGP px 2.6800 | crowd #18 $6k, gainer #1 | NO CROWD: not top 2 held 2m, not ripping, not a top gainer with $1000k
2026-10-07 22:20:01,342 INFO [v36b] WHY-NOT SUGP px 2.6800 | crowd #18 $6k, gainer #1 | NO CROWD: not top 2 held 2m, not ripping, not a top gainer with $1000k
2026-10-07 22:20:06,220 INFO [v36] WHY-NOT GMEX px 2.8800 | crowd #3 $161k, gainer #44 | NO CROWD: not top 2 held 2m, not ripping, not a top gainer with $1000k
2026-10-07 22:20:06,220 INFO [v36b] WHY-NOT GMEX px 2.8800 | crowd #3 $161k, gainer #44 | NO CROWD: not top 2 held 2m, not ripping, not a top gainer with $1000k
2026-10-07 22:20:12,107 INFO [v36] WHY-NOT DKI px 2.2600 | crowd #1 $461k held 25.2m, gainer #3 | WAIT: hod trigger 3.6900
2026-10-07 22:20:12,108 INFO [v36b] WHY-NOT DKI px 2.2600 | crowd #1 $461k held 25.2m, gainer #3 | WAIT: hod trigger 3.6900
2026-10-07 22:20:51,090 INFO [v36] WHY-NOT PFAI px 5.1000 | crowd #5 $99k, gainer #2 | NO CROWD: not top 2 held 2m, not ripping, not a top gainer with $1000k
2026-10-07 22:20:51,090 INFO [v36b] WHY-NOT PFAI px 5.1000 | crowd #5 $99k, gainer #2 | NO CROWD: not top 2 held 2m, not ripping, not a top gainer with $1000k
2026-10-07 22:21:07,876 INFO [v36] WHY-NOT GMEX px 2.8700 | crowd #3 $183k, gainer #43 | NO CROWD: not top 2 held 2m, not ripping, not a top gainer with $1000k
2026-10-07 22:21:07,876 INFO [v36b] WHY-NOT GMEX px 2.8700 | crowd #3 $183k, gainer #43 | NO CROWD: not top 2 held 2m, not ripping, not a top gainer with $1000k
2026-10-07 22:21:11,664 INFO [v36] WHY-NOT SNXX px 15.8300 | crowd #2 $296k held 3.2m, gainer #56 | NO PATTERN: no rip | last candles --, vol 3.1x the 5 before (high break needs 2.0x)
2026-10-07 22:21:11,665 INFO [v36b] WHY-NOT SNXX px 15.8300 | crowd #2 $296k held 3.2m, gainer #56 | NO PATTERN: no rip | last candles --, vol 3.1x the 5 before (high break needs 2.0x)
2026-10-07 22:21:13,411 INFO [v36] WHY-NOT DKI px 2.2100 | crowd #1 $424k held 26.2m, gainer #4 | WAIT: hod trigger 3.6900
2026-10-07 22:21:13,411 INFO [v36b] WHY-NOT DKI px 2.2100 | crowd #1 $424k held 26.2m, gainer #4 | WAIT: hod trigger 3.6900
2026-10-07 22:21:53,901 INFO [v36] WHY-NOT PFAI px 5.2900 | crowd #6 $79k, gainer #2 | NO CROWD: not top 2 held 2m, not ripping, not a top gainer with $1000k
2026-10-07 22:21:53,902 INFO [v36b] WHY-NOT PFAI px 5.2900 | crowd #6 $79k, gainer #2 | NO CROWD: not top 2 held 2m, not ripping, not a top gainer with $1000k
2026-10-07 22:22:13,764 INFO [v36] WHY-NOT DKI px 2.1700 | crowd #1 $352k held 27.2m, gainer #4 | WAIT: hod trigger 3.6900
2026-10-07 22:22:13,765 INFO [v36b] WHY-NOT DKI px 2.1700 | crowd #1 $352k held 27.2m, gainer #4 | WAIT: hod trigger 3.6900
2026-10-07 22:22:14,658 INFO [v36] WHY-NOT GMEX px 2.8400 | crowd #3 $179k, gainer #53 | NO CROWD: not top 2 held 2m, not ripping, not a top gainer with $1000k
2026-10-07 22:22:14,659 INFO [v36b] WHY-NOT GMEX px 2.8400 | crowd #3 $179k, gainer #53 | NO CROWD: not top 2 held 2m, not ripping, not a top gainer with $1000k
2026-10-07 22:22:54,978 INFO [v36] WHY-NOT PFAI px 5.4300 | crowd #4 $160k, gainer #2 | NO CROWD: not top 2 held 2m, not ripping, not a top gainer with $1000k
2026-10-07 22:22:54,978 INFO [v36b] WHY-NOT PFAI px 5.4300 | crowd #4 $160k, gainer #2 | NO CROWD: not top 2 held 2m, not ripping, not a top gainer with $1000k
2026-10-07 22:23:13,829 INFO [v36] WHY-NOT DKI px 2.1000 | crowd #1 $354k held 28.2m, gainer #4 | WAIT: hod trigger 3.6900
2026-10-07 22:23:13,837 INFO [v36b] WHY-NOT DKI px 2.1000 | crowd #1 $354k held 28.2m, gainer #4 | WAIT: hod trigger 3.6900
2026-10-07 22:23:24,346 INFO [v36] WHY-NOT SNXX px 15.8500 | crowd #2 $327k held 5.4m, gainer #55 | NO PATTERN: no rip | last candles GG, vol 0.7x the 5 before (high break needs 2.0x)
2026-10-07 22:23:24,346 INFO [v36b] WHY-NOT SNXX px 15.8500 | crowd #2 $327k held 5.4m, gainer #55 | NO PATTERN: no rip | last candles GG, vol 0.7x the 5 before (high break needs 2.0x)
2026-10-07 22:23:56,373 INFO [v36] WHY-NOT PFAI px 5.4200 | crowd #3 $276k, gainer #2 | NO CROWD: not top 2 held 2m, not ripping, not a top gainer with $1000k
2026-10-07 22:23:56,374 INFO [v36b] WHY-NOT PFAI px 5.4200 | crowd #3 $276k, gainer #2 | NO CROWD: not top 2 held 2m, not ripping, not a top gainer with $1000k
2026-10-07 22:24:01,252 INFO [v36] WHY-NOT SUGP px 2.7000 | crowd #24 $2k, gainer #1 | NO CROWD: not top 2 held 2m, not ripping, not a top gainer with $1000k
2026-10-07 22:24:01,253 INFO [v36b] WHY-NOT SUGP px 2.7000 | crowd #24 $2k, gainer #1 | NO CROWD: not top 2 held 2m, not ripping, not a top gainer with $1000k
2026-10-07 22:24:17,066 INFO [v36] WHY-NOT DKI px 2.1200 | crowd #3 $329k, gainer #5 | NO CROWD: not top 2 held 2m, not ripping, not a top gainer with $1000k
2026-10-07 22:24:17,067 INFO [v36b] WHY-NOT DKI px 2.1200 | crowd #3 $329k, gainer #5 | NO CROWD: not top 2 held 2m, not ripping, not a top gainer with $1000k
2026-10-07 22:24:56,794 INFO [v36] WHY-NOT PFAI px 5.2893 | crowd #2 $330k held 0.9m, gainer #2 | NO CROWD: not top 2 held 2m, not ripping, not a top gainer with $1000k
2026-10-07 22:24:56,794 INFO [v36b] WHY-NOT PFAI px 5.2893 | crowd #2 $330k held 0.9m, gainer #2 | NO CROWD: not top 2 held 2m, not ripping, not a top gainer with $1000k
2026-10-07 22:25:08,997 INFO [v36] WHY-NOT SNXX px 15.8500 | crowd #3 $200k, gainer #56 | NO CROWD: not top 2 held 2m, not ripping, not a top gainer with $1000k
2026-10-07 22:25:08,997 INFO [v36b] WHY-NOT SNXX px 15.8500 | crowd #3 $200k, gainer #56 | NO CROWD: not top 2 held 2m, not ripping, not a top gainer with $1000k
2026-10-07 22:25:17,964 INFO [v36] WHY-NOT DKI px 2.1148 | crowd #2 $272k held 0.3m, gainer #5 | NO CROWD: not top 2 held 2m, not ripping, not a top gainer with $1000k
2026-10-07 22:25:18,038 INFO [v36b] WHY-NOT DKI px 2.1148 | crowd #2 $272k held 0.3m, gainer #5 | NO CROWD: not top 2 held 2m, not ripping, not a top gainer with $1000k
2026-10-07 22:26:00,644 INFO [v36] WHY-NOT CPHI px 1.0115 | crowd #3 $184k, gainer #4 | NO CROWD: not top 2 held 2m, not ripping, not a top gainer with $1000k
2026-10-07 22:26:00,646 INFO [v36b] WHY-NOT CPHI px 1.0115 | crowd #3 $184k, gainer #4 | NO CROWD: not top 2 held 2m, not ripping, not a top gainer with $1000k
2026-10-07 22:26:01,872 INFO [v36] WHY-NOT PFAI px 5.2000 | crowd #2 $305k held 2.0m, gainer #2 | WAIT: hod trigger 7.0700
2026-10-07 22:26:01,873 INFO [v36b] WHY-NOT PFAI px 5.2000 | crowd #2 $305k held 2.0m, gainer #2 | WAIT: hod trigger 7.0700
2026-10-07 22:26:19,309 INFO [v36] WHY-NOT DKI px 2.0700 | crowd #1 $314k held 1.3m, gainer #5 | NO CROWD: not top 2 held 2m, not ripping, not a top gainer with $1000k
2026-10-07 22:26:19,310 INFO [v36b] WHY-NOT DKI px 2.0700 | crowd #1 $314k held 1.3m, gainer #5 | NO CROWD: not top 2 held 2m, not ripping, not a top gainer with $1000k
2026-10-07 22:27:02,265 INFO [v36] WHY-NOT CPHI px 1.0400 | crowd #3 $167k, gainer #4 | NO CROWD: not top 2 held 2m, not ripping, not a top gainer with $1000k
2026-10-07 22:27:02,266 INFO [v36b] WHY-NOT CPHI px 1.0400 | crowd #3 $167k, gainer #4 | NO CROWD: not top 2 held 2m, not ripping, not a top gainer with $1000k
2026-10-07 22:27:03,904 INFO [v36] WHY-NOT PFAI px 5.2000 | crowd #2 $176k held 3.1m, gainer #2 | WAIT: hod trigger 7.0700
2026-10-07 22:27:03,905 INFO [v36b] WHY-NOT PFAI px 5.2000 | crowd #2 $176k held 3.1m, gainer #2 | WAIT: hod trigger 7.0700
2026-10-07 22:27:20,048 INFO [v36] WHY-NOT DKI px 2.0197 | crowd #1 $197k held 2.3m, gainer #6 | WAIT: hod trigger 3.6900
2026-10-07 22:27:20,048 INFO [v36b] WHY-NOT DKI px 2.0197 | crowd #1 $197k held 2.3m, gainer #6 | WAIT: hod trigger 3.6900
2026-10-07 22:28:02,608 INFO [v36] WHY-NOT CPHI px 1.0600 | crowd #1 $301k held 0.0m, gainer #3 | NO CROWD: not top 2 held 2m, not ripping, not a top gainer with $1000k
2026-10-07 22:28:02,609 INFO [v36b] WHY-NOT CPHI px 1.0600 | crowd #1 $301k held 0.0m, gainer #3 | NO CROWD: not top 2 held 2m, not ripping, not a top gainer with $1000k
2026-10-07 22:28:02,747 INFO [v36] WHY-NOT SUGP px 2.7100 | crowd #26 $2k, gainer #1 | NO CROWD: not top 2 held 2m, not ripping, not a top gainer with $1000k
2026-10-07 22:28:02,747 INFO [v36b] WHY-NOT SUGP px 2.7100 | crowd #26 $2k, gainer #1 | NO CROWD: not top 2 held 2m, not ripping, not a top gainer with $1000k
2026-10-07 22:28:04,919 INFO [v36] WHY-NOT PFAI px 5.1400 | crowd #3 $184k, gainer #2 | NO CROWD: not top 2 held 2m, not ripping, not a top gainer with $1000k
2026-10-07 22:28:04,920 INFO [v36b] WHY-NOT PFAI px 5.1400 | crowd #3 $184k, gainer #2 | NO CROWD: not top 2 held 2m, not ripping, not a top gainer with $1000k
2026-10-07 22:28:20,519 INFO [v36] WHY-NOT DKI px 2.0700 | crowd #2 $249k held 3.3m, gainer #5 | WAIT: hod trigger 3.6900
2026-10-07 22:28:20,520 INFO [v36b] WHY-NOT DKI px 2.0700 | crowd #2 $249k held 3.3m, gainer #5 | WAIT: hod trigger 3.6900
2026-10-07 22:29:03,176 INFO [v36] WHY-NOT CPHI px 1.0600 | crowd #2 $328k held 1.1m, gainer #3 | NO CROWD: not top 2 held 2m, not ripping, not a top gainer with $1000k
2026-10-07 22:29:03,177 INFO [v36b] WHY-NOT CPHI px 1.0600 | crowd #2 $328k held 1.1m, gainer #3 | NO CROWD: not top 2 held 2m, not ripping, not a top gainer with $1000k
2026-10-07 22:29:14,227 INFO [v36] WHY-NOT PFAI px 5.1800 | crowd #3 $133k, gainer #2 | NO CROWD: not top 2 held 2m, not ripping, not a top gainer with $1000k
2026-10-07 22:29:14,284 INFO [v36b] WHY-NOT PFAI px 5.1800 | crowd #3 $133k, gainer #2 | NO CROWD: not top 2 held 2m, not ripping, not a top gainer with $1000k
2026-10-07 22:29:23,139 INFO [v36] WHY-NOT DKI px 2.0500 | crowd #1 $349k held 4.4m, gainer #6 | WAIT: hod trigger 3.6900
2026-10-07 22:29:23,139 INFO [v36b] WHY-NOT DKI px 2.0500 | crowd #1 $349k held 4.4m, gainer #6 | WAIT: hod trigger 3.6900
2026-10-07 22:29:30,210 INFO [v36] WHY-NOT SUGP px 2.6900 | crowd #19 $3k, gainer #1 | NO CROWD: not top 2 held 2m, not ripping, not a top gainer with $1000k
2026-10-07 22:29:30,211 INFO [v36b] WHY-NOT SUGP px 2.6900 | crowd #19 $3k, gainer #1 | NO CROWD: not top 2 held 2m, not ripping, not a top gainer with $1000k
2026-10-07 22:30:03,845 INFO [v36] WHY-NOT CPHI px 1.0300 | crowd #1 $295k held 2.1m, gainer #4 | WAIT: hod trigger 1.3300
2026-10-07 22:30:03,846 INFO [v36b] WHY-NOT CPHI px 1.0300 | crowd #1 $295k held 2.1m, gainer #4 | WAIT: hod trigger 1.3300
2026-10-07 22:30:21,208 INFO [v36] WHY-NOT PFAI px 5.2200 | crowd #3 $96k, gainer #2 | NO CROWD: not top 2 held 2m, not ripping, not a top gainer with $1000k
2026-10-07 22:30:21,208 INFO [v36b] WHY-NOT PFAI px 5.2200 | crowd #3 $96k, gainer #2 | NO CROWD: not top 2 held 2m, not ripping, not a top gainer with $1000k
2026-10-07 22:30:27,015 INFO [v36] WHY-NOT DKI px 2.0400 | crowd #2 $277k held 5.4m, gainer #6 | WAIT: hod trigger 3.6900
2026-10-07 22:30:27,015 INFO [v36b] WHY-NOT DKI px 2.0400 | crowd #2 $277k held 5.4m, gainer #6 | WAIT: hod trigger 3.6900
2026-10-07 22:31:25,392 INFO [v36] WHY-NOT PFAI px 5.2500 | crowd #3 $107k, gainer #2 | NO CROWD: not top 2 held 2m, not ripping, not a top gainer with $1000k
2026-10-07 22:31:25,393 INFO [v36b] WHY-NOT PFAI px 5.2500 | crowd #3 $107k, gainer #2 | NO CROWD: not top 2 held 2m, not ripping, not a top gainer with $1000k
2026-10-07 22:31:31,511 INFO [v36] WHY-NOT DKI px 2.0500 | crowd #2 $250k held 6.5m, gainer #6 | WAIT: hod trigger 3.6900
2026-10-07 22:31:31,512 INFO [v36b] WHY-NOT DKI px 2.0500 | crowd #2 $250k held 6.5m, gainer #6 | WAIT: hod trigger 3.6900
2026-10-07 22:32:00,844 INFO [v36] WHY-NOT IPW px 1.3898 | crowd #3 $109k, gainer #11 | NO CROWD: not top 2 held 2m, not ripping, not a top gainer with $1000k
2026-10-07 22:32:00,844 INFO [v36b] WHY-NOT IPW px 1.3898 | crowd #3 $109k, gainer #11 | NO CROWD: not top 2 held 2m, not ripping, not a top gainer with $1000k
2026-10-07 22:32:02,800 INFO [v36] WHY-NOT SUGP px 2.6700 | crowd #19 $5k, gainer #1 | NO CROWD: not top 2 held 2m, not ripping, not a top gainer with $1000k
2026-10-07 22:32:02,800 INFO [v36b] WHY-NOT SUGP px 2.6700 | crowd #19 $5k, gainer #1 | NO CROWD: not top 2 held 2m, not ripping, not a top gainer with $1000k
2026-10-07 22:32:31,613 INFO [v36] WHY-NOT DKI px 2.1300 | crowd #2 $204k held 7.5m, gainer #6 | WAIT: hod trigger 3.6900
2026-10-07 22:32:31,614 INFO [v36b] WHY-NOT DKI px 2.1300 | crowd #2 $204k held 7.5m, gainer #6 | WAIT: hod trigger 3.6900
2026-10-07 22:32:39,161 INFO [v36] WHY-NOT PFAI px 5.1400 | crowd #4 $93k, gainer #2 | NO CROWD: not top 2 held 2m, not ripping, not a top gainer with $1000k
2026-10-07 22:32:39,162 INFO [v36b] WHY-NOT PFAI px 5.1400 | crowd #4 $93k, gainer #2 | NO CROWD: not top 2 held 2m, not ripping, not a top gainer with $1000k
2026-10-07 22:33:02,064 INFO [v36] WHY-NOT IPW px 1.3300 | crowd #2 $93k held 0.0m, gainer #16 | NO CROWD: not top 2 held 2m, not ripping, not a top gainer with $1000k
2026-10-07 22:33:02,064 INFO [v36b] WHY-NOT IPW px 1.3300 | crowd #2 $93k held 0.0m, gainer #16 | NO CROWD: not top 2 held 2m, not ripping, not a top gainer with $1000k
2026-10-07 22:33:12,405 INFO [v36] WHY-NOT CPHI px 1.0000 | crowd #1 $159k held 5.2m, gainer #5 | WAIT: hod trigger 1.3300
2026-10-07 22:33:12,406 INFO [v36b] WHY-NOT CPHI px 1.0000 | crowd #1 $159k held 5.2m, gainer #5 | WAIT: hod trigger 1.3300
2026-10-07 22:33:12,900 INFO [v36] WHY-NOT SUGP px 2.6600 | crowd #23 $2k, gainer #1 | NO CROWD: not top 2 held 2m, not ripping, not a top gainer with $1000k
2026-10-07 22:33:12,900 INFO [v36b] WHY-NOT SUGP px 2.6600 | crowd #23 $2k, gainer #1 | NO CROWD: not top 2 held 2m, not ripping, not a top gainer with $1000k
2026-10-07 22:33:31,639 INFO [v36] WHY-NOT DKI px 2.1300 | crowd #3 $83k, gainer #4 | NO CROWD: not top 2 held 2m, not ripping, not a top gainer with $1000k
2026-10-07 22:33:31,640 INFO [v36b] WHY-NOT DKI px 2.1300 | crowd #3 $83k, gainer #4 | NO CROWD: not top 2 held 2m, not ripping, not a top gainer with $1000k
2026-10-07 22:33:59,276 INFO [v36] WHY-NOT PFAI px 5.1300 | crowd #4 $79k, gainer #2 | NO CROWD: not top 2 held 2m, not ripping, not a top gainer with $1000k
2026-10-07 22:33:59,276 INFO [v36b] WHY-NOT PFAI px 5.1300 | crowd #4 $79k, gainer #2 | NO CROWD: not top 2 held 2m, not ripping, not a top gainer with $1000k
2026-10-07 22:34:02,385 INFO [v36] WHY-NOT IPW px 1.3399 | crowd #3 $131k, gainer #14 | NO CROWD: not top 2 held 2m, not ripping, not a top gainer with $1000k
2026-10-07 22:34:02,386 INFO [v36b] WHY-NOT IPW px 1.3399 | crowd #3 $131k, gainer #14 | NO CROWD: not top 2 held 2m, not ripping, not a top gainer with $1000k
2026-10-07 22:34:32,593 INFO [v36] WHY-NOT DKI px 2.1197 | crowd #1 $284k held 0.5m, gainer #4 | NO CROWD: not top 2 held 2m, not ripping, not a top gainer with $1000k
2026-10-07 22:34:32,595 INFO [v36b] WHY-NOT DKI px 2.1197 | crowd #1 $284k held 0.5m, gainer #4 | NO CROWD: not top 2 held 2m, not ripping, not a top gainer with $1000k
2026-10-07 22:35:02,185 INFO [v36] WHY-NOT PFAI px 4.8805 | crowd #3 $100k, gainer #2 | NO CROWD: not top 2 held 2m, not ripping, not a top gainer with $1000k
2026-10-07 22:35:02,185 INFO [v36b] WHY-NOT PFAI px 4.8805 | crowd #3 $100k, gainer #2 | NO CROWD: not top 2 held 2m, not ripping, not a top gainer with $1000k
2026-10-07 22:35:33,916 INFO [v36] WHY-NOT DKI px 2.0900 | crowd #1 $312k held 1.5m, gainer #4 | NO CROWD: not top 2 held 2m, not ripping, not a top gainer with $1000k
2026-10-07 22:35:33,916 INFO [v36b] WHY-NOT DKI px 2.0900 | crowd #1 $312k held 1.5m, gainer #4 | NO CROWD: not top 2 held 2m, not ripping, not a top gainer with $1000k
2026-10-07 22:35:43,020 INFO [v36] WHY-NOT SUGP px 2.6500 | crowd #10 $12k, gainer #1 | NO CROWD: not top 2 held 2m, not ripping, not a top gainer with $1000k
2026-10-07 22:35:43,021 INFO [v36b] WHY-NOT SUGP px 2.6500 | crowd #10 $12k, gainer #1 | NO CROWD: not top 2 held 2m, not ripping, not a top gainer with $1000k
2026-10-07 22:36:06,858 INFO [v36] WHY-NOT PFAI px 4.9000 | crowd #3 $93k, gainer #2 | NO CROWD: not top 2 held 2m, not ripping, not a top gainer with $1000k
2026-10-07 22:36:06,859 INFO [v36b] WHY-NOT PFAI px 4.9000 | crowd #3 $93k, gainer #2 | NO CROWD: not top 2 held 2m, not ripping, not a top gainer with $1000k
2026-10-07 22:36:10,374 INFO [v36] WHY-NOT SNXX px 15.8600 | crowd #2 $105k held 0.2m, gainer #57 | NO CROWD: not top 2 held 2m, not ripping, not a top gainer with $1000k
2026-10-07 22:36:10,375 INFO [v36b] WHY-NOT SNXX px 15.8600 | crowd #2 $105k held 0.2m, gainer #57 | NO CROWD: not top 2 held 2m, not ripping, not a top gainer with $1000k
2026-10-07 22:36:35,595 INFO [v36] WHY-NOT DKI px 2.0800 | crowd #1 $322k held 2.6m, gainer #5 | WAIT: hod trigger 3.6900
2026-10-07 22:36:35,595 INFO [v36b] WHY-NOT DKI px 2.0800 | crowd #1 $322k held 2.6m, gainer #5 | WAIT: hod trigger 3.6900
2026-10-07 22:37:09,260 INFO [v36] WHY-NOT PFAI px 4.9403 | crowd #3 $98k, gainer #2 | NO CROWD: not top 2 held 2m, not ripping, not a top gainer with $1000k
2026-10-07 22:37:09,261 INFO [v36b] WHY-NOT PFAI px 4.9403 | crowd #3 $98k, gainer #2 | NO CROWD: not top 2 held 2m, not ripping, not a top gainer with $1000k
2026-10-07 22:37:28,708 INFO [v36] WHY-NOT SNXX px 15.8500 | crowd #2 $98k held 1.5m, gainer #57 | NO CROWD: not top 2 held 2m, not ripping, not a top gainer with $1000k
2026-10-07 22:37:28,708 INFO [v36b] WHY-NOT SNXX px 15.8500 | crowd #2 $98k held 1.5m, gainer #57 | NO CROWD: not top 2 held 2m, not ripping, not a top gainer with $1000k
2026-10-07 22:37:36,555 INFO [v36] WHY-NOT DKI px 2.1100 | crowd #1 $221k held 3.6m, gainer #5 | WAIT: hod trigger 3.6900
2026-10-07 22:37:36,556 INFO [v36b] WHY-NOT DKI px 2.1100 | crowd #1 $221k held 3.6m, gainer #5 | WAIT: hod trigger 3.6900
2026-10-07 22:38:37,230 INFO [v36] WHY-NOT DKI px 2.1597 | crowd #1 $135k held 4.6m, gainer #5 | WAIT: hod trigger 3.6900
2026-10-07 22:38:37,231 INFO [v36b] WHY-NOT DKI px 2.1597 | crowd #1 $135k held 4.6m, gainer #5 | WAIT: hod trigger 3.6900
2026-10-07 22:39:05,355 INFO [v36] WHY-NOT PFAI px 4.9973 | crowd #4 $45k, gainer #2 | NO CROWD: not top 2 held 2m, not ripping, not a top gainer with $1000k
2026-10-07 22:39:05,356 INFO [v36b] WHY-NOT PFAI px 4.9973 | crowd #4 $45k, gainer #2 | NO CROWD: not top 2 held 2m, not ripping, not a top gainer with $1000k
2026-10-07 22:39:17,791 INFO [v36] WHY-NOT MOBX px 1.2481 | crowd #3 $79k, gainer #26 | NO CROWD: not top 2 held 2m, not ripping, not a top gainer with $1000k
2026-10-07 22:39:17,791 INFO [v36b] WHY-NOT MOBX px 1.2481 | crowd #3 $79k, gainer #26 | NO CROWD: not top 2 held 2m, not ripping, not a top gainer with $1000k
2026-10-07 22:39:40,816 INFO [v36] WHY-NOT DKI px 2.1500 | crowd #1 $148k held 5.7m, gainer #4 | WAIT: hod trigger 3.6900
2026-10-07 22:39:40,816 INFO [v36b] WHY-NOT DKI px 2.1500 | crowd #1 $148k held 5.7m, gainer #4 | WAIT: hod trigger 3.6900
2026-10-07 22:40:07,061 INFO [v36] WHY-NOT CPHI px 1.0200 | crowd #3 $53k, gainer #4 | NO CROWD: not top 2 held 2m, not ripping, not a top gainer with $1000k
2026-10-07 22:40:07,061 INFO [v36b] WHY-NOT CPHI px 1.0200 | crowd #3 $53k, gainer #4 | NO CROWD: not top 2 held 2m, not ripping, not a top gainer with $1000k
2026-10-07 22:40:27,342 INFO [v36] WHY-NOT PFAI px 4.8800 | crowd #5 $37k, gainer #2 | NO CROWD: not top 2 held 2m, not ripping, not a top gainer with $1000k
2026-10-07 22:40:27,416 INFO [v36b] WHY-NOT PFAI px 4.8800 | crowd #5 $37k, gainer #2 | NO CROWD: not top 2 held 2m, not ripping, not a top gainer with $1000k
2026-10-07 22:40:27,818 INFO [v36] WHY-NOT MOBX px 1.2500 | crowd #2 $79k held 0.4m, gainer #26 | NO CROWD: not top 2 held 2m, not ripping, not a top gainer with $1000k
2026-10-07 22:40:27,819 INFO [v36b] WHY-NOT MOBX px 1.2500 | crowd #2 $79k held 0.4m, gainer #26 | NO CROWD: not top 2 held 2m, not ripping, not a top gainer with $1000k
2026-10-07 22:40:44,551 INFO [v36] WHY-NOT DKI px 2.1400 | crowd #1 $188k held 6.7m, gainer #5 | WAIT: hod trigger 3.6900
2026-10-07 22:40:44,552 INFO [v36b] WHY-NOT DKI px 2.1400 | crowd #1 $188k held 6.7m, gainer #5 | WAIT: hod trigger 3.6900
2026-10-07 22:41:08,399 INFO [v36] WHY-NOT CPHI px 1.0100 | crowd #3 $54k, gainer #4 | NO CROWD: not top 2 held 2m, not ripping, not a top gainer with $1000k
2026-10-07 22:41:08,473 INFO [v36b] WHY-NOT CPHI px 1.0100 | crowd #3 $54k, gainer #4 | NO CROWD: not top 2 held 2m, not ripping, not a top gainer with $1000k
2026-10-07 22:41:27,375 INFO [v36] WHY-NOT PFAI px 4.8600 | crowd #10 $24k, gainer #2 | NO CROWD: not top 2 held 2m, not ripping, not a top gainer with $1000k
2026-10-07 22:41:30,700 INFO [v36b] WHY-NOT PFAI px 4.8600 | crowd #10 $24k, gainer #2 | NO CROWD: not top 2 held 2m, not ripping, not a top gainer with $1000k
2026-10-07 22:41:44,654 INFO [v36] WHY-NOT DKI px 2.1400 | crowd #1 $187k held 7.7m, gainer #5 | WAIT: hod trigger 3.6900
2026-10-07 22:41:44,654 INFO [v36b] WHY-NOT DKI px 2.1400 | crowd #1 $187k held 7.7m, gainer #5 | WAIT: hod trigger 3.6900
2026-10-07 22:41:59,771 INFO [v36] WHY-NOT MOBX px 1.2500 | crowd #2 $121k held 2.0m, gainer #26 | NO CROWD: not top 2 held 2m, not ripping, not a top gainer with $1000k
2026-10-07 22:41:59,772 INFO [v36b] WHY-NOT MOBX px 1.2500 | crowd #2 $121k held 2.0m, gainer #26 | NO CROWD: not top 2 held 2m, not ripping, not a top gainer with $1000k
2026-10-07 22:42:00,437 INFO [v36] WHY-NOT BIYA px 2.3000 | crowd #3 $58k, gainer #3 | NO: 6 buys today
2026-10-07 22:42:00,439 INFO [v36b] WHY-NOT BIYA px 2.3000 | crowd #3 $58k, gainer #3 | NO: 6 buys today
2026-10-07 22:42:08,900 INFO [v36] WHY-NOT CPHI px 1.0100 | crowd #2 $61k held 0.1m, gainer #5 | NO CROWD: not top 2 held 2m, not ripping, not a top gainer with $1000k
2026-10-07 22:42:08,900 INFO [v36b] WHY-NOT CPHI px 1.0100 | crowd #2 $61k held 0.1m, gainer #5 | NO CROWD: not top 2 held 2m, not ripping, not a top gainer with $1000k
2026-10-07 22:42:26,277 INFO [v36b] WHY-NOT SUGP px 2.6103 | crowd #- $0k, gainer #1 | NO CROWD: not top 2 held 2m, not ripping, not a top gainer with $1000k
2026-10-07 22:42:26,278 INFO [v36] WHY-NOT SUGP px 2.6103 | crowd #- $0k, gainer #1 | NO CROWD: not top 2 held 2m, not ripping, not a top gainer with $1000k
2026-10-07 22:42:27,613 INFO [v36] WHY-NOT PFAI px 4.8700 | crowd #8 $38k, gainer #2 | NO CROWD: not top 2 held 2m, not ripping, not a top gainer with $1000k
2026-10-07 22:42:30,814 INFO [v36b] WHY-NOT PFAI px 4.8707 | crowd #8 $38k, gainer #2 | NO CROWD: not top 2 held 2m, not ripping, not a top gainer with $1000k
2026-10-07 22:42:45,244 INFO [v36] WHY-NOT DKI px 2.1300 | crowd #1 $188k held 8.7m, gainer #4 | WAIT: hod trigger 3.6900
2026-10-07 22:42:45,245 INFO [v36b] WHY-NOT DKI px 2.1300 | crowd #1 $188k held 8.7m, gainer #4 | WAIT: hod trigger 3.6900
2026-10-07 22:43:09,129 INFO [v36] WHY-NOT CPHI px 1.0100 | crowd #3 $68k, gainer #4 | NO CROWD: not top 2 held 2m, not ripping, not a top gainer with $1000k
2026-10-07 22:43:09,129 INFO [v36b] WHY-NOT CPHI px 1.0100 | crowd #3 $68k, gainer #4 | NO CROWD: not top 2 held 2m, not ripping, not a top gainer with $1000k
2026-10-07 22:43:21,550 INFO [v36] WHY-NOT BIYA px 2.2694 | crowd #2 $73k held 0.4m, gainer #3 | NO: 6 buys today
2026-10-07 22:43:21,550 INFO [v36b] WHY-NOT BIYA px 2.2694 | crowd #2 $73k held 0.4m, gainer #3 | NO: 6 buys today
2026-10-07 22:43:45,616 INFO [v36] WHY-NOT DKI px 2.1200 | crowd #1 $139k held 9.7m, gainer #5 | WAIT: hod trigger 3.6900
2026-10-07 22:43:45,617 INFO [v36b] WHY-NOT DKI px 2.1200 | crowd #1 $139k held 9.7m, gainer #5 | WAIT: hod trigger 3.6900
2026-10-07 22:43:52,786 INFO [v36] WHY-NOT PFAI px 4.8900 | crowd #5 $53k, gainer #2 | NO CROWD: not top 2 held 2m, not ripping, not a top gainer with $1000k
2026-10-07 22:43:52,786 INFO [v36b] WHY-NOT PFAI px 4.8900 | crowd #5 $53k, gainer #2 | NO CROWD: not top 2 held 2m, not ripping, not a top gainer with $1000k
2026-10-07 22:44:01,381 INFO [v36] WHY-NOT AIXI px 2.0290 | crowd #2 $89k held 0.0m, gainer #38 | NO CROWD: not top 2 held 2m, not ripping, not a top gainer with $1000k
2026-10-07 22:44:01,381 INFO [v36b] WHY-NOT AIXI px 2.0290 | crowd #2 $89k held 0.0m, gainer #38 | NO CROWD: not top 2 held 2m, not ripping, not a top gainer with $1000k
2026-10-07 22:44:41,209 INFO [v36] WHY-NOT BIYA px 2.2300 | crowd #3 $65k, gainer #3 | NO: 6 buys today
2026-10-07 22:44:41,209 INFO [v36b] WHY-NOT BIYA px 2.2300 | crowd #3 $65k, gainer #3 | NO: 6 buys today
2026-10-07 22:44:47,993 INFO [v36] WHY-NOT DKI px 2.0400 | crowd #1 $103k held 10.8m, gainer #5 | WAIT: hod trigger 3.6900
2026-10-07 22:44:47,993 INFO [v36b] WHY-NOT DKI px 2.0400 | crowd #1 $103k held 10.8m, gainer #5 | WAIT: hod trigger 3.6900
2026-10-07 22:44:59,884 INFO [v36] WHY-NOT PFAI px 4.9000 | crowd #8 $48k, gainer #2 | NO CROWD: not top 2 held 2m, not ripping, not a top gainer with $1000k
2026-10-07 22:44:59,884 INFO [v36b] WHY-NOT PFAI px 4.9000 | crowd #8 $48k, gainer #2 | NO CROWD: not top 2 held 2m, not ripping, not a top gainer with $1000k
2026-10-07 22:45:06,542 INFO [v36b] WHY-NOT SUGP px 2.6200 | crowd #25 $0k, gainer #1 | NO CROWD: not top 2 held 2m, not ripping, not a top gainer with $1000k
2026-10-07 22:45:06,615 INFO [v36] WHY-NOT SUGP px 2.6200 | crowd #25 $0k, gainer #1 | NO CROWD: not top 2 held 2m, not ripping, not a top gainer with $1000k
2026-10-07 22:45:08,073 INFO [v36] WHY-NOT AIXI px 2.0200 | crowd #3 $75k, gainer #38 | NO CROWD: not top 2 held 2m, not ripping, not a top gainer with $1000k
2026-10-07 22:45:08,073 INFO [v36b] WHY-NOT AIXI px 2.0200 | crowd #3 $75k, gainer #38 | NO CROWD: not top 2 held 2m, not ripping, not a top gainer with $1000k
2026-10-07 22:45:08,345 INFO [v36] WHY-NOT SNXX px 15.8600 | crowd #1 $197k held 0.1m, gainer #60 | NO CROWD: not top 2 held 2m, not ripping, not a top gainer with $1000k
2026-10-07 22:45:08,345 INFO [v36b] WHY-NOT SNXX px 15.8600 | crowd #1 $197k held 0.1m, gainer #60 | NO CROWD: not top 2 held 2m, not ripping, not a top gainer with $1000k
2026-10-07 22:45:48,694 INFO [v36] WHY-NOT DKI px 2.0700 | crowd #2 $128k held 11.8m, gainer #6 | WAIT: hod trigger 3.6900
2026-10-07 22:45:48,694 INFO [v36b] WHY-NOT DKI px 2.0700 | crowd #2 $128k held 11.8m, gainer #6 | WAIT: hod trigger 3.6900
2026-10-07 22:46:01,117 INFO [v36] WHY-NOT PFAI px 4.9000 | crowd #7 $29k, gainer #2 | NO CROWD: not top 2 held 2m, not ripping, not a top gainer with $1000k
2026-10-07 22:46:01,117 INFO [v36b] WHY-NOT PFAI px 4.9000 | crowd #7 $29k, gainer #2 | NO CROWD: not top 2 held 2m, not ripping, not a top gainer with $1000k
2026-10-07 22:46:06,230 INFO [v36] WHY-NOT GMEX px 3.0100 | crowd #3 $79k, gainer #18 | NO CROWD: not top 2 held 2m, not ripping, not a top gainer with $1000k
2026-10-07 22:46:06,230 INFO [v36b] WHY-NOT GMEX px 3.0100 | crowd #3 $79k, gainer #18 | NO CROWD: not top 2 held 2m, not ripping, not a top gainer with $1000k
2026-10-07 22:46:43,463 INFO [v36] WHY-NOT SUGP px 2.6200 | crowd #12 $8k, gainer #1 | NO CROWD: not top 2 held 2m, not ripping, not a top gainer with $1000k
2026-10-07 22:46:43,463 INFO [v36b] WHY-NOT SUGP px 2.6200 | crowd #12 $8k, gainer #1 | NO CROWD: not top 2 held 2m, not ripping, not a top gainer with $1000k
2026-10-07 22:46:49,203 INFO [v36] WHY-NOT DKI px 2.0400 | crowd #2 $127k held 12.8m, gainer #6 | WAIT: hod trigger 3.6900
2026-10-07 22:46:49,204 INFO [v36b] WHY-NOT DKI px 2.0400 | crowd #2 $127k held 12.8m, gainer #6 | WAIT: hod trigger 3.6900
2026-10-07 22:46:53,340 INFO [v36] WHY-NOT SNXX px 15.8399 | crowd #1 $201k held 1.9m, gainer #58 | NO CROWD: not top 2 held 2m, not ripping, not a top gainer with $1000k
2026-10-07 22:46:53,340 INFO [v36b] WHY-NOT SNXX px 15.8399 | crowd #1 $201k held 1.9m, gainer #58 | NO CROWD: not top 2 held 2m, not ripping, not a top gainer with $1000k
2026-10-07 22:47:14,204 INFO [v36] WHY-NOT GMEX px 3.1400 | crowd #3 $68k, gainer #15 | NO CROWD: not top 2 held 2m, not ripping, not a top gainer with $1000k
2026-10-07 22:47:14,205 INFO [v36b] WHY-NOT GMEX px 3.1400 | crowd #3 $68k, gainer #15 | NO CROWD: not top 2 held 2m, not ripping, not a top gainer with $1000k
2026-10-07 22:47:20,617 INFO [v36] WHY-NOT PFAI px 4.8900 | crowd #8 $14k, gainer #2 | NO CROWD: not top 2 held 2m, not ripping, not a top gainer with $1000k
2026-10-07 22:47:20,618 INFO [v36b] WHY-NOT PFAI px 4.8900 | crowd #8 $14k, gainer #2 | NO CROWD: not top 2 held 2m, not ripping, not a top gainer with $1000k
2026-10-07 22:47:51,133 INFO [v36] WHY-NOT SUGP px 2.6100 | crowd #11 $7k, gainer #1 | NO CROWD: not top 2 held 2m, not ripping, not a top gainer with $1000k
2026-10-07 22:47:51,133 INFO [v36b] WHY-NOT SUGP px 2.6100 | crowd #11 $7k, gainer #1 | NO CROWD: not top 2 held 2m, not ripping, not a top gainer with $1000k
2026-10-07 22:47:53,121 INFO [v36] WHY-NOT DKI px 2.0800 | crowd #2 $114k held 13.9m, gainer #6 | WAIT: hod trigger 3.6900
2026-10-07 22:47:53,121 INFO [v36b] WHY-NOT DKI px 2.0800 | crowd #2 $114k held 13.9m, gainer #6 | WAIT: hod trigger 3.6900
2026-10-07 22:48:04,697 INFO [v36b] WHY-NOT SNXX px 15.8150 | crowd #1 $302k held 3.0m, gainer #58 | NO PATTERN: no rip | last candles GG, vol 2.9x the 5 before (high break needs 2.0x)
2026-10-07 22:48:04,697 INFO [v36] WHY-NOT SNXX px 15.8150 | crowd #1 $302k held 3.0m, gainer #58 | NO PATTERN: no rip | last candles GG, vol 2.9x the 5 before (high break needs 2.0x)
2026-10-07 22:48:14,934 INFO [v36] WHY-NOT GMEX px 3.1500 | crowd #2 $173k held 0.2m, gainer #13 | NO CROWD: not top 2 held 2m, not ripping, not a top gainer with $1000k
2026-10-07 22:48:14,934 INFO [v36b] WHY-NOT GMEX px 3.1500 | crowd #2 $173k held 0.2m, gainer #13 | NO CROWD: not top 2 held 2m, not ripping, not a top gainer with $1000k
2026-10-07 22:48:22,272 INFO [v36] WHY-NOT PFAI px 4.9591 | crowd #8 $19k, gainer #2 | NO CROWD: not top 2 held 2m, not ripping, not a top gainer with $1000k
2026-10-07 22:48:22,272 INFO [v36b] WHY-NOT PFAI px 4.9591 | crowd #8 $19k, gainer #2 | NO CROWD: not top 2 held 2m, not ripping, not a top gainer with $1000k
2026-10-07 22:49:00,556 INFO [v36] WHY-NOT DKI px 2.0800 | crowd #3 $105k, gainer #4 | NO CROWD: not top 2 held 2m, not ripping, not a top gainer with $1000k
2026-10-07 22:49:00,558 INFO [v36b] WHY-NOT DKI px 2.0800 | crowd #3 $105k, gainer #4 | NO CROWD: not top 2 held 2m, not ripping, not a top gainer with $1000k
2026-10-07 22:49:15,163 INFO [v36b] WHY-NOT GMEX px 3.0000 | crowd #1 $259k held 1.2m, gainer #18 | NO CROWD: not top 2 held 2m, not ripping, not a top gainer with $1000k
2026-10-07 22:49:15,163 INFO [v36] WHY-NOT GMEX px 3.0000 | crowd #1 $259k held 1.2m, gainer #18 | NO CROWD: not top 2 held 2m, not ripping, not a top gainer with $1000k
2026-10-07 22:49:57,974 INFO [v36] WHY-NOT PFAI px 4.9000 | crowd #7 $25k, gainer #2 | NO CROWD: not top 2 held 2m, not ripping, not a top gainer with $1000k
2026-10-07 22:49:57,974 INFO [v36b] WHY-NOT PFAI px 4.9000 | crowd #7 $25k, gainer #2 | NO CROWD: not top 2 held 2m, not ripping, not a top gainer with $1000k
2026-10-07 22:50:02,962 INFO [v36] WHY-NOT AIXI px 2.0898 | crowd #3 $98k, gainer #26 | NO CROWD: not top 2 held 2m, not ripping, not a top gainer with $1000k
2026-10-07 22:50:02,962 INFO [v36b] WHY-NOT AIXI px 2.0898 | crowd #3 $98k, gainer #26 | NO CROWD: not top 2 held 2m, not ripping, not a top gainer with $1000k
2026-10-07 22:50:19,768 INFO [v36] WHY-NOT SUGP px 2.6800 | crowd #19 $3k, gainer #1 | NO CROWD: not top 2 held 2m, not ripping, not a top gainer with $1000k
2026-10-07 22:50:19,769 INFO [v36b] WHY-NOT SUGP px 2.6800 | crowd #19 $3k, gainer #1 | NO CROWD: not top 2 held 2m, not ripping, not a top gainer with $1000k
2026-10-07 22:50:21,607 INFO [v36] WHY-NOT GMEX px 3.0400 | crowd #1 $309k held 2.3m, gainer #20 | NO PATTERN: no rip | last candles RR, vol 1.3x the 5 before (high break needs 2.0x)
2026-10-07 22:50:21,608 INFO [v36b] WHY-NOT GMEX px 3.0400 | crowd #1 $309k held 2.3m, gainer #20 | NO PATTERN: no rip | last candles RR, vol 1.3x the 5 before (high break needs 2.0x)
2026-10-07 22:51:00,884 INFO [v36] WHY-NOT PFAI px 4.9000 | crowd #8 $24k, gainer #2 | NO CROWD: not top 2 held 2m, not ripping, not a top gainer with $1000k
2026-10-07 22:51:00,885 INFO [v36b] WHY-NOT PFAI px 4.9000 | crowd #8 $24k, gainer #2 | NO CROWD: not top 2 held 2m, not ripping, not a top gainer with $1000k
2026-10-07 22:51:03,080 INFO [v36] WHY-NOT DKI px 2.0209 | crowd #3 $94k, gainer #6 | NO CROWD: not top 2 held 2m, not ripping, not a top gainer with $1000k
2026-10-07 22:51:03,081 INFO [v36b] WHY-NOT DKI px 2.0209 | crowd #3 $94k, gainer #6 | NO CROWD: not top 2 held 2m, not ripping, not a top gainer with $1000k
2026-10-07 22:51:18,415 INFO [v36] WHY-NOT SNXX px 15.8200 | crowd #2 $166k held 6.3m, gainer #60 | NO PATTERN: no rip | last candles GG, vol 0.8x the 5 before (high break needs 2.0x)
2026-10-07 22:51:18,415 INFO [v36b] WHY-NOT SNXX px 15.8200 | crowd #2 $166k held 6.3m, gainer #60 | NO PATTERN: no rip | last candles GG, vol 0.8x the 5 before (high break needs 2.0x)
2026-10-07 22:51:26,213 INFO [v36] WHY-NOT GMEX px 2.9600 | crowd #1 $305k held 3.4m, gainer #22 | NO PATTERN: no rip | last candles RR, vol 0.5x the 5 before (high break needs 2.0x)
2026-10-07 22:51:26,214 INFO [v36b] WHY-NOT GMEX px 2.9600 | crowd #1 $305k held 3.4m, gainer #22 | NO PATTERN: no rip | last candles RR, vol 0.5x the 5 before (high break needs 2.0x)
2026-10-07 22:52:05,678 INFO [v36] WHY-NOT PFAI px 4.8700 | crowd #6 $27k, gainer #2 | NO CROWD: not top 2 held 2m, not ripping, not a top gainer with $1000k
2026-10-07 22:52:05,679 INFO [v36b] WHY-NOT PFAI px 4.8700 | crowd #6 $27k, gainer #2 | NO CROWD: not top 2 held 2m, not ripping, not a top gainer with $1000k
2026-10-07 22:52:08,236 INFO [v36] WHY-NOT DKI px 2.0400 | crowd #3 $72k, gainer #6 | NO CROWD: not top 2 held 2m, not ripping, not a top gainer with $1000k
2026-10-07 22:52:08,237 INFO [v36b] WHY-NOT DKI px 2.0400 | crowd #3 $72k, gainer #6 | NO CROWD: not top 2 held 2m, not ripping, not a top gainer with $1000k
2026-10-07 22:52:26,591 INFO [v36] WHY-NOT GMEX px 3.0200 | crowd #1 $259k held 4.4m, gainer #22 | NO PATTERN: no rip | last candles RG, vol 0.7x the 5 before (high break needs 2.0x)
2026-10-07 22:52:26,591 INFO [v36b] WHY-NOT GMEX px 3.0200 | crowd #1 $259k held 4.4m, gainer #22 | NO PATTERN: no rip | last candles RG, vol 0.7x the 5 before (high break needs 2.0x)
2026-10-07 22:52:48,099 INFO [v36b] WHY-NOT SUGP px 2.6983 | crowd #22 $2k, gainer #1 | NO CROWD: not top 2 held 2m, not ripping, not a top gainer with $1000k
2026-10-07 22:52:48,176 INFO [v36] WHY-NOT SUGP px 2.6983 | crowd #22 $2k, gainer #1 | NO CROWD: not top 2 held 2m, not ripping, not a top gainer with $1000k
2026-10-07 22:53:05,691 INFO [v36] WHY-NOT PFAI px 4.8500 | crowd #6 $32k, gainer #2 | NO CROWD: not top 2 held 2m, not ripping, not a top gainer with $1000k
2026-10-07 22:53:05,692 INFO [v36b] WHY-NOT PFAI px 4.8500 | crowd #6 $32k, gainer #2 | NO CROWD: not top 2 held 2m, not ripping, not a top gainer with $1000k
2026-10-07 22:53:09,742 INFO [v36] WHY-NOT DKI px 2.0400 | crowd #2 $62k held 0.2m, gainer #6 | NO CROWD: not top 2 held 2m, not ripping, not a top gainer with $1000k
2026-10-07 22:53:09,742 INFO [v36b] WHY-NOT DKI px 2.0400 | crowd #2 $62k held 0.2m, gainer #6 | NO CROWD: not top 2 held 2m, not ripping, not a top gainer with $1000k
2026-10-07 22:53:26,905 INFO [v36] WHY-NOT GMEX px 3.1000 | crowd #1 $198k held 5.4m, gainer #16 | NO PATTERN: no rip | last candles GG, vol 0.7x the 5 before (high break needs 2.0x)
2026-10-07 22:53:26,906 INFO [v36b] WHY-NOT GMEX px 3.1000 | crowd #1 $198k held 5.4m, gainer #16 | NO PATTERN: no rip | last candles GG, vol 0.7x the 5 before (high break needs 2.0x)
2026-10-07 22:53:59,210 INFO [v36] WHY-NOT SUGP px 2.6700 | crowd #25 $1k, gainer #1 | NO CROWD: not top 2 held 2m, not ripping, not a top gainer with $1000k
2026-10-07 22:53:59,210 INFO [v36b] WHY-NOT SUGP px 2.6700 | crowd #25 $1k, gainer #1 | NO CROWD: not top 2 held 2m, not ripping, not a top gainer with $1000k
2026-10-07 22:54:06,462 INFO [v36] WHY-NOT SNXX px 15.8100 | crowd #3 $52k, gainer #60 | NO CROWD: not top 2 held 2m, not ripping, not a top gainer with $1000k
2026-10-07 22:54:06,702 INFO [v36b] WHY-NOT SNXX px 15.8100 | crowd #3 $52k, gainer #60 | NO CROWD: not top 2 held 2m, not ripping, not a top gainer with $1000k
2026-10-07 22:54:13,674 INFO [v36] WHY-NOT DKI px 2.0401 | crowd #2 $74k held 1.2m, gainer #6 | NO CROWD: not top 2 held 2m, not ripping, not a top gainer with $1000k
2026-10-07 22:54:13,674 INFO [v36b] WHY-NOT DKI px 2.0401 | crowd #2 $74k held 1.2m, gainer #6 | NO CROWD: not top 2 held 2m, not ripping, not a top gainer with $1000k
2026-10-07 22:54:18,609 INFO [v36] WHY-NOT PFAI px 4.8200 | crowd #4 $44k, gainer #2 | NO CROWD: not top 2 held 2m, not ripping, not a top gainer with $1000k
2026-10-07 22:54:18,609 INFO [v36b] WHY-NOT PFAI px 4.8200 | crowd #4 $44k, gainer #2 | NO CROWD: not top 2 held 2m, not ripping, not a top gainer with $1000k
2026-10-07 22:54:27,966 INFO [v36] WHY-NOT GMEX px 3.0000 | crowd #1 $184k held 6.5m, gainer #15 | NO PATTERN: no rip | last candles GG, vol 0.9x the 5 before (high break needs 2.0x)
2026-10-07 22:54:27,966 INFO [v36b] WHY-NOT GMEX px 3.0000 | crowd #1 $184k held 6.5m, gainer #15 | NO PATTERN: no rip | last candles GG, vol 0.9x the 5 before (high break needs 2.0x)
2026-10-07 22:55:28,736 INFO [v36] WHY-NOT SNXX px 15.8000 | crowd #2 $57k held 0.5m, gainer #60 | NO CROWD: not top 2 held 2m, not ripping, not a top gainer with $1000k
2026-10-07 22:55:28,736 INFO [v36b] WHY-NOT SNXX px 15.8000 | crowd #2 $57k held 0.5m, gainer #60 | NO CROWD: not top 2 held 2m, not ripping, not a top gainer with $1000k
2026-10-07 22:55:34,144 INFO [v36] WHY-NOT DKI px 2.0700 | crowd #3 $51k, gainer #4 | NO CROWD: not top 2 held 2m, not ripping, not a top gainer with $1000k
2026-10-07 22:55:34,145 INFO [v36b] WHY-NOT DKI px 2.0700 | crowd #3 $51k, gainer #4 | NO CROWD: not top 2 held 2m, not ripping, not a top gainer with $1000k
2026-10-07 22:55:34,230 INFO [v36] WHY-NOT GMEX px 3.0600 | crowd #1 $218k held 7.6m, gainer #23 | NO PATTERN: no rip | last candles GR, vol 1.3x the 5 before (high break needs 2.0x)
2026-10-07 22:55:34,231 INFO [v36b] WHY-NOT GMEX px 3.0600 | crowd #1 $218k held 7.6m, gainer #23 | NO PATTERN: no rip | last candles GR, vol 1.3x the 5 before (high break needs 2.0x)
2026-10-07 22:55:57,226 INFO [v36] WHY-NOT PFAI px 4.8200 | crowd #6 $38k, gainer #2 | NO CROWD: not top 2 held 2m, not ripping, not a top gainer with $1000k
2026-10-07 22:55:57,226 INFO [v36b] WHY-NOT PFAI px 4.8200 | crowd #6 $38k, gainer #2 | NO CROWD: not top 2 held 2m, not ripping, not a top gainer with $1000k
2026-10-07 22:56:11,383 INFO [v36] WHY-NOT QTEX px 1.5950 | crowd #3 $62k, gainer #68 | NO FLOAT: 60.8M > 20M
2026-10-07 22:56:11,459 INFO [v36b] WHY-NOT QTEX px 1.5950 | crowd #3 $62k, gainer #68 | NO FLOAT: 60.8M > 20M
2026-10-07 22:56:35,072 INFO [v36] WHY-NOT GMEX px 3.2600 | crowd #1 $202k held 8.6m, gainer #16 | NO PATTERN: no rip | last candles RG, vol 0.6x the 5 before (high break needs 2.0x)
2026-10-07 22:56:35,073 INFO [v36b] WHY-NOT GMEX px 3.2600 | crowd #1 $202k held 8.6m, gainer #16 | NO PATTERN: no rip | last candles RG, vol 0.6x the 5 before (high break needs 2.0x)
2026-10-07 22:57:01,635 INFO [v36] WHY-NOT SNXX px 15.8000 | crowd #2 $227k held 2.0m, gainer #60 | NO PATTERN: no rip | last candles -G, vol 1.2x the 5 before (high break needs 2.0x)
2026-10-07 22:57:01,636 INFO [v36b] WHY-NOT SNXX px 15.8000 | crowd #2 $227k held 2.0m, gainer #60 | NO PATTERN: no rip | last candles -G, vol 1.2x the 5 before (high break needs 2.0x)
2026-10-07 22:57:05,038 INFO [v36] WHY-NOT SUGP px 2.6400 | crowd #9 $20k, gainer #1 | NO CROWD: not top 2 held 2m, not ripping, not a top gainer with $1000k
2026-10-07 22:57:05,038 INFO [v36b] WHY-NOT SUGP px 2.6400 | crowd #9 $20k, gainer #1 | NO CROWD: not top 2 held 2m, not ripping, not a top gainer with $1000k
2026-10-07 22:57:20,552 INFO [v36] WHY-NOT PFAI px 4.8100 | crowd #8 $26k, gainer #2 | NO CROWD: not top 2 held 2m, not ripping, not a top gainer with $1000k
2026-10-07 22:57:20,552 INFO [v36b] WHY-NOT PFAI px 4.8100 | crowd #8 $26k, gainer #2 | NO CROWD: not top 2 held 2m, not ripping, not a top gainer with $1000k
2026-10-07 22:57:26,874 INFO [v36] WHY-NOT QTEX px 1.5999 | crowd #3 $63k, gainer #68 | NO FLOAT: 60.8M > 20M
2026-10-07 22:57:26,875 INFO [v36b] WHY-NOT QTEX px 1.5999 | crowd #3 $63k, gainer #68 | NO FLOAT: 60.8M > 20M
2026-10-07 22:57:36,061 INFO [v36] WHY-NOT GMEX px 3.2400 | crowd #1 $315k held 9.6m, gainer #12 | NO PATTERN: no rip | last candles GG, vol 3.1x the 5 before (high break needs 2.0x)
2026-10-07 22:57:36,062 INFO [v36b] WHY-NOT GMEX px 3.2400 | crowd #1 $315k held 9.6m, gainer #12 | NO PATTERN: no rip | last candles GG, vol 3.1x the 5 before (high break needs 2.0x)
2026-10-07 22:58:06,477 INFO [v36] WHY-NOT SNXX px 15.7800 | crowd #2 $257k held 3.1m, gainer #59 | NO PATTERN: no rip | last candles GR, vol 0.5x the 5 before (high break needs 2.0x)
2026-10-07 22:58:06,477 INFO [v36b] WHY-NOT SNXX px 15.7800 | crowd #2 $257k held 3.1m, gainer #59 | NO PATTERN: no rip | last candles GR, vol 0.5x the 5 before (high break needs 2.0x)
2026-10-07 22:58:08,090 INFO [v36] WHY-NOT SUGP px 2.6409 | crowd #15 $4k, gainer #1 | NO CROWD: not top 2 held 2m, not ripping, not a top gainer with $1000k
2026-10-07 22:58:08,090 INFO [v36b] WHY-NOT SUGP px 2.6409 | crowd #15 $4k, gainer #1 | NO CROWD: not top 2 held 2m, not ripping, not a top gainer with $1000k
2026-10-07 22:58:36,069 INFO [v36] WHY-NOT GMEX px 3.2600 | crowd #1 $370k held 10.6m, gainer #12 | NO PATTERN: no rip | last candles GR, vol 1.5x the 5 before (high break needs 2.0x)
2026-10-07 22:58:36,070 INFO [v36b] WHY-NOT GMEX px 3.2600 | crowd #1 $370k held 10.6m, gainer #12 | NO PATTERN: no rip | last candles GR, vol 1.5x the 5 before (high break needs 2.0x)
2026-10-07 22:58:47,822 INFO [v36] WHY-NOT PFAI px 4.9000 | crowd #7 $40k, gainer #2 | NO CROWD: not top 2 held 2m, not ripping, not a top gainer with $1000k
2026-10-07 22:58:47,822 INFO [v36b] WHY-NOT PFAI px 4.9000 | crowd #7 $40k, gainer #2 | NO CROWD: not top 2 held 2m, not ripping, not a top gainer with $1000k
2026-10-07 22:59:00,883 INFO [v36] WHY-NOT DKI px 1.9500 | crowd #3 $64k, gainer #6 | NO CROWD: not top 2 held 2m, not ripping, not a top gainer with $1000k
2026-10-07 22:59:00,884 INFO [v36b] WHY-NOT DKI px 1.9500 | crowd #3 $64k, gainer #6 | NO CROWD: not top 2 held 2m, not ripping, not a top gainer with $1000k
2026-10-07 22:59:23,572 INFO [v36] WHY-NOT SNXX px 15.8000 | crowd #2 $260k held 4.4m, gainer #59 | NO PATTERN: no rip | last candles R-, vol 0.1x the 5 before (high break needs 2.0x)
2026-10-07 22:59:23,573 INFO [v36b] WHY-NOT SNXX px 15.8000 | crowd #2 $260k held 4.4m, gainer #59 | NO PATTERN: no rip | last candles R-, vol 0.1x the 5 before (high break needs 2.0x)
2026-10-07 22:59:36,116 INFO [v36] WHY-NOT GMEX px 3.3160 | crowd #1 $458k held 11.6m, gainer #7 | NO PATTERN: no rip | last candles RG, vol 1.7x the 5 before (high break needs 2.0x)
2026-10-07 22:59:36,116 INFO [v36b] WHY-NOT GMEX px 3.3160 | crowd #1 $458k held 11.6m, gainer #7 | NO PATTERN: no rip | last candles RG, vol 1.7x the 5 before (high break needs 2.0x)
2026-10-07 22:59:56,349 INFO [v36] WHY-NOT PFAI px 4.8300 | crowd #7 $40k, gainer #2 | NO CROWD: not top 2 held 2m, not ripping, not a top gainer with $1000k
2026-10-07 22:59:56,350 INFO [v36b] WHY-NOT PFAI px 4.8300 | crowd #7 $40k, gainer #2 | NO CROWD: not top 2 held 2m, not ripping, not a top gainer with $1000k
