2026-09-30T08:00:02.132969+00:00  NEW DAY 2026-09-30: baseline equity 54947.59, halt threshold 10.0%, halted days in a row 0  || resource=srv-daral2npn0mc738oe7cg instance=srv-daral2npn0mc738oe7cg-jb9ch
2026-09-30T08:00:02.583752+00:00  NEW DAY 2026-09-30: baseline equity 21250.22, halt threshold 10.0%, halted days in a row 0  || resource=srv-dar96949v7es739usomg instance=srv-dar96949v7es739usomg-mbd7c
2026-09-30T08:10:25.763536+00:00  REBALANCE trim CAPR to 2154 shares  || resource=srv-daral2npn0mc738oe7cg instance=srv-daral2npn0mc738oe7cg-jb9ch
2026-09-30T08:10:28.272879+00:00  place_sell(CAPR) rebalance trim -> done  || resource=srv-daral2npn0mc738oe7cg instance=srv-daral2npn0mc738oe7cg-jb9ch
2026-09-30T08:19:00.637487+00:00  Starting Alpaca v30 bot (REBUILT 2026-09-28: position watcher, chase, halt ladder). paper=True  || resource=srv-daral2npn0mc738oe7cg instance=srv-daral2npn0mc738oe7cg-fsdbf
2026-09-30T08:19:01.235552+00:00  NEW DAY 2026-09-30: baseline equity 50092.91, halt threshold 10.0%, halted days in a row 0  || resource=srv-daral2npn0mc738oe7cg instance=srv-daral2npn0mc738oe7cg-fsdbf
2026-09-30T08:23:52.254100+00:00  REBALANCE add CAPR to 2244 shares  || resource=srv-daral2npn0mc738oe7cg instance=srv-daral2npn0mc738oe7cg-fsdbf
2026-09-30T08:27:57.751443+00:00  Starting Alpaca v30 bot (REBUILT 2026-09-28: position watcher, chase, halt ladder). paper=True  || resource=srv-daral2npn0mc738oe7cg instance=srv-daral2npn0mc738oe7cg-z6wn4
2026-09-30T08:27:58.229607+00:00  NEW DAY 2026-09-30: baseline equity 48399.27, halt threshold 10.0%, halted days in a row 0  || resource=srv-daral2npn0mc738oe7cg instance=srv-daral2npn0mc738oe7cg-z6wn4
2026-09-30 10:32:34,966 INFO engine up: v31 | one data connection | orphan mode adopt  || resource=srv-daqp02flot8c73ffv6eg instance=srv-daqp02flot8c73ffv6eg-bdkcp
2026-09-30 10:33:11,306 INFO engine up: v31 | one data connection | orphan mode adopt  || resource=srv-daqp02flot8c73ffv6eg instance=srv-daqp02flot8c73ffv6eg-p7qbr
2026-09-30 10:56:17,945 INFO engine up: v31 | one data connection | orphan mode adopt  || resource=srv-daqp02flot8c73ffv6eg instance=srv-daqp02flot8c73ffv6eg-dk4k9
2026-09-30 10:56:57,351 INFO engine up: v31 | one data connection | orphan mode adopt  || resource=srv-daqp02flot8c73ffv6eg instance=srv-daqp02flot8c73ffv6eg-xclkg
2026-09-30 12:05:00,987 INFO engine up: v31 | one data connection | orphan mode adopt  || resource=srv-daqp02flot8c73ffv6eg instance=srv-daqp02flot8c73ffv6eg-kp4lp
2026-09-30 12:06:02,944 INFO engine up: v31 | one data connection | orphan mode adopt  || resource=srv-daqp02flot8c73ffv6eg instance=srv-daqp02flot8c73ffv6eg-bkn5q
2026-09-30 12:10:16,182 INFO [v31] ENTER VBIO 2439 @ 3.8000 stop 3.6800  || resource=srv-daqp02flot8c73ffv6eg instance=srv-daqp02flot8c73ffv6eg-bkn5q
2026-09-30 12:10:42,128 INFO [v31] ENTER KIDZ 7107 @ 2.8900 stop 2.8158  || resource=srv-daqp02flot8c73ffv6eg instance=srv-daqp02flot8c73ffv6eg-bkn5q
2026-09-30 12:11:43,473 INFO [v31] ENTER CNTB 2665 @ 1.9500 stop 1.8400  || resource=srv-daqp02flot8c73ffv6eg instance=srv-daqp02flot8c73ffv6eg-bkn5q
2026-09-30 12:11:44,196 INFO [v31] EXIT entry-stop CNTB 2665 @ 1.8300 (entry 1.9500 peak 1.9500)  || resource=srv-daqp02flot8c73ffv6eg instance=srv-daqp02flot8c73ffv6eg-bkn5q
2026-09-30 12:15:04,758 INFO [v31] EXIT entry-stop VBIO 848 @ 3.5308 (entry 3.8088 peak 3.5460)  || resource=srv-daqp02flot8c73ffv6eg instance=srv-daqp02flot8c73ffv6eg-bkn5q
2026-09-30 12:15:05,193 INFO [v31] EXIT entry-stop VBIO 80 @ 3.5466 (entry 3.8088 peak 3.5466)  || resource=srv-daqp02flot8c73ffv6eg instance=srv-daqp02flot8c73ffv6eg-bkn5q
2026-09-30 12:15:05,552 INFO [v31] EXIT entry-stop VBIO 3 @ 3.5400 (entry 3.8088 peak 3.5466)  || resource=srv-daqp02flot8c73ffv6eg instance=srv-daqp02flot8c73ffv6eg-bkn5q
2026-09-30 12:15:05,913 INFO [v31] EXIT entry-stop VBIO 49 @ 3.5400 (entry 3.8088 peak 3.5466)  || resource=srv-daqp02flot8c73ffv6eg instance=srv-daqp02flot8c73ffv6eg-bkn5q
2026-09-30 12:15:06,273 INFO [v31] EXIT entry-stop VBIO 2 @ 3.5500 (entry 3.8088 peak 3.5500)  || resource=srv-daqp02flot8c73ffv6eg instance=srv-daqp02flot8c73ffv6eg-bkn5q
2026-09-30 12:15:06,635 INFO [v31] EXIT entry-stop VBIO 4 @ 3.5500 (entry 3.8088 peak 3.5500)  || resource=srv-daqp02flot8c73ffv6eg instance=srv-daqp02flot8c73ffv6eg-bkn5q
2026-09-30 12:15:07,013 INFO [v31] EXIT entry-stop VBIO 1 @ 3.5400 (entry 3.8088 peak 3.5500)  || resource=srv-daqp02flot8c73ffv6eg instance=srv-daqp02flot8c73ffv6eg-bkn5q
2026-09-30 12:15:07,375 INFO [v31] EXIT entry-stop VBIO 1 @ 3.5303 (entry 3.8088 peak 3.5500)  || resource=srv-daqp02flot8c73ffv6eg instance=srv-daqp02flot8c73ffv6eg-bkn5q
2026-09-30 12:22:19,456 INFO [v31] ENTER AIB 2903 @ 2.0400 stop 1.9400  || resource=srv-daqp02flot8c73ffv6eg instance=srv-daqp02flot8c73ffv6eg-bkn5q
2026-09-30 13:23:18,226 INFO engine up: v31 | one data connection | orphan mode adopt  || resource=srv-daqp02flot8c73ffv6eg instance=srv-daqp02flot8c73ffv6eg-4vhrl
2026-09-30 13:24:46,365 INFO engine up: v31 | one data connection | orphan mode adopt  || resource=srv-daqp02flot8c73ffv6eg instance=srv-daqp02flot8c73ffv6eg-57rff
2026-09-30 13:28:06,713 INFO [v31] ENTER VBIO 9994 @ 3.9400 stop 3.9000  || resource=srv-daqp02flot8c73ffv6eg instance=srv-daqp02flot8c73ffv6eg-57rff
2026-09-30 13:34:20,205 INFO [v31] ENTER NCI 2069 @ 1.9500 stop 1.8101  || resource=srv-daqp02flot8c73ffv6eg instance=srv-daqp02flot8c73ffv6eg-57rff
2026-09-30 13:34:52,215 INFO [v31] EXIT entry-stop NCI 12056 @ 1.8100 (entry 1.9500 peak 1.9600)  || resource=srv-daqp02flot8c73ffv6eg instance=srv-daqp02flot8c73ffv6eg-57rff
2026-09-30 13:34:52,584 INFO [v31] EXIT entry-stop NCI 0 @ 1.8100 (entry 1.9500 peak 1.9600)  || resource=srv-daqp02flot8c73ffv6eg instance=srv-daqp02flot8c73ffv6eg-57rff
2026-09-30 13:34:52,802 INFO [v31] EXIT entry-stop NCI 2298 @ 1.8100 (entry 1.9500 peak 1.9600)  || resource=srv-daqp02flot8c73ffv6eg instance=srv-daqp02flot8c73ffv6eg-57rff
2026-09-30 13:35:41,859 INFO [v31] ENTER MSGY 1712 @ 5.6500 stop 5.4300  || resource=srv-daqp02flot8c73ffv6eg instance=srv-daqp02flot8c73ffv6eg-57rff
2026-09-30 13:36:14,458 INFO [v31] EXIT entry-stop MSGY 0 @ 5.4200 (entry 5.6500 peak 5.8400)  || resource=srv-daqp02flot8c73ffv6eg instance=srv-daqp02flot8c73ffv6eg-57rff
2026-09-30 13:36:14,830 INFO [v31] EXIT entry-stop MSGY 0 @ 5.4200 (entry 5.6500 peak 5.8400)  || resource=srv-daqp02flot8c73ffv6eg instance=srv-daqp02flot8c73ffv6eg-57rff
2026-09-30 13:36:19,090 INFO [v31] EXIT entry-stop MSGY 5270 @ 5.4200 (entry 5.6500 peak 5.8400)  || resource=srv-daqp02flot8c73ffv6eg instance=srv-daqp02flot8c73ffv6eg-57rff
2026-09-30 13:36:19,230 CRITICAL [v31] DAILY HALT at equity 23752.57  || resource=srv-daqp02flot8c73ffv6eg instance=srv-daqp02flot8c73ffv6eg-57rff
2026-09-30 14:34:22,232 INFO engine up: v31 | one data connection | orphan mode adopt  || resource=srv-daqp02flot8c73ffv6eg instance=srv-daqp02flot8c73ffv6eg-vsbqc
2026-09-30 14:39:03,785 INFO [v31] ENTER TNON 1218 @ 3.7000 stop 3.5000  || resource=srv-daqp02flot8c73ffv6eg instance=srv-daqp02flot8c73ffv6eg-vsbqc
2026-09-30 14:39:14,038 INFO engine up: v31 | one data connection | orphan mode adopt  || resource=srv-daqp02flot8c73ffv6eg instance=srv-daqp02flot8c73ffv6eg-hj7h9
2026-09-30 14:39:19,589 INFO [v31] ENTER PACB 9723 @ 2.1850 stop 2.1600  || resource=srv-daqp02flot8c73ffv6eg instance=srv-daqp02flot8c73ffv6eg-vsbqc
2026-09-30 14:40:16,592 INFO [v31] EXIT entry-stop PACB 87 @ 2.1800 (entry 2.1900 peak 2.1900)  || resource=srv-daqp02flot8c73ffv6eg instance=srv-daqp02flot8c73ffv6eg-hj7h9
2026-09-30 14:40:17,994 INFO [v31] EXIT entry-stop PACB 2004 @ 2.1800 (entry 2.1900 peak 2.1900)  || resource=srv-daqp02flot8c73ffv6eg instance=srv-daqp02flot8c73ffv6eg-hj7h9
2026-09-30 14:40:19,966 INFO [v31] EXIT entry-stop PACB 971 @ 2.1800 (entry 2.1900 peak 2.1900)  || resource=srv-daqp02flot8c73ffv6eg instance=srv-daqp02flot8c73ffv6eg-hj7h9
2026-09-30 14:40:22,056 INFO [v31] EXIT entry-stop PACB 52 @ 2.1800 (entry 2.1900 peak 2.1900)  || resource=srv-daqp02flot8c73ffv6eg instance=srv-daqp02flot8c73ffv6eg-hj7h9
2026-09-30 14:40:22,212 INFO [v31] EXIT entry-stop PACB 0 @ 2.1800 (entry 2.1900 peak 2.1900)  || resource=srv-daqp02flot8c73ffv6eg instance=srv-daqp02flot8c73ffv6eg-hj7h9
2026-09-30 14:40:30,835 INFO [v31] EXIT entry-stop PACB 0 @ 2.1800 (entry 2.1900 peak 2.1900)  || resource=srv-daqp02flot8c73ffv6eg instance=srv-daqp02flot8c73ffv6eg-hj7h9
2026-09-30 14:40:30,979 INFO [v31] EXIT entry-stop PACB 0 @ 2.1800 (entry 2.1900 peak 2.1900)  || resource=srv-daqp02flot8c73ffv6eg instance=srv-daqp02flot8c73ffv6eg-hj7h9
2026-09-30 14:40:35,249 INFO [v31] EXIT entry-stop PACB 0 @ 2.1800 (entry 2.1900 peak 2.1900)  || resource=srv-daqp02flot8c73ffv6eg instance=srv-daqp02flot8c73ffv6eg-hj7h9
2026-09-30 14:40:43,736 INFO [v31] EXIT entry-stop PACB 0 @ 2.1800 (entry 2.1900 peak 2.1900)  || resource=srv-daqp02flot8c73ffv6eg instance=srv-daqp02flot8c73ffv6eg-hj7h9
2026-09-30 14:40:46,767 INFO [v31] EXIT entry-stop PACB 0 @ 2.1800 (entry 2.1900 peak 2.1900)  || resource=srv-daqp02flot8c73ffv6eg instance=srv-daqp02flot8c73ffv6eg-hj7h9
2026-09-30 14:40:52,029 INFO [v31] EXIT entry-stop PACB 0 @ 2.1698 (entry 2.1900 peak 2.1900)  || resource=srv-daqp02flot8c73ffv6eg instance=srv-daqp02flot8c73ffv6eg-hj7h9
2026-09-30 14:41:03,339 INFO [v31] EXIT entry-stop PACB 0 @ 2.1800 (entry 2.1900 peak 2.1900)  || resource=srv-daqp02flot8c73ffv6eg instance=srv-daqp02flot8c73ffv6eg-hj7h9
2026-09-30 14:41:03,498 INFO [v31] EXIT entry-stop PACB 0 @ 2.1800 (entry 2.1900 peak 2.1900)  || resource=srv-daqp02flot8c73ffv6eg instance=srv-daqp02flot8c73ffv6eg-hj7h9
2026-09-30 14:41:11,296 INFO engine up: v31 | one data connection | orphan mode adopt  || resource=srv-daqp02flot8c73ffv6eg instance=srv-daqp02flot8c73ffv6eg-kp628
2026-09-30 14:44:43,308 INFO [v31] ENTER TNON 1542 @ 3.9100 stop 3.7600  || resource=srv-daqp02flot8c73ffv6eg instance=srv-daqp02flot8c73ffv6eg-kp628
2026-09-30 14:47:31,178 INFO [v31] ENTER PACB 3202 @ 2.2300 stop 2.2100  || resource=srv-daqp02flot8c73ffv6eg instance=srv-daqp02flot8c73ffv6eg-kp628
2026-09-30 14:50:48,230 INFO [v31] ENTER MSTZ 3364 @ 2.7500 stop 2.7350  || resource=srv-daqp02flot8c73ffv6eg instance=srv-daqp02flot8c73ffv6eg-kp628
2026-09-30 14:51:13,925 INFO [v31] EXIT entry-stop MSTZ 454 @ 2.7350 (entry 2.7500 peak 2.7350)  || resource=srv-daqp02flot8c73ffv6eg instance=srv-daqp02flot8c73ffv6eg-kp628
2026-09-30 14:51:15,652 INFO [v31] EXIT entry-stop MSTZ 54 @ 2.7300 (entry 2.7500 peak 2.7350)  || resource=srv-daqp02flot8c73ffv6eg instance=srv-daqp02flot8c73ffv6eg-kp628
2026-09-30 14:51:17,485 INFO [v31] EXIT entry-stop MSTZ 371 @ 2.7300 (entry 2.7500 peak 2.7350)  || resource=srv-daqp02flot8c73ffv6eg instance=srv-daqp02flot8c73ffv6eg-kp628
2026-09-30 14:51:19,576 INFO [v31] EXIT entry-stop MSTZ 17 @ 2.7350 (entry 2.7500 peak 2.7350)  || resource=srv-daqp02flot8c73ffv6eg instance=srv-daqp02flot8c73ffv6eg-kp628
2026-09-30 14:51:19,792 INFO [v31] EXIT entry-stop MSTZ 0 @ 2.7350 (entry 2.7500 peak 2.7350)  || resource=srv-daqp02flot8c73ffv6eg instance=srv-daqp02flot8c73ffv6eg-kp628
2026-09-30 14:51:19,946 INFO [v31] EXIT entry-stop MSTZ 0 @ 2.7313 (entry 2.7500 peak 2.7350)  || resource=srv-daqp02flot8c73ffv6eg instance=srv-daqp02flot8c73ffv6eg-kp628
2026-09-30 14:51:20,380 INFO [v31] EXIT entry-stop MSTZ 0 @ 2.7350 (entry 2.7500 peak 2.7350)  || resource=srv-daqp02flot8c73ffv6eg instance=srv-daqp02flot8c73ffv6eg-kp628
2026-09-30 14:51:20,634 INFO [v31] EXIT entry-stop MSTZ 0 @ 2.7350 (entry 2.7500 peak 2.7350)  || resource=srv-daqp02flot8c73ffv6eg instance=srv-daqp02flot8c73ffv6eg-kp628
2026-09-30 14:51:20,781 INFO [v31] EXIT entry-stop MSTZ 0 @ 2.7350 (entry 2.7500 peak 2.7350)  || resource=srv-daqp02flot8c73ffv6eg instance=srv-daqp02flot8c73ffv6eg-kp628
2026-09-30 14:51:20,931 INFO [v31] EXIT entry-stop MSTZ 0 @ 2.7350 (entry 2.7500 peak 2.7350)  || resource=srv-daqp02flot8c73ffv6eg instance=srv-daqp02flot8c73ffv6eg-kp628
2026-09-30 14:51:21,078 INFO [v31] EXIT entry-stop MSTZ 0 @ 2.7350 (entry 2.7500 peak 2.7350)  || resource=srv-daqp02flot8c73ffv6eg instance=srv-daqp02flot8c73ffv6eg-kp628
2026-09-30 14:51:21,224 INFO [v31] EXIT entry-stop MSTZ 0 @ 2.7350 (entry 2.7500 peak 2.7350)  || resource=srv-daqp02flot8c73ffv6eg instance=srv-daqp02flot8c73ffv6eg-kp628
2026-09-30 14:51:21,370 INFO [v31] EXIT entry-stop MSTZ 0 @ 2.7350 (entry 2.7500 peak 2.7350)  || resource=srv-daqp02flot8c73ffv6eg instance=srv-daqp02flot8c73ffv6eg-kp628
2026-09-30 14:51:21,515 INFO [v31] EXIT entry-stop MSTZ 0 @ 2.7350 (entry 2.7500 peak 2.7350)  || resource=srv-daqp02flot8c73ffv6eg instance=srv-daqp02flot8c73ffv6eg-kp628
2026-09-30 14:51:21,662 INFO [v31] EXIT entry-stop MSTZ 0 @ 2.7305 (entry 2.7500 peak 2.7350)  || resource=srv-daqp02flot8c73ffv6eg instance=srv-daqp02flot8c73ffv6eg-kp628
2026-09-30 14:51:22,140 INFO [v31] EXIT entry-stop MSTZ 0 @ 2.7300 (entry 2.7500 peak 2.7350)  || resource=srv-daqp02flot8c73ffv6eg instance=srv-daqp02flot8c73ffv6eg-kp628
2026-09-30 14:51:22,288 INFO [v31] EXIT entry-stop MSTZ 0 @ 2.7350 (entry 2.7500 peak 2.7350)  || resource=srv-daqp02flot8c73ffv6eg instance=srv-daqp02flot8c73ffv6eg-kp628
2026-09-30 14:51:22,439 INFO [v31] EXIT entry-stop MSTZ 0 @ 2.7350 (entry 2.7500 peak 2.7350)  || resource=srv-daqp02flot8c73ffv6eg instance=srv-daqp02flot8c73ffv6eg-kp628
2026-09-30 14:51:24,446 INFO [v31] EXIT entry-stop MSTZ 0 @ 2.7300 (entry 2.7500 peak 2.7350)  || resource=srv-daqp02flot8c73ffv6eg instance=srv-daqp02flot8c73ffv6eg-kp628
2026-09-30 14:51:26,202 INFO [v31] EXIT entry-stop MSTZ 0 @ 2.7300 (entry 2.7500 peak 2.7350)  || resource=srv-daqp02flot8c73ffv6eg instance=srv-daqp02flot8c73ffv6eg-kp628
2026-09-30 14:51:28,607 INFO [v31] EXIT entry-stop MSTZ 0 @ 2.7350 (entry 2.7500 peak 2.7350)  || resource=srv-daqp02flot8c73ffv6eg instance=srv-daqp02flot8c73ffv6eg-kp628
2026-09-30 14:51:28,755 INFO [v31] EXIT entry-stop MSTZ 0 @ 2.7350 (entry 2.7500 peak 2.7350)  || resource=srv-daqp02flot8c73ffv6eg instance=srv-daqp02flot8c73ffv6eg-kp628
2026-09-30 14:51:29,302 INFO [v31] EXIT entry-stop MSTZ 0 @ 2.7300 (entry 2.7500 peak 2.7350)  || resource=srv-daqp02flot8c73ffv6eg instance=srv-daqp02flot8c73ffv6eg-kp628
2026-09-30 14:51:29,452 INFO [v31] EXIT entry-stop MSTZ 0 @ 2.7328 (entry 2.7500 peak 2.7350)  || resource=srv-daqp02flot8c73ffv6eg instance=srv-daqp02flot8c73ffv6eg-kp628
2026-09-30 14:51:30,643 INFO [v31] EXIT entry-stop MSTZ 0 @ 2.7301 (entry 2.7500 peak 2.7350)  || resource=srv-daqp02flot8c73ffv6eg instance=srv-daqp02flot8c73ffv6eg-kp628
2026-09-30 14:51:33,569 INFO [v31] EXIT entry-stop MSTZ 0 @ 2.7398 (entry 2.7500 peak 2.7398)  || resource=srv-daqp02flot8c73ffv6eg instance=srv-daqp02flot8c73ffv6eg-kp628
2026-09-30 14:51:35,046 INFO [v31] EXIT entry-stop MSTZ 0 @ 2.7350 (entry 2.7500 peak 2.7398)  || resource=srv-daqp02flot8c73ffv6eg instance=srv-daqp02flot8c73ffv6eg-kp628
2026-09-30 14:51:35,192 INFO [v31] EXIT entry-stop MSTZ 0 @ 2.7300 (entry 2.7500 peak 2.7398)  || resource=srv-daqp02flot8c73ffv6eg instance=srv-daqp02flot8c73ffv6eg-kp628
2026-09-30 14:51:35,420 INFO [v31] EXIT entry-stop MSTZ 0 @ 2.7350 (entry 2.7500 peak 2.7398)  || resource=srv-daqp02flot8c73ffv6eg instance=srv-daqp02flot8c73ffv6eg-kp628
2026-09-30 14:51:35,565 INFO [v31] EXIT entry-stop MSTZ 0 @ 2.7300 (entry 2.7500 peak 2.7398)  || resource=srv-daqp02flot8c73ffv6eg instance=srv-daqp02flot8c73ffv6eg-kp628
2026-09-30 14:51:35,711 INFO [v31] EXIT entry-stop MSTZ 0 @ 2.7350 (entry 2.7500 peak 2.7398)  || resource=srv-daqp02flot8c73ffv6eg instance=srv-daqp02flot8c73ffv6eg-kp628
2026-09-30 14:51:35,861 INFO [v31] EXIT entry-stop MSTZ 0 @ 2.7300 (entry 2.7500 peak 2.7398)  || resource=srv-daqp02flot8c73ffv6eg instance=srv-daqp02flot8c73ffv6eg-kp628
2026-09-30 14:51:36,012 INFO [v31] EXIT entry-stop MSTZ 0 @ 2.7350 (entry 2.7500 peak 2.7398)  || resource=srv-daqp02flot8c73ffv6eg instance=srv-daqp02flot8c73ffv6eg-kp628
2026-09-30 14:51:36,161 INFO [v31] EXIT entry-stop MSTZ 0 @ 2.7400 (entry 2.7500 peak 2.7400)  || resource=srv-daqp02flot8c73ffv6eg instance=srv-daqp02flot8c73ffv6eg-kp628
2026-09-30 14:51:40,727 INFO [v31] EXIT entry-stop MSTZ 0 @ 2.7399 (entry 2.7500 peak 2.7400)  || resource=srv-daqp02flot8c73ffv6eg instance=srv-daqp02flot8c73ffv6eg-kp628
2026-09-30 14:51:40,981 INFO [v31] EXIT entry-stop MSTZ 0 @ 2.7399 (entry 2.7500 peak 2.7400)  || resource=srv-daqp02flot8c73ffv6eg instance=srv-daqp02flot8c73ffv6eg-kp628
2026-09-30 14:51:41,611 INFO [v31] EXIT entry-stop MSTZ 0 @ 2.7350 (entry 2.7500 peak 2.7400)  || resource=srv-daqp02flot8c73ffv6eg instance=srv-daqp02flot8c73ffv6eg-kp628
2026-09-30 14:51:42,471 INFO [v31] EXIT entry-stop MSTZ 0 @ 2.7400 (entry 2.7500 peak 2.7400)  || resource=srv-daqp02flot8c73ffv6eg instance=srv-daqp02flot8c73ffv6eg-kp628
2026-09-30 14:51:42,615 INFO [v31] EXIT entry-stop MSTZ 0 @ 2.7400 (entry 2.7500 peak 2.7400)  || resource=srv-daqp02flot8c73ffv6eg instance=srv-daqp02flot8c73ffv6eg-kp628
2026-09-30 14:51:42,760 INFO [v31] EXIT entry-stop MSTZ 0 @ 2.7400 (entry 2.7500 peak 2.7400)  || resource=srv-daqp02flot8c73ffv6eg instance=srv-daqp02flot8c73ffv6eg-kp628
2026-09-30 14:52:07,042 INFO [v31] EXIT entry-stop MSTZ 9929 @ 2.7400 (entry 2.7500 peak 2.7472)  || resource=srv-daqp02flot8c73ffv6eg instance=srv-daqp02flot8c73ffv6eg-kp628
2026-09-30 14:52:17,154 INFO [v31] ENTER IBRX 708 @ 9.9924 stop 9.9550  || resource=srv-daqp02flot8c73ffv6eg instance=srv-daqp02flot8c73ffv6eg-kp628
2026-09-30 14:52:19,520 INFO [v31] EXIT entry-stop IBRX 291 @ 9.9304 (entry 9.9924 peak 9.9924)  || resource=srv-daqp02flot8c73ffv6eg instance=srv-daqp02flot8c73ffv6eg-kp628
2026-09-30 14:52:21,479 INFO [v31] EXIT entry-stop IBRX 188 @ 9.9300 (entry 9.9924 peak 9.9924)  || resource=srv-daqp02flot8c73ffv6eg instance=srv-daqp02flot8c73ffv6eg-kp628
2026-09-30 14:52:23,707 INFO [v31] EXIT entry-stop IBRX 144 @ 9.9300 (entry 9.9924 peak 9.9924)  || resource=srv-daqp02flot8c73ffv6eg instance=srv-daqp02flot8c73ffv6eg-kp628
2026-09-30 14:52:25,413 INFO [v31] EXIT entry-stop IBRX 62 @ 9.9300 (entry 9.9924 peak 9.9924)  || resource=srv-daqp02flot8c73ffv6eg instance=srv-daqp02flot8c73ffv6eg-kp628
2026-09-30 14:52:26,955 INFO [v31] EXIT entry-stop IBRX 23 @ 9.9300 (entry 9.9924 peak 9.9924)  || resource=srv-daqp02flot8c73ffv6eg instance=srv-daqp02flot8c73ffv6eg-kp628
2026-09-30 15:01:40,645 INFO [v31] ENTER SDEV 2190 @ 2.8500 stop 2.8000  || resource=srv-daqp02flot8c73ffv6eg instance=srv-daqp02flot8c73ffv6eg-kp628
2026-09-30 15:59:44,011 INFO engine up: v31 | one data connection | orphan mode adopt  || resource=srv-daqp02flot8c73ffv6eg instance=srv-daqp02flot8c73ffv6eg-5fskk
2026-09-30 16:01:28,661 INFO engine up: v31 | one data connection | orphan mode adopt  || resource=srv-daqp02flot8c73ffv6eg instance=srv-daqp02flot8c73ffv6eg-qp8lp
2026-09-30 16:05:43,147 INFO [v31] ENTER TNON 1954 @ 3.8899 stop 3.8400  || resource=srv-daqp02flot8c73ffv6eg instance=srv-daqp02flot8c73ffv6eg-qp8lp
2026-09-30 16:06:30,581 INFO [v31] EXIT entry-stop TNON 85 @ 3.8500 (entry 3.8900 peak 3.8500)  || resource=srv-daqp02flot8c73ffv6eg instance=srv-daqp02flot8c73ffv6eg-qp8lp
2026-09-30 16:06:32,819 INFO [v31] EXIT entry-stop TNON 725 @ 3.8500 (entry 3.8900 peak 3.8500)  || resource=srv-daqp02flot8c73ffv6eg instance=srv-daqp02flot8c73ffv6eg-qp8lp
2026-09-30 16:06:34,946 INFO [v31] EXIT entry-stop TNON 51 @ 3.8500 (entry 3.8900 peak 3.8500)  || resource=srv-daqp02flot8c73ffv6eg instance=srv-daqp02flot8c73ffv6eg-qp8lp
2026-09-30 16:06:53,841 INFO [v31] ENTER TGE 3775 @ 1.5800 stop 1.5300  || resource=srv-daqp02flot8c73ffv6eg instance=srv-daqp02flot8c73ffv6eg-qp8lp
2026-09-30 16:08:53,426 INFO [v31] ENTER GLND 1346 @ 5.1800 stop 5.0300  || resource=srv-daqp02flot8c73ffv6eg instance=srv-daqp02flot8c73ffv6eg-qp8lp
2026-09-30 16:15:46,184 INFO engine up: v31 | one data connection | orphan mode adopt  || resource=srv-daqp02flot8c73ffv6eg instance=srv-daqp02flot8c73ffv6eg-j6rpc
2026-09-30 16:18:10,897 INFO [v31] ENTER GLND 1138 @ 5.3300 stop 5.2501  || resource=srv-daqp02flot8c73ffv6eg instance=srv-daqp02flot8c73ffv6eg-j6rpc
2026-09-30 16:22:00,675 INFO engine up: v31 | one data connection | orphan mode adopt  || resource=srv-daqp02flot8c73ffv6eg instance=srv-daqp02flot8c73ffv6eg-lkcjc
2026-09-30 16:22:58,546 INFO engine up: VERSION v31-r13 | v31 | one data connection | orphan mode adopt | baseline last_equity | exposure cap 95% | position cap 25% | min stop 1% | session 04:00-20:00 ET | flatten 19:00 ET | dead exit 10 min  || resource=srv-daqp02flot8c73ffv6eg instance=srv-daqp02flot8c73ffv6eg-945bf
2026-09-30 16:23:03,678 CRITICAL [v31] DAILY HALT at equity 23996.45 (baseline 28772.24, limit 25895.02)  || resource=srv-daqp02flot8c73ffv6eg instance=srv-daqp02flot8c73ffv6eg-945bf
2026-09-30 16:24:23,842 INFO engine up: VERSION v31-r13 | v31 | one data connection | orphan mode adopt | baseline last_equity | exposure cap 95% | position cap 25% | min stop 1% | session 04:00-20:00 ET | flatten 19:00 ET | dead exit 10 min  || resource=srv-daqp02flot8c73ffv6eg instance=srv-daqp02flot8c73ffv6eg-fbvwr
2026-09-30 16:24:28,945 CRITICAL [v31] DAILY HALT at equity 23996.45 (baseline 28772.24, limit 25895.02)  || resource=srv-daqp02flot8c73ffv6eg instance=srv-daqp02flot8c73ffv6eg-fbvwr
2026-09-30 16:43:54,964 INFO engine up: VERSION v31-r13 | v31 | one data connection | orphan mode adopt | baseline boot | exposure cap 95% | position cap 25% | min stop 1% | session 04:00-20:00 ET | flatten 19:00 ET | dead exit 10 min  || resource=srv-daqp02flot8c73ffv6eg instance=srv-daqp02flot8c73ffv6eg-jxvvt
2026-09-30 16:46:26,439 INFO engine up: VERSION v31-r13 | v31 | one data connection | orphan mode adopt | baseline boot | exposure cap 95% | position cap 25% | min stop 1% | session 04:00-20:00 ET | flatten 19:00 ET | dead exit 10 min  || resource=srv-daqp02flot8c73ffv6eg instance=srv-daqp02flot8c73ffv6eg-d45pf
2026-09-30 16:49:04,060 INFO [v31] ENTER PACB 2510 @ 2.3900 stop 2.3700  || resource=srv-daqp02flot8c73ffv6eg instance=srv-daqp02flot8c73ffv6eg-d45pf
2026-09-30 16:49:05,550 INFO [v31] EXIT entry-stop PACB 2510 @ 2.3682 (entry 2.3900 peak 2.3900)  || resource=srv-daqp02flot8c73ffv6eg instance=srv-daqp02flot8c73ffv6eg-d45pf
2026-09-30 16:50:01,740 INFO [v31] ENTER IBRX 606 @ 9.8883 stop 9.8500  || resource=srv-daqp02flot8c73ffv6eg instance=srv-daqp02flot8c73ffv6eg-d45pf
2026-09-30 16:50:03,138 INFO [v31] EXIT entry-stop IBRX 606 @ 9.8500 (entry 9.8883 peak 9.8883)  || resource=srv-daqp02flot8c73ffv6eg instance=srv-daqp02flot8c73ffv6eg-d45pf
2026-09-30 16:58:15,808 INFO [v31] ENTER CHGA 1898 @ 3.1600 stop 3.0400  || resource=srv-daqp02flot8c73ffv6eg instance=srv-daqp02flot8c73ffv6eg-d45pf
2026-09-30 16:58:29,264 INFO [v31] EXIT entry-stop CHGA 2 @ 3.1499 (entry 3.1600 peak 3.1600)  || resource=srv-daqp02flot8c73ffv6eg instance=srv-daqp02flot8c73ffv6eg-d45pf
2026-09-30 17:00:53,197 INFO [v31] ENTER TGE 4090 @ 1.4600 stop 1.4308  || resource=srv-daqp02flot8c73ffv6eg instance=srv-daqp02flot8c73ffv6eg-d45pf
2026-09-30 17:30:05,957 INFO engine up: VERSION v31-r13 | v31 | one data connection | orphan mode adopt | baseline boot | exposure cap 95% | position cap 25% | min stop 1% | session 04:00-20:00 ET | flatten 19:00 ET | dead exit 10 min  || resource=srv-daqp02flot8c73ffv6eg instance=srv-daqp02flot8c73ffv6eg-bv7nt
2026-09-30 17:39:19,665 INFO [v31] ENTER TGE 4161 @ 1.5899 stop 1.5300  || resource=srv-daqp02flot8c73ffv6eg instance=srv-daqp02flot8c73ffv6eg-bv7nt
2026-09-30 17:39:50,984 INFO engine up: VERSION v31-r13 | v31 | one data connection | orphan mode adopt | baseline boot | exposure cap 95% | position cap 25% | min stop 1% | session 04:00-20:00 ET | flatten 19:00 ET | dead exit 10 min  || resource=srv-daqp02flot8c73ffv6eg instance=srv-daqp02flot8c73ffv6eg-d28j7
2026-09-30 17:39:53,646 INFO [v31] EXIT entry-stop TGE 7349 @ 1.5850 (entry 1.5967 peak 1.5900)  || resource=srv-daqp02flot8c73ffv6eg instance=srv-daqp02flot8c73ffv6eg-d28j7
2026-09-30 17:40:02,003 INFO [v31] ENTER GOW 2863 @ 2.0700 stop 2.0100  || resource=srv-daqp02flot8c73ffv6eg instance=srv-daqp02flot8c73ffv6eg-bv7nt
2026-09-30 17:40:53,109 INFO [v31] EXIT entry-stop GOW 478 @ 2.0600 (entry 2.0800 peak 2.0600)  || resource=srv-daqp02flot8c73ffv6eg instance=srv-daqp02flot8c73ffv6eg-d28j7
2026-09-30 17:40:54,853 INFO [v31] EXIT entry-stop GOW 59 @ 2.0400 (entry 2.0800 peak 2.0600)  || resource=srv-daqp02flot8c73ffv6eg instance=srv-daqp02flot8c73ffv6eg-d28j7
2026-09-30 17:40:57,257 INFO [v31] EXIT entry-stop GOW 31 @ 2.0400 (entry 2.0800 peak 2.0600)  || resource=srv-daqp02flot8c73ffv6eg instance=srv-daqp02flot8c73ffv6eg-d28j7
2026-09-30 17:41:44,363 INFO engine up: VERSION v31-r13 | v31 | one data connection | orphan mode adopt | baseline boot | exposure cap 95% | position cap 25% | min stop 1% | session 04:00-20:00 ET | flatten 19:00 ET | dead exit 10 min  || resource=srv-daqp02flot8c73ffv6eg instance=srv-daqp02flot8c73ffv6eg-xmnrf
2026-09-30 17:46:09,408 INFO engine up: VERSION v31-r13 | v31 | one data connection | orphan mode adopt | baseline boot | exposure cap 95% | position cap 25% | min stop 1% | session 04:00-20:00 ET | flatten 19:00 ET | dead exit 10 min  || resource=srv-daqp02flot8c73ffv6eg instance=srv-daqp02flot8c73ffv6eg-wm8mh
2026-09-30 17:50:36,213 INFO [v31] ENTER TGE 3620 @ 1.6100 stop 1.5461  || resource=srv-daqp02flot8c73ffv6eg instance=srv-daqp02flot8c73ffv6eg-wm8mh
2026-09-30 18:03:08,591 INFO engine up: VERSION v31-r13 | v31 | one data connection | orphan mode adopt | baseline boot | exposure cap 95% | position cap 25% | min stop 1% | session 04:00-20:00 ET | flatten 19:00 ET | dead exit 10 min  || resource=srv-daqp02flot8c73ffv6eg instance=srv-daqp02flot8c73ffv6eg-jbk55
2026-09-30 18:03:57,796 INFO engine up: VERSION v31-r13 | v31 | one data connection | orphan mode adopt | baseline boot | exposure cap 95% | position cap 25% | min stop 1% | session 04:00-20:00 ET | flatten 19:00 ET | dead exit 10 min  || resource=srv-daqp02flot8c73ffv6eg instance=srv-daqp02flot8c73ffv6eg-869bp
2026-09-30 18:09:37,860 INFO [v31] ENTER TGE 7593 @ 1.5200 stop 1.5000  || resource=srv-daqp02flot8c73ffv6eg instance=srv-daqp02flot8c73ffv6eg-869bp
2026-09-30 18:19:15,040 INFO [v31] ENTER AHG 11677 @ 0.9534 stop 0.9206  || resource=srv-daqp02flot8c73ffv6eg instance=srv-daqp02flot8c73ffv6eg-869bp
2026-09-30 18:19:43,301 INFO engine up: VERSION v31-r16 | v31 | one data connection | orphan mode adopt | baseline boot | quote-confirm on | exposure cap 95% | position cap 25% | min stop 1% | session 04:00-20:00 ET | flatten 19:00 ET | dead exit 10 min  || resource=srv-daqp02flot8c73ffv6eg instance=srv-daqp02flot8c73ffv6eg-rlcf4
2026-09-30 18:20:43,299 INFO engine up: VERSION v31-r16 | v31 | one data connection | orphan mode adopt | baseline boot | quote-confirm on | exposure cap 95% | position cap 25% | min stop 1% | session 04:00-20:00 ET | flatten 19:00 ET | dead exit 10 min  || resource=srv-daqp02flot8c73ffv6eg instance=srv-daqp02flot8c73ffv6eg-ld42b
2026-09-30 18:21:00,764 INFO [v31] EXIT entry-stop AHG 0 @ 0.9800 | entry 0.9900 peak 0.9939 stop 0.9800 | held 0s | P/L -0.00 (-1.01% of the trade, -0.00% of the account)  || resource=srv-daqp02flot8c73ffv6eg instance=srv-daqp02flot8c73ffv6eg-ld42b
2026-09-30 18:21:01,006 INFO [v31] EXIT entry-stop AHG 0 @ 0.9798 | entry 0.9900 peak 0.9939 stop 0.9800 | held 0s | P/L -0.00 (-1.03% of the trade, -0.00% of the account)  || resource=srv-daqp02flot8c73ffv6eg instance=srv-daqp02flot8c73ffv6eg-ld42b
2026-09-30 18:21:01,172 INFO [v31] EXIT entry-stop AHG 0 @ 0.9796 | entry 0.9900 peak 0.9939 stop 0.9800 | held 0s | P/L -0.00 (-1.05% of the trade, -0.00% of the account)  || resource=srv-daqp02flot8c73ffv6eg instance=srv-daqp02flot8c73ffv6eg-ld42b
2026-09-30 18:21:01,336 INFO [v31] EXIT entry-stop AHG 0 @ 0.9796 | entry 0.9900 peak 0.9939 stop 0.9800 | held 0s | P/L -0.00 (-1.05% of the trade, -0.00% of the account)  || resource=srv-daqp02flot8c73ffv6eg instance=srv-daqp02flot8c73ffv6eg-ld42b
2026-09-30 18:21:01,496 INFO [v31] EXIT entry-stop AHG 0 @ 0.9787 | entry 0.9900 peak 0.9939 stop 0.9800 | held 0s | P/L -0.00 (-1.14% of the trade, -0.00% of the account)  || resource=srv-daqp02flot8c73ffv6eg instance=srv-daqp02flot8c73ffv6eg-ld42b
2026-09-30 18:21:01,651 INFO [v31] EXIT entry-stop AHG 0 @ 0.9750 | entry 0.9900 peak 0.9939 stop 0.9800 | held 0s | P/L -0.00 (-1.52% of the trade, -0.00% of the account)  || resource=srv-daqp02flot8c73ffv6eg instance=srv-daqp02flot8c73ffv6eg-ld42b
2026-09-30 18:21:01,799 INFO [v31] EXIT entry-stop AHG 0 @ 0.9746 | entry 0.9900 peak 0.9939 stop 0.9800 | held 0s | P/L -0.00 (-1.56% of the trade, -0.00% of the account)  || resource=srv-daqp02flot8c73ffv6eg instance=srv-daqp02flot8c73ffv6eg-ld42b
2026-09-30 18:21:01,953 INFO [v31] EXIT entry-stop AHG 0 @ 0.9746 | entry 0.9900 peak 0.9939 stop 0.9800 | held 0s | P/L -0.00 (-1.56% of the trade, -0.00% of the account)  || resource=srv-daqp02flot8c73ffv6eg instance=srv-daqp02flot8c73ffv6eg-ld42b
2026-09-30 18:21:02,113 INFO [v31] EXIT entry-stop AHG 0 @ 0.9746 | entry 0.9900 peak 0.9939 stop 0.9800 | held 0s | P/L -0.00 (-1.56% of the trade, -0.00% of the account)  || resource=srv-daqp02flot8c73ffv6eg instance=srv-daqp02flot8c73ffv6eg-ld42b
2026-09-30 18:21:02,260 INFO [v31] EXIT entry-stop AHG 0 @ 0.9746 | entry 0.9900 peak 0.9939 stop 0.9800 | held 0s | P/L -0.00 (-1.56% of the trade, -0.00% of the account)  || resource=srv-daqp02flot8c73ffv6eg instance=srv-daqp02flot8c73ffv6eg-ld42b
2026-09-30 18:21:02,411 INFO [v31] EXIT entry-stop AHG 0 @ 0.9718 | entry 0.9900 peak 0.9939 stop 0.9800 | held 0s | P/L -0.00 (-1.84% of the trade, -0.00% of the account)  || resource=srv-daqp02flot8c73ffv6eg instance=srv-daqp02flot8c73ffv6eg-ld42b
2026-09-30 18:21:02,563 INFO [v31] EXIT entry-stop AHG 0 @ 0.9733 | entry 0.9900 peak 0.9939 stop 0.9800 | held 0s | P/L -0.00 (-1.69% of the trade, -0.00% of the account)  || resource=srv-daqp02flot8c73ffv6eg instance=srv-daqp02flot8c73ffv6eg-ld42b
2026-09-30 18:21:02,714 INFO [v31] EXIT entry-stop AHG 0 @ 0.9730 | entry 0.9900 peak 0.9939 stop 0.9800 | held 0s | P/L -0.00 (-1.72% of the trade, -0.00% of the account)  || resource=srv-daqp02flot8c73ffv6eg instance=srv-daqp02flot8c73ffv6eg-ld42b
2026-09-30 18:21:02,860 INFO [v31] EXIT entry-stop AHG 0 @ 0.9718 | entry 0.9900 peak 0.9939 stop 0.9800 | held 0s | P/L -0.00 (-1.84% of the trade, -0.00% of the account)  || resource=srv-daqp02flot8c73ffv6eg instance=srv-daqp02flot8c73ffv6eg-ld42b
2026-09-30 18:21:03,020 INFO [v31] EXIT entry-stop AHG 0 @ 0.9730 | entry 0.9900 peak 0.9939 stop 0.9800 | held 0s | P/L -0.00 (-1.72% of the trade, -0.00% of the account)  || resource=srv-daqp02flot8c73ffv6eg instance=srv-daqp02flot8c73ffv6eg-ld42b
2026-09-30 18:21:03,174 INFO [v31] EXIT entry-stop AHG 0 @ 0.9730 | entry 0.9900 peak 0.9939 stop 0.9800 | held 0s | P/L -0.00 (-1.72% of the trade, -0.00% of the account)  || resource=srv-daqp02flot8c73ffv6eg instance=srv-daqp02flot8c73ffv6eg-ld42b
2026-09-30 18:21:03,344 INFO [v31] EXIT entry-stop AHG 0 @ 0.9718 | entry 0.9900 peak 0.9939 stop 0.9800 | held 0s | P/L -0.00 (-1.84% of the trade, -0.00% of the account)  || resource=srv-daqp02flot8c73ffv6eg instance=srv-daqp02flot8c73ffv6eg-ld42b
2026-09-30 18:21:03,572 INFO [v31] EXIT entry-stop AHG 0 @ 0.9719 | entry 0.9900 peak 0.9939 stop 0.9800 | held 0s | P/L -0.00 (-1.83% of the trade, -0.00% of the account)  || resource=srv-daqp02flot8c73ffv6eg instance=srv-daqp02flot8c73ffv6eg-ld42b
2026-09-30 18:21:03,737 INFO [v31] EXIT entry-stop AHG 0 @ 0.9718 | entry 0.9900 peak 0.9939 stop 0.9800 | held 0s | P/L -0.00 (-1.84% of the trade, -0.00% of the account)  || resource=srv-daqp02flot8c73ffv6eg instance=srv-daqp02flot8c73ffv6eg-ld42b
2026-09-30 18:21:03,883 INFO [v31] EXIT entry-stop AHG 0 @ 0.9718 | entry 0.9900 peak 0.9939 stop 0.9800 | held 0s | P/L -0.00 (-1.84% of the trade, -0.00% of the account)  || resource=srv-daqp02flot8c73ffv6eg instance=srv-daqp02flot8c73ffv6eg-ld42b
2026-09-30 18:21:04,030 INFO [v31] EXIT entry-stop AHG 0 @ 0.9718 | entry 0.9900 peak 0.9939 stop 0.9800 | held 0s | P/L -0.00 (-1.84% of the trade, -0.00% of the account)  || resource=srv-daqp02flot8c73ffv6eg instance=srv-daqp02flot8c73ffv6eg-ld42b
2026-09-30 18:21:04,181 INFO [v31] EXIT entry-stop AHG 0 @ 0.9718 | entry 0.9900 peak 0.9939 stop 0.9800 | held 0s | P/L -0.00 (-1.84% of the trade, -0.00% of the account)  || resource=srv-daqp02flot8c73ffv6eg instance=srv-daqp02flot8c73ffv6eg-ld42b
2026-09-30 18:21:04,341 INFO [v31] EXIT entry-stop AHG 0 @ 0.9718 | entry 0.9900 peak 0.9939 stop 0.9800 | held 0s | P/L -0.00 (-1.84% of the trade, -0.00% of the account)  || resource=srv-daqp02flot8c73ffv6eg instance=srv-daqp02flot8c73ffv6eg-ld42b
2026-09-30 18:21:04,495 INFO [v31] EXIT entry-stop AHG 0 @ 0.9718 | entry 0.9900 peak 0.9939 stop 0.9800 | held 0s | P/L -0.00 (-1.84% of the trade, -0.00% of the account)  || resource=srv-daqp02flot8c73ffv6eg instance=srv-daqp02flot8c73ffv6eg-ld42b
2026-09-30 18:21:04,644 INFO [v31] EXIT entry-stop AHG 0 @ 0.9700 | entry 0.9900 peak 0.9939 stop 0.9800 | held 0s | P/L -0.00 (-2.02% of the trade, -0.00% of the account)  || resource=srv-daqp02flot8c73ffv6eg instance=srv-daqp02flot8c73ffv6eg-ld42b
2026-09-30 18:21:04,828 INFO [v31] EXIT entry-stop AHG 0 @ 0.9700 | entry 0.9900 peak 0.9939 stop 0.9800 | held 0s | P/L -0.00 (-2.02% of the trade, -0.00% of the account)  || resource=srv-daqp02flot8c73ffv6eg instance=srv-daqp02flot8c73ffv6eg-ld42b
2026-09-30 18:21:04,973 INFO [v31] EXIT entry-stop AHG 0 @ 0.9718 | entry 0.9900 peak 0.9939 stop 0.9800 | held 0s | P/L -0.00 (-1.84% of the trade, -0.00% of the account)  || resource=srv-daqp02flot8c73ffv6eg instance=srv-daqp02flot8c73ffv6eg-ld42b
2026-09-30 18:21:05,129 INFO [v31] EXIT entry-stop AHG 0 @ 0.9700 | entry 0.9900 peak 0.9939 stop 0.9800 | held 0s | P/L -0.00 (-2.02% of the trade, -0.00% of the account)  || resource=srv-daqp02flot8c73ffv6eg instance=srv-daqp02flot8c73ffv6eg-ld42b
2026-09-30 18:21:05,317 INFO [v31] EXIT entry-stop AHG 0 @ 0.9700 | entry 0.9900 peak 0.9939 stop 0.9800 | held 0s | P/L -0.00 (-2.02% of the trade, -0.00% of the account)  || resource=srv-daqp02flot8c73ffv6eg instance=srv-daqp02flot8c73ffv6eg-ld42b
2026-09-30 18:21:05,465 INFO [v31] EXIT entry-stop AHG 0 @ 0.9718 | entry 0.9900 peak 0.9939 stop 0.9800 | held 0s | P/L -0.00 (-1.84% of the trade, -0.00% of the account)  || resource=srv-daqp02flot8c73ffv6eg instance=srv-daqp02flot8c73ffv6eg-ld42b
2026-09-30 18:21:05,613 INFO [v31] EXIT entry-stop AHG 0 @ 0.9718 | entry 0.9900 peak 0.9939 stop 0.9800 | held 0s | P/L -0.00 (-1.84% of the trade, -0.00% of the account)  || resource=srv-daqp02flot8c73ffv6eg instance=srv-daqp02flot8c73ffv6eg-ld42b
2026-09-30 18:21:05,762 INFO [v31] EXIT entry-stop AHG 0 @ 0.9718 | entry 0.9900 peak 0.9939 stop 0.9800 | held 0s | P/L -0.00 (-1.84% of the trade, -0.00% of the account)  || resource=srv-daqp02flot8c73ffv6eg instance=srv-daqp02flot8c73ffv6eg-ld42b
2026-09-30 18:21:05,919 INFO [v31] EXIT entry-stop AHG 0 @ 0.9695 | entry 0.9900 peak 0.9939 stop 0.9800 | held 0s | P/L -0.00 (-2.07% of the trade, -0.00% of the account)  || resource=srv-daqp02flot8c73ffv6eg instance=srv-daqp02flot8c73ffv6eg-ld42b
2026-09-30 18:21:06,071 INFO [v31] EXIT entry-stop AHG 0 @ 0.9688 | entry 0.9900 peak 0.9939 stop 0.9800 | held 0s | P/L -0.00 (-2.14% of the trade, -0.00% of the account)  || resource=srv-daqp02flot8c73ffv6eg instance=srv-daqp02flot8c73ffv6eg-ld42b
2026-09-30 18:21:06,235 INFO [v31] EXIT entry-stop AHG 0 @ 0.9718 | entry 0.9900 peak 0.9939 stop 0.9800 | held 0s | P/L -0.00 (-1.84% of the trade, -0.00% of the account)  || resource=srv-daqp02flot8c73ffv6eg instance=srv-daqp02flot8c73ffv6eg-ld42b
2026-09-30 18:21:06,392 INFO [v31] EXIT entry-stop AHG 0 @ 0.9669 | entry 0.9900 peak 0.9939 stop 0.9800 | held 0s | P/L -0.00 (-2.33% of the trade, -0.00% of the account)  || resource=srv-daqp02flot8c73ffv6eg instance=srv-daqp02flot8c73ffv6eg-ld42b
2026-09-30 18:21:06,542 INFO [v31] EXIT entry-stop AHG 0 @ 0.9718 | entry 0.9900 peak 0.9939 stop 0.9800 | held 0s | P/L -0.00 (-1.84% of the trade, -0.00% of the account)  || resource=srv-daqp02flot8c73ffv6eg instance=srv-daqp02flot8c73ffv6eg-ld42b
2026-09-30 18:21:06,694 INFO [v31] EXIT entry-stop AHG 0 @ 0.9636 | entry 0.9900 peak 0.9939 stop 0.9800 | held 0s | P/L -0.00 (-2.67% of the trade, -0.00% of the account)  || resource=srv-daqp02flot8c73ffv6eg instance=srv-daqp02flot8c73ffv6eg-ld42b
2026-09-30 18:21:06,847 INFO [v31] EXIT entry-stop AHG 0 @ 0.9636 | entry 0.9900 peak 0.9939 stop 0.9800 | held 0s | P/L -0.00 (-2.67% of the trade, -0.00% of the account)  || resource=srv-daqp02flot8c73ffv6eg instance=srv-daqp02flot8c73ffv6eg-ld42b
2026-09-30 18:21:07,022 INFO [v31] EXIT entry-stop AHG 0 @ 0.9605 | entry 0.9900 peak 0.9939 stop 0.9800 | held 0s | P/L -0.00 (-2.98% of the trade, -0.00% of the account)  || resource=srv-daqp02flot8c73ffv6eg instance=srv-daqp02flot8c73ffv6eg-ld42b
2026-09-30 18:21:07,169 INFO [v31] EXIT entry-stop AHG 0 @ 0.9718 | entry 0.9900 peak 0.9939 stop 0.9800 | held 0s | P/L -0.00 (-1.84% of the trade, -0.00% of the account)  || resource=srv-daqp02flot8c73ffv6eg instance=srv-daqp02flot8c73ffv6eg-ld42b
2026-09-30 18:21:07,324 INFO [v31] EXIT entry-stop AHG 0 @ 0.9718 | entry 0.9900 peak 0.9939 stop 0.9800 | held 0s | P/L -0.00 (-1.84% of the trade, -0.00% of the account)  || resource=srv-daqp02flot8c73ffv6eg instance=srv-daqp02flot8c73ffv6eg-ld42b
2026-09-30 18:21:07,472 INFO [v31] EXIT entry-stop AHG 0 @ 0.9604 | entry 0.9900 peak 0.9939 stop 0.9800 | held 0s | P/L -0.00 (-2.99% of the trade, -0.00% of the account)  || resource=srv-daqp02flot8c73ffv6eg instance=srv-daqp02flot8c73ffv6eg-ld42b
2026-09-30 18:21:07,628 INFO [v31] EXIT entry-stop AHG 0 @ 0.9718 | entry 0.9900 peak 0.9939 stop 0.9800 | held 0s | P/L -0.00 (-1.84% of the trade, -0.00% of the account)  || resource=srv-daqp02flot8c73ffv6eg instance=srv-daqp02flot8c73ffv6eg-ld42b
2026-09-30 18:21:07,785 INFO [v31] EXIT entry-stop AHG 0 @ 0.9604 | entry 0.9900 peak 0.9939 stop 0.9800 | held 0s | P/L -0.00 (-2.99% of the trade, -0.00% of the account)  || resource=srv-daqp02flot8c73ffv6eg instance=srv-daqp02flot8c73ffv6eg-ld42b
2026-09-30 18:21:07,945 INFO [v31] EXIT entry-stop AHG 0 @ 0.9600 | entry 0.9900 peak 0.9939 stop 0.9800 | held 0s | P/L -0.00 (-3.03% of the trade, -0.00% of the account)  || resource=srv-daqp02flot8c73ffv6eg instance=srv-daqp02flot8c73ffv6eg-ld42b
2026-09-30 18:21:08,100 INFO [v31] EXIT entry-stop AHG 0 @ 0.9600 | entry 0.9900 peak 0.9939 stop 0.9800 | held 0s | P/L -0.00 (-3.03% of the trade, -0.00% of the account)  || resource=srv-daqp02flot8c73ffv6eg instance=srv-daqp02flot8c73ffv6eg-ld42b
2026-09-30 18:21:08,253 INFO [v31] EXIT entry-stop AHG 0 @ 0.9600 | entry 0.9900 peak 0.9939 stop 0.9800 | held 0s | P/L -0.00 (-3.03% of the trade, -0.00% of the account)  || resource=srv-daqp02flot8c73ffv6eg instance=srv-daqp02flot8c73ffv6eg-ld42b
2026-09-30 18:21:08,439 INFO [v31] EXIT entry-stop AHG 0 @ 0.9650 | entry 0.9900 peak 0.9939 stop 0.9800 | held 0s | P/L -0.00 (-2.53% of the trade, -0.00% of the account)  || resource=srv-daqp02flot8c73ffv6eg instance=srv-daqp02flot8c73ffv6eg-ld42b
2026-09-30 18:21:08,702 INFO [v31] EXIT entry-stop AHG 0 @ 0.9599 | entry 0.9900 peak 0.9939 stop 0.9800 | held 0s | P/L -0.00 (-3.04% of the trade, -0.00% of the account)  || resource=srv-daqp02flot8c73ffv6eg instance=srv-daqp02flot8c73ffv6eg-ld42b
2026-09-30 18:21:08,860 INFO [v31] EXIT entry-stop AHG 0 @ 0.9600 | entry 0.9900 peak 0.9939 stop 0.9800 | held 0s | P/L -0.00 (-3.03% of the trade, -0.00% of the account)  || resource=srv-daqp02flot8c73ffv6eg instance=srv-daqp02flot8c73ffv6eg-ld42b
2026-09-30 18:21:09,019 INFO [v31] EXIT entry-stop AHG 0 @ 0.9571 | entry 0.9900 peak 0.9939 stop 0.9800 | held 0s | P/L -0.00 (-3.32% of the trade, -0.00% of the account)  || resource=srv-daqp02flot8c73ffv6eg instance=srv-daqp02flot8c73ffv6eg-ld42b
2026-09-30 18:21:09,166 INFO [v31] EXIT entry-stop AHG 0 @ 0.9571 | entry 0.9900 peak 0.9939 stop 0.9800 | held 0s | P/L -0.00 (-3.32% of the trade, -0.00% of the account)  || resource=srv-daqp02flot8c73ffv6eg instance=srv-daqp02flot8c73ffv6eg-ld42b
2026-09-30 18:21:09,321 INFO [v31] EXIT entry-stop AHG 0 @ 0.9571 | entry 0.9900 peak 0.9939 stop 0.9800 | held 0s | P/L -0.00 (-3.32% of the trade, -0.00% of the account)  || resource=srv-daqp02flot8c73ffv6eg instance=srv-daqp02flot8c73ffv6eg-ld42b
2026-09-30 18:21:09,468 INFO [v31] EXIT entry-stop AHG 0 @ 0.9650 | entry 0.9900 peak 0.9939 stop 0.9800 | held 0s | P/L -0.00 (-2.53% of the trade, -0.00% of the account)  || resource=srv-daqp02flot8c73ffv6eg instance=srv-daqp02flot8c73ffv6eg-ld42b
2026-09-30 18:21:09,627 INFO [v31] EXIT entry-stop AHG 0 @ 0.9534 | entry 0.9900 peak 0.9939 stop 0.9800 | held 0s | P/L -0.00 (-3.70% of the trade, -0.00% of the account)  || resource=srv-daqp02flot8c73ffv6eg instance=srv-daqp02flot8c73ffv6eg-ld42b
2026-09-30 18:21:09,773 INFO [v31] EXIT entry-stop AHG 0 @ 0.9534 | entry 0.9900 peak 0.9939 stop 0.9800 | held 0s | P/L -0.00 (-3.70% of the trade, -0.00% of the account)  || resource=srv-daqp02flot8c73ffv6eg instance=srv-daqp02flot8c73ffv6eg-ld42b
2026-09-30 18:21:10,089 INFO [v31] EXIT entry-stop AHG 0 @ 0.9650 | entry 0.9900 peak 0.9939 stop 0.9800 | held 0s | P/L -0.00 (-2.53% of the trade, -0.00% of the account)  || resource=srv-daqp02flot8c73ffv6eg instance=srv-daqp02flot8c73ffv6eg-ld42b
2026-09-30 18:21:10,255 INFO [v31] EXIT entry-stop AHG 0 @ 0.9650 | entry 0.9900 peak 0.9939 stop 0.9800 | held 0s | P/L -0.00 (-2.53% of the trade, -0.00% of the account)  || resource=srv-daqp02flot8c73ffv6eg instance=srv-daqp02flot8c73ffv6eg-ld42b
2026-09-30 18:21:10,453 INFO [v31] EXIT entry-stop AHG 0 @ 0.9518 | entry 0.9900 peak 0.9939 stop 0.9800 | held 0s | P/L -0.00 (-3.86% of the trade, -0.00% of the account)  || resource=srv-daqp02flot8c73ffv6eg instance=srv-daqp02flot8c73ffv6eg-ld42b
2026-09-30 18:21:10,622 INFO [v31] EXIT entry-stop AHG 0 @ 0.9650 | entry 0.9900 peak 0.9939 stop 0.9800 | held 0s | P/L -0.00 (-2.53% of the trade, -0.00% of the account)  || resource=srv-daqp02flot8c73ffv6eg instance=srv-daqp02flot8c73ffv6eg-ld42b
2026-09-30 18:21:10,774 INFO [v31] EXIT entry-stop AHG 0 @ 0.9515 | entry 0.9900 peak 0.9939 stop 0.9800 | held 0s | P/L -0.00 (-3.89% of the trade, -0.00% of the account)  || resource=srv-daqp02flot8c73ffv6eg instance=srv-daqp02flot8c73ffv6eg-ld42b
2026-09-30 18:21:10,941 INFO [v31] EXIT entry-stop AHG 0 @ 0.9501 | entry 0.9900 peak 0.9939 stop 0.9800 | held 0s | P/L -0.00 (-4.03% of the trade, -0.00% of the account)  || resource=srv-daqp02flot8c73ffv6eg instance=srv-daqp02flot8c73ffv6eg-ld42b
2026-09-30 18:21:11,095 INFO [v31] EXIT entry-stop AHG 0 @ 0.9500 | entry 0.9900 peak 0.9939 stop 0.9800 | held 0s | P/L -0.00 (-4.04% of the trade, -0.00% of the account)  || resource=srv-daqp02flot8c73ffv6eg instance=srv-daqp02flot8c73ffv6eg-ld42b
2026-09-30 18:21:11,258 INFO [v31] EXIT entry-stop AHG 0 @ 0.9500 | entry 0.9900 peak 0.9939 stop 0.9800 | held 0s | P/L -0.00 (-4.04% of the trade, -0.00% of the account)  || resource=srv-daqp02flot8c73ffv6eg instance=srv-daqp02flot8c73ffv6eg-ld42b
2026-09-30 18:21:11,417 INFO [v31] EXIT entry-stop AHG 0 @ 0.9500 | entry 0.9900 peak 0.9939 stop 0.9800 | held 0s | P/L -0.00 (-4.04% of the trade, -0.00% of the account)  || resource=srv-daqp02flot8c73ffv6eg instance=srv-daqp02flot8c73ffv6eg-ld42b
2026-09-30 18:21:11,634 INFO [v31] EXIT entry-stop AHG 0 @ 0.9500 | entry 0.9900 peak 0.9939 stop 0.9800 | held 0s | P/L -0.00 (-4.04% of the trade, -0.00% of the account)  || resource=srv-daqp02flot8c73ffv6eg instance=srv-daqp02flot8c73ffv6eg-ld42b
2026-09-30 18:21:11,839 INFO [v31] EXIT entry-stop AHG 0 @ 0.9500 | entry 0.9900 peak 0.9939 stop 0.9800 | held 0s | P/L -0.00 (-4.04% of the trade, -0.00% of the account)  || resource=srv-daqp02flot8c73ffv6eg instance=srv-daqp02flot8c73ffv6eg-ld42b
2026-09-30 18:21:11,988 INFO [v31] EXIT entry-stop AHG 0 @ 0.9500 | entry 0.9900 peak 0.9939 stop 0.9800 | held 0s | P/L -0.00 (-4.04% of the trade, -0.00% of the account)  || resource=srv-daqp02flot8c73ffv6eg instance=srv-daqp02flot8c73ffv6eg-ld42b
2026-09-30 18:21:12,147 INFO [v31] EXIT entry-stop AHG 0 @ 0.9500 | entry 0.9900 peak 0.9939 stop 0.9800 | held 0s | P/L -0.00 (-4.04% of the trade, -0.00% of the account)  || resource=srv-daqp02flot8c73ffv6eg instance=srv-daqp02flot8c73ffv6eg-ld42b
2026-09-30 18:21:12,307 INFO [v31] EXIT entry-stop AHG 0 @ 0.9500 | entry 0.9900 peak 0.9939 stop 0.9800 | held 0s | P/L -0.00 (-4.04% of the trade, -0.00% of the account)  || resource=srv-daqp02flot8c73ffv6eg instance=srv-daqp02flot8c73ffv6eg-ld42b
2026-09-30 18:21:12,517 INFO [v31] EXIT entry-stop AHG 0 @ 0.9500 | entry 0.9900 peak 0.9939 stop 0.9800 | held 0s | P/L -0.00 (-4.04% of the trade, -0.00% of the account)  || resource=srv-daqp02flot8c73ffv6eg instance=srv-daqp02flot8c73ffv6eg-ld42b
2026-09-30 18:21:12,681 INFO [v31] EXIT entry-stop AHG 0 @ 0.9650 | entry 0.9900 peak 0.9939 stop 0.9800 | held 0s | P/L -0.00 (-2.53% of the trade, -0.00% of the account)  || resource=srv-daqp02flot8c73ffv6eg instance=srv-daqp02flot8c73ffv6eg-ld42b
2026-09-30 18:21:12,833 INFO [v31] EXIT entry-stop AHG 0 @ 0.9500 | entry 0.9900 peak 0.9939 stop 0.9800 | held 0s | P/L -0.00 (-4.04% of the trade, -0.00% of the account)  || resource=srv-daqp02flot8c73ffv6eg instance=srv-daqp02flot8c73ffv6eg-ld42b
2026-09-30 18:21:12,996 INFO [v31] EXIT entry-stop AHG 0 @ 0.9500 | entry 0.9900 peak 0.9939 stop 0.9800 | held 0s | P/L -0.00 (-4.04% of the trade, -0.00% of the account)  || resource=srv-daqp02flot8c73ffv6eg instance=srv-daqp02flot8c73ffv6eg-ld42b
2026-09-30 18:21:13,143 INFO [v31] EXIT entry-stop AHG 0 @ 0.9500 | entry 0.9900 peak 0.9939 stop 0.9800 | held 0s | P/L -0.00 (-4.04% of the trade, -0.00% of the account)  || resource=srv-daqp02flot8c73ffv6eg instance=srv-daqp02flot8c73ffv6eg-ld42b
2026-09-30 18:21:13,294 INFO [v31] EXIT entry-stop AHG 0 @ 0.9534 | entry 0.9900 peak 0.9939 stop 0.9800 | held 0s | P/L -0.00 (-3.70% of the trade, -0.00% of the account)  || resource=srv-daqp02flot8c73ffv6eg instance=srv-daqp02flot8c73ffv6eg-ld42b
2026-09-30 18:21:13,462 INFO [v31] EXIT entry-stop AHG 0 @ 0.9650 | entry 0.9900 peak 0.9939 stop 0.9800 | held 0s | P/L -0.00 (-2.53% of the trade, -0.00% of the account)  || resource=srv-daqp02flot8c73ffv6eg instance=srv-daqp02flot8c73ffv6eg-ld42b
2026-09-30 18:21:13,731 INFO [v31] EXIT entry-stop AHG 0 @ 0.9650 | entry 0.9900 peak 0.9939 stop 0.9800 | held 0s | P/L -0.00 (-2.53% of the trade, -0.00% of the account)  || resource=srv-daqp02flot8c73ffv6eg instance=srv-daqp02flot8c73ffv6eg-ld42b
2026-09-30 18:21:13,942 INFO [v31] EXIT entry-stop AHG 0 @ 0.9501 | entry 0.9900 peak 0.9939 stop 0.9800 | held 0s | P/L -0.00 (-4.03% of the trade, -0.00% of the account)  || resource=srv-daqp02flot8c73ffv6eg instance=srv-daqp02flot8c73ffv6eg-ld42b
2026-09-30 18:21:14,097 INFO [v31] EXIT entry-stop AHG 0 @ 0.9500 | entry 0.9900 peak 0.9939 stop 0.9800 | held 0s | P/L -0.00 (-4.04% of the trade, -0.00% of the account)  || resource=srv-daqp02flot8c73ffv6eg instance=srv-daqp02flot8c73ffv6eg-ld42b
2026-09-30 18:21:14,247 INFO [v31] EXIT entry-stop AHG 0 @ 0.9648 | entry 0.9900 peak 0.9939 stop 0.9800 | held 0s | P/L -0.00 (-2.55% of the trade, -0.00% of the account)  || resource=srv-daqp02flot8c73ffv6eg instance=srv-daqp02flot8c73ffv6eg-ld42b
2026-09-30 18:21:14,403 INFO [v31] EXIT entry-stop AHG 0 @ 0.9649 | entry 0.9900 peak 0.9939 stop 0.9800 | held 0s | P/L -0.00 (-2.54% of the trade, -0.00% of the account)  || resource=srv-daqp02flot8c73ffv6eg instance=srv-daqp02flot8c73ffv6eg-ld42b
2026-09-30 18:21:14,548 INFO [v31] EXIT entry-stop AHG 0 @ 0.9612 | entry 0.9900 peak 0.9939 stop 0.9800 | held 0s | P/L -0.00 (-2.91% of the trade, -0.00% of the account)  || resource=srv-daqp02flot8c73ffv6eg instance=srv-daqp02flot8c73ffv6eg-ld42b
2026-09-30 18:21:14,696 INFO [v31] EXIT entry-stop AHG 0 @ 0.9649 | entry 0.9900 peak 0.9939 stop 0.9800 | held 0s | P/L -0.00 (-2.54% of the trade, -0.00% of the account)  || resource=srv-daqp02flot8c73ffv6eg instance=srv-daqp02flot8c73ffv6eg-ld42b
2026-09-30 18:21:14,850 INFO [v31] EXIT entry-stop AHG 0 @ 0.9649 | entry 0.9900 peak 0.9939 stop 0.9800 | held 0s | P/L -0.00 (-2.54% of the trade, -0.00% of the account)  || resource=srv-daqp02flot8c73ffv6eg instance=srv-daqp02flot8c73ffv6eg-ld42b
2026-09-30 18:21:14,998 INFO [v31] EXIT entry-stop AHG 0 @ 0.9649 | entry 0.9900 peak 0.9939 stop 0.9800 | held 0s | P/L -0.00 (-2.54% of the trade, -0.00% of the account)  || resource=srv-daqp02flot8c73ffv6eg instance=srv-daqp02flot8c73ffv6eg-ld42b
2026-09-30 18:21:15,148 INFO [v31] EXIT entry-stop AHG 0 @ 0.9650 | entry 0.9900 peak 0.9939 stop 0.9800 | held 0s | P/L -0.00 (-2.53% of the trade, -0.00% of the account)  || resource=srv-daqp02flot8c73ffv6eg instance=srv-daqp02flot8c73ffv6eg-ld42b
2026-09-30 18:21:15,320 INFO [v31] EXIT entry-stop AHG 0 @ 0.9649 | entry 0.9900 peak 0.9939 stop 0.9800 | held 0s | P/L -0.00 (-2.54% of the trade, -0.00% of the account)  || resource=srv-daqp02flot8c73ffv6eg instance=srv-daqp02flot8c73ffv6eg-ld42b
2026-09-30 18:21:15,465 INFO [v31] EXIT entry-stop AHG 0 @ 0.9501 | entry 0.9900 peak 0.9939 stop 0.9800 | held 0s | P/L -0.00 (-4.03% of the trade, -0.00% of the account)  || resource=srv-daqp02flot8c73ffv6eg instance=srv-daqp02flot8c73ffv6eg-ld42b
2026-09-30 18:21:15,611 INFO [v31] EXIT entry-stop AHG 0 @ 0.9500 | entry 0.9900 peak 0.9939 stop 0.9800 | held 0s | P/L -0.00 (-4.04% of the trade, -0.00% of the account)  || resource=srv-daqp02flot8c73ffv6eg instance=srv-daqp02flot8c73ffv6eg-ld42b
2026-09-30 18:21:15,758 INFO [v31] EXIT entry-stop AHG 0 @ 0.9501 | entry 0.9900 peak 0.9939 stop 0.9800 | held 0s | P/L -0.00 (-4.03% of the trade, -0.00% of the account)  || resource=srv-daqp02flot8c73ffv6eg instance=srv-daqp02flot8c73ffv6eg-ld42b
2026-09-30 18:21:15,906 INFO [v31] EXIT entry-stop AHG 0 @ 0.9501 | entry 0.9900 peak 0.9939 stop 0.9800 | held 0s | P/L -0.00 (-4.03% of the trade, -0.00% of the account)  || resource=srv-daqp02flot8c73ffv6eg instance=srv-daqp02flot8c73ffv6eg-ld42b
2026-09-30 18:21:16,058 INFO [v31] EXIT entry-stop AHG 0 @ 0.9501 | entry 0.9900 peak 0.9939 stop 0.9800 | held 0s | P/L -0.00 (-4.03% of the trade, -0.00% of the account)  || resource=srv-daqp02flot8c73ffv6eg instance=srv-daqp02flot8c73ffv6eg-ld42b
2026-09-30 18:21:16,211 INFO [v31] EXIT entry-stop AHG 0 @ 0.9501 | entry 0.9900 peak 0.9939 stop 0.9800 | held 0s | P/L -0.00 (-4.03% of the trade, -0.00% of the account)  || resource=srv-daqp02flot8c73ffv6eg instance=srv-daqp02flot8c73ffv6eg-ld42b
2026-09-30 18:21:16,363 INFO [v31] EXIT entry-stop AHG 0 @ 0.9501 | entry 0.9900 peak 0.9939 stop 0.9800 | held 0s | P/L -0.00 (-4.03% of the trade, -0.00% of the account)  || resource=srv-daqp02flot8c73ffv6eg instance=srv-daqp02flot8c73ffv6eg-ld42b
2026-09-30 18:21:16,518 INFO [v31] EXIT entry-stop AHG 0 @ 0.9501 | entry 0.9900 peak 0.9939 stop 0.9800 | held 0s | P/L -0.00 (-4.03% of the trade, -0.00% of the account)  || resource=srv-daqp02flot8c73ffv6eg instance=srv-daqp02flot8c73ffv6eg-ld42b
2026-09-30 18:21:16,666 INFO [v31] EXIT entry-stop AHG 0 @ 0.9501 | entry 0.9900 peak 0.9939 stop 0.9800 | held 0s | P/L -0.00 (-4.03% of the trade, -0.00% of the account)  || resource=srv-daqp02flot8c73ffv6eg instance=srv-daqp02flot8c73ffv6eg-ld42b
2026-09-30 18:21:16,812 INFO [v31] EXIT entry-stop AHG 0 @ 0.9501 | entry 0.9900 peak 0.9939 stop 0.9800 | held 0s | P/L -0.00 (-4.03% of the trade, -0.00% of the account)  || resource=srv-daqp02flot8c73ffv6eg instance=srv-daqp02flot8c73ffv6eg-ld42b
2026-09-30 18:21:16,962 INFO [v31] EXIT entry-stop AHG 0 @ 0.9500 | entry 0.9900 peak 0.9939 stop 0.9800 | held 0s | P/L -0.00 (-4.04% of the trade, -0.00% of the account)  || resource=srv-daqp02flot8c73ffv6eg instance=srv-daqp02flot8c73ffv6eg-ld42b
2026-09-30 18:21:17,127 INFO [v31] EXIT entry-stop AHG 0 @ 0.9501 | entry 0.9900 peak 0.9939 stop 0.9800 | held 0s | P/L -0.00 (-4.03% of the trade, -0.00% of the account)  || resource=srv-daqp02flot8c73ffv6eg instance=srv-daqp02flot8c73ffv6eg-ld42b
2026-09-30 18:21:17,306 INFO [v31] EXIT entry-stop AHG 0 @ 0.9500 | entry 0.9900 peak 0.9939 stop 0.9800 | held 0s | P/L -0.00 (-4.04% of the trade, -0.00% of the account)  || resource=srv-daqp02flot8c73ffv6eg instance=srv-daqp02flot8c73ffv6eg-ld42b
2026-09-30 18:21:17,465 INFO [v31] EXIT entry-stop AHG 0 @ 0.9500 | entry 0.9900 peak 0.9939 stop 0.9800 | held 0s | P/L -0.00 (-4.04% of the trade, -0.00% of the account)  || resource=srv-daqp02flot8c73ffv6eg instance=srv-daqp02flot8c73ffv6eg-ld42b
2026-09-30 18:21:17,623 INFO [v31] EXIT entry-stop AHG 0 @ 0.9560 | entry 0.9900 peak 0.9939 stop 0.9800 | held 0s | P/L -0.00 (-3.43% of the trade, -0.00% of the account)  || resource=srv-daqp02flot8c73ffv6eg instance=srv-daqp02flot8c73ffv6eg-ld42b
2026-09-30 18:21:17,783 INFO [v31] EXIT entry-stop AHG 0 @ 0.9501 | entry 0.9900 peak 0.9939 stop 0.9800 | held 0s | P/L -0.00 (-4.03% of the trade, -0.00% of the account)  || resource=srv-daqp02flot8c73ffv6eg instance=srv-daqp02flot8c73ffv6eg-ld42b
2026-09-30 18:21:17,957 INFO [v31] EXIT entry-stop AHG 0 @ 0.9500 | entry 0.9900 peak 0.9939 stop 0.9800 | held 0s | P/L -0.00 (-4.04% of the trade, -0.00% of the account)  || resource=srv-daqp02flot8c73ffv6eg instance=srv-daqp02flot8c73ffv6eg-ld42b
2026-09-30 18:21:18,121 INFO [v31] EXIT entry-stop AHG 0 @ 0.9500 | entry 0.9900 peak 0.9939 stop 0.9800 | held 0s | P/L -0.00 (-4.04% of the trade, -0.00% of the account)  || resource=srv-daqp02flot8c73ffv6eg instance=srv-daqp02flot8c73ffv6eg-ld42b
2026-09-30 18:21:18,282 INFO [v31] EXIT entry-stop AHG 0 @ 0.9500 | entry 0.9900 peak 0.9939 stop 0.9800 | held 0s | P/L -0.00 (-4.04% of the trade, -0.00% of the account)  || resource=srv-daqp02flot8c73ffv6eg instance=srv-daqp02flot8c73ffv6eg-ld42b
2026-09-30 18:21:18,453 INFO [v31] EXIT entry-stop AHG 0 @ 0.9571 | entry 0.9900 peak 0.9939 stop 0.9800 | held 0s | P/L -0.00 (-3.32% of the trade, -0.00% of the account)  || resource=srv-daqp02flot8c73ffv6eg instance=srv-daqp02flot8c73ffv6eg-ld42b
2026-09-30 18:21:18,615 INFO [v31] EXIT entry-stop AHG 0 @ 0.9501 | entry 0.9900 peak 0.9939 stop 0.9800 | held 0s | P/L -0.00 (-4.03% of the trade, -0.00% of the account)  || resource=srv-daqp02flot8c73ffv6eg instance=srv-daqp02flot8c73ffv6eg-ld42b
2026-09-30 18:21:18,844 INFO [v31] EXIT entry-stop AHG 0 @ 0.9500 | entry 0.9900 peak 0.9939 stop 0.9800 | held 0s | P/L -0.00 (-4.04% of the trade, -0.00% of the account)  || resource=srv-daqp02flot8c73ffv6eg instance=srv-daqp02flot8c73ffv6eg-ld42b
2026-09-30 18:21:19,023 INFO [v31] EXIT entry-stop AHG 0 @ 0.9500 | entry 0.9900 peak 0.9939 stop 0.9800 | held 0s | P/L -0.00 (-4.04% of the trade, -0.00% of the account)  || resource=srv-daqp02flot8c73ffv6eg instance=srv-daqp02flot8c73ffv6eg-ld42b
2026-09-30 18:21:19,173 INFO [v31] EXIT entry-stop AHG 0 @ 0.9501 | entry 0.9900 peak 0.9939 stop 0.9800 | held 0s | P/L -0.00 (-4.03% of the trade, -0.00% of the account)  || resource=srv-daqp02flot8c73ffv6eg instance=srv-daqp02flot8c73ffv6eg-ld42b
2026-09-30 18:21:19,328 INFO [v31] EXIT entry-stop AHG 0 @ 0.9559 | entry 0.9900 peak 0.9939 stop 0.9800 | held 0s | P/L -0.00 (-3.44% of the trade, -0.00% of the account)  || resource=srv-daqp02flot8c73ffv6eg instance=srv-daqp02flot8c73ffv6eg-ld42b
2026-09-30 18:21:19,504 INFO [v31] EXIT entry-stop AHG 0 @ 0.9559 | entry 0.9900 peak 0.9939 stop 0.9800 | held 0s | P/L -0.00 (-3.44% of the trade, -0.00% of the account)  || resource=srv-daqp02flot8c73ffv6eg instance=srv-daqp02flot8c73ffv6eg-ld42b
2026-09-30 18:21:19,680 INFO [v31] EXIT entry-stop AHG 0 @ 0.9558 | entry 0.9900 peak 0.9939 stop 0.9800 | held 0s | P/L -0.00 (-3.45% of the trade, -0.00% of the account)  || resource=srv-daqp02flot8c73ffv6eg instance=srv-daqp02flot8c73ffv6eg-ld42b
2026-09-30 18:21:19,892 INFO [v31] EXIT entry-stop AHG 0 @ 0.9558 | entry 0.9900 peak 0.9939 stop 0.9800 | held 0s | P/L -0.00 (-3.45% of the trade, -0.00% of the account)  || resource=srv-daqp02flot8c73ffv6eg instance=srv-daqp02flot8c73ffv6eg-ld42b
2026-09-30 18:21:20,052 INFO [v31] EXIT entry-stop AHG 0 @ 0.9619 | entry 0.9900 peak 0.9939 stop 0.9800 | held 0s | P/L -0.00 (-2.84% of the trade, -0.00% of the account)  || resource=srv-daqp02flot8c73ffv6eg instance=srv-daqp02flot8c73ffv6eg-ld42b
2026-09-30 18:21:20,208 INFO [v31] EXIT entry-stop AHG 0 @ 0.9619 | entry 0.9900 peak 0.9939 stop 0.9800 | held 0s | P/L -0.00 (-2.84% of the trade, -0.00% of the account)  || resource=srv-daqp02flot8c73ffv6eg instance=srv-daqp02flot8c73ffv6eg-ld42b
2026-09-30 18:21:20,356 INFO [v31] EXIT entry-stop AHG 0 @ 0.9620 | entry 0.9900 peak 0.9939 stop 0.9800 | held 0s | P/L -0.00 (-2.83% of the trade, -0.00% of the account)  || resource=srv-daqp02flot8c73ffv6eg instance=srv-daqp02flot8c73ffv6eg-ld42b
2026-09-30 18:21:20,512 INFO [v31] EXIT entry-stop AHG 0 @ 0.9558 | entry 0.9900 peak 0.9939 stop 0.9800 | held 0s | P/L -0.00 (-3.45% of the trade, -0.00% of the account)  || resource=srv-daqp02flot8c73ffv6eg instance=srv-daqp02flot8c73ffv6eg-ld42b
2026-09-30 18:21:20,669 INFO [v31] EXIT entry-stop AHG 0 @ 0.9558 | entry 0.9900 peak 0.9939 stop 0.9800 | held 0s | P/L -0.00 (-3.45% of the trade, -0.00% of the account)  || resource=srv-daqp02flot8c73ffv6eg instance=srv-daqp02flot8c73ffv6eg-ld42b
2026-09-30 18:21:20,815 INFO [v31] EXIT entry-stop AHG 0 @ 0.9498 | entry 0.9900 peak 0.9939 stop 0.9800 | held 0s | P/L -0.00 (-4.06% of the trade, -0.00% of the account)  || resource=srv-daqp02flot8c73ffv6eg instance=srv-daqp02flot8c73ffv6eg-ld42b
2026-09-30 18:21:24,051 INFO [v31] EXIT entry-stop AHG 0 @ 0.9498 | entry 0.9900 peak 0.9939 stop 0.9800 | held 0s | P/L -0.00 (-4.06% of the trade, -0.00% of the account)  || resource=srv-daqp02flot8c73ffv6eg instance=srv-daqp02flot8c73ffv6eg-ld42b
2026-09-30 18:21:24,238 INFO [v31] EXIT entry-stop AHG 0 @ 0.9500 | entry 0.9900 peak 0.9939 stop 0.9800 | held 0s | P/L -0.00 (-4.04% of the trade, -0.00% of the account)  || resource=srv-daqp02flot8c73ffv6eg instance=srv-daqp02flot8c73ffv6eg-ld42b
2026-09-30 18:21:24,544 INFO [v31] EXIT entry-stop AHG 0 @ 0.9498 | entry 0.9900 peak 0.9939 stop 0.9800 | held 0s | P/L -0.00 (-4.06% of the trade, -0.00% of the account)  || resource=srv-daqp02flot8c73ffv6eg instance=srv-daqp02flot8c73ffv6eg-ld42b
2026-09-30 18:21:24,696 INFO [v31] EXIT entry-stop AHG 0 @ 0.9500 | entry 0.9900 peak 0.9939 stop 0.9800 | held 0s | P/L -0.00 (-4.04% of the trade, -0.00% of the account)  || resource=srv-daqp02flot8c73ffv6eg instance=srv-daqp02flot8c73ffv6eg-ld42b
2026-09-30 18:21:24,843 INFO [v31] EXIT entry-stop AHG 0 @ 0.9498 | entry 0.9900 peak 0.9939 stop 0.9800 | held 0s | P/L -0.00 (-4.06% of the trade, -0.00% of the account)  || resource=srv-daqp02flot8c73ffv6eg instance=srv-daqp02flot8c73ffv6eg-ld42b
2026-09-30 18:21:28,073 INFO [v31] EXIT entry-stop AHG 0 @ 0.9501 | entry 0.9900 peak 0.9939 stop 0.9800 | held 0s | P/L -0.00 (-4.03% of the trade, -0.00% of the account)  || resource=srv-daqp02flot8c73ffv6eg instance=srv-daqp02flot8c73ffv6eg-ld42b
2026-09-30 18:21:28,357 INFO [v31] EXIT entry-stop AHG 0 @ 0.9500 | entry 0.9900 peak 0.9939 stop 0.9800 | held 0s | P/L -0.00 (-4.04% of the trade, -0.00% of the account)  || resource=srv-daqp02flot8c73ffv6eg instance=srv-daqp02flot8c73ffv6eg-ld42b
2026-09-30 18:21:28,510 INFO [v31] EXIT entry-stop AHG 0 @ 0.9498 | entry 0.9900 peak 0.9939 stop 0.9800 | held 0s | P/L -0.00 (-4.06% of the trade, -0.00% of the account)  || resource=srv-daqp02flot8c73ffv6eg instance=srv-daqp02flot8c73ffv6eg-ld42b
2026-09-30 18:21:28,658 INFO [v31] EXIT entry-stop AHG 0 @ 0.9501 | entry 0.9900 peak 0.9939 stop 0.9800 | held 0s | P/L -0.00 (-4.03% of the trade, -0.00% of the account)  || resource=srv-daqp02flot8c73ffv6eg instance=srv-daqp02flot8c73ffv6eg-ld42b
2026-09-30 18:21:28,909 INFO [v31] EXIT entry-stop AHG 0 @ 0.9558 | entry 0.9900 peak 0.9939 stop 0.9800 | held 0s | P/L -0.00 (-3.45% of the trade, -0.00% of the account)  || resource=srv-daqp02flot8c73ffv6eg instance=srv-daqp02flot8c73ffv6eg-ld42b
2026-09-30 18:21:29,055 INFO [v31] EXIT entry-stop AHG 0 @ 0.9573 | entry 0.9900 peak 0.9939 stop 0.9800 | held 0s | P/L -0.00 (-3.30% of the trade, -0.00% of the account)  || resource=srv-daqp02flot8c73ffv6eg instance=srv-daqp02flot8c73ffv6eg-ld42b
2026-09-30 18:21:32,275 INFO [v31] EXIT entry-stop AHG 0 @ 0.9648 | entry 0.9900 peak 0.9939 stop 0.9800 | held 0s | P/L -0.00 (-2.55% of the trade, -0.00% of the account)  || resource=srv-daqp02flot8c73ffv6eg instance=srv-daqp02flot8c73ffv6eg-ld42b
2026-09-30 18:21:32,432 INFO [v31] EXIT entry-stop AHG 0 @ 0.9590 | entry 0.9900 peak 0.9939 stop 0.9800 | held 0s | P/L -0.00 (-3.13% of the trade, -0.00% of the account)  || resource=srv-daqp02flot8c73ffv6eg instance=srv-daqp02flot8c73ffv6eg-ld42b
2026-09-30 18:21:32,583 INFO [v31] EXIT entry-stop AHG 0 @ 0.9501 | entry 0.9900 peak 0.9939 stop 0.9800 | held 0s | P/L -0.00 (-4.03% of the trade, -0.00% of the account)  || resource=srv-daqp02flot8c73ffv6eg instance=srv-daqp02flot8c73ffv6eg-ld42b
2026-09-30 18:21:32,735 INFO [v31] EXIT entry-stop AHG 0 @ 0.9500 | entry 0.9900 peak 0.9939 stop 0.9800 | held 0s | P/L -0.00 (-4.04% of the trade, -0.00% of the account)  || resource=srv-daqp02flot8c73ffv6eg instance=srv-daqp02flot8c73ffv6eg-ld42b
2026-09-30 18:21:32,881 INFO [v31] EXIT entry-stop AHG 0 @ 0.9497 | entry 0.9900 peak 0.9939 stop 0.9800 | held 0s | P/L -0.00 (-4.07% of the trade, -0.00% of the account)  || resource=srv-daqp02flot8c73ffv6eg instance=srv-daqp02flot8c73ffv6eg-ld42b
2026-09-30 18:21:36,106 INFO [v31] EXIT entry-stop AHG 0 @ 0.9460 | entry 0.9900 peak 0.9939 stop 0.9800 | held 0s | P/L -0.00 (-4.44% of the trade, -0.00% of the account)  || resource=srv-daqp02flot8c73ffv6eg instance=srv-daqp02flot8c73ffv6eg-ld42b
2026-09-30 18:21:36,266 INFO [v31] EXIT entry-stop AHG 0 @ 0.9620 | entry 0.9900 peak 0.9939 stop 0.9800 | held 0s | P/L -0.00 (-2.83% of the trade, -0.00% of the account)  || resource=srv-daqp02flot8c73ffv6eg instance=srv-daqp02flot8c73ffv6eg-ld42b
2026-09-30 18:21:36,455 INFO [v31] EXIT entry-stop AHG 0 @ 0.9509 | entry 0.9900 peak 0.9939 stop 0.9800 | held 0s | P/L -0.00 (-3.95% of the trade, -0.00% of the account)  || resource=srv-daqp02flot8c73ffv6eg instance=srv-daqp02flot8c73ffv6eg-ld42b
2026-09-30 18:21:39,674 INFO [v31] EXIT entry-stop AHG 0 @ 0.9458 | entry 0.9900 peak 0.9939 stop 0.9800 | held 0s | P/L -0.00 (-4.46% of the trade, -0.00% of the account)  || resource=srv-daqp02flot8c73ffv6eg instance=srv-daqp02flot8c73ffv6eg-ld42b
2026-09-30 18:21:39,839 INFO [v31] EXIT entry-stop AHG 0 @ 0.9621 | entry 0.9900 peak 0.9939 stop 0.9800 | held 0s | P/L -0.00 (-2.82% of the trade, -0.00% of the account)  || resource=srv-daqp02flot8c73ffv6eg instance=srv-daqp02flot8c73ffv6eg-ld42b
2026-09-30 18:21:39,997 INFO [v31] EXIT entry-stop AHG 0 @ 0.9621 | entry 0.9900 peak 0.9939 stop 0.9800 | held 0s | P/L -0.00 (-2.82% of the trade, -0.00% of the account)  || resource=srv-daqp02flot8c73ffv6eg instance=srv-daqp02flot8c73ffv6eg-ld42b
2026-09-30 18:21:40,150 INFO [v31] EXIT entry-stop AHG 0 @ 0.9621 | entry 0.9900 peak 0.9939 stop 0.9800 | held 0s | P/L -0.00 (-2.82% of the trade, -0.00% of the account)  || resource=srv-daqp02flot8c73ffv6eg instance=srv-daqp02flot8c73ffv6eg-ld42b
2026-09-30 18:21:40,309 INFO [v31] EXIT entry-stop AHG 0 @ 0.9553 | entry 0.9900 peak 0.9939 stop 0.9800 | held 0s | P/L -0.00 (-3.51% of the trade, -0.00% of the account)  || resource=srv-daqp02flot8c73ffv6eg instance=srv-daqp02flot8c73ffv6eg-ld42b
2026-09-30 18:21:40,485 INFO [v31] EXIT entry-stop AHG 0 @ 0.9500 | entry 0.9900 peak 0.9939 stop 0.9800 | held 0s | P/L -0.00 (-4.04% of the trade, -0.00% of the account)  || resource=srv-daqp02flot8c73ffv6eg instance=srv-daqp02flot8c73ffv6eg-ld42b
2026-09-30 18:21:40,644 INFO [v31] EXIT entry-stop AHG 0 @ 0.9621 | entry 0.9900 peak 0.9939 stop 0.9800 | held 0s | P/L -0.00 (-2.82% of the trade, -0.00% of the account)  || resource=srv-daqp02flot8c73ffv6eg instance=srv-daqp02flot8c73ffv6eg-ld42b
2026-09-30 18:21:43,865 INFO [v31] EXIT entry-stop AHG 0 @ 0.9536 | entry 0.0000 peak 0.0000 stop 0.0000 | held 0s | P/L +0.00 (+0.00% of the trade, +0.00% of the account)  || resource=srv-daqp02flot8c73ffv6eg instance=srv-daqp02flot8c73ffv6eg-ld42b
2026-09-30 18:29:19,049 INFO [v31] ENTER MNKD 1441 @ 4.0200 = $5793 (25% of equity) | stop 3.9798 (1.00% away) | trigger 4.0186  || resource=srv-daqp02flot8c73ffv6eg instance=srv-daqp02flot8c73ffv6eg-ld42b
2026-09-30 18:29:20,299 INFO [v31] EXIT entry-stop MNKD 1441 @ 3.9652 | entry 4.0200 peak 4.0200 stop 3.9798 | held 1s | P/L -78.97 (-1.36% of the trade, -0.34% of the account)  || resource=srv-daqp02flot8c73ffv6eg instance=srv-daqp02flot8c73ffv6eg-ld42b
2026-09-30 18:32:08,541 INFO engine up: VERSION v31-r16 | v31 | one data connection | orphan mode adopt | baseline boot | quote-confirm on | exposure cap 95% | position cap 25% | min stop 1% | session 04:00-20:00 ET | flatten 19:00 ET | dead exit 10 min  || resource=srv-daqp02flot8c73ffv6eg instance=srv-daqp02flot8c73ffv6eg-xwxgz
2026-09-30 18:32:48,879 INFO engine up: VERSION v31-r16 | v31 | one data connection | orphan mode adopt | baseline boot | quote-confirm on | exposure cap 95% | position cap 25% | min stop 1% | session 04:00-20:00 ET | flatten 19:00 ET | dead exit 10 min  || resource=srv-daqp02flot8c73ffv6eg instance=srv-daqp02flot8c73ffv6eg-5cmrp
2026-09-30 18:37:53,798 INFO engine up: VERSION v31-r16 | v31 | one data connection | orphan mode adopt | baseline boot | quote-confirm on | exposure cap 95% | position cap 25% | min stop 1% | session 04:00-20:00 ET | flatten 19:00 ET | dead exit 10 min  || resource=srv-daqp02flot8c73ffv6eg instance=srv-daqp02flot8c73ffv6eg-q8m86
2026-09-30 18:38:46,584 INFO engine up: VERSION v31-r16 | v31 | one data connection | orphan mode adopt | baseline boot | quote-confirm on | exposure cap 95% | position cap 25% | min stop 1% | session 04:00-20:00 ET | flatten 19:00 ET | dead exit 10 min  || resource=srv-daqp02flot8c73ffv6eg instance=srv-daqp02flot8c73ffv6eg-h6gf8
2026-09-30 18:39:27,156 INFO engine up: VERSION v31-r18 | v31 | one data connection | orphan mode adopt | baseline boot | quote-confirm on | odd-lot filter on | exposure cap 95% | position cap 25% | min stop 1% | session 04:00-20:00 ET | flatten 19:00 ET | dead exit 10 min  || resource=srv-daqp02flot8c73ffv6eg instance=srv-daqp02flot8c73ffv6eg-vc5fr
2026-09-30 18:40:06,253 INFO engine up: VERSION v31-r18 | v31 | one data connection | orphan mode adopt | baseline boot | quote-confirm on | odd-lot filter on | exposure cap 95% | position cap 25% | min stop 1% | session 04:00-20:00 ET | flatten 19:00 ET | dead exit 10 min  || resource=srv-daqp02flot8c73ffv6eg instance=srv-daqp02flot8c73ffv6eg-7ghdb
2026-09-30 18:53:20,483 INFO [v31] ENTER CMCT 1911 @ 3.0300 = $5790 (25% of equity) | stop 2.9400 (2.97% away) | trigger 3.0201  || resource=srv-daqp02flot8c73ffv6eg instance=srv-daqp02flot8c73ffv6eg-7ghdb
2026-09-30 18:53:40,574 CRITICAL [v31] CMCT STILL HOLDING 2259 share(s) after 8 chase attempts - the exit did not complete. This position is unprotected until the next pass.  || resource=srv-daqp02flot8c73ffv6eg instance=srv-daqp02flot8c73ffv6eg-7ghdb
2026-09-30 18:54:09,878 INFO [v31] EXIT entry-stop CMCT 2259 @ 3.0300 | entry 3.0440 peak 3.0400 stop 3.0340 | held 49s | P/L -31.56 (-0.46% of the trade, -0.14% of the account)  || resource=srv-daqp02flot8c73ffv6eg instance=srv-daqp02flot8c73ffv6eg-7ghdb
2026-09-30 18:58:49,990 INFO [v31] ENTER TGE 3798 @ 1.5400 = $5849 (25% of equity) | stop 1.5100 (1.95% away) | trigger 1.5391  || resource=srv-daqp02flot8c73ffv6eg instance=srv-daqp02flot8c73ffv6eg-7ghdb
2026-09-30 18:59:01,953 CRITICAL [v31] TGE STILL HOLDING 11907 share(s) after 8 chase attempts - the exit did not complete. This position is unprotected until the next pass.  || resource=srv-daqp02flot8c73ffv6eg instance=srv-daqp02flot8c73ffv6eg-7ghdb
2026-09-30 18:59:09,900 CRITICAL [v31] TGE STILL HOLDING 39 share(s) after 8 chase attempts - the exit did not complete. This position is unprotected until the next pass.  || resource=srv-daqp02flot8c73ffv6eg instance=srv-daqp02flot8c73ffv6eg-7ghdb
2026-09-30 18:59:45,323 CRITICAL [v31] TGE STILL HOLDING 3469 share(s) after 8 chase attempts - the exit did not complete. This position is unprotected until the next pass.  || resource=srv-daqp02flot8c73ffv6eg instance=srv-daqp02flot8c73ffv6eg-7ghdb
2026-09-30 19:08:26,466 INFO [v31] ENTER PACB 3282 @ 2.4050 = $7893 (34% of equity) | stop 2.3809 (1.00% away) | trigger 2.4036  || resource=srv-daqp02flot8c73ffv6eg instance=srv-daqp02flot8c73ffv6eg-7ghdb
2026-09-30 19:09:04,637 CRITICAL [v31] PACB STILL HOLDING 795 share(s) after 8 chase attempts - the exit did not complete. This position is unprotected until the next pass.  || resource=srv-daqp02flot8c73ffv6eg instance=srv-daqp02flot8c73ffv6eg-7ghdb
2026-09-30 19:09:43,630 CRITICAL [v31] PACB STILL HOLDING 2716 share(s) after 8 chase attempts - the exit did not complete. This position is unprotected until the next pass.  || resource=srv-daqp02flot8c73ffv6eg instance=srv-daqp02flot8c73ffv6eg-7ghdb
2026-09-30 19:33:55,991 INFO [v31] ENTER GOW 2194 @ 3.2600 = $7152 (31% of equity) | stop 3.2200 (1.23% away) | trigger 3.2424  || resource=srv-daqp02flot8c73ffv6eg instance=srv-daqp02flot8c73ffv6eg-7ghdb
2026-09-30 19:34:11,715 CRITICAL [v31] GOW STILL HOLDING 4859 share(s) after 8 chase attempts - the exit did not complete. This position is unprotected until the next pass.  || resource=srv-daqp02flot8c73ffv6eg instance=srv-daqp02flot8c73ffv6eg-7ghdb
2026-09-30 20:08:04,990 INFO [v31] ENTER DKI 4139 @ 2.3100 = $9561 (42% of equity) | stop 2.2000 (4.76% away) | trigger 2.3100  || resource=srv-daqp02flot8c73ffv6eg instance=srv-daqp02flot8c73ffv6eg-7ghdb
2026-09-30 20:38:08,944 INFO engine up: VERSION v31-r18 | v31 | one data connection | orphan mode adopt | baseline boot | quote-confirm on | odd-lot filter on | exposure cap 95% | position cap 25% | min stop 1% | session 04:00-20:00 ET | flatten 19:00 ET | dead exit 10 min  || resource=srv-daqp02flot8c73ffv6eg instance=srv-daqp02flot8c73ffv6eg-fg9tb
2026-09-30 20:39:27,466 INFO engine up: VERSION v31-r18 | v31 | one data connection | orphan mode adopt | baseline boot | quote-confirm on | odd-lot filter on | exposure cap 95% | position cap 25% | min stop 1% | session 04:00-20:00 ET | flatten 19:00 ET | dead exit 10 min  || resource=srv-daqp02flot8c73ffv6eg instance=srv-daqp02flot8c73ffv6eg-8mvfm
2026-09-30 20:58:36,537 INFO engine up: VERSION v31-r19 | v31 | one data connection | orphan mode adopt | baseline boot | quote-confirm on | odd-lot filter on | stop-ref bid | book every 120s | exposure cap 95% | position cap 25% | min stop 1% | session 04:00-20:00 ET | flatten 19:00 ET | dead exit 10 min  || resource=srv-daqp02flot8c73ffv6eg instance=srv-daqp02flot8c73ffv6eg-crq57
2026-09-30 21:07:12,281 INFO [v31] ENTER TGE 3691 @ 1.7700 = $6533 (29% of equity) | stop 1.7400 (1.69% away) | trigger 1.7700  || resource=srv-daqp02flot8c73ffv6eg instance=srv-daqp02flot8c73ffv6eg-crq57
2026-09-30 21:07:28,275 CRITICAL [v31] TGE STILL HOLDING 657 share(s) after 8 chase attempts - the exit did not complete. This position is unprotected until the next pass.  || resource=srv-daqp02flot8c73ffv6eg instance=srv-daqp02flot8c73ffv6eg-crq57
2026-09-30 21:42:46,722 INFO engine up: VERSION v31-r19 | v31, v32, v33 | one data connection | orphan mode adopt | baseline boot | quote-confirm on | odd-lot filter on | stop-ref bid | book every 120s | exposure cap 95% | position cap 25% | min stop 1% | session 04:00-20:00 ET | flatten 19:00 ET | dead exit 10 min  || resource=srv-daqp02flot8c73ffv6eg instance=srv-daqp02flot8c73ffv6eg-25dtq
2026-09-30 21:42:51,869 CRITICAL [v32] DAILY HALT at equity 18435.72 (baseline 18452.40, limit 18452.40)  || resource=srv-daqp02flot8c73ffv6eg instance=srv-daqp02flot8c73ffv6eg-25dtq
2026-09-30 21:42:51,869 WARNING [v32] halted - flattening 20 position(s)  || resource=srv-daqp02flot8c73ffv6eg instance=srv-daqp02flot8c73ffv6eg-25dtq
2026-09-30 21:42:53,148 INFO [v32] EXIT halted BGIN 256 @ 2.3629 | entry 2.3400 peak 2.3629 stop 2.3300 | held 0s | P/L +5.86 (+0.98% of the trade, +0.03% of the account)  || resource=srv-daqp02flot8c73ffv6eg instance=srv-daqp02flot8c73ffv6eg-25dtq
2026-09-30 21:42:53,778 INFO [v32] EXIT halted GOW 7 @ 2.9300 | entry 2.0400 peak 2.9300 stop 2.0300 | held 0s | P/L +6.23 (+43.63% of the trade, +0.03% of the account)  || resource=srv-daqp02flot8c73ffv6eg instance=srv-daqp02flot8c73ffv6eg-25dtq
2026-09-30 21:42:56,698 INFO [v32] EXIT halted BIYA 1295 @ 1.9400 | entry 2.4603 peak 1.9400 stop 2.4503 | held 0s | P/L -673.74 (-21.15% of the trade, -3.65% of the account)  || resource=srv-daqp02flot8c73ffv6eg instance=srv-daqp02flot8c73ffv6eg-25dtq
2026-09-30 21:42:57,096 INFO [v32] EXIT halted NCI 1871 @ 1.2900 | entry 1.9396 peak 1.3000 stop 1.9296 | held 0s | P/L -1215.45 (-33.49% of the trade, -6.66% of the account)  || resource=srv-daqp02flot8c73ffv6eg instance=srv-daqp02flot8c73ffv6eg-25dtq
2026-09-30 21:42:57,619 INFO [v32] EXIT halted BMNZ 141 @ 4.2600 | entry 4.2400 peak 4.2600 stop 4.2300 | held 0s | P/L +2.82 (+0.47% of the trade, +0.02% of the account)  || resource=srv-daqp02flot8c73ffv6eg instance=srv-daqp02flot8c73ffv6eg-25dtq
2026-09-30 21:42:59,661 INFO [v32] EXIT halted SDEV 1731 @ 2.6700 | entry 2.8436 peak 2.6760 stop 2.8336 | held 0s | P/L -300.51 (-6.11% of the trade, -1.65% of the account)  || resource=srv-daqp02flot8c73ffv6eg instance=srv-daqp02flot8c73ffv6eg-25dtq
2026-09-30 21:42:59,953 INFO [v32] EXIT halted CAPR 224 @ 9.4200 | entry 10.4904 peak 9.4200 stop 10.4800 | held 0s | P/L -239.78 (-10.20% of the trade, -1.31% of the account)  || resource=srv-daqp02flot8c73ffv6eg instance=srv-daqp02flot8c73ffv6eg-25dtq
2026-09-30 21:43:01,121 INFO [v32] EXIT halted MSGY 419 @ 5.6000 | entry 4.6493 peak 5.5998 stop 4.6393 | held 0s | P/L +398.35 (+20.45% of the trade, +2.18% of the account)  || resource=srv-daqp02flot8c73ffv6eg instance=srv-daqp02flot8c73ffv6eg-25dtq
2026-09-30 21:43:01,154 INFO [v32] EXIT halted CBRZ 63 @ 10.2900 | entry 9.5000 peak 10.2900 stop 9.4900 | held 0s | P/L +49.77 (+8.32% of the trade, +0.27% of the account)  || resource=srv-daqp02flot8c73ffv6eg instance=srv-daqp02flot8c73ffv6eg-25dtq
2026-09-30 21:43:02,705 INFO [v32] EXIT halted DNA 128 @ 12.7400 | entry 11.9600 peak 12.7400 stop 11.9480 | held 0s | P/L +99.84 (+6.52% of the trade, +0.55% of the account)  || resource=srv-daqp02flot8c73ffv6eg instance=srv-daqp02flot8c73ffv6eg-25dtq
2026-09-30 21:43:03,661 INFO [v32] EXIT halted DXST 580 @ 2.5100 | entry 2.2637 peak 2.5100 stop 2.2537 | held 0s | P/L +142.88 (+10.88% of the trade, +0.79% of the account)  || resource=srv-daqp02flot8c73ffv6eg instance=srv-daqp02flot8c73ffv6eg-25dtq
2026-09-30 21:43:05,679 INFO [v32] EXIT halted IOVA 41 @ 14.8100 | entry 14.4550 peak 14.7800 stop 14.4405 | held 0s | P/L +14.56 (+2.46% of the trade, +0.08% of the account)  || resource=srv-daqp02flot8c73ffv6eg instance=srv-daqp02flot8c73ffv6eg-25dtq
2026-09-30 21:43:05,903 INFO [v32] EXIT halted IOVA 2 @ 14.8100 | entry 0.0000 peak 0.0000 stop 0.0000 | held 0s | P/L +0.00 (+0.00% of the trade, +0.00% of the account)  || resource=srv-daqp02flot8c73ffv6eg instance=srv-daqp02flot8c73ffv6eg-25dtq
2026-09-30 21:43:06,733 INFO [v32] EXIT halted LGHL 54 @ 5.1900 | entry 8.1009 peak 5.1400 stop 8.0909 | held 0s | P/L -157.19 (-35.93% of the trade, -0.86% of the account)  || resource=srv-daqp02flot8c73ffv6eg instance=srv-daqp02flot8c73ffv6eg-25dtq
2026-09-30 21:43:06,942 INFO [v32] EXIT halted LGHL 54 @ 5.1900 | entry 0.0000 peak 0.0000 stop 0.0000 | held 0s | P/L +0.00 (+0.00% of the trade, +0.00% of the account)  || resource=srv-daqp02flot8c73ffv6eg instance=srv-daqp02flot8c73ffv6eg-25dtq
2026-09-30 21:43:08,223 INFO [v32] EXIT halted XRPN 6 @ 22.1700 | entry 13.8507 peak 22.4900 stop 13.8369 | held 0s | P/L +49.92 (+60.06% of the trade, +0.27% of the account)  || resource=srv-daqp02flot8c73ffv6eg instance=srv-daqp02flot8c73ffv6eg-25dtq
2026-09-30 21:43:08,990 INFO [v32] EXIT halted MTNB 306 @ 2.4900 | entry 2.8400 peak 2.4900 stop 2.8300 | held 0s | P/L -107.10 (-12.32% of the trade, -0.59% of the account)  || resource=srv-daqp02flot8c73ffv6eg instance=srv-daqp02flot8c73ffv6eg-25dtq
2026-09-30 21:43:11,345 INFO [v32] EXIT halted NAUT 2050 @ 1.4600 | entry 1.4575 peak 1.4600 stop 1.4475 | held 0s | P/L +5.06 (+0.17% of the trade, +0.03% of the account)  || resource=srv-daqp02flot8c73ffv6eg instance=srv-daqp02flot8c73ffv6eg-25dtq
2026-09-30 21:43:12,634 INFO [v32] EXIT halted ONEN 709 @ 2.1248 | entry 2.5619 peak 2.1248 stop 2.5519 | held 0s | P/L -309.89 (-17.06% of the trade, -1.71% of the account)  || resource=srv-daqp02flot8c73ffv6eg instance=srv-daqp02flot8c73ffv6eg-25dtq
2026-09-30 21:43:18,387 INFO [v32] EXIT halted PFSA 717 @ 1.9100 | entry 2.0342 peak 1.9100 stop 2.0242 | held 0s | P/L -89.04 (-6.10% of the trade, -0.49% of the account)  || resource=srv-daqp02flot8c73ffv6eg instance=srv-daqp02flot8c73ffv6eg-25dtq
2026-09-30 21:43:20,977 INFO [v32] EXIT halted QTTB 157 @ 8.3500 | entry 10.6054 peak 8.3500 stop 10.5948 | held 0s | P/L -354.11 (-21.27% of the trade, -1.95% of the account)  || resource=srv-daqp02flot8c73ffv6eg instance=srv-daqp02flot8c73ffv6eg-25dtq
2026-09-30 21:43:25,262 INFO [v32] EXIT halted TDTH 597 @ 1.0500 | entry 1.0300 peak 1.0500 stop 1.0200 | held 0s | P/L +11.94 (+1.94% of the trade, +0.07% of the account)  || resource=srv-daqp02flot8c73ffv6eg instance=srv-daqp02flot8c73ffv6eg-25dtq
2026-09-30 21:43:25,335 CRITICAL [v33] DAILY HALT at equity 47461.76 (baseline 47461.76, limit 47461.76)  || resource=srv-daqp02flot8c73ffv6eg instance=srv-daqp02flot8c73ffv6eg-25dtq
2026-09-30 21:55:38,769 INFO engine up: VERSION v31-r19 | v31, v32, v33 | one data connection | orphan mode adopt | baseline boot | quote-confirm on | odd-lot filter on | stop-ref bid | book every 120s | exposure cap 95% | position cap 25% | min stop 1% | session 04:00-20:00 ET | flatten 19:00 ET | dead exit 10 min  || resource=srv-daqp02flot8c73ffv6eg instance=srv-daqp02flot8c73ffv6eg-cj8gw
2026-09-30 21:55:43,932 CRITICAL [v32] DAILY HALT at equity 18154.17 (baseline 18154.17, limit 18154.17)  || resource=srv-daqp02flot8c73ffv6eg instance=srv-daqp02flot8c73ffv6eg-cj8gw
2026-09-30 21:55:44,025 CRITICAL [v33] DAILY HALT at equity 47461.76 (baseline 47461.76, limit 47461.76)  || resource=srv-daqp02flot8c73ffv6eg instance=srv-daqp02flot8c73ffv6eg-cj8gw
2026-09-30 21:58:04,168 INFO engine up: VERSION v31-r20 | v31, v32, v33 | one data connection | orphan mode adopt | baseline boot | quote-confirm on | odd-lot filter on | stop-ref bid | book every 120s | exposure cap 95% | position cap 25% | min stop 1% | session 04:00-20:00 ET | flatten 19:00 ET | dead exit 10 min  || resource=srv-daqp02flot8c73ffv6eg instance=srv-daqp02flot8c73ffv6eg-684r5
2026-09-30 21:58:11,745 INFO [v32] ENTER CMCT 119 @ 3.0500 = $363 | stop 3.0400 (0.33% away, from bid 3.0500)  || resource=srv-daqp02flot8c73ffv6eg instance=srv-daqp02flot8c73ffv6eg-684r5
2026-09-30 21:58:14,454 INFO [v32] ENTER TGE 400 @ 1.6799 = $672 | stop 1.6600 (1.18% away, from bid 1.6700)  || resource=srv-daqp02flot8c73ffv6eg instance=srv-daqp02flot8c73ffv6eg-684r5
2026-09-30 21:58:15,501 INFO [v32] ENTER PACB 158 @ 2.2900 = $362 | stop 2.2700 (0.87% away, from bid 2.2800)  || resource=srv-daqp02flot8c73ffv6eg instance=srv-daqp02flot8c73ffv6eg-684r5
2026-09-30 21:58:16,767 INFO [v32] ENTER CHGA 158 @ 2.6200 = $414 | stop 2.5900 (1.15% away, from bid 2.6000)  || resource=srv-daqp02flot8c73ffv6eg instance=srv-daqp02flot8c73ffv6eg-684r5
2026-09-30 21:58:17,925 INFO [v32] ENTER QSI 297 @ 1.2185 = $362 | stop 1.2000 (1.52% away, from bid 1.2100)  || resource=srv-daqp02flot8c73ffv6eg instance=srv-daqp02flot8c73ffv6eg-684r5
2026-09-30 21:58:41,395 WARNING [v32] halted - flattening 5 position(s)  || resource=srv-daqp02flot8c73ffv6eg instance=srv-daqp02flot8c73ffv6eg-cj8gw
2026-09-30 21:58:41,900 INFO [v32] EXIT halted CHGA 169 @ 2.6000 | entry 2.6296 peak 2.6169 stop 2.6196 | held 0s | P/L -5.01 (-1.13% of the trade, -0.03% of the account)  || resource=srv-daqp02flot8c73ffv6eg instance=srv-daqp02flot8c73ffv6eg-cj8gw
2026-09-30 21:58:42,626 INFO [v32] EXIT halted PACB 158 @ 2.2900 | entry 2.2900 peak 2.2900 stop 2.2800 | held 0s | P/L +0.00 (+0.00% of the trade, +0.00% of the account)  || resource=srv-daqp02flot8c73ffv6eg instance=srv-daqp02flot8c73ffv6eg-cj8gw
2026-09-30 21:58:45,570 INFO [v32] EXIT halted QSI 297 @ 1.2197 | entry 1.2200 peak 1.2100 stop 1.2100 | held 0s | P/L -0.09 (-0.02% of the trade, -0.00% of the account)  || resource=srv-daqp02flot8c73ffv6eg instance=srv-daqp02flot8c73ffv6eg-cj8gw
2026-09-30 21:58:46,255 INFO [v32] EXIT halted CMCT 119 @ 3.0500 | entry 3.0900 peak 3.0500 stop 3.0800 | held 0s | P/L -4.76 (-1.29% of the trade, -0.03% of the account)  || resource=srv-daqp02flot8c73ffv6eg instance=srv-daqp02flot8c73ffv6eg-cj8gw
2026-09-30 21:58:47,428 INFO [v32] EXIT halted TGE 400 @ 1.6600 | entry 1.6800 peak 1.6700 stop 1.6700 | held 0s | P/L -8.00 (-1.19% of the trade, -0.04% of the account)  || resource=srv-daqp02flot8c73ffv6eg instance=srv-daqp02flot8c73ffv6eg-cj8gw
2026-09-30 21:58:47,445 INFO [v32] EXIT stop TGE 400 @ 1.6600 | entry 1.6799 peak 1.6799 stop 1.6600 | held 33s | P/L -7.96 (-1.18% of the trade, -0.04% of the account)  || resource=srv-daqp02flot8c73ffv6eg instance=srv-daqp02flot8c73ffv6eg-684r5
2026-09-30 21:58:47,587 INFO [v32] EXIT stop CMCT 0 @ 3.0400 | entry 3.0500 peak 3.0500 stop 3.0400 | held 36s | P/L -0.00 (-0.33% of the trade, -0.00% of the account)  || resource=srv-daqp02flot8c73ffv6eg instance=srv-daqp02flot8c73ffv6eg-684r5
2026-09-30 21:58:47,677 INFO [v32] EXIT halted TGE 400 @ 1.6700 | entry 0.0000 peak 0.0000 stop 0.0000 | held 0s | P/L +0.00 (+0.00% of the trade, +0.00% of the account)  || resource=srv-daqp02flot8c73ffv6eg instance=srv-daqp02flot8c73ffv6eg-cj8gw
2026-09-30 21:58:47,730 INFO [v32] EXIT stop CMCT 0 @ 3.0300 | entry 3.0500 peak 3.0500 stop 3.0400 | held 36s | P/L -0.00 (-0.66% of the trade, -0.00% of the account)  || resource=srv-daqp02flot8c73ffv6eg instance=srv-daqp02flot8c73ffv6eg-684r5
2026-09-30 21:58:49,770 INFO [v32] ENTER BURU 605 @ 1.0500 = $635 | stop 1.0400 (0.95% away, from bid 1.0500)  || resource=srv-daqp02flot8c73ffv6eg instance=srv-daqp02flot8c73ffv6eg-684r5
2026-09-30 21:58:51,316 INFO [v32] ENTER MNKD 105 @ 3.9500 = $415 | stop 3.9100 (1.01% away, from bid 3.9200)  || resource=srv-daqp02flot8c73ffv6eg instance=srv-daqp02flot8c73ffv6eg-684r5
2026-09-30 21:58:52,370 INFO [v32] ENTER GOW 122 @ 2.9720 = $363 | stop 2.9600 (0.40% away, from bid 2.9700)  || resource=srv-daqp02flot8c73ffv6eg instance=srv-daqp02flot8c73ffv6eg-684r5
2026-09-30 21:58:53,304 INFO [v32] ENTER TNON 86 @ 4.2000 = $361 | stop 4.1800 (0.48% away, from bid 4.1900)  || resource=srv-daqp02flot8c73ffv6eg instance=srv-daqp02flot8c73ffv6eg-684r5
2026-09-30 21:58:54,882 INFO [v32] ENTER LPA 156 @ 3.3300 = $519 | stop 3.3100 (0.60% away, from bid 3.3200)  || resource=srv-daqp02flot8c73ffv6eg instance=srv-daqp02flot8c73ffv6eg-684r5
2026-09-30 21:58:58,989 INFO [v32] ENTER GLND 72 @ 5.0400 = $363 | stop 5.0100 (0.60% away, from bid 5.0200)  || resource=srv-daqp02flot8c73ffv6eg instance=srv-daqp02flot8c73ffv6eg-684r5
2026-09-30 21:59:10,570 INFO [v32] EXIT stop GOW 122 @ 2.9600 | entry 2.9720 peak 2.9720 stop 2.9600 | held 18s | P/L -1.46 (-0.40% of the trade, -0.01% of the account)  || resource=srv-daqp02flot8c73ffv6eg instance=srv-daqp02flot8c73ffv6eg-684r5
2026-09-30 21:59:11,741 INFO [v32] ENTER DXST 146 @ 2.4700 = $361 | stop 2.4600 (0.40% away, from bid 2.4700)  || resource=srv-daqp02flot8c73ffv6eg instance=srv-daqp02flot8c73ffv6eg-684r5
2026-09-30 21:59:30,600 INFO [v32] ENTER BEZ 100 @ 4.8800 = $488 | stop 4.8700 (0.20% away, from bid 4.8800)  || resource=srv-daqp02flot8c73ffv6eg instance=srv-daqp02flot8c73ffv6eg-684r5
2026-09-30 21:59:46,060 INFO [v32] ENTER XRPN 18 @ 19.9900 = $360 | stop 19.9700 (0.10% away, from bid 19.9900)  || resource=srv-daqp02flot8c73ffv6eg instance=srv-daqp02flot8c73ffv6eg-684r5
2026-09-30 21:59:52,781 INFO [v32] EXIT stop XRPN 18 @ 19.8000 | entry 19.9900 peak 19.9900 stop 19.9700 | held 7s | P/L -3.42 (-0.95% of the trade, -0.02% of the account)  || resource=srv-daqp02flot8c73ffv6eg instance=srv-daqp02flot8c73ffv6eg-684r5
2026-09-30 22:00:18,578 INFO [v32] ENTER NCNA 322 @ 1.4691 = $473 | stop 1.4400 (1.98% away, from bid 1.4500)  || resource=srv-daqp02flot8c73ffv6eg instance=srv-daqp02flot8c73ffv6eg-684r5
2026-09-30 22:00:24,197 INFO [v32] ENTER MSGY 66 @ 5.4615 = $360 | stop 5.4500 (0.21% away, from bid 5.4600)  || resource=srv-daqp02flot8c73ffv6eg instance=srv-daqp02flot8c73ffv6eg-684r5
2026-09-30 22:01:54,964 INFO [v32] ENTER ANTA 132 @ 2.7300 = $360 | stop 2.6000 (4.76% away, from bid 2.6100)  || resource=srv-daqp02flot8c73ffv6eg instance=srv-daqp02flot8c73ffv6eg-684r5
2026-09-30 22:01:59,895 INFO [v32] EXIT stop NCNA 373 @ 1.4400 | entry 1.4691 peak 1.4691 stop 1.4400 | held 101s | P/L -10.85 (-1.98% of the trade, -0.06% of the account)  || resource=srv-daqp02flot8c73ffv6eg instance=srv-daqp02flot8c73ffv6eg-684r5
2026-09-30 22:04:18,262 INFO [v32] ENTER PWCM 370 @ 1.1700 = $433 | stop 1.1500 (1.71% away, from bid 1.1600)  || resource=srv-daqp02flot8c73ffv6eg instance=srv-daqp02flot8c73ffv6eg-684r5
2026-09-30 22:05:15,044 INFO [v32] ENTER TLSA 327 @ 1.1100 = $363 | stop 1.0700 (3.60% away, from bid 1.0800)  || resource=srv-daqp02flot8c73ffv6eg instance=srv-daqp02flot8c73ffv6eg-684r5
2026-09-30 22:05:20,750 INFO [v32] EXIT stop MSGY 66 @ 5.4300 | entry 5.4615 peak 5.4615 stop 5.4500 | held 296s | P/L -2.08 (-0.58% of the trade, -0.01% of the account)  || resource=srv-daqp02flot8c73ffv6eg instance=srv-daqp02flot8c73ffv6eg-684r5
2026-09-30 22:06:01,336 INFO [v32] EXIT stop TNON 86 @ 4.1800 | entry 4.2000 peak 4.2000 stop 4.1800 | held 428s | P/L -1.72 (-0.48% of the trade, -0.01% of the account)  || resource=srv-daqp02flot8c73ffv6eg instance=srv-daqp02flot8c73ffv6eg-684r5
2026-09-30 22:07:49,044 INFO [v32] ENTER GLUE 27 @ 13.2000 = $356 | stop 13.1868 (0.10% away, from bid 13.2000)  || resource=srv-daqp02flot8c73ffv6eg instance=srv-daqp02flot8c73ffv6eg-684r5
2026-09-30 22:08:04,083 INFO [v32] EXIT stop LPA 156 @ 3.3100 | entry 3.3300 peak 3.3300 stop 3.3100 | held 549s | P/L -3.12 (-0.60% of the trade, -0.02% of the account)  || resource=srv-daqp02flot8c73ffv6eg instance=srv-daqp02flot8c73ffv6eg-684r5
2026-09-30 22:09:19,822 INFO [v32] EXIT stop DXST 146 @ 2.4600 | entry 2.4700 peak 2.4700 stop 2.4600 | held 608s | P/L -1.46 (-0.40% of the trade, -0.01% of the account)  || resource=srv-daqp02flot8c73ffv6eg instance=srv-daqp02flot8c73ffv6eg-684r5
2026-09-30 22:09:48,811 INFO [v32] ENTER GRAN 364 @ 0.9969 = $363 | stop 0.7900 (20.75% away, from bid 0.8000)  || resource=srv-daqp02flot8c73ffv6eg instance=srv-daqp02flot8c73ffv6eg-684r5
2026-09-30 22:10:13,609 INFO [v32] EXIT stop BEZ 104 @ 4.8610 | entry 4.8800 peak 4.8800 stop 4.8700 | held 643s | P/L -1.98 (-0.39% of the trade, -0.01% of the account)  || resource=srv-daqp02flot8c73ffv6eg instance=srv-daqp02flot8c73ffv6eg-684r5
2026-09-30 22:10:24,138 INFO [v32] ENTER ABLV 319 @ 2.0722 = $661 | stop 1.8000 (13.14% away, from bid 1.8100)  || resource=srv-daqp02flot8c73ffv6eg instance=srv-daqp02flot8c73ffv6eg-684r5
2026-09-30 22:10:58,868 INFO [v32] ENTER XOS 115 @ 3.1490 = $362 | stop 3.1000 (1.56% away, from bid 3.1100)  || resource=srv-daqp02flot8c73ffv6eg instance=srv-daqp02flot8c73ffv6eg-684r5
2026-09-30 22:13:07,764 INFO [v32] ENTER MSTZ 187 @ 2.7385 = $512 | stop 2.7200 (0.68% away, from bid 2.7300)  || resource=srv-daqp02flot8c73ffv6eg instance=srv-daqp02flot8c73ffv6eg-684r5
2026-09-30 22:13:20,248 INFO [v33] ENTER GLUE 42 @ 14.1700 = $595 | stop 14.0060 (1.16% away, from bid 14.0200)  || resource=srv-daqp02flot8c73ffv6eg instance=srv-daqp02flot8c73ffv6eg-684r5
2026-09-30 22:13:27,633 INFO [v32] ENTER VRME 68 @ 9.1386 = $621 | stop 9.0400 (1.08% away, from bid 9.0500)  || resource=srv-daqp02flot8c73ffv6eg instance=srv-daqp02flot8c73ffv6eg-684r5
2026-09-30 22:14:06,502 INFO [v32] ENTER DMRC 60 @ 5.9806 = $359 | stop 5.8200 (2.69% away, from bid 5.8300)  || resource=srv-daqp02flot8c73ffv6eg instance=srv-daqp02flot8c73ffv6eg-684r5
2026-09-30 22:14:22,367 INFO [v33] EXIT half-back GLUE 42 @ 14.4700 | entry 14.1700 peak 14.8100 stop 14.4900 | held 62s | P/L +12.60 (+2.12% of the trade, +0.03% of the account)  || resource=srv-daqp02flot8c73ffv6eg instance=srv-daqp02flot8c73ffv6eg-684r5
2026-09-30 22:14:28,448 INFO [v32] ENTER SMST 33 @ 13.4000 = $442 | stop 13.3666 (0.25% away, from bid 13.3800)  || resource=srv-daqp02flot8c73ffv6eg instance=srv-daqp02flot8c73ffv6eg-684r5
2026-09-30 22:15:35,663 INFO [v32] EXIT dead-tape TLSA 327 @ 1.1100 | entry 1.1100 peak 1.1100 stop 1.0700 | held 621s | P/L +0.00 (+0.00% of the trade, +0.00% of the account)  || resource=srv-daqp02flot8c73ffv6eg instance=srv-daqp02flot8c73ffv6eg-684r5
2026-09-30 22:16:36,403 INFO [v32] ENTER CLRO 71 @ 5.0500 = $359 | stop 5.0100 (0.79% away, from bid 5.0200)  || resource=srv-daqp02flot8c73ffv6eg instance=srv-daqp02flot8c73ffv6eg-684r5
2026-09-30 22:17:40,433 INFO [v32] EXIT dead-tape MNKD 127 @ 3.9500 | entry 3.9500 peak 3.9500 stop 3.9100 | held 1129s | P/L +0.00 (+0.00% of the trade, +0.00% of the account)  || resource=srv-daqp02flot8c73ffv6eg instance=srv-daqp02flot8c73ffv6eg-684r5
2026-09-30 22:17:51,921 INFO [v32] EXIT stop BURU 605 @ 1.0400 | entry 1.0500 peak 1.0500 stop 1.0400 | held 1142s | P/L -6.05 (-0.95% of the trade, -0.03% of the account)  || resource=srv-daqp02flot8c73ffv6eg instance=srv-daqp02flot8c73ffv6eg-684r5
2026-09-30 22:19:54,347 INFO [v32] ENTER GRDX 90 @ 4.0000 = $360 | stop 3.8600 (3.50% away, from bid 3.8700)  || resource=srv-daqp02flot8c73ffv6eg instance=srv-daqp02flot8c73ffv6eg-684r5
2026-09-30 22:19:54,845 INFO [v33] ENTER GRDX 197 @ 4.0000 = $788 | stop 3.8600 (3.50% away, from bid 3.8700)  || resource=srv-daqp02flot8c73ffv6eg instance=srv-daqp02flot8c73ffv6eg-684r5
2026-09-30 22:20:48,425 INFO [v32] EXIT dead-tape GRAN 364 @ 0.9969 | entry 0.9969 peak 0.9969 stop 0.7900 | held 660s | P/L +0.00 (+0.00% of the trade, +0.00% of the account)  || resource=srv-daqp02flot8c73ffv6eg instance=srv-daqp02flot8c73ffv6eg-684r5
2026-09-30 22:20:49,622 INFO [v32] EXIT dead-tape ABLV 340 @ 2.0722 | entry 2.0722 peak 2.0722 stop 1.8000 | held 625s | P/L +0.00 (+0.00% of the trade, +0.00% of the account)  || resource=srv-daqp02flot8c73ffv6eg instance=srv-daqp02flot8c73ffv6eg-684r5
2026-09-30 22:24:41,397 INFO [v32] ENTER TORO 109 @ 5.6400 = $615 | stop 5.3900 (4.43% away, from bid 5.4000)  || resource=srv-daqp02flot8c73ffv6eg instance=srv-daqp02flot8c73ffv6eg-684r5
2026-09-30 22:24:52,729 INFO [v32] EXIT dead-tape SMST 33 @ 13.4000 | entry 13.4000 peak 13.4000 stop 13.3666 | held 624s | P/L +0.00 (+0.00% of the trade, +0.00% of the account)  || resource=srv-daqp02flot8c73ffv6eg instance=srv-daqp02flot8c73ffv6eg-684r5
2026-09-30 22:29:33,280 INFO [v32] EXIT stop PWCM 530 @ 1.1500 | entry 1.1700 peak 1.1700 stop 1.1500 | held 1515s | P/L -10.60 (-1.71% of the trade, -0.06% of the account)  || resource=srv-daqp02flot8c73ffv6eg instance=srv-daqp02flot8c73ffv6eg-684r5
2026-09-30 22:30:45,666 INFO [v32] ENTER CVM 174 @ 2.0800 = $362 | stop 2.0200 (2.88% away, from bid 2.0300)  || resource=srv-daqp02flot8c73ffv6eg instance=srv-daqp02flot8c73ffv6eg-684r5
2026-09-30 22:31:24,191 INFO [v32] EXIT dead-tape XOS 115 @ 3.1490 | entry 3.1490 peak 3.1490 stop 3.1000 | held 1225s | P/L +0.00 (+0.00% of the trade, +0.00% of the account)  || resource=srv-daqp02flot8c73ffv6eg instance=srv-daqp02flot8c73ffv6eg-684r5
2026-09-30 22:32:16,734 INFO engine up: VERSION v31-r20 | v31, v32, v33 | one data connection | orphan mode adopt | baseline boot | quote-confirm on | odd-lot filter on | stop-ref bid | book every 120s | exposure cap 95% | position cap 25% | min stop 1% | session 04:00-20:00 ET | flatten 19:00 ET | dead exit 10 min  || resource=srv-daqp02flot8c73ffv6eg instance=srv-daqp02flot8c73ffv6eg-d4rf8
2026-09-30 22:32:48,709 INFO [v32] ENTER BURU 401 @ 1.1800 = $473 | stop 1.1600 (1.69% away, from bid 1.1700)  || resource=srv-daqp02flot8c73ffv6eg instance=srv-daqp02flot8c73ffv6eg-d4rf8
2026-09-30 22:32:50,286 INFO [v32] ENTER TGE 246 @ 1.5701 = $386 | stop 1.5600 (0.64% away, from bid 1.5700)  || resource=srv-daqp02flot8c73ffv6eg instance=srv-daqp02flot8c73ffv6eg-d4rf8
2026-09-30 22:32:51,861 INFO [v32] ENTER PWCM 488 @ 1.2200 = $595 | stop 1.2100 (0.82% away, from bid 1.2200)  || resource=srv-daqp02flot8c73ffv6eg instance=srv-daqp02flot8c73ffv6eg-d4rf8
2026-09-30 22:32:54,708 CRITICAL [v32] BURU STILL HOLDING 1 share(s) after 8 chase attempts - the exit did not complete. This position is unprotected until the next pass.  || resource=srv-daqp02flot8c73ffv6eg instance=srv-daqp02flot8c73ffv6eg-d4rf8
2026-09-30 22:32:54,781 INFO [v32] EXIT stop BURU 401 @ 1.1600 | entry 1.1800 peak 1.1800 stop 1.1600 | held 6s | P/L -8.02 (-1.69% of the trade, -0.04% of the account)  || resource=srv-daqp02flot8c73ffv6eg instance=srv-daqp02flot8c73ffv6eg-d4rf8
2026-09-30 22:32:56,449 INFO [v32] ENTER CMCT 134 @ 2.8100 = $377 | stop 2.8000 (0.36% away, from bid 2.8100)  || resource=srv-daqp02flot8c73ffv6eg instance=srv-daqp02flot8c73ffv6eg-d4rf8
2026-09-30 22:33:08,668 INFO [v32] ENTER CHGA 178 @ 2.4600 = $438 | stop 2.4500 (0.41% away, from bid 2.4600)  || resource=srv-daqp02flot8c73ffv6eg instance=srv-daqp02flot8c73ffv6eg-d4rf8
2026-09-30 22:33:13,126 INFO [v32] ENTER XRPN 20 @ 17.0800 = $342 | stop 16.9830 (0.57% away, from bid 17.0000)  || resource=srv-daqp02flot8c73ffv6eg instance=srv-daqp02flot8c73ffv6eg-d4rf8
2026-09-30 22:33:15,006 INFO [v32] ENTER LPA 122 @ 3.2600 = $398 | stop 3.2500 (0.31% away, from bid 3.2600)  || resource=srv-daqp02flot8c73ffv6eg instance=srv-daqp02flot8c73ffv6eg-d4rf8
2026-09-30 22:33:16,565 INFO [v32] ENTER PACB 222 @ 2.2900 = $508 | stop 2.2800 (0.44% away, from bid 2.2900)  || resource=srv-daqp02flot8c73ffv6eg instance=srv-daqp02flot8c73ffv6eg-d4rf8
2026-09-30 22:33:18,478 INFO [v32] ENTER QSI 404 @ 1.2099 = $489 | stop 1.1900 (1.64% away, from bid 1.2000)  || resource=srv-daqp02flot8c73ffv6eg instance=srv-daqp02flot8c73ffv6eg-d4rf8
2026-09-30 22:33:19,785 INFO [v32] EXIT stop BURU 1 @ 1.0900 | entry 1.1800 peak 1.1200 stop 1.1700 | held 31s | P/L -0.09 (-7.63% of the trade, -0.00% of the account)  || resource=srv-daqp02flot8c73ffv6eg instance=srv-daqp02flot8c73ffv6eg-d4rf8
2026-09-30 22:33:28,815 INFO [v32] ENTER MSGY 88 @ 5.5500 = $488 | stop 5.4900 (1.08% away, from bid 5.5000)  || resource=srv-daqp02flot8c73ffv6eg instance=srv-daqp02flot8c73ffv6eg-d4rf8
2026-09-30 22:33:29,825 INFO [v32] ENTER TNON 86 @ 4.1200 = $354 | stop 4.1100 (0.24% away, from bid 4.1200)  || resource=srv-daqp02flot8c73ffv6eg instance=srv-daqp02flot8c73ffv6eg-d4rf8
2026-09-30 22:33:36,717 INFO [v32] EXIT stop CVM 174 @ 2.0800 | entry 2.0900 peak 2.0800 stop 2.0800 | held 0s | P/L -1.74 (-0.48% of the trade, -0.01% of the account)  || resource=srv-daqp02flot8c73ffv6eg instance=srv-daqp02flot8c73ffv6eg-d4rf8
2026-09-30 22:33:37,999 INFO [v32] EXIT stop PWCM 515 @ 1.2100 | entry 1.2200 peak 1.2200 stop 1.2100 | held 46s | P/L -5.15 (-0.82% of the trade, -0.03% of the account)  || resource=srv-daqp02flot8c73ffv6eg instance=srv-daqp02flot8c73ffv6eg-d4rf8
2026-09-30 22:33:39,796 INFO [v32] ENTER GOW 123 @ 2.9000 = $357 | stop 2.8800 (0.69% away, from bid 2.8900)  || resource=srv-daqp02flot8c73ffv6eg instance=srv-daqp02flot8c73ffv6eg-d4rf8
2026-09-30 22:34:10,547 INFO [v32] ENTER BEZ 73 @ 4.8400 = $353 | stop 4.8200 (0.41% away, from bid 4.8300)  || resource=srv-daqp02flot8c73ffv6eg instance=srv-daqp02flot8c73ffv6eg-d4rf8
2026-09-30 22:34:33,512 INFO [v32] EXIT stop LPA 122 @ 3.2500 | entry 3.2600 peak 3.2600 stop 3.2500 | held 78s | P/L -1.22 (-0.31% of the trade, -0.01% of the account)  || resource=srv-daqp02flot8c73ffv6eg instance=srv-daqp02flot8c73ffv6eg-d4rf8
2026-09-30 22:34:37,695 INFO [v32] EXIT stop MSTZ 260 @ 2.7300 | entry 2.7400 peak 2.7300 stop 2.7300 | held 0s | P/L -2.60 (-0.36% of the trade, -0.01% of the account)  || resource=srv-daqp02flot8c73ffv6eg instance=srv-daqp02flot8c73ffv6eg-d4rf8
2026-09-30 22:35:16,376 INFO [v32] EXIT stop TNON 86 @ 4.1000 | entry 4.1200 peak 4.1200 stop 4.1100 | held 106s | P/L -1.72 (-0.49% of the trade, -0.01% of the account)  || resource=srv-daqp02flot8c73ffv6eg instance=srv-daqp02flot8c73ffv6eg-d4rf8
2026-09-30 22:35:32,526 INFO [v32] EXIT stop CLRO 71 @ 5.0267 | entry 5.1000 peak 5.0200 stop 5.0900 | held 0s | P/L -5.20 (-1.44% of the trade, -0.03% of the account)  || resource=srv-daqp02flot8c73ffv6eg instance=srv-daqp02flot8c73ffv6eg-d4rf8
2026-09-30 22:35:46,803 INFO [v32] EXIT stop ANTA 132 @ 2.6000 | entry 2.7400 peak 2.7500 stop 2.7300 | held 0s | P/L -18.48 (-5.11% of the trade, -0.10% of the account)  || resource=srv-daqp02flot8c73ffv6eg instance=srv-daqp02flot8c73ffv6eg-d4rf8
2026-09-30 22:36:07,445 INFO [v32] EXIT stop CHGA 178 @ 2.4300 | entry 2.4600 peak 2.4600 stop 2.4500 | held 179s | P/L -5.34 (-1.22% of the trade, -0.03% of the account)  || resource=srv-daqp02flot8c73ffv6eg instance=srv-daqp02flot8c73ffv6eg-d4rf8
2026-09-30 22:36:15,653 INFO [v32] EXIT stop TGE 246 @ 1.5600 | entry 1.5701 peak 1.5701 stop 1.5600 | held 205s | P/L -2.48 (-0.64% of the trade, -0.01% of the account)  || resource=srv-daqp02flot8c73ffv6eg instance=srv-daqp02flot8c73ffv6eg-d4rf8
2026-09-30 22:38:01,968 INFO [v32] EXIT stop BEZ 73 @ 4.8200 | entry 4.8400 peak 4.8400 stop 4.8200 | held 231s | P/L -1.46 (-0.41% of the trade, -0.01% of the account)  || resource=srv-daqp02flot8c73ffv6eg instance=srv-daqp02flot8c73ffv6eg-d4rf8
2026-09-30 22:38:44,196 INFO [v32] ENTER LVO 180 @ 2.6400 = $475 | stop 1.0900 (58.71% away, from bid 1.1000)  || resource=srv-daqp02flot8c73ffv6eg instance=srv-daqp02flot8c73ffv6eg-d4rf8
2026-09-30 22:39:00,918 INFO [v32] EXIT stop XRPN 20 @ 16.8800 | entry 17.0800 peak 17.0800 stop 16.9830 | held 348s | P/L -4.00 (-1.17% of the trade, -0.02% of the account)  || resource=srv-daqp02flot8c73ffv6eg instance=srv-daqp02flot8c73ffv6eg-d4rf8
2026-09-30 22:40:04,986 INFO engine up: VERSION v31-r20 | v31, v32, v33 | one data connection | orphan mode adopt | baseline last_equity | quote-confirm on | odd-lot filter on | stop-ref bid | book every 120s | exposure cap 95% | position cap 25% | min stop 1% | session 04:00-20:00 ET | flatten 19:00 ET | dead exit 10 min  || resource=srv-daqp02flot8c73ffv6eg instance=srv-daqp02flot8c73ffv6eg-tgr96
2026-09-30 22:40:10,058 CRITICAL [v31] DAILY HALT at equity 22669.51 (baseline 28772.24, limit 25895.02)  || resource=srv-daqp02flot8c73ffv6eg instance=srv-daqp02flot8c73ffv6eg-tgr96
2026-09-30 22:40:17,694 INFO [v33] ENTER GURE 192 @ 3.6000 = $691 | stop 3.5900 (0.28% away, from bid 3.6000)  || resource=srv-daqp02flot8c73ffv6eg instance=srv-daqp02flot8c73ffv6eg-d4rf8
2026-09-30 22:40:18,271 INFO [v32] ENTER GURE 170 @ 3.6000 = $612 | stop 3.5900 (0.28% away, from bid 3.6000)  || resource=srv-daqp02flot8c73ffv6eg instance=srv-daqp02flot8c73ffv6eg-d4rf8
2026-09-30 22:40:19,856 INFO [v32] ENTER ABLV 321 @ 2.0000 = $642 | stop 1.9000 (5.00% away, from bid 1.9100)  || resource=srv-daqp02flot8c73ffv6eg instance=srv-daqp02flot8c73ffv6eg-d4rf8
2026-09-30 22:40:31,114 INFO [v32] ENTER MNKD 171 @ 3.9300 = $672 | stop 3.9200 (0.25% away, from bid 3.9300)  || resource=srv-daqp02flot8c73ffv6eg instance=srv-daqp02flot8c73ffv6eg-d4rf8
2026-09-30 22:40:36,775 INFO [v32] ENTER XRPN 33 @ 16.8000 = $554 | stop 16.7333 (0.40% away, from bid 16.7500)  || resource=srv-daqp02flot8c73ffv6eg instance=srv-daqp02flot8c73ffv6eg-tgr96
2026-09-30 22:40:38,609 INFO [v32] ENTER TNON 103 @ 4.0500 = $417 | stop 4.0400 (0.25% away, from bid 4.0500)  || resource=srv-daqp02flot8c73ffv6eg instance=srv-daqp02flot8c73ffv6eg-tgr96
2026-09-30 22:40:40,180 INFO [v32] ENTER BURU 543 @ 1.0815 = $587 | stop 1.0600 (1.99% away, from bid 1.0700)  || resource=srv-daqp02flot8c73ffv6eg instance=srv-daqp02flot8c73ffv6eg-tgr96
2026-09-30 22:40:41,140 INFO [v32] ENTER BEZ 73 @ 4.8101 = $351 | stop 4.8000 (0.21% away, from bid 4.8100)  || resource=srv-daqp02flot8c73ffv6eg instance=srv-daqp02flot8c73ffv6eg-tgr96
2026-09-30 22:40:42,368 INFO [v32] ENTER TGE 225 @ 1.5715 = $354 | stop 1.5600 (0.73% away, from bid 1.5700)  || resource=srv-daqp02flot8c73ffv6eg instance=srv-daqp02flot8c73ffv6eg-tgr96
2026-09-30 22:40:43,943 CRITICAL [v33] GURE STILL HOLDING 14 share(s) after 8 chase attempts - the exit did not complete. This position is unprotected until the next pass.  || resource=srv-daqp02flot8c73ffv6eg instance=srv-daqp02flot8c73ffv6eg-d4rf8
2026-09-30 22:40:44,029 INFO [v33] EXIT half-back GURE 308 @ 3.6000 | entry 3.6000 peak 3.6700 stop 3.6350 | held 26s | P/L +0.00 (+0.00% of the trade, +0.00% of the account)  || resource=srv-daqp02flot8c73ffv6eg instance=srv-daqp02flot8c73ffv6eg-d4rf8
2026-09-30 22:40:44,243 INFO [v32] ENTER CHGA 172 @ 2.3100 = $397 | stop 2.2800 (1.30% away, from bid 2.2900)  || resource=srv-daqp02flot8c73ffv6eg instance=srv-daqp02flot8c73ffv6eg-tgr96
2026-09-30 22:40:45,309 INFO [v32] ENTER GURE 98 @ 3.6000 = $353 | stop 3.1700 (11.94% away, from bid 3.1800)  || resource=srv-daqp02flot8c73ffv6eg instance=srv-daqp02flot8c73ffv6eg-tgr96
2026-09-30 22:40:47,648 INFO [v32] ENTER PWCM 392 @ 1.1715 = $459 | stop 1.1600 (0.98% away, from bid 1.1700)  || resource=srv-daqp02flot8c73ffv6eg instance=srv-daqp02flot8c73ffv6eg-tgr96
2026-09-30 22:40:51,308 CRITICAL [v32] BURU STILL HOLDING 13 share(s) after 8 chase attempts - the exit did not complete. This position is unprotected until the next pass.  || resource=srv-daqp02flot8c73ffv6eg instance=srv-daqp02flot8c73ffv6eg-tgr96
2026-09-30 22:40:51,382 INFO [v32] EXIT stop BURU 543 @ 1.0600 | entry 1.0815 peak 1.0815 stop 1.0600 | held 11s | P/L -11.67 (-1.99% of the trade, -0.07% of the account)  || resource=srv-daqp02flot8c73ffv6eg instance=srv-daqp02flot8c73ffv6eg-tgr96
2026-09-30 22:41:04,527 CRITICAL [v32] CHGA STILL HOLDING 4 share(s) after 8 chase attempts - the exit did not complete. This position is unprotected until the next pass.  || resource=srv-daqp02flot8c73ffv6eg instance=srv-daqp02flot8c73ffv6eg-tgr96
2026-09-30 22:41:04,612 INFO [v32] EXIT stop CHGA 172 @ 2.2800 | entry 2.3100 peak 2.3100 stop 2.2800 | held 20s | P/L -5.16 (-1.30% of the trade, -0.03% of the account)  || resource=srv-daqp02flot8c73ffv6eg instance=srv-daqp02flot8c73ffv6eg-tgr96
2026-09-30 22:41:06,233 INFO [v32] EXIT stop BURU 13 @ 1.0600 | entry 1.0800 peak 1.0600 stop 1.0700 | held 26s | P/L -0.26 (-1.85% of the trade, -0.00% of the account)  || resource=srv-daqp02flot8c73ffv6eg instance=srv-daqp02flot8c73ffv6eg-tgr96
2026-09-30 22:41:09,254 INFO [v32] EXIT stop CHGA 4 @ 2.2700 | entry 2.3000 peak 2.2900 stop 2.2900 | held 25s | P/L -0.12 (-1.30% of the trade, -0.00% of the account)  || resource=srv-daqp02flot8c73ffv6eg instance=srv-daqp02flot8c73ffv6eg-tgr96
2026-09-30 22:41:23,379 INFO [v32] ENTER TLSA 523 @ 1.1100 = $581 | stop 1.0700 (3.60% away, from bid 1.0800)  || resource=srv-daqp02flot8c73ffv6eg instance=srv-daqp02flot8c73ffv6eg-tgr96
2026-09-30 22:41:30,608 INFO [v32] EXIT stop TGE 225 @ 1.5600 | entry 1.5715 peak 1.5715 stop 1.5600 | held 48s | P/L -2.59 (-0.73% of the trade, -0.01% of the account)  || resource=srv-daqp02flot8c73ffv6eg instance=srv-daqp02flot8c73ffv6eg-tgr96
2026-09-30 22:41:47,774 INFO [v32] ENTER LPA 108 @ 3.2800 = $354 | stop 3.2500 (0.91% away, from bid 3.2600)  || resource=srv-daqp02flot8c73ffv6eg instance=srv-daqp02flot8c73ffv6eg-tgr96
2026-09-30 22:41:58,858 INFO engine up: VERSION v31-r21 | v31, v32, v33 | one data connection | orphan mode adopt | baseline last_equity | quote-confirm on | odd-lot filter on | stop-ref bid | book every 120s | exposure cap 95% | position cap 25% | min stop 1% | session 04:00-20:00 ET | flatten 19:00 ET | dead exit 10 min  || resource=srv-daqp02flot8c73ffv6eg instance=srv-daqp02flot8c73ffv6eg-5xszs
2026-09-30 22:42:00,096 CRITICAL [v31] DAILY HALT at equity 22669.51  || resource=srv-daqp02flot8c73ffv6eg instance=srv-daqp02flot8c73ffv6eg-5xszs
2026-09-30 22:42:01,529 INFO [v32] EXIT stop GURE 117 @ 3.2600 | entry 3.6432 peak 3.4000 stop 3.6332 | held 0s | P/L -44.83 (-10.52% of the trade, -0.25% of the account)  || resource=srv-daqp02flot8c73ffv6eg instance=srv-daqp02flot8c73ffv6eg-5xszs
2026-09-30 22:42:03,276 INFO [v33] EXIT half-back GURE 14 @ 3.2600 | entry 3.6700 peak 3.6700 stop 3.6600 | held 0s | P/L -5.74 (-11.17% of the trade, -0.01% of the account)  || resource=srv-daqp02flot8c73ffv6eg instance=srv-daqp02flot8c73ffv6eg-tgr96
2026-09-30 22:42:03,284 INFO [v33] EXIT half-back GURE 14 @ 3.2600 | entry 3.6700 peak 3.6700 stop 3.6600 | held 0s | P/L -5.74 (-11.17% of the trade, -0.01% of the account)  || resource=srv-daqp02flot8c73ffv6eg instance=srv-daqp02flot8c73ffv6eg-5xszs
2026-09-30 22:42:05,506 INFO [v33] ENTER PWCM 646 @ 1.2300 = $795 | stop 1.2100 (1.63% away) | first entry, stop from the bid  || resource=srv-daqp02flot8c73ffv6eg instance=srv-daqp02flot8c73ffv6eg-5xszs
2026-09-30 22:42:10,022 INFO [v33] ENTER TNON 184 @ 4.0562 = $746 | stop 4.0400 (0.40% away) | first entry, stop from the bid  || resource=srv-daqp02flot8c73ffv6eg instance=srv-daqp02flot8c73ffv6eg-5xszs
2026-09-30 22:42:11,743 INFO [v32] EXIT stop MSGY 94 @ 5.5500 | entry 5.6500 peak 5.6100 stop 5.6400 | held 0s | P/L -9.40 (-1.77% of the trade, -0.05% of the account)  || resource=srv-daqp02flot8c73ffv6eg instance=srv-daqp02flot8c73ffv6eg-tgr96
2026-09-30 22:42:11,854 INFO [v32] EXIT stop MSGY 94 @ 5.5500 | entry 5.6500 peak 5.6100 stop 5.6400 | held 0s | P/L -9.40 (-1.77% of the trade, -0.05% of the account)  || resource=srv-daqp02flot8c73ffv6eg instance=srv-daqp02flot8c73ffv6eg-5xszs
2026-09-30 22:42:11,900 INFO [v33] ENTER QSI 483 @ 1.2398 = $599 | stop 1.2200 (1.60% away) | first entry, stop from the bid  || resource=srv-daqp02flot8c73ffv6eg instance=srv-daqp02flot8c73ffv6eg-5xszs
2026-09-30 22:42:16,320 INFO [v32] EXIT stop TNON 113 @ 4.0562 | entry 4.0900 peak 4.0564 stop 4.0800 | held 0s | P/L -3.82 (-0.83% of the trade, -0.02% of the account)  || resource=srv-daqp02flot8c73ffv6eg instance=srv-daqp02flot8c73ffv6eg-5xszs
2026-09-30 22:42:18,788 INFO [v33] ENTER CMCT 212 @ 2.8300 = $600 | stop 2.8100 (0.71% away) | first entry, stop from the bid  || resource=srv-daqp02flot8c73ffv6eg instance=srv-daqp02flot8c73ffv6eg-5xszs
2026-09-30 22:42:20,288 CRITICAL [v33] PWCM STILL HOLDING 233 share(s) after 8 chase attempts - the exit did not complete. This position is unprotected until the next pass.  || resource=srv-daqp02flot8c73ffv6eg instance=srv-daqp02flot8c73ffv6eg-tgr96
2026-09-30 22:42:20,360 INFO [v33] EXIT half-back PWCM 646 @ 1.2200 | entry 1.2300 peak 1.2300 stop 1.2200 | held 0s | P/L -6.46 (-0.81% of the trade, -0.01% of the account)  || resource=srv-daqp02flot8c73ffv6eg instance=srv-daqp02flot8c73ffv6eg-tgr96
2026-09-30 22:42:30,884 INFO [v33] ENTER BURU 540 @ 1.1100 = $599 | stop 1.0900 (1.80% away) | first entry, stop from the bid  || resource=srv-daqp02flot8c73ffv6eg instance=srv-daqp02flot8c73ffv6eg-5xszs
2026-09-30 22:42:31,381 INFO [v32] ENTER BURU 319 @ 1.1100 = $354 | stop 1.0900 (1.80% away) | day level 1.1100, re-entry at 1.1300  || resource=srv-daqp02flot8c73ffv6eg instance=srv-daqp02flot8c73ffv6eg-5xszs
2026-09-30 22:42:35,907 INFO [v33] EXIT half-back QSI 483 @ 1.2398 | entry 1.2398 peak 1.2399 stop 1.2399 | held 24s | P/L +0.00 (+0.00% of the trade, +0.00% of the account)  || resource=srv-daqp02flot8c73ffv6eg instance=srv-daqp02flot8c73ffv6eg-5xszs
2026-09-30 22:42:36,254 INFO [v32] ENTER TGE 249 @ 1.5600 = $388 | stop 1.5400 (1.28% away) | day level 1.5600, re-entry at 1.5800  || resource=srv-daqp02flot8c73ffv6eg instance=srv-daqp02flot8c73ffv6eg-5xszs
2026-09-30 22:42:37,525 INFO [v33] ENTER TGE 385 @ 1.5600 = $601 | stop 1.5400 (1.28% away) | first entry, stop from the bid  || resource=srv-daqp02flot8c73ffv6eg instance=srv-daqp02flot8c73ffv6eg-5xszs
2026-09-30 22:42:42,762 INFO [v32] EXIT stop LPA 108 @ 3.2700 | entry 3.2900 peak 3.2600 stop 3.2800 | held 0s | P/L -2.16 (-0.61% of the trade, -0.01% of the account)  || resource=srv-daqp02flot8c73ffv6eg instance=srv-daqp02flot8c73ffv6eg-5xszs
2026-09-30 22:42:43,302 INFO [v33] ENTER LPA 222 @ 3.2700 = $726 | stop 3.2500 (0.61% away) | first entry, stop from the bid  || resource=srv-daqp02flot8c73ffv6eg instance=srv-daqp02flot8c73ffv6eg-5xszs
2026-09-30 22:42:45,129 INFO [v33] ENTER GLND 205 @ 5.1000 = $1046 | stop 5.0900 (0.20% away) | first entry, stop from the bid  || resource=srv-daqp02flot8c73ffv6eg instance=srv-daqp02flot8c73ffv6eg-5xszs
2026-09-30 22:42:46,470 INFO [v33] EXIT half-back PWCM 233 @ 1.2100 | entry 1.2300 peak 1.2300 stop 1.2100 | held 41s | P/L -4.66 (-1.63% of the trade, -0.01% of the account)  || resource=srv-daqp02flot8c73ffv6eg instance=srv-daqp02flot8c73ffv6eg-5xszs
2026-09-30 22:42:46,686 INFO [v33] EXIT half-back PWCM 0 @ 1.2100 | entry 1.2300 peak 1.2300 stop 1.2100 | held 41s | P/L -0.00 (-1.63% of the trade, -0.00% of the account)  || resource=srv-daqp02flot8c73ffv6eg instance=srv-daqp02flot8c73ffv6eg-5xszs
2026-09-30 22:42:46,902 INFO [v33] EXIT half-back PWCM 0 @ 1.2100 | entry 1.2300 peak 1.2300 stop 1.2100 | held 41s | P/L -0.00 (-1.63% of the trade, -0.00% of the account)  || resource=srv-daqp02flot8c73ffv6eg instance=srv-daqp02flot8c73ffv6eg-5xszs
2026-09-30 22:42:47,044 INFO [v33] EXIT half-back PWCM 0 @ 1.2100 | entry 1.2300 peak 1.2300 stop 1.2100 | held 42s | P/L -0.00 (-1.63% of the trade, -0.00% of the account)  || resource=srv-daqp02flot8c73ffv6eg instance=srv-daqp02flot8c73ffv6eg-5xszs
2026-09-30 22:42:47,195 INFO [v33] EXIT half-back PWCM 0 @ 1.2100 | entry 1.2300 peak 1.2300 stop 1.2100 | held 42s | P/L -0.00 (-1.63% of the trade, -0.00% of the account)  || resource=srv-daqp02flot8c73ffv6eg instance=srv-daqp02flot8c73ffv6eg-5xszs
2026-09-30 22:42:47,541 INFO [v33] EXIT half-back PWCM 0 @ 1.2100 | entry 1.2300 peak 1.2300 stop 1.2100 | held 42s | P/L -0.00 (-1.63% of the trade, -0.00% of the account)  || resource=srv-daqp02flot8c73ffv6eg instance=srv-daqp02flot8c73ffv6eg-5xszs
2026-09-30 22:42:50,420 INFO [v33] ENTER XRPN 68 @ 16.9941 = $1156 | stop 16.8931 (0.59% away) | first entry, stop from the bid  || resource=srv-daqp02flot8c73ffv6eg instance=srv-daqp02flot8c73ffv6eg-5xszs
2026-09-30 22:42:57,502 INFO [v33] ENTER GLUE 76 @ 13.9300 = $1059 | stop 13.7462 (1.32% away) | first entry, stop from the bid  || resource=srv-daqp02flot8c73ffv6eg instance=srv-daqp02flot8c73ffv6eg-5xszs
2026-09-30 22:42:57,716 INFO [v33] EXIT half-back PWCM 0 @ 1.2100 | entry 1.2300 peak 1.2300 stop 1.2100 | held 52s | P/L -0.00 (-1.63% of the trade, -0.00% of the account)  || resource=srv-daqp02flot8c73ffv6eg instance=srv-daqp02flot8c73ffv6eg-5xszs
2026-09-30 22:42:57,860 INFO [v33] EXIT half-back PWCM 0 @ 1.2100 | entry 1.2300 peak 1.2300 stop 1.2100 | held 52s | P/L -0.00 (-1.63% of the trade, -0.00% of the account)  || resource=srv-daqp02flot8c73ffv6eg instance=srv-daqp02flot8c73ffv6eg-5xszs
2026-09-30 22:43:00,192 INFO [v32] RE-ENTER TNON 111 @ 4.0600 = $451 | stop 0.0000 (100.00% away) | day level 0.0000, re-entry at 0.0200  || resource=srv-daqp02flot8c73ffv6eg instance=srv-daqp02flot8c73ffv6eg-5xszs
2026-09-30 22:43:04,983 INFO [v32] ENTER CHGA 154 @ 2.2900 = $353 | stop 2.2700 (0.87% away) | day level 2.2900, re-entry at 2.3100  || resource=srv-daqp02flot8c73ffv6eg instance=srv-daqp02flot8c73ffv6eg-5xszs
2026-09-30 22:43:05,475 INFO [v33] ENTER CHGA 365 @ 2.2900 = $836 | stop 2.2700 (0.87% away) | first entry, stop from the bid  || resource=srv-daqp02flot8c73ffv6eg instance=srv-daqp02flot8c73ffv6eg-5xszs
2026-09-30 22:43:22,298 INFO [v33] EXIT half-back GRDX 262 @ 3.7300 | entry 4.0300 peak 4.0300 stop 4.0200 | held 0s | P/L -78.60 (-7.44% of the trade, -0.17% of the account)  || resource=srv-daqp02flot8c73ffv6eg instance=srv-daqp02flot8c73ffv6eg-5xszs
2026-09-30 22:43:23,613 INFO [v32] EXIT stop GRDX 90 @ 3.7300 | entry 4.0300 peak 4.0000 stop 4.0200 | held 0s | P/L -27.00 (-7.44% of the trade, -0.15% of the account)  || resource=srv-daqp02flot8c73ffv6eg instance=srv-daqp02flot8c73ffv6eg-5xszs
2026-09-30 22:43:27,625 INFO [v33] ENTER GOW 301 @ 2.9300 = $882 | stop 2.9100 (0.68% away) | first entry, stop from the bid  || resource=srv-daqp02flot8c73ffv6eg instance=srv-daqp02flot8c73ffv6eg-5xszs
2026-09-30 22:43:30,627 INFO [v33] ENTER PACB 271 @ 2.3100 = $626 | stop 2.3000 (0.43% away) | first entry, stop from the bid  || resource=srv-daqp02flot8c73ffv6eg instance=srv-daqp02flot8c73ffv6eg-5xszs
2026-09-30 22:43:32,947 INFO [v33] EXIT half-back TNON 184 @ 4.0500 | entry 4.0562 peak 4.0600 stop 4.0581 | held 83s | P/L -1.14 (-0.15% of the trade, -0.00% of the account)  || resource=srv-daqp02flot8c73ffv6eg instance=srv-daqp02flot8c73ffv6eg-5xszs
2026-09-30 22:43:36,992 INFO [v32] ENTER MSTZ 130 @ 2.7200 = $354 | stop 2.7000 (0.74% away) | day level 2.7200, re-entry at 2.7400  || resource=srv-daqp02flot8c73ffv6eg instance=srv-daqp02flot8c73ffv6eg-5xszs
2026-09-30 22:43:37,935 INFO [v33] ENTER MSTZ 331 @ 2.7200 = $900 | stop 2.7000 (0.74% away) | first entry, stop from the bid  || resource=srv-daqp02flot8c73ffv6eg instance=srv-daqp02flot8c73ffv6eg-5xszs
2026-09-30 22:43:38,987 INFO [v33] ENTER BEZ 124 @ 4.8200 = $598 | stop 4.8000 (0.41% away) | first entry, stop from the bid  || resource=srv-daqp02flot8c73ffv6eg instance=srv-daqp02flot8c73ffv6eg-5xszs
2026-09-30 22:43:41,183 INFO [v32] RE-ENTER LPA 107 @ 3.2796 = $351 | stop 0.0000 (100.00% away) | day level 0.0000, re-entry at 0.0200  || resource=srv-daqp02flot8c73ffv6eg instance=srv-daqp02flot8c73ffv6eg-5xszs
2026-09-30 22:43:55,857 INFO [v33] EXIT half-back LPA 349 @ 3.2697 | entry 3.2700 peak 3.2796 stop 3.2748 | held 72s | P/L -0.10 (-0.01% of the trade, -0.00% of the account)  || resource=srv-daqp02flot8c73ffv6eg instance=srv-daqp02flot8c73ffv6eg-5xszs
2026-09-30 22:44:12,005 INFO [v33] RE-ENTER TNON 169 @ 4.0800 = $690 | stop 4.0400 (0.98% away) | back above the 4.0500 that threw us out  || resource=srv-daqp02flot8c73ffv6eg instance=srv-daqp02flot8c73ffv6eg-5xszs
2026-09-30 22:44:27,506 INFO [v32] RE-ENTER MSGY 66 @ 5.5200 = $364 | stop 0.0000 (100.00% away) | day level 0.0000, re-entry at 0.0200  || resource=srv-daqp02flot8c73ffv6eg instance=srv-daqp02flot8c73ffv6eg-5xszs
2026-09-30 22:44:27,537 INFO [v33] ENTER MSGY 151 @ 5.5200 = $834 | stop 5.4900 (0.54% away) | first entry, stop from the bid  || resource=srv-daqp02flot8c73ffv6eg instance=srv-daqp02flot8c73ffv6eg-5xszs
2026-09-30 22:44:31,199 INFO [v33] ENTER MNKD 152 @ 3.9300 = $597 | stop 3.9200 (0.25% away) | first entry, stop from the bid  || resource=srv-daqp02flot8c73ffv6eg instance=srv-daqp02flot8c73ffv6eg-5xszs
2026-09-30 22:44:31,393 INFO [v32] EXIT stop MNKD 171 @ 3.9300 | entry 3.9400 peak 3.9300 stop 3.9300 | held 0s | P/L -1.71 (-0.25% of the trade, -0.01% of the account)  || resource=srv-daqp02flot8c73ffv6eg instance=srv-daqp02flot8c73ffv6eg-5xszs
2026-09-30 22:44:32,599 INFO [v32] RE-ENTER MNKD 167 @ 3.9300 = $656 | stop 0.0000 (100.00% away) | day level 0.0000, re-entry at 0.0200  || resource=srv-daqp02flot8c73ffv6eg instance=srv-daqp02flot8c73ffv6eg-5xszs
2026-09-30 22:44:34,738 INFO [v33] EXIT half-back BURU 540 @ 1.1100 | entry 1.1100 peak 1.1200 stop 1.1150 | held 124s | P/L +0.00 (+0.00% of the trade, +0.00% of the account)  || resource=srv-daqp02flot8c73ffv6eg instance=srv-daqp02flot8c73ffv6eg-5xszs
2026-09-30 22:45:13,436 INFO [v33] EXIT half-back TGE 569 @ 1.5600 | entry 1.5600 peak 1.5900 stop 1.5750 | held 156s | P/L +0.00 (+0.00% of the trade, +0.00% of the account)  || resource=srv-daqp02flot8c73ffv6eg instance=srv-daqp02flot8c73ffv6eg-5xszs
2026-09-30 22:45:14,931 INFO [v33] RE-ENTER TGE 544 @ 1.5900 = $865 | stop 1.5500 (2.52% away) | back above the 1.5600 that threw us out  || resource=srv-daqp02flot8c73ffv6eg instance=srv-daqp02flot8c73ffv6eg-5xszs
2026-09-30 22:45:16,399 INFO [v33] EXIT half-back PACB 278 @ 2.3103 | entry 2.3100 peak 2.3199 stop 2.3150 | held 106s | P/L +0.08 (+0.01% of the trade, +0.00% of the account)  || resource=srv-daqp02flot8c73ffv6eg instance=srv-daqp02flot8c73ffv6eg-5xszs
2026-09-30 22:45:44,748 INFO [v33] EXIT half-back CHGA 379 @ 2.2800 | entry 2.2900 peak 2.3138 stop 2.3019 | held 159s | P/L -3.79 (-0.44% of the trade, -0.01% of the account)  || resource=srv-daqp02flot8c73ffv6eg instance=srv-daqp02flot8c73ffv6eg-5xszs
2026-09-30 22:46:13,202 INFO [v33] EXIT half-back TGE 562 @ 1.5900 | entry 1.5900 peak 1.6000 stop 1.5950 | held 58s | P/L +0.00 (+0.00% of the trade, +0.00% of the account)  || resource=srv-daqp02flot8c73ffv6eg instance=srv-daqp02flot8c73ffv6eg-5xszs
2026-09-30 22:46:17,497 INFO [v32] EXIT stop PWCM 422 @ 1.1700 | entry 1.1800 peak 1.2300 stop 1.1700 | held 0s | P/L -4.22 (-0.85% of the trade, -0.02% of the account)  || resource=srv-daqp02flot8c73ffv6eg instance=srv-daqp02flot8c73ffv6eg-5xszs
2026-09-30 22:46:18,199 INFO [v32] RE-ENTER PWCM 302 @ 1.1700 = $353 | stop 0.0000 (100.00% away) | day level 0.0000, re-entry at 0.0200  || resource=srv-daqp02flot8c73ffv6eg instance=srv-daqp02flot8c73ffv6eg-5xszs
2026-09-30 22:46:28,935 INFO [v33] RE-ENTER TGE 570 @ 1.6100 = $918 | stop 1.5800 (1.86% away) | back above the 1.5900 that threw us out  || resource=srv-daqp02flot8c73ffv6eg instance=srv-daqp02flot8c73ffv6eg-5xszs
2026-09-30 22:46:32,094 INFO [v33] EXIT half-back TGE 570 @ 1.6117 | entry 1.6100 peak 1.6169 stop 1.6135 | held 3s | P/L +0.97 (+0.11% of the trade, +0.00% of the account)  || resource=srv-daqp02flot8c73ffv6eg instance=srv-daqp02flot8c73ffv6eg-5xszs
2026-09-30 22:47:05,822 INFO [v33] RE-ENTER LPA 276 @ 3.3100 = $914 | stop 3.2597 (1.52% away) | back above the 3.2697 that threw us out  || resource=srv-daqp02flot8c73ffv6eg instance=srv-daqp02flot8c73ffv6eg-5xszs
2026-09-30 22:47:06,845 INFO [v33] EXIT half-back XRPN 69 @ 17.3200 | entry 16.9941 peak 17.7700 stop 17.3820 | held 256s | P/L +22.49 (+1.92% of the trade, +0.05% of the account)  || resource=srv-daqp02flot8c73ffv6eg instance=srv-daqp02flot8c73ffv6eg-5xszs
2026-09-30 22:47:08,403 INFO [v33] RE-ENTER XRPN 43 @ 17.7740 = $764 | stop 17.3027 (2.65% away) | back above the 17.3200 that threw us out  || resource=srv-daqp02flot8c73ffv6eg instance=srv-daqp02flot8c73ffv6eg-5xszs
2026-09-30 22:47:11,669 CRITICAL [v33] LPA STILL HOLDING 55 share(s) after 8 chase attempts - the exit did not complete. This position is unprotected until the next pass.  || resource=srv-daqp02flot8c73ffv6eg instance=srv-daqp02flot8c73ffv6eg-5xszs
2026-09-30 22:47:11,670 INFO [v33] EXIT half-back LPA 276 @ 3.3100 | entry 3.3100 peak 3.3200 stop 3.3150 | held 6s | P/L +0.00 (+0.00% of the trade, +0.00% of the account)  || resource=srv-daqp02flot8c73ffv6eg instance=srv-daqp02flot8c73ffv6eg-5xszs
2026-09-30 22:47:21,937 INFO [v32] EXIT stop BURU 325 @ 1.0900 | entry 1.1100 peak 1.1100 stop 1.0900 | held 290s | P/L -6.50 (-1.80% of the trade, -0.04% of the account)  || resource=srv-daqp02flot8c73ffv6eg instance=srv-daqp02flot8c73ffv6eg-5xszs
2026-09-30 22:47:46,609 INFO [v33] ENTER VIOT 357 @ 1.7500 = $625 | stop 1.7400 (0.57% away) | first entry, stop from the bid  || resource=srv-daqp02flot8c73ffv6eg instance=srv-daqp02flot8c73ffv6eg-5xszs
2026-09-30 22:47:50,344 INFO [v32] EXIT stop PACB 229 @ 2.2900 | entry 2.3100 peak 2.3100 stop 2.3000 | held 0s | P/L -4.58 (-0.87% of the trade, -0.03% of the account)  || resource=srv-daqp02flot8c73ffv6eg instance=srv-daqp02flot8c73ffv6eg-5xszs
2026-09-30 22:47:51,896 INFO [v32] ENTER VIOT 209 @ 1.7500 = $366 | stop 1.7400 (0.57% away) | day level 1.7500, re-entry at 1.7700  || resource=srv-daqp02flot8c73ffv6eg instance=srv-daqp02flot8c73ffv6eg-5xszs
2026-09-30 22:47:53,144 CRITICAL [v33] XRPN STILL HOLDING 6 share(s) after 8 chase attempts - the exit did not complete. This position is unprotected until the next pass.  || resource=srv-daqp02flot8c73ffv6eg instance=srv-daqp02flot8c73ffv6eg-5xszs
2026-09-30 22:47:53,216 INFO [v33] EXIT half-back XRPN 43 @ 17.6300 | entry 17.7740 peak 17.7900 stop 17.7820 | held 45s | P/L -6.19 (-0.81% of the trade, -0.01% of the account)  || resource=srv-daqp02flot8c73ffv6eg instance=srv-daqp02flot8c73ffv6eg-5xszs
2026-09-30 22:47:55,353 INFO [v33] ENTER CVM 375 @ 2.0800 = $780 | stop 2.0700 (0.48% away) | first entry, stop from the bid  || resource=srv-daqp02flot8c73ffv6eg instance=srv-daqp02flot8c73ffv6eg-5xszs
2026-09-30 22:47:55,424 INFO [v32] ENTER CVM 170 @ 2.0800 = $354 | stop 2.0700 (0.48% away) | day level 2.0800, re-entry at 2.1000  || resource=srv-daqp02flot8c73ffv6eg instance=srv-daqp02flot8c73ffv6eg-5xszs
2026-09-30 22:47:58,508 INFO [v33] EXIT half-back GOW 388 @ 2.9200 | entry 2.9300 peak 2.9400 stop 2.9350 | held 271s | P/L -3.88 (-0.34% of the trade, -0.01% of the account)  || resource=srv-daqp02flot8c73ffv6eg instance=srv-daqp02flot8c73ffv6eg-5xszs
2026-09-30 22:48:09,324 INFO [v33] EXIT half-back LPA 55 @ 3.2900 | entry 3.3200 peak 3.3200 stop 3.3100 | held 63s | P/L -1.65 (-0.90% of the trade, -0.00% of the account)  || resource=srv-daqp02flot8c73ffv6eg instance=srv-daqp02flot8c73ffv6eg-5xszs
2026-09-30 22:48:12,215 INFO [v33] RE-ENTER CHGA 258 @ 2.3200 = $599 | stop 2.2700 (2.16% away) | back above the 2.2800 that threw us out  || resource=srv-daqp02flot8c73ffv6eg instance=srv-daqp02flot8c73ffv6eg-5xszs
2026-09-30 22:48:15,656 INFO [v33] EXIT half-back GLND 209 @ 5.1000 | entry 5.1000 peak 5.1183 stop 5.1091 | held 330s | P/L +0.00 (+0.00% of the trade, +0.00% of the account)  || resource=srv-daqp02flot8c73ffv6eg instance=srv-daqp02flot8c73ffv6eg-5xszs
2026-09-30 22:48:16,832 INFO [v33] RE-ENTER LPA 181 @ 3.3100 = $599 | stop 3.2800 (0.91% away) | back above the 3.2900 that threw us out  || resource=srv-daqp02flot8c73ffv6eg instance=srv-daqp02flot8c73ffv6eg-5xszs
2026-09-30 22:48:17,817 INFO [v33] EXIT half-back XRPN 6 @ 17.5000 | entry 17.8800 peak 17.8800 stop 17.8621 | held 69s | P/L -2.28 (-2.13% of the trade, -0.00% of the account)  || resource=srv-daqp02flot8c73ffv6eg instance=srv-daqp02flot8c73ffv6eg-5xszs
2026-09-30 22:48:29,042 INFO [v33] RE-ENTER XRPN 33 @ 17.7000 = $584 | stop 17.4825 (1.23% away) | back above the 17.5000 that threw us out  || resource=srv-daqp02flot8c73ffv6eg instance=srv-daqp02flot8c73ffv6eg-5xszs
2026-09-30 22:48:54,017 INFO [v33] EXIT half-back MNKD 152 @ 3.9301 | entry 3.9300 peak 3.9400 stop 3.9350 | held 263s | P/L +0.02 (+0.00% of the trade, +0.00% of the account)  || resource=srv-daqp02flot8c73ffv6eg instance=srv-daqp02flot8c73ffv6eg-5xszs
2026-09-30 22:48:56,988 INFO [v33] EXIT half-back LPA 181 @ 3.2800 | entry 3.3100 peak 3.3100 stop 3.2800 | held 40s | P/L -5.43 (-0.91% of the trade, -0.01% of the account)  || resource=srv-daqp02flot8c73ffv6eg instance=srv-daqp02flot8c73ffv6eg-5xszs
2026-09-30 22:49:13,094 INFO engine up: VERSION v31-r21 | v31, v32, v33 | one data connection | orphan mode adopt | baseline last_equity | quote-confirm on | odd-lot filter on | stop-ref bid | book every 120s | exposure cap 95% | position cap 25% | min stop 1% | session 04:00-20:00 ET | flatten 19:00 ET | dead exit 10 min  || resource=srv-daqp02flot8c73ffv6eg instance=srv-daqp02flot8c73ffv6eg-jg2j5
2026-09-30 22:49:13,452 INFO [v33] EXIT half-back XRPN 33 @ 17.6900 | entry 17.7000 peak 17.7400 stop 17.7200 | held 44s | P/L -0.33 (-0.06% of the trade, -0.00% of the account)  || resource=srv-daqp02flot8c73ffv6eg instance=srv-daqp02flot8c73ffv6eg-5xszs
2026-09-30 22:49:15,042 INFO [v33] RE-ENTER XRPN 53 @ 17.7999 = $943 | stop 17.6723 (0.72% away) | back above the 17.6900 that threw us out  || resource=srv-daqp02flot8c73ffv6eg instance=srv-daqp02flot8c73ffv6eg-5xszs
2026-09-30 22:49:18,173 CRITICAL [v31] DAILY HALT at equity 22669.51 (baseline 28772.24, limit 25895.02)  || resource=srv-daqp02flot8c73ffv6eg instance=srv-daqp02flot8c73ffv6eg-jg2j5
2026-09-30 22:49:20,064 INFO [v33] ENTER TGE 395 @ 1.6100 = $636 | stop 1.5900 (1.24% away) | first entry, stop from the bid  || resource=srv-daqp02flot8c73ffv6eg instance=srv-daqp02flot8c73ffv6eg-jg2j5
2026-09-30 22:49:23,533 INFO [v33] ENTER PWCM 804 @ 1.1900 = $957 | stop 1.1700 (1.68% away) | first entry, stop from the bid  || resource=srv-daqp02flot8c73ffv6eg instance=srv-daqp02flot8c73ffv6eg-jg2j5
2026-09-30 22:49:25,065 INFO [v33] ENTER GLND 157 @ 5.1100 = $802 | stop 5.0900 (0.39% away) | first entry, stop from the bid  || resource=srv-daqp02flot8c73ffv6eg instance=srv-daqp02flot8c73ffv6eg-jg2j5
2026-09-30 22:49:29,109 INFO [v32] RE-ENTER PACB 207 @ 2.3100 = $478 | stop 0.0000 (100.00% away) | day level 0.0000, re-entry at 0.0200  || resource=srv-daqp02flot8c73ffv6eg instance=srv-daqp02flot8c73ffv6eg-5xszs
2026-09-30 22:49:33,434 INFO [v33] EXIT half-back MSTZ 439 @ 2.7100 | entry 2.7200 peak 2.7200 stop 2.7100 | held 0s | P/L -4.39 (-0.37% of the trade, -0.01% of the account)  || resource=srv-daqp02flot8c73ffv6eg instance=srv-daqp02flot8c73ffv6eg-jg2j5
2026-09-30 22:49:33,665 INFO [v32] EXIT stop MSTZ 130 @ 2.7100 | entry 2.7200 peak 2.7200 stop 2.7100 | held 0s | P/L -1.30 (-0.37% of the trade, -0.01% of the account)  || resource=srv-daqp02flot8c73ffv6eg instance=srv-daqp02flot8c73ffv6eg-jg2j5
2026-09-30 22:49:35,119 INFO [v33] ENTER QSI 495 @ 1.2300 = $609 | stop 1.2100 (1.63% away) | first entry, stop from the bid  || resource=srv-daqp02flot8c73ffv6eg instance=srv-daqp02flot8c73ffv6eg-jg2j5
2026-09-30 22:49:41,131 INFO [v33] ENTER XRPN 33 @ 17.7000 = $584 | stop 17.6823 (0.10% away) | first entry, stop from the bid  || resource=srv-daqp02flot8c73ffv6eg instance=srv-daqp02flot8c73ffv6eg-jg2j5
2026-09-30 22:49:44,489 INFO [v32] EXIT stop PWCM 302 @ 1.1700 | entry 1.1800 peak 1.1999 stop 1.1700 | held 0s | P/L -3.02 (-0.85% of the trade, -0.02% of the account)  || resource=srv-daqp02flot8c73ffv6eg instance=srv-daqp02flot8c73ffv6eg-jg2j5
2026-09-30 22:49:44,539 INFO [v33] EXIT half-back PWCM 804 @ 1.1700 | entry 1.1900 peak 1.1900 stop 1.1700 | held 21s | P/L -16.08 (-1.68% of the trade, -0.03% of the account)  || resource=srv-daqp02flot8c73ffv6eg instance=srv-daqp02flot8c73ffv6eg-jg2j5
2026-09-30 22:49:47,404 INFO [v33] ENTER BURU 564 @ 1.0800 = $609 | stop 1.0700 (0.93% away) | first entry, stop from the bid  || resource=srv-daqp02flot8c73ffv6eg instance=srv-daqp02flot8c73ffv6eg-jg2j5
2026-09-30 22:49:47,978 INFO [v32] ENTER BURU 559 @ 1.0800 = $604 | stop 1.0700 (0.93% away) | day level 1.0800, re-entry at 1.1000  || resource=srv-daqp02flot8c73ffv6eg instance=srv-daqp02flot8c73ffv6eg-jg2j5
2026-09-30 22:49:48,697 CRITICAL [v33] QSI STILL HOLDING 2 share(s) after 8 chase attempts - the exit did not complete. This position is unprotected until the next pass.  || resource=srv-daqp02flot8c73ffv6eg instance=srv-daqp02flot8c73ffv6eg-jg2j5
2026-09-30 22:49:48,697 INFO [v33] EXIT half-back QSI 495 @ 1.2100 | entry 1.2300 peak 1.2300 stop 1.2100 | held 14s | P/L -9.90 (-1.63% of the trade, -0.02% of the account)  || resource=srv-daqp02flot8c73ffv6eg instance=srv-daqp02flot8c73ffv6eg-jg2j5
2026-09-30 22:49:54,084 INFO [v32] RE-ENTER PWCM 354 @ 1.1701 = $414 | stop 0.0000 (100.00% away) | day level 0.0000, re-entry at 0.0200  || resource=srv-daqp02flot8c73ffv6eg instance=srv-daqp02flot8c73ffv6eg-jg2j5
2026-09-30 22:50:26,912 INFO [v33] EXIT half-back TGE 470 @ 1.6100 | entry 1.6100 peak 1.6200 stop 1.6150 | held 67s | P/L +0.00 (+0.00% of the trade, +0.00% of the account)  || resource=srv-daqp02flot8c73ffv6eg instance=srv-daqp02flot8c73ffv6eg-jg2j5
2026-09-30 22:50:28,487 INFO [v33] EXIT half-back BURU 578 @ 1.0810 | entry 1.0800 peak 1.0900 stop 1.0850 | held 41s | P/L +0.58 (+0.09% of the trade, +0.00% of the account)  || resource=srv-daqp02flot8c73ffv6eg instance=srv-daqp02flot8c73ffv6eg-jg2j5
2026-09-30 22:50:29,605 INFO [v33] EXIT half-back QSI 2 @ 1.2100 | entry 1.2299 peak 1.2299 stop 1.2199 | held 54s | P/L -0.04 (-1.62% of the trade, -0.00% of the account)  || resource=srv-daqp02flot8c73ffv6eg instance=srv-daqp02flot8c73ffv6eg-jg2j5
2026-09-30 22:51:28,267 INFO [v33] RE-ENTER PWCM 924 @ 1.1900 = $1100 | stop 1.1600 (2.52% away) | back above the 1.1700 that threw us out  || resource=srv-daqp02flot8c73ffv6eg instance=srv-daqp02flot8c73ffv6eg-jg2j5
2026-09-30 22:51:29,977 INFO [v33] ENTER GOW 209 @ 2.9200 = $610 | stop 2.9100 (0.34% away) | first entry, stop from the bid  || resource=srv-daqp02flot8c73ffv6eg instance=srv-daqp02flot8c73ffv6eg-jg2j5
2026-09-30 22:51:32,753 INFO [v33] EXIT half-back GLUE 79 @ 13.9000 | entry 13.9300 peak 13.9300 stop 13.9161 | held 0s | P/L -2.37 (-0.22% of the trade, -0.01% of the account)  || resource=srv-daqp02flot8c73ffv6eg instance=srv-daqp02flot8c73ffv6eg-jg2j5
2026-09-30 22:51:34,040 INFO [v33] EXIT half-back CHGA 258 @ 2.3200 | entry 2.3400 peak 2.3400 stop 2.3300 | held 0s | P/L -5.16 (-0.85% of the trade, -0.01% of the account)  || resource=srv-daqp02flot8c73ffv6eg instance=srv-daqp02flot8c73ffv6eg-jg2j5
2026-09-30 22:51:50,322 INFO [v32] EXIT stop BURU 578 @ 1.0700 | entry 1.0800 peak 1.0800 stop 1.0700 | held 122s | P/L -5.78 (-0.93% of the trade, -0.03% of the account)  || resource=srv-daqp02flot8c73ffv6eg instance=srv-daqp02flot8c73ffv6eg-jg2j5
2026-09-30 22:51:56,616 INFO [v32] EXIT stop PACB 213 @ 2.3100 | entry 2.3200 peak 2.3100 stop 2.3100 | held 0s | P/L -2.13 (-0.43% of the trade, -0.01% of the account)  || resource=srv-daqp02flot8c73ffv6eg instance=srv-daqp02flot8c73ffv6eg-jg2j5
2026-09-30 22:51:57,639 INFO [v32] RE-ENTER PACB 151 @ 2.3200 = $350 | stop 0.0000 (100.00% away) | day level 0.0000, re-entry at 0.0200  || resource=srv-daqp02flot8c73ffv6eg instance=srv-daqp02flot8c73ffv6eg-jg2j5
2026-09-30 22:51:59,164 INFO [v32] RE-ENTER MSTZ 153 @ 2.7200 = $416 | stop 0.0000 (100.00% away) | day level 0.0000, re-entry at 0.0200  || resource=srv-daqp02flot8c73ffv6eg instance=srv-daqp02flot8c73ffv6eg-jg2j5
2026-09-30 22:52:00,708 INFO [v32] RE-ENTER BURU 416 @ 1.1000 = $458 | stop 1.0700 (2.73% away) | day level 1.0800, re-entry at 1.1000  || resource=srv-daqp02flot8c73ffv6eg instance=srv-daqp02flot8c73ffv6eg-jg2j5
2026-09-30 22:52:03,442 INFO [v32] EXIT stop TLSA 526 @ 1.1000 | entry 1.1100 peak 1.1100 stop 1.1000 | held 0s | P/L -5.26 (-0.90% of the trade, -0.03% of the account)  || resource=srv-daqp02flot8c73ffv6eg instance=srv-daqp02flot8c73ffv6eg-jg2j5
2026-09-30 22:52:04,526 INFO [v33] ENTER PACB 277 @ 2.3100 = $640 | stop 2.2800 (1.30% away) | first entry, stop from the bid  || resource=srv-daqp02flot8c73ffv6eg instance=srv-daqp02flot8c73ffv6eg-jg2j5
2026-09-30 22:52:04,554 INFO [v32] EXIT stop TNON 111 @ 4.0800 | entry 4.0900 peak 4.1200 stop 4.0800 | held 0s | P/L -1.11 (-0.24% of the trade, -0.01% of the account)  || resource=srv-daqp02flot8c73ffv6eg instance=srv-daqp02flot8c73ffv6eg-jg2j5
2026-09-30 22:52:05,942 INFO [v32] RE-ENTER TNON 146 @ 4.0900 = $597 | stop 0.0000 (100.00% away) | day level 0.0000, re-entry at 0.0200  || resource=srv-daqp02flot8c73ffv6eg instance=srv-daqp02flot8c73ffv6eg-jg2j5
2026-09-30 22:52:07,001 INFO [v32] EXIT stop VRME 68 @ 9.1200 | entry 9.1400 peak 9.1386 stop 9.1300 | held 0s | P/L -1.36 (-0.22% of the trade, -0.01% of the account)  || resource=srv-daqp02flot8c73ffv6eg instance=srv-daqp02flot8c73ffv6eg-jg2j5
2026-09-30 22:52:07,530 CRITICAL [v33] PACB STILL HOLDING 1 share(s) after 8 chase attempts - the exit did not complete. This position is unprotected until the next pass.  || resource=srv-daqp02flot8c73ffv6eg instance=srv-daqp02flot8c73ffv6eg-jg2j5
2026-09-30 22:52:07,619 INFO [v33] EXIT half-back PACB 277 @ 2.3140 | entry 2.3100 peak 2.3200 stop 2.3150 | held 3s | P/L +1.11 (+0.17% of the trade, +0.00% of the account)  || resource=srv-daqp02flot8c73ffv6eg instance=srv-daqp02flot8c73ffv6eg-jg2j5
2026-09-30 22:52:09,170 INFO [v33] ENTER LPA 239 @ 3.2800 = $784 | stop 3.2700 (0.30% away) | first entry, stop from the bid  || resource=srv-daqp02flot8c73ffv6eg instance=srv-daqp02flot8c73ffv6eg-jg2j5
2026-09-30 22:52:09,930 INFO [v33] RE-ENTER QSI 487 @ 1.2300 = $599 | stop 1.2000 (2.44% away) | back above the 1.2100 that threw us out  || resource=srv-daqp02flot8c73ffv6eg instance=srv-daqp02flot8c73ffv6eg-jg2j5
2026-09-30 22:52:11,463 INFO [v33] RE-ENTER BURU 682 @ 1.1100 = $757 | stop 1.0710 (3.51% away) | back above the 1.0810 that threw us out  || resource=srv-daqp02flot8c73ffv6eg instance=srv-daqp02flot8c73ffv6eg-jg2j5
2026-09-30 22:52:14,285 INFO [v33] EXIT half-back BURU 682 @ 1.1150 | entry 0.0000 peak 0.0000 stop 0.0000 | held 3s | P/L +0.00 (+0.00% of the trade, +0.00% of the account)  || resource=srv-daqp02flot8c73ffv6eg instance=srv-daqp02flot8c73ffv6eg-jg2j5
2026-09-30 22:52:17,813 INFO [v33] EXIT half-back TNON 176 @ 4.1000 | entry 4.0900 peak 4.1200 stop 4.1050 | held 0s | P/L +1.76 (+0.24% of the trade, +0.00% of the account)  || resource=srv-daqp02flot8c73ffv6eg instance=srv-daqp02flot8c73ffv6eg-jg2j5
2026-09-30 22:52:18,734 INFO [v33] ENTER TLSA 545 @ 1.1000 = $600 | stop 1.0900 (0.91% away) | first entry, stop from the bid  || resource=srv-daqp02flot8c73ffv6eg instance=srv-daqp02flot8c73ffv6eg-jg2j5
2026-09-30 22:52:19,839 INFO [v33] ENTER VRME 65 @ 9.1200 = $593 | stop 8.7300 (4.28% away) | first entry, stop from the bid  || resource=srv-daqp02flot8c73ffv6eg instance=srv-daqp02flot8c73ffv6eg-jg2j5
2026-09-30 22:52:22,609 INFO [v33] EXIT half-back XRPN 90 @ 17.9900 | entry 17.7000 peak 18.2900 stop 17.9950 | held 161s | P/L +26.10 (+1.64% of the trade, +0.06% of the account)  || resource=srv-daqp02flot8c73ffv6eg instance=srv-daqp02flot8c73ffv6eg-jg2j5
2026-09-30 22:52:26,632 INFO [v33] EXIT half-back PWCM 925 @ 1.1901 | entry 1.1900 peak 1.2000 stop 1.1950 | held 58s | P/L +0.09 (+0.01% of the trade, +0.00% of the account)  || resource=srv-daqp02flot8c73ffv6eg instance=srv-daqp02flot8c73ffv6eg-jg2j5
2026-09-30 22:52:33,421 INFO [v32] EXIT stop CHGA 154 @ 2.2800 | entry 2.2900 peak 2.3200 stop 2.2800 | held 0s | P/L -1.54 (-0.44% of the trade, -0.01% of the account)  || resource=srv-daqp02flot8c73ffv6eg instance=srv-daqp02flot8c73ffv6eg-jg2j5
2026-09-30 22:52:37,727 INFO [v33] RE-ENTER XRPN 32 @ 18.2500 = $584 | stop 17.9720 (1.52% away) | back above the 17.9900 that threw us out  || resource=srv-daqp02flot8c73ffv6eg instance=srv-daqp02flot8c73ffv6eg-jg2j5
2026-09-30 22:52:45,377 INFO [v32] RE-ENTER CHGA 196 @ 2.2800 = $447 | stop 0.0000 (100.00% away) | day level 0.0000, re-entry at 0.0200  || resource=srv-daqp02flot8c73ffv6eg instance=srv-daqp02flot8c73ffv6eg-jg2j5
2026-09-30 22:53:18,385 INFO [v33] ENTER MNKD 163 @ 3.9300 = $641 | stop 3.9200 (0.25% away) | first entry, stop from the bid  || resource=srv-daqp02flot8c73ffv6eg instance=srv-daqp02flot8c73ffv6eg-jg2j5
2026-09-30 22:53:19,583 INFO [v33] EXIT half-back MSGY 154 @ 5.5600 | entry 5.6000 peak 5.6000 stop 5.5900 | held 0s | P/L -6.16 (-0.71% of the trade, -0.01% of the account)  || resource=srv-daqp02flot8c73ffv6eg instance=srv-daqp02flot8c73ffv6eg-jg2j5
2026-09-30 22:53:20,693 INFO [v32] EXIT stop MNKD 176 @ 3.9300 | entry 3.9400 peak 3.9301 stop 3.9300 | held 0s | P/L -1.76 (-0.25% of the trade, -0.01% of the account)  || resource=srv-daqp02flot8c73ffv6eg instance=srv-daqp02flot8c73ffv6eg-jg2j5
2026-09-30 22:53:21,909 INFO [v32] RE-ENTER MNKD 102 @ 3.9400 = $402 | stop 0.0000 (100.00% away) | day level 0.0000, re-entry at 0.0200  || resource=srv-daqp02flot8c73ffv6eg instance=srv-daqp02flot8c73ffv6eg-jg2j5
2026-09-30 22:53:24,537 INFO [v32] EXIT stop MSGY 67 @ 5.5600 | entry 5.6000 peak 5.5500 stop 5.5900 | held 0s | P/L -2.68 (-0.71% of the trade, -0.02% of the account)  || resource=srv-daqp02flot8c73ffv6eg instance=srv-daqp02flot8c73ffv6eg-jg2j5
2026-09-30 22:53:33,434 INFO [v33] EXIT half-back GOW 260 @ 2.9200 | entry 2.9200 peak 2.9300 stop 2.9250 | held 123s | P/L +0.00 (+0.00% of the trade, +0.00% of the account)  || resource=srv-daqp02flot8c73ffv6eg instance=srv-daqp02flot8c73ffv6eg-jg2j5
2026-09-30 22:53:38,243 INFO [v33] ENTER DXST 351 @ 2.4400 = $856 | stop 2.4200 (0.82% away) | first entry, stop from the bid  || resource=srv-daqp02flot8c73ffv6eg instance=srv-daqp02flot8c73ffv6eg-jg2j5
2026-09-30 22:53:38,259 INFO [v32] ENTER DXST 148 @ 2.4400 = $361 | stop 2.4200 (0.82% away) | day level 2.4400, re-entry at 2.4600  || resource=srv-daqp02flot8c73ffv6eg instance=srv-daqp02flot8c73ffv6eg-jg2j5
2026-09-30 22:54:09,517 INFO [v33] EXIT half-back CMCT 212 @ 2.8331 | entry 2.8300 peak 2.8490 stop 2.8395 | held 0s | P/L +0.66 (+0.11% of the trade, +0.00% of the account)  || resource=srv-daqp02flot8c73ffv6eg instance=srv-daqp02flot8c73ffv6eg-jg2j5
2026-09-30 22:54:31,132 INFO [v33] EXIT half-back TLSA 545 @ 1.1000 | entry 1.1000 peak 1.1010 stop 1.1005 | held 132s | P/L +0.00 (+0.00% of the trade, +0.00% of the account)  || resource=srv-daqp02flot8c73ffv6eg instance=srv-daqp02flot8c73ffv6eg-jg2j5
2026-09-30 22:54:31,757 INFO [v32] RE-ENTER TLSA 376 @ 1.1010 = $414 | stop 0.0000 (100.00% away) | day level 0.0000, re-entry at 0.0200  || resource=srv-daqp02flot8c73ffv6eg instance=srv-daqp02flot8c73ffv6eg-jg2j5
2026-09-30 22:54:36,465 INFO [v33] RE-ENTER TNON 144 @ 4.1500 = $598 | stop 4.0900 (1.45% away) | back above the 4.1000 that threw us out  || resource=srv-daqp02flot8c73ffv6eg instance=srv-daqp02flot8c73ffv6eg-jg2j5
2026-09-30 22:54:42,971 INFO [v33] EXIT half-back TNON 144 @ 4.1400 | entry 4.1500 peak 4.1600 stop 4.1550 | held 6s | P/L -1.44 (-0.24% of the trade, -0.00% of the account)  || resource=srv-daqp02flot8c73ffv6eg instance=srv-daqp02flot8c73ffv6eg-jg2j5
2026-09-30 22:54:46,255 INFO [v33] RE-ENTER GOW 202 @ 2.9600 = $598 | stop 2.9100 (1.69% away) | back above the 2.9200 that threw us out  || resource=srv-daqp02flot8c73ffv6eg instance=srv-daqp02flot8c73ffv6eg-jg2j5
2026-09-30 22:55:09,869 INFO [v32] ENTER SMST 26 @ 13.3379 = $347 | stop 13.3067 (0.23% away) | day level 13.3379, re-entry at 13.3579  || resource=srv-daqp02flot8c73ffv6eg instance=srv-daqp02flot8c73ffv6eg-jg2j5
2026-09-30 22:55:10,706 INFO [v33] ENTER SMST 49 @ 13.3379 = $654 | stop 13.3067 (0.23% away) | first entry, stop from the bid  || resource=srv-daqp02flot8c73ffv6eg instance=srv-daqp02flot8c73ffv6eg-jg2j5
2026-09-30 22:55:21,832 INFO [v32] EXIT stop TGE 254 @ 1.5600 | entry 1.5700 peak 1.6003 stop 1.5600 | held 0s | P/L -2.54 (-0.64% of the trade, -0.01% of the account)  || resource=srv-daqp02flot8c73ffv6eg instance=srv-daqp02flot8c73ffv6eg-jg2j5
2026-09-30 22:55:22,843 INFO [v32] RE-ENTER TGE 225 @ 1.5600 = $351 | stop 0.0000 (100.00% away) | day level 0.0000, re-entry at 0.0200  || resource=srv-daqp02flot8c73ffv6eg instance=srv-daqp02flot8c73ffv6eg-jg2j5
2026-09-30 22:55:55,173 INFO [v32] EXIT stop BURU 437 @ 1.0700 | entry 1.1000 peak 1.1000 stop 1.0700 | held 234s | P/L -13.11 (-2.73% of the trade, -0.07% of the account)  || resource=srv-daqp02flot8c73ffv6eg instance=srv-daqp02flot8c73ffv6eg-jg2j5
2026-09-30 22:56:01,393 INFO [v33] EXIT half-back PACB 1 @ 2.3000 | entry 2.3200 peak 2.3200 stop 2.3100 | held 237s | P/L -0.02 (-0.86% of the trade, -0.00% of the account)  || resource=srv-daqp02flot8c73ffv6eg instance=srv-daqp02flot8c73ffv6eg-jg2j5
2026-09-30 22:56:12,139 INFO [v33] EXIT half-back GOW 202 @ 2.9000 | entry 2.9600 peak 2.9600 stop 2.9100 | held 86s | P/L -12.12 (-2.03% of the trade, -0.03% of the account)  || resource=srv-daqp02flot8c73ffv6eg instance=srv-daqp02flot8c73ffv6eg-jg2j5
2026-09-30 22:56:13,658 INFO [v33] RE-ENTER GOW 213 @ 2.9200 = $622 | stop 2.8900 (1.03% away) | back above the 2.9000 that threw us out  || resource=srv-daqp02flot8c73ffv6eg instance=srv-daqp02flot8c73ffv6eg-jg2j5
2026-09-30 22:56:14,351 INFO [v32] EXIT stop GOW 123 @ 2.9000 | entry 2.9200 peak 2.9200 stop 2.9100 | held 0s | P/L -2.46 (-0.68% of the trade, -0.01% of the account)  || resource=srv-daqp02flot8c73ffv6eg instance=srv-daqp02flot8c73ffv6eg-jg2j5
2026-09-30 22:56:17,250 INFO [v33] EXIT half-back XRPN 32 @ 17.5300 | entry 18.2500 peak 18.2500 stop 17.9720 | held 219s | P/L -23.04 (-3.95% of the trade, -0.05% of the account)  || resource=srv-daqp02flot8c73ffv6eg instance=srv-daqp02flot8c73ffv6eg-jg2j5
2026-09-30 22:56:28,542 INFO [v33] EXIT half-back GLND 183 @ 5.1200 | entry 5.1100 peak 5.1300 stop 5.1200 | held 423s | P/L +1.83 (+0.20% of the trade, +0.00% of the account)  || resource=srv-daqp02flot8c73ffv6eg instance=srv-daqp02flot8c73ffv6eg-jg2j5
2026-09-30 22:56:34,542 INFO [v33] ENTER XOS 190 @ 3.1500 = $598 | stop 3.1000 (1.59% away) | first entry, stop from the bid  || resource=srv-daqp02flot8c73ffv6eg instance=srv-daqp02flot8c73ffv6eg-jg2j5
2026-09-30 22:56:39,961 INFO [v33] EXIT half-back LPA 262 @ 3.2700 | entry 3.2800 peak 3.2800 stop 3.2700 | held 271s | P/L -2.62 (-0.30% of the trade, -0.01% of the account)  || resource=srv-daqp02flot8c73ffv6eg instance=srv-daqp02flot8c73ffv6eg-jg2j5
2026-09-30 22:56:44,417 INFO [v32] RE-ENTER GOW 189 @ 2.9200 = $552 | stop 0.0000 (100.00% away) | day level 0.0000, re-entry at 0.0200  || resource=srv-daqp02flot8c73ffv6eg instance=srv-daqp02flot8c73ffv6eg-jg2j5
2026-09-30 22:56:45,422 INFO [v32] ENTER XOS 111 @ 3.1500 = $350 | stop 3.1000 (1.59% away) | day level 3.1500, re-entry at 3.1700  || resource=srv-daqp02flot8c73ffv6eg instance=srv-daqp02flot8c73ffv6eg-jg2j5
2026-09-30 22:56:45,534 INFO [v33] RE-ENTER PACB 258 @ 2.3200 = $599 | stop 2.2900 (1.29% away) | back above the 2.3000 that threw us out  || resource=srv-daqp02flot8c73ffv6eg instance=srv-daqp02flot8c73ffv6eg-jg2j5
2026-09-30 22:56:47,894 INFO [v32] EXIT stop LPA 107 @ 3.2700 | entry 3.2800 peak 3.2800 stop 3.2700 | held 0s | P/L -1.07 (-0.30% of the trade, -0.01% of the account)  || resource=srv-daqp02flot8c73ffv6eg instance=srv-daqp02flot8c73ffv6eg-jg2j5
2026-09-30 22:56:49,419 INFO [v32] RE-ENTER LPA 123 @ 3.2740 = $403 | stop 0.0000 (100.00% away) | day level 0.0000, re-entry at 0.0200  || resource=srv-daqp02flot8c73ffv6eg instance=srv-daqp02flot8c73ffv6eg-jg2j5
2026-09-30 22:57:07,073 INFO [v33] ENTER ANNA 205 @ 2.9200 = $599 | stop 2.5900 (11.30% away) | first entry, stop from the bid  || resource=srv-daqp02flot8c73ffv6eg instance=srv-daqp02flot8c73ffv6eg-jg2j5
2026-09-30 22:57:07,969 INFO [v32] ENTER ANNA 128 @ 2.9200 = $374 | stop 2.5900 (11.30% away) | day level 2.9200, re-entry at 2.9400  || resource=srv-daqp02flot8c73ffv6eg instance=srv-daqp02flot8c73ffv6eg-jg2j5
2026-09-30 22:57:12,222 INFO [v33] RE-ENTER TNON 144 @ 4.1600 = $599 | stop 4.1300 (0.72% away) | back above the 4.1400 that threw us out  || resource=srv-daqp02flot8c73ffv6eg instance=srv-daqp02flot8c73ffv6eg-jg2j5
2026-09-30 22:57:53,561 INFO [v33] RE-ENTER XRPN 37 @ 17.5600 = $650 | stop 17.5125 (0.27% away) | back above the 17.5300 that threw us out  || resource=srv-daqp02flot8c73ffv6eg instance=srv-daqp02flot8c73ffv6eg-jg2j5
2026-09-30 22:58:03,060 INFO [v33] RE-ENTER LPA 314 @ 3.2900 = $1033 | stop 3.2600 (0.91% away) | back above the 3.2700 that threw us out  || resource=srv-daqp02flot8c73ffv6eg instance=srv-daqp02flot8c73ffv6eg-jg2j5
2026-09-30 22:58:05,957 INFO [v33] EXIT half-back TNON 144 @ 4.1600 | entry 4.1600 peak 4.1700 stop 4.1650 | held 54s | P/L +0.00 (+0.00% of the trade, +0.00% of the account)  || resource=srv-daqp02flot8c73ffv6eg instance=srv-daqp02flot8c73ffv6eg-jg2j5
2026-09-30 22:58:31,334 INFO [v32] RE-ENTER MSGY 63 @ 5.5700 = $351 | stop 0.0000 (100.00% away) | day level 0.0000, re-entry at 0.0200  || resource=srv-daqp02flot8c73ffv6eg instance=srv-daqp02flot8c73ffv6eg-jg2j5
2026-09-30 22:58:49,246 INFO [v33] EXIT half-back GOW 215 @ 2.9401 | entry 2.9200 peak 2.9700 stop 2.9450 | held 156s | P/L +4.32 (+0.69% of the trade, +0.01% of the account)  || resource=srv-daqp02flot8c73ffv6eg instance=srv-daqp02flot8c73ffv6eg-jg2j5
2026-09-30 22:59:17,940 INFO [v32] EXIT dead-tape ABLV 321 @ 2.0000 | entry 2.0000 peak 2.0000 stop 1.9900 | held 0s | P/L +0.00 (+0.00% of the trade, +0.00% of the account)  || resource=srv-daqp02flot8c73ffv6eg instance=srv-daqp02flot8c73ffv6eg-jg2j5
2026-09-30 22:59:21,901 INFO [v32] EXIT dead-tape DMRC 60 @ 5.8300 | entry 5.9900 peak 5.8300 stop 5.9800 | held 0s | P/L -9.60 (-2.67% of the trade, -0.05% of the account)  || resource=srv-daqp02flot8c73ffv6eg instance=srv-daqp02flot8c73ffv6eg-jg2j5
2026-09-30 22:59:23,325 INFO [v32] EXIT dead-tape LVO 210 @ 2.6400 | entry 2.6900 peak 2.6400 stop 2.6800 | held 0s | P/L -10.50 (-1.86% of the trade, -0.06% of the account)  || resource=srv-daqp02flot8c73ffv6eg instance=srv-daqp02flot8c73ffv6eg-jg2j5
2026-09-30 22:59:26,041 INFO [v32] EXIT dead-tape TORO 119 @ 5.6400 | entry 5.6500 peak 5.6400 stop 5.6400 | held 0s | P/L -1.19 (-0.18% of the trade, -0.01% of the account)  || resource=srv-daqp02flot8c73ffv6eg instance=srv-daqp02flot8c73ffv6eg-jg2j5
2026-09-30 22:59:34,237 INFO [v33] EXIT half-back XRPN 49 @ 17.5000 | entry 17.5600 peak 17.5761 stop 17.5680 | held 101s | P/L -2.94 (-0.34% of the trade, -0.01% of the account)  || resource=srv-daqp02flot8c73ffv6eg instance=srv-daqp02flot8c73ffv6eg-jg2j5
2026-09-30 23:00:04,424 INFO [v33] EXIT half-back LPA 348 @ 3.2800 | entry 3.2900 peak 3.3100 stop 3.3000 | held 121s | P/L -3.48 (-0.30% of the trade, -0.01% of the account)  || resource=srv-daqp02flot8c73ffv6eg instance=srv-daqp02flot8c73ffv6eg-jg2j5
2026-09-30 23:00:12,478 INFO [v33] EXIT half-back QSI 487 @ 1.2300 | entry 1.2300 peak 1.2350 stop 1.2325 | held 482s | P/L +0.00 (+0.00% of the trade, +0.00% of the account)  || resource=srv-daqp02flot8c73ffv6eg instance=srv-daqp02flot8c73ffv6eg-jg2j5
2026-09-30 23:00:13,282 INFO [v32] end of day - flattening.  || resource=srv-daqp02flot8c73ffv6eg instance=srv-daqp02flot8c73ffv6eg-jg2j5
2026-09-30 23:00:14,361 INFO [v33] RE-ENTER GOW 204 @ 2.9700 = $606 | stop 2.9301 (1.34% away) | back above the 2.9401 that threw us out  || resource=srv-daqp02flot8c73ffv6eg instance=srv-daqp02flot8c73ffv6eg-jg2j5
2026-09-30 23:00:15,906 INFO [v32] EXIT end-of-day BEZ 73 @ 4.8300 | entry 4.8200 peak 4.8110 stop 4.8100 | held 0s | P/L +0.73 (+0.21% of the trade, +0.00% of the account)  || resource=srv-daqp02flot8c73ffv6eg instance=srv-daqp02flot8c73ffv6eg-jg2j5
2026-09-30 23:00:17,318 INFO [v32] EXIT end-of-day CHGA 304 @ 2.2900 | entry 2.2800 peak 2.2800 stop 0.0000 | held 452s | P/L +3.04 (+0.44% of the trade, +0.02% of the account)  || resource=srv-daqp02flot8c73ffv6eg instance=srv-daqp02flot8c73ffv6eg-jg2j5
2026-09-30 23:00:17,571 INFO [v32] EXIT stop EGG 73 @ 4.7100 | entry 4.8100 peak 4.8000 stop 4.8000 | held 0s | P/L -7.30 (-2.08% of the trade, -0.04% of the account)  || resource=srv-daqp02flot8c73ffv6eg instance=srv-daqp02flot8c73ffv6eg-jg2j5
2026-09-30 23:00:17,631 INFO [v33] EXIT half-back EGG 125 @ 4.7100 | entry 4.8100 peak 4.8100 stop 4.8000 | held 0s | P/L -12.50 (-2.08% of the trade, -0.03% of the account)  || resource=srv-daqp02flot8c73ffv6eg instance=srv-daqp02flot8c73ffv6eg-jg2j5
2026-09-30 23:00:19,695 INFO [v32] EXIT end-of-day CMCT 151 @ 2.8300 | entry 2.8200 peak 2.8499 stop 2.8100 | held 0s | P/L +1.51 (+0.35% of the trade, +0.01% of the account)  || resource=srv-daqp02flot8c73ffv6eg instance=srv-daqp02flot8c73ffv6eg-jg2j5
2026-09-30 23:00:21,108 INFO [v32] EXIT end-of-day CVM 170 @ 2.0900 | entry 2.0900 peak 2.0900 stop 2.0800 | held 0s | P/L +0.00 (+0.00% of the trade, +0.00% of the account)  || resource=srv-daqp02flot8c73ffv6eg instance=srv-daqp02flot8c73ffv6eg-jg2j5
2026-09-30 23:00:21,689 INFO [v33] EXIT half-back GOW 204 @ 2.9300 | entry 2.9700 peak 2.9700 stop 2.9301 | held 7s | P/L -8.16 (-1.35% of the trade, -0.02% of the account)  || resource=srv-daqp02flot8c73ffv6eg instance=srv-daqp02flot8c73ffv6eg-jg2j5
2026-09-30 23:00:22,435 INFO [v32] EXIT end-of-day GLND 72 @ 5.1120 | entry 5.0400 peak 5.1100 stop 5.0300 | held 0s | P/L +5.18 (+1.43% of the trade, +0.03% of the account)  || resource=srv-daqp02flot8c73ffv6eg instance=srv-daqp02flot8c73ffv6eg-jg2j5
2026-09-30 23:00:23,355 INFO [v33] RE-ENTER GOW 386 @ 2.9700 = $1146 | stop 2.9200 (1.68% away) | back above the 2.9300 that threw us out  || resource=srv-daqp02flot8c73ffv6eg instance=srv-daqp02flot8c73ffv6eg-jg2j5
2026-09-30 23:00:27,287 INFO [v32] EXIT end-of-day GLUE 27 @ 13.8000 | entry 13.2500 peak 13.8900 stop 13.2368 | held 0s | P/L +14.85 (+4.15% of the trade, +0.09% of the account)  || resource=srv-daqp02flot8c73ffv6eg instance=srv-daqp02flot8c73ffv6eg-jg2j5
2026-09-30 23:00:28,017 INFO [v33] RE-ENTER CMCT 209 @ 2.8600 = $598 | stop 2.8231 (1.29% away) | back above the 2.8331 that threw us out  || resource=srv-daqp02flot8c73ffv6eg instance=srv-daqp02flot8c73ffv6eg-jg2j5
2026-09-30 23:00:28,605 INFO [v32] EXIT end-of-day GOW 208 @ 2.9700 | entry 2.9200 peak 2.9200 stop 0.0000 | held 224s | P/L +10.40 (+1.71% of the trade, +0.06% of the account)  || resource=srv-daqp02flot8c73ffv6eg instance=srv-daqp02flot8c73ffv6eg-jg2j5
2026-09-30 23:00:28,856 INFO [v32] RE-ENTER CMCT 201 @ 2.8600 = $575 | stop 0.0000 (100.00% away) | day level 0.0000, re-entry at 0.0200  || resource=srv-daqp02flot8c73ffv6eg instance=srv-daqp02flot8c73ffv6eg-jg2j5
2026-09-30 23:00:32,379 INFO [v32] EXIT end-of-day LPA 126 @ 3.2800 | entry 3.2740 peak 3.2740 stop 0.0000 | held 223s | P/L +0.76 (+0.18% of the trade, +0.00% of the account)  || resource=srv-daqp02flot8c73ffv6eg instance=srv-daqp02flot8c73ffv6eg-jg2j5
2026-09-30 23:00:33,678 INFO [v32] EXIT end-of-day MNKD 154 @ 3.9400 | entry 3.9400 peak 3.9400 stop 0.0000 | held 432s | P/L +0.00 (+0.00% of the trade, +0.00% of the account)  || resource=srv-daqp02flot8c73ffv6eg instance=srv-daqp02flot8c73ffv6eg-jg2j5
2026-09-30 23:00:37,669 INFO [v32] EXIT end-of-day MSGY 63 @ 5.5700 | entry 5.5700 peak 5.5700 stop 0.0000 | held 126s | P/L +0.00 (+0.00% of the trade, +0.00% of the account)  || resource=srv-daqp02flot8c73ffv6eg instance=srv-daqp02flot8c73ffv6eg-jg2j5
2026-09-30 23:00:41,883 INFO [v32] EXIT end-of-day MSTZ 192 @ 2.7202 | entry 2.7200 peak 2.7200 stop 0.0000 | held 523s | P/L +0.04 (+0.01% of the trade, +0.00% of the account)  || resource=srv-daqp02flot8c73ffv6eg instance=srv-daqp02flot8c73ffv6eg-jg2j5
2026-09-30 23:00:46,054 INFO [v32] EXIT end-of-day PWCM 356 @ 1.1800 | entry 1.1701 peak 1.1701 stop 0.0000 | held 652s | P/L +3.52 (+0.85% of the trade, +0.02% of the account)  || resource=srv-daqp02flot8c73ffv6eg instance=srv-daqp02flot8c73ffv6eg-jg2j5
2026-09-30 23:00:48,591 INFO [v32] EXIT end-of-day QSI 404 @ 1.2302 | entry 1.2100 peak 1.2300 stop 1.2000 | held 0s | P/L +8.16 (+1.67% of the trade, +0.05% of the account)  || resource=srv-daqp02flot8c73ffv6eg instance=srv-daqp02flot8c73ffv6eg-jg2j5
2026-09-30 23:00:49,574 INFO [v32] EXIT end-of-day TGE 225 @ 1.5400 | entry 1.5600 peak 1.5600 stop 0.0000 | held 327s | P/L -4.50 (-1.28% of the trade, -0.03% of the account)  || resource=srv-daqp02flot8c73ffv6eg instance=srv-daqp02flot8c73ffv6eg-jg2j5
2026-09-30 23:00:51,661 INFO [v32] EXIT end-of-day TLSA 376 @ 1.1000 | entry 1.1010 peak 1.1010 stop 0.0000 | held 380s | P/L -0.38 (-0.09% of the trade, -0.00% of the account)  || resource=srv-daqp02flot8c73ffv6eg instance=srv-daqp02flot8c73ffv6eg-jg2j5
2026-09-30 23:00:52,919 INFO [v32] EXIT end-of-day TNON 147 @ 4.1694 | entry 4.0900 peak 4.0900 stop 0.0000 | held 527s | P/L +11.67 (+1.94% of the trade, +0.07% of the account)  || resource=srv-daqp02flot8c73ffv6eg instance=srv-daqp02flot8c73ffv6eg-jg2j5
2026-09-30 23:00:54,221 INFO [v32] EXIT end-of-day VIOT 283 @ 1.7898 | entry 1.7900 peak 1.7500 stop 1.7800 | held 0s | P/L -0.06 (-0.01% of the trade, -0.00% of the account)  || resource=srv-daqp02flot8c73ffv6eg instance=srv-daqp02flot8c73ffv6eg-jg2j5
2026-09-30 23:01:07,366 INFO [v32] EXIT end-of-day XRPN 33 @ 17.4600 | entry 17.0000 peak 17.7000 stop 16.9830 | held 0s | P/L +15.18 (+2.71% of the trade, +0.09% of the account)  || resource=srv-daqp02flot8c73ffv6eg instance=srv-daqp02flot8c73ffv6eg-jg2j5
2026-09-30 23:01:11,476 INFO [v33] EXIT half-back VIOT 379 @ 1.7501 | entry 1.7900 peak 1.7900 stop 1.7800 | held 0s | P/L -15.12 (-2.23% of the trade, -0.03% of the account)  || resource=srv-daqp02flot8c73ffv6eg instance=srv-daqp02flot8c73ffv6eg-jg2j5
2026-09-30 23:01:14,639 INFO [v32] EXIT end-of-day SMST 26 @ 13.3379 | entry 13.3379 peak 13.3379 stop 13.3067 | held 365s | P/L +0.00 (+0.00% of the trade, +0.00% of the account)  || resource=srv-daqp02flot8c73ffv6eg instance=srv-daqp02flot8c73ffv6eg-jg2j5
2026-09-30 23:01:18,108 INFO [v33] EXIT half-back CMCT 209 @ 2.8599 | entry 2.8600 peak 2.8700 stop 2.8650 | held 50s | P/L -0.02 (-0.00% of the trade, -0.00% of the account)  || resource=srv-daqp02flot8c73ffv6eg instance=srv-daqp02flot8c73ffv6eg-jg2j5
2026-09-30 23:01:18,941 INFO [v32] EXIT end-of-day PACB 151 @ 2.3200 | entry 0.0000 peak 0.0000 stop 0.0000 | held 561s | P/L +0.00 (+0.00% of the trade, +0.00% of the account)  || resource=srv-daqp02flot8c73ffv6eg instance=srv-daqp02flot8c73ffv6eg-jg2j5
2026-09-30 23:01:28,782 INFO [v32] EXIT end-of-day DXST 182 @ 2.4400 | entry 2.4400 peak 2.4400 stop 2.4200 | held 470s | P/L +0.00 (+0.00% of the trade, +0.00% of the account)  || resource=srv-daqp02flot8c73ffv6eg instance=srv-daqp02flot8c73ffv6eg-jg2j5
2026-09-30 23:01:34,461 INFO [v33] RE-ENTER TNON 148 @ 4.1800 = $619 | stop 4.1500 (0.72% away) | back above the 4.1600 that threw us out  || resource=srv-daqp02flot8c73ffv6eg instance=srv-daqp02flot8c73ffv6eg-jg2j5
2026-09-30 23:01:37,092 INFO [v32] EXIT end-of-day XOS 111 @ 3.1500 | entry 3.1500 peak 3.1500 stop 3.1000 | held 292s | P/L +0.00 (+0.00% of the trade, +0.00% of the account)  || resource=srv-daqp02flot8c73ffv6eg instance=srv-daqp02flot8c73ffv6eg-jg2j5
2026-09-30 23:01:40,350 CRITICAL [v33] TNON STILL HOLDING 8 share(s) after 8 chase attempts - the exit did not complete. This position is unprotected until the next pass.  || resource=srv-daqp02flot8c73ffv6eg instance=srv-daqp02flot8c73ffv6eg-jg2j5
2026-09-30 23:01:40,421 INFO [v33] EXIT half-back TNON 148 @ 4.1950 | entry 4.1800 peak 4.2200 stop 4.2000 | held 6s | P/L +2.22 (+0.36% of the trade, +0.00% of the account)  || resource=srv-daqp02flot8c73ffv6eg instance=srv-daqp02flot8c73ffv6eg-jg2j5
2026-09-30 23:01:40,540 INFO [v32] RE-ENTER TGE 228 @ 1.5450 = $352 | stop 0.0000 (100.00% away) | day level 0.0000, re-entry at 0.0200  || resource=srv-daqp02flot8c73ffv6eg instance=srv-daqp02flot8c73ffv6eg-jg2j5
2026-09-30 23:01:41,146 INFO [v32] EXIT end-of-day ANNA 128 @ 2.9200 | entry 2.9200 peak 2.9200 stop 2.5900 | held 273s | P/L +0.00 (+0.00% of the trade, +0.00% of the account)  || resource=srv-daqp02flot8c73ffv6eg instance=srv-daqp02flot8c73ffv6eg-jg2j5
2026-09-30 23:01:41,146 INFO [v33] end of day - flattening.  || resource=srv-daqp02flot8c73ffv6eg instance=srv-daqp02flot8c73ffv6eg-jg2j5
2026-09-30 23:01:41,273 INFO [v32] RE-ENTER QSI 285 @ 1.2350 = $352 | stop 0.0000 (100.00% away) | day level 0.0000, re-entry at 0.0200  || resource=srv-daqp02flot8c73ffv6eg instance=srv-daqp02flot8c73ffv6eg-jg2j5
2026-09-30 23:01:42,026 INFO [v33] EXIT end-of-day BEZ 124 @ 4.8300 | entry 4.8200 peak 4.8398 stop 4.8299 | held 0s | P/L +1.24 (+0.21% of the trade, +0.00% of the account)  || resource=srv-daqp02flot8c73ffv6eg instance=srv-daqp02flot8c73ffv6eg-jg2j5
2026-09-30 23:01:43,362 INFO [v33] EXIT end-of-day CVM 389 @ 2.0900 | entry 2.0900 peak 2.0900 stop 2.0800 | held 0s | P/L +0.00 (+0.00% of the trade, +0.00% of the account)  || resource=srv-daqp02flot8c73ffv6eg instance=srv-daqp02flot8c73ffv6eg-jg2j5
2026-09-30 23:01:46,324 INFO [v32] RE-ENTER CHGA 239 @ 2.3000 = $550 | stop 0.0000 (100.00% away) | day level 0.0000, re-entry at 0.0200  || resource=srv-daqp02flot8c73ffv6eg instance=srv-daqp02flot8c73ffv6eg-jg2j5
2026-09-30 23:01:47,319 INFO [v32] RE-ENTER LPA 107 @ 3.2800 = $351 | stop 0.0000 (100.00% away) | day level 0.0000, re-entry at 0.0200  || resource=srv-daqp02flot8c73ffv6eg instance=srv-daqp02flot8c73ffv6eg-jg2j5
2026-09-30 23:01:47,643 INFO [v33] RE-ENTER TNON 222 @ 4.2400 = $941 | stop 4.1850 (1.30% away) | back above the 4.1950 that threw us out  || resource=srv-daqp02flot8c73ffv6eg instance=srv-daqp02flot8c73ffv6eg-jg2j5
2026-09-30 23:01:49,645 INFO [v33] EXIT end-of-day MNKD 171 @ 3.9400 | entry 3.9300 peak 3.9400 stop 3.9350 | held 511s | P/L +1.71 (+0.25% of the trade, +0.00% of the account)  || resource=srv-daqp02flot8c73ffv6eg instance=srv-daqp02flot8c73ffv6eg-jg2j5
2026-09-30 23:01:50,951 INFO [v33] EXIT end-of-day SMST 78 @ 13.3379 | entry 13.3379 peak 13.3379 stop 13.3067 | held 400s | P/L +0.00 (+0.00% of the trade, +0.00% of the account)  || resource=srv-daqp02flot8c73ffv6eg instance=srv-daqp02flot8c73ffv6eg-jg2j5
2026-09-30 23:01:51,909 INFO [v32] RE-ENTER PWCM 301 @ 1.1797 = $355 | stop 0.0000 (100.00% away) | day level 0.0000, re-entry at 0.0200  || resource=srv-daqp02flot8c73ffv6eg instance=srv-daqp02flot8c73ffv6eg-jg2j5
2026-09-30 23:01:52,184 INFO [v33] EXIT end-of-day PACB 258 @ 2.3200 | entry 2.3200 peak 2.3200 stop 2.2900 | held 307s | P/L +0.00 (+0.00% of the trade, +0.00% of the account)  || resource=srv-daqp02flot8c73ffv6eg instance=srv-daqp02flot8c73ffv6eg-jg2j5
2026-09-30 23:01:53,441 INFO [v32] RE-ENTER TNON 163 @ 4.1700 = $680 | stop 0.0000 (100.00% away) | day level 0.0000, re-entry at 0.0200  || resource=srv-daqp02flot8c73ffv6eg instance=srv-daqp02flot8c73ffv6eg-jg2j5
2026-09-30 23:01:57,505 INFO [v33] EXIT end-of-day GOW 386 @ 2.9500 | entry 2.9700 peak 2.9700 stop 2.9200 | held 94s | P/L -7.72 (-0.67% of the trade, -0.02% of the account)  || resource=srv-daqp02flot8c73ffv6eg instance=srv-daqp02flot8c73ffv6eg-jg2j5
2026-09-30 23:01:58,040 INFO [v32] RE-ENTER VIOT 351 @ 1.7501 = $614 | stop 0.0000 (100.00% away) | day level 0.0000, re-entry at 0.0200  || resource=srv-daqp02flot8c73ffv6eg instance=srv-daqp02flot8c73ffv6eg-jg2j5
2026-09-30 23:02:00,009 INFO [v32] RE-ENTER GLUE 43 @ 13.9000 = $598 | stop 0.0000 (100.00% away) | day level 0.0000, re-entry at 0.0200  || resource=srv-daqp02flot8c73ffv6eg instance=srv-daqp02flot8c73ffv6eg-jg2j5
2026-09-30 23:02:00,036 INFO [v33] EXIT end-of-day VRME 65 @ 9.1200 | entry 9.1200 peak 9.1200 stop 8.7300 | held 580s | P/L +0.00 (+0.00% of the trade, +0.00% of the account)  || resource=srv-daqp02flot8c73ffv6eg instance=srv-daqp02flot8c73ffv6eg-jg2j5
2026-09-30 23:02:00,813 INFO [v32] RE-ENTER MSTZ 129 @ 2.7250 = $352 | stop 0.0000 (100.00% away) | day level 0.0000, re-entry at 0.0200  || resource=srv-daqp02flot8c73ffv6eg instance=srv-daqp02flot8c73ffv6eg-jg2j5
2026-09-30 23:02:04,632 INFO [v32] RE-ENTER GLND 68 @ 5.1180 = $348 | stop 0.0000 (100.00% away) | day level 0.0000, re-entry at 0.0200  || resource=srv-daqp02flot8c73ffv6eg instance=srv-daqp02flot8c73ffv6eg-jg2j5
2026-09-30 23:02:05,180 INFO [v33] RE-ENTER MSGY 106 @ 5.6300 = $597 | stop 5.5500 (1.42% away) | back above the 5.5600 that threw us out  || resource=srv-daqp02flot8c73ffv6eg instance=srv-daqp02flot8c73ffv6eg-jg2j5
2026-09-30 23:02:05,968 INFO [v33] EXIT end-of-day DXST 434 @ 2.4300 | entry 2.4400 peak 2.4400 stop 2.4200 | held 508s | P/L -4.34 (-0.41% of the trade, -0.01% of the account)  || resource=srv-daqp02flot8c73ffv6eg instance=srv-daqp02flot8c73ffv6eg-jg2j5
2026-09-30 23:02:06,665 INFO [v32] RE-ENTER GOW 233 @ 2.9500 = $687 | stop 0.0000 (100.00% away) | day level 0.0000, re-entry at 0.0200  || resource=srv-daqp02flot8c73ffv6eg instance=srv-daqp02flot8c73ffv6eg-jg2j5
2026-09-30 23:02:08,834 CRITICAL [v33] TNON STILL HOLDING 23 share(s) after 8 chase attempts - the exit did not complete. This position is unprotected until the next pass.  || resource=srv-daqp02flot8c73ffv6eg instance=srv-daqp02flot8c73ffv6eg-jg2j5
2026-09-30 23:02:08,835 INFO [v33] EXIT half-back TNON 222 @ 4.1800 | entry 4.2400 peak 4.2400 stop 4.1850 | held 21s | P/L -13.32 (-1.42% of the trade, -0.03% of the account)  || resource=srv-daqp02flot8c73ffv6eg instance=srv-daqp02flot8c73ffv6eg-jg2j5
2026-09-30 23:02:09,540 INFO [v33] EXIT end-of-day XOS 190 @ 3.1500 | entry 3.1500 peak 3.1500 stop 3.1000 | held 335s | P/L +0.00 (+0.00% of the trade, +0.00% of the account)  || resource=srv-daqp02flot8c73ffv6eg instance=srv-daqp02flot8c73ffv6eg-jg2j5
2026-09-30 23:02:10,465 INFO [v32] RE-ENTER MSGY 62 @ 5.6300 = $349 | stop 0.0000 (100.00% away) | day level 0.0000, re-entry at 0.0200  || resource=srv-daqp02flot8c73ffv6eg instance=srv-daqp02flot8c73ffv6eg-jg2j5
2026-09-30 23:02:12,115 INFO [v33] EXIT end-of-day ANNA 205 @ 2.9200 | entry 2.9200 peak 2.9200 stop 2.5900 | held 305s | P/L +0.00 (+0.00% of the trade, +0.00% of the account)  || resource=srv-daqp02flot8c73ffv6eg instance=srv-daqp02flot8c73ffv6eg-jg2j5
2026-09-30 23:02:16,558 INFO [v32] RE-ENTER PACB 152 @ 2.3154 = $352 | stop 0.0000 (100.00% away) | day level 0.0000, re-entry at 0.0200  || resource=srv-daqp02flot8c73ffv6eg instance=srv-daqp02flot8c73ffv6eg-jg2j5
2026-09-30 23:02:22,253 INFO [v33] EXIT half-back TNON 23 @ 4.2000 | entry 4.2384 peak 4.2384 stop 4.2284 | held 35s | P/L -0.88 (-0.91% of the trade, -0.00% of the account)  || resource=srv-daqp02flot8c73ffv6eg instance=srv-daqp02flot8c73ffv6eg-jg2j5
2026-09-30 23:02:23,080 INFO [v32] RE-ENTER XRPN 23 @ 17.3900 = $400 | stop 0.0000 (100.00% away) | day level 0.0000, re-entry at 0.0200  || resource=srv-daqp02flot8c73ffv6eg instance=srv-daqp02flot8c73ffv6eg-jg2j5
2026-09-30 23:02:26,233 INFO [v32] RE-ENTER BEZ 72 @ 4.8300 = $348 | stop 0.0000 (100.00% away) | day level 0.0000, re-entry at 0.0200  || resource=srv-daqp02flot8c73ffv6eg instance=srv-daqp02flot8c73ffv6eg-jg2j5
2026-09-30 23:02:32,118 INFO [v32] end of day - flattening.  || resource=srv-daqp02flot8c73ffv6eg instance=srv-daqp02flot8c73ffv6eg-jg2j5
2026-09-30 23:02:33,633 INFO [v32] EXIT end-of-day BEZ 72 @ 4.8300 | entry 4.8300 peak 4.8300 stop 0.0000 | held 7s | P/L +0.00 (+0.00% of the trade, +0.00% of the account)  || resource=srv-daqp02flot8c73ffv6eg instance=srv-daqp02flot8c73ffv6eg-jg2j5
2026-09-30 23:02:35,021 INFO [v32] EXIT end-of-day CHGA 239 @ 2.3000 | entry 2.3000 peak 2.3000 stop 0.0000 | held 49s | P/L +0.00 (+0.00% of the trade, +0.00% of the account)  || resource=srv-daqp02flot8c73ffv6eg instance=srv-daqp02flot8c73ffv6eg-jg2j5
2026-09-30 23:02:36,014 INFO [v32] EXIT end-of-day CMCT 239 @ 2.8599 | entry 2.8600 peak 2.8600 stop 0.0000 | held 127s | P/L -0.02 (-0.00% of the trade, -0.00% of the account)  || resource=srv-daqp02flot8c73ffv6eg instance=srv-daqp02flot8c73ffv6eg-jg2j5
2026-09-30 23:02:38,140 INFO [v32] EXIT end-of-day GLND 68 @ 5.1200 | entry 5.1180 peak 5.1180 stop 0.0000 | held 34s | P/L +0.14 (+0.04% of the trade, +0.00% of the account)  || resource=srv-daqp02flot8c73ffv6eg instance=srv-daqp02flot8c73ffv6eg-jg2j5
2026-09-30 23:02:41,573 INFO [v32] EXIT end-of-day GLUE 48 @ 13.8900 | entry 13.9000 peak 13.9000 stop 0.0000 | held 41s | P/L -0.48 (-0.07% of the trade, -0.00% of the account)  || resource=srv-daqp02flot8c73ffv6eg instance=srv-daqp02flot8c73ffv6eg-jg2j5
2026-09-30 23:02:42,576 INFO [v33] ENTER MNDR 454 @ 1.3200 = $599 | stop 1.2900 (2.27% away) | first entry, stop from the bid  || resource=srv-daqp02flot8c73ffv6eg instance=srv-daqp02flot8c73ffv6eg-jg2j5
2026-09-30 23:02:42,916 INFO [v32] ENTER MNDR 267 @ 1.3200 = $352 | stop 1.2900 (2.27% away) | day level 1.3200, re-entry at 1.3400  || resource=srv-daqp02flot8c73ffv6eg instance=srv-daqp02flot8c73ffv6eg-jg2j5
2026-09-30 23:02:44,321 INFO [v32] EXIT end-of-day GOW 260 @ 2.9300 | entry 2.9500 peak 2.9500 stop 0.0000 | held 38s | P/L -5.20 (-0.68% of the trade, -0.03% of the account)  || resource=srv-daqp02flot8c73ffv6eg instance=srv-daqp02flot8c73ffv6eg-jg2j5
2026-09-30 23:02:48,873 INFO [v32] EXIT end-of-day LPA 107 @ 3.2800 | entry 3.2800 peak 3.2800 stop 0.0000 | held 61s | P/L +0.00 (+0.00% of the trade, +0.00% of the account)  || resource=srv-daqp02flot8c73ffv6eg instance=srv-daqp02flot8c73ffv6eg-jg2j5
2026-09-30 23:02:52,973 INFO [v32] EXIT end-of-day MSGY 62 @ 5.6300 | entry 5.6300 peak 5.6300 stop 0.0000 | held 43s | P/L +0.00 (+0.00% of the trade, +0.00% of the account)  || resource=srv-daqp02flot8c73ffv6eg instance=srv-daqp02flot8c73ffv6eg-jg2j5
2026-09-30 23:02:53,351 INFO [v32] RE-ENTER GOW 178 @ 2.9300 = $522 | stop 0.0000 (100.00% away) | day level 0.0000, re-entry at 0.0200  || resource=srv-daqp02flot8c73ffv6eg instance=srv-daqp02flot8c73ffv6eg-jg2j5
2026-09-30 23:02:57,439 INFO [v32] EXIT end-of-day MSTZ 129 @ 2.7250 | entry 2.7250 peak 2.7250 stop 0.0000 | held 57s | P/L +0.00 (+0.00% of the trade, +0.00% of the account)  || resource=srv-daqp02flot8c73ffv6eg instance=srv-daqp02flot8c73ffv6eg-jg2j5
2026-09-30 23:03:01,502 INFO [v32] EXIT end-of-day PWCM 301 @ 1.1600 | entry 1.1797 peak 1.1797 stop 0.0000 | held 70s | P/L -5.93 (-1.67% of the trade, -0.04% of the account)  || resource=srv-daqp02flot8c73ffv6eg instance=srv-daqp02flot8c73ffv6eg-jg2j5
2026-09-30 23:03:03,764 INFO [v33] RE-ENTER TNON 141 @ 4.2300 = $596 | stop 4.1900 (0.95% away) | back above the 4.2000 that threw us out  || resource=srv-daqp02flot8c73ffv6eg instance=srv-daqp02flot8c73ffv6eg-jg2j5
2026-09-30 23:03:05,184 INFO [v32] RE-ENTER CHGA 157 @ 2.3000 = $361 | stop 0.0000 (100.00% away) | day level 0.0000, re-entry at 0.0200  || resource=srv-daqp02flot8c73ffv6eg instance=srv-daqp02flot8c73ffv6eg-jg2j5
2026-09-30 23:03:05,614 INFO [v32] EXIT end-of-day QSI 285 @ 1.2202 | entry 1.2350 peak 1.2350 stop 0.0000 | held 84s | P/L -4.22 (-1.20% of the trade, -0.02% of the account)  || resource=srv-daqp02flot8c73ffv6eg instance=srv-daqp02flot8c73ffv6eg-jg2j5
2026-09-30 23:03:09,033 INFO [v32] RE-ENTER PWCM 306 @ 1.1500 = $352 | stop 0.0000 (100.00% away) | day level 0.0000, re-entry at 0.0200  || resource=srv-daqp02flot8c73ffv6eg instance=srv-daqp02flot8c73ffv6eg-jg2j5
2026-09-30 23:03:12,924 INFO [v32] EXIT end-of-day TGE 228 @ 1.5427 | entry 1.5450 peak 1.5450 stop 0.0000 | held 92s | P/L -0.52 (-0.15% of the trade, -0.00% of the account)  || resource=srv-daqp02flot8c73ffv6eg instance=srv-daqp02flot8c73ffv6eg-jg2j5
2026-09-30 23:03:16,433 INFO [v32] RE-ENTER CMCT 123 @ 2.8600 = $352 | stop 0.0000 (100.00% away) | day level 0.0000, re-entry at 0.0200  || resource=srv-daqp02flot8c73ffv6eg instance=srv-daqp02flot8c73ffv6eg-jg2j5
2026-09-30 23:03:22,687 INFO [v32] RE-ENTER LPA 144 @ 3.2801 = $472 | stop 0.0000 (100.00% away) | day level 0.0000, re-entry at 0.0200  || resource=srv-daqp02flot8c73ffv6eg instance=srv-daqp02flot8c73ffv6eg-jg2j5
2026-09-30 23:03:23,354 INFO [v32] EXIT end-of-day TNON 166 @ 4.2100 | entry 0.0000 peak 0.0000 stop 0.0000 | held 90s | P/L +0.00 (+0.00% of the trade, +0.00% of the account)  || resource=srv-daqp02flot8c73ffv6eg instance=srv-daqp02flot8c73ffv6eg-jg2j5
2026-09-30 23:03:27,427 INFO [v32] EXIT end-of-day VIOT 351 @ 1.7501 | entry 1.7501 peak 1.7501 stop 0.0000 | held 89s | P/L +0.00 (+0.00% of the trade, +0.00% of the account)  || resource=srv-daqp02flot8c73ffv6eg instance=srv-daqp02flot8c73ffv6eg-jg2j5
2026-09-30 23:03:27,471 INFO [v32] RE-ENTER QSI 288 @ 1.2200 = $351 | stop 0.0000 (100.00% away) | day level 0.0000, re-entry at 0.0200  || resource=srv-daqp02flot8c73ffv6eg instance=srv-daqp02flot8c73ffv6eg-jg2j5
2026-09-30 23:03:31,595 INFO [v32] EXIT end-of-day XRPN 26 @ 17.0400 | entry 17.3900 peak 17.3900 stop 0.0000 | held 68s | P/L -9.10 (-2.01% of the trade, -0.05% of the account)  || resource=srv-daqp02flot8c73ffv6eg instance=srv-daqp02flot8c73ffv6eg-jg2j5
2026-09-30 23:03:35,073 INFO [v32] RE-ENTER TNON 83 @ 4.2100 = $349 | stop 0.0000 (100.00% away) | day level 0.0000, re-entry at 0.0200  || resource=srv-daqp02flot8c73ffv6eg instance=srv-daqp02flot8c73ffv6eg-jg2j5
2026-09-30 23:03:40,039 INFO [v32] EXIT end-of-day PACB 152 @ 2.3100 | entry 2.3154 peak 2.3154 stop 0.0000 | held 83s | P/L -0.82 (-0.23% of the trade, -0.00% of the account)  || resource=srv-daqp02flot8c73ffv6eg instance=srv-daqp02flot8c73ffv6eg-jg2j5
2026-09-30 23:03:40,039 INFO [v33] end of day - flattening.  || resource=srv-daqp02flot8c73ffv6eg instance=srv-daqp02flot8c73ffv6eg-jg2j5
2026-09-30 23:03:40,164 INFO [v32] RE-ENTER XRPN 28 @ 17.1800 = $481 | stop 0.0000 (100.00% away) | day level 0.0000, re-entry at 0.0200  || resource=srv-daqp02flot8c73ffv6eg instance=srv-daqp02flot8c73ffv6eg-jg2j5
2026-09-30 23:03:41,157 INFO [v32] RE-ENTER VIOT 200 @ 1.7597 = $352 | stop 0.0000 (100.00% away) | day level 0.0000, re-entry at 0.0200  || resource=srv-daqp02flot8c73ffv6eg instance=srv-daqp02flot8c73ffv6eg-jg2j5
2026-09-30 23:03:41,979 INFO [v33] EXIT end-of-day MSGY 106 @ 5.6300 | entry 5.6300 peak 5.6300 stop 5.5500 | held 97s | P/L +0.00 (+0.00% of the trade, +0.00% of the account)  || resource=srv-daqp02flot8c73ffv6eg instance=srv-daqp02flot8c73ffv6eg-jg2j5
2026-09-30 23:03:44,443 INFO [v32] RE-ENTER BEZ 91 @ 4.8300 = $440 | stop 0.0000 (100.00% away) | day level 0.0000, re-entry at 0.0200  || resource=srv-daqp02flot8c73ffv6eg instance=srv-daqp02flot8c73ffv6eg-jg2j5
2026-09-30 23:03:47,992 INFO [v33] EXIT end-of-day TNON 141 @ 4.2000 | entry 4.2300 peak 4.2300 stop 4.1900 | held 44s | P/L -4.23 (-0.71% of the trade, -0.01% of the account)  || resource=srv-daqp02flot8c73ffv6eg instance=srv-daqp02flot8c73ffv6eg-jg2j5
2026-09-30 23:03:49,870 INFO [v33] EXIT end-of-day MNDR 454 @ 1.3200 | entry 1.3200 peak 1.3200 stop 1.2900 | held 67s | P/L +0.00 (+0.00% of the trade, +0.00% of the account)  || resource=srv-daqp02flot8c73ffv6eg instance=srv-daqp02flot8c73ffv6eg-jg2j5
2026-09-30 23:03:58,119 INFO [v33] RE-ENTER TNON 142 @ 4.2200 = $599 | stop 4.1900 (0.71% away) | back above the 4.2000 that threw us out  || resource=srv-daqp02flot8c73ffv6eg instance=srv-daqp02flot8c73ffv6eg-jg2j5
2026-09-30 23:04:01,308 INFO [v32] RE-ENTER TGE 270 @ 1.5600 = $421 | stop 0.0000 (100.00% away) | day level 0.0000, re-entry at 0.0200  || resource=srv-daqp02flot8c73ffv6eg instance=srv-daqp02flot8c73ffv6eg-jg2j5
2026-09-30 23:04:09,517 INFO [v32] RE-ENTER PACB 151 @ 2.3200 = $350 | stop 0.0000 (100.00% away) | day level 0.0000, re-entry at 0.0200  || resource=srv-daqp02flot8c73ffv6eg instance=srv-daqp02flot8c73ffv6eg-jg2j5
2026-09-30 23:04:09,876 INFO [v32] end of day - flattening.  || resource=srv-daqp02flot8c73ffv6eg instance=srv-daqp02flot8c73ffv6eg-jg2j5
2026-09-30 23:04:12,697 CRITICAL [v32] BEZ STILL HOLDING 9 share(s) after 8 chase attempts - the exit did not complete. This position is unprotected until the next pass.  || resource=srv-daqp02flot8c73ffv6eg instance=srv-daqp02flot8c73ffv6eg-jg2j5
2026-09-30 23:04:12,782 INFO [v32] EXIT end-of-day BEZ 91 @ 4.8250 | entry 4.8300 peak 4.8300 stop 0.0000 | held 28s | P/L -0.45 (-0.10% of the trade, -0.00% of the account)  || resource=srv-daqp02flot8c73ffv6eg instance=srv-daqp02flot8c73ffv6eg-jg2j5
2026-09-30 23:04:13,157 INFO [v32] RE-ENTER MSGY 63 @ 5.5800 = $352 | stop 0.0000 (100.00% away) | day level 0.0000, re-entry at 0.0200  || resource=srv-daqp02flot8c73ffv6eg instance=srv-daqp02flot8c73ffv6eg-jg2j5
2026-09-30 23:04:15,214 INFO [v32] EXIT end-of-day CHGA 157 @ 2.3000 | entry 2.3000 peak 2.3000 stop 0.0000 | held 70s | P/L +0.00 (+0.00% of the trade, +0.00% of the account)  || resource=srv-daqp02flot8c73ffv6eg instance=srv-daqp02flot8c73ffv6eg-jg2j5
2026-09-30 23:04:19,209 INFO [v32] EXIT end-of-day CMCT 123 @ 2.8600 | entry 2.8600 peak 2.8600 stop 0.0000 | held 63s | P/L +0.00 (+0.00% of the trade, +0.00% of the account)  || resource=srv-daqp02flot8c73ffv6eg instance=srv-daqp02flot8c73ffv6eg-jg2j5
2026-09-30 23:04:20,515 INFO [v32] EXIT end-of-day GOW 178 @ 2.9367 | entry 2.9300 peak 2.9300 stop 0.0000 | held 87s | P/L +1.19 (+0.23% of the trade, +0.01% of the account)  || resource=srv-daqp02flot8c73ffv6eg instance=srv-daqp02flot8c73ffv6eg-jg2j5
2026-09-30 23:04:23,019 INFO [v32] EXIT end-of-day LPA 144 @ 3.2801 | entry 3.2801 peak 3.2801 stop 0.0000 | held 60s | P/L +0.00 (+0.00% of the trade, +0.00% of the account)  || resource=srv-daqp02flot8c73ffv6eg instance=srv-daqp02flot8c73ffv6eg-jg2j5
2026-09-30 23:04:26,865 INFO [v32] RE-ENTER GLUE 25 @ 13.8500 = $346 | stop 0.0000 (100.00% away) | day level 0.0000, re-entry at 0.0200  || resource=srv-daqp02flot8c73ffv6eg instance=srv-daqp02flot8c73ffv6eg-jg2j5
2026-09-30 23:04:29,287 INFO [v32] EXIT end-of-day PWCM 306 @ 1.1500 | entry 1.1500 peak 1.1500 stop 0.0000 | held 80s | P/L +0.00 (+0.00% of the trade, +0.00% of the account)  || resource=srv-daqp02flot8c73ffv6eg instance=srv-daqp02flot8c73ffv6eg-jg2j5
2026-09-30 23:04:33,699 INFO [v32] EXIT end-of-day QSI 288 @ 1.2200 | entry 1.2200 peak 1.2200 stop 0.0000 | held 66s | P/L +0.00 (+0.00% of the trade, +0.00% of the account)  || resource=srv-daqp02flot8c73ffv6eg instance=srv-daqp02flot8c73ffv6eg-jg2j5
2026-09-30 23:04:36,951 INFO [v32] EXIT end-of-day TGE 270 @ 1.5600 | entry 1.5600 peak 1.5600 stop 0.0000 | held 36s | P/L +0.00 (+0.00% of the trade, +0.00% of the account)  || resource=srv-daqp02flot8c73ffv6eg instance=srv-daqp02flot8c73ffv6eg-jg2j5
2026-09-30 23:04:41,185 INFO [v32] EXIT end-of-day TNON 83 @ 4.2200 | entry 4.2100 peak 4.2100 stop 0.0000 | held 66s | P/L +0.83 (+0.24% of the trade, +0.00% of the account)  || resource=srv-daqp02flot8c73ffv6eg instance=srv-daqp02flot8c73ffv6eg-jg2j5
2026-09-30 23:04:46,662 INFO [v32] EXIT end-of-day VIOT 200 @ 1.7597 | entry 1.7597 peak 1.7597 stop 0.0000 | held 65s | P/L +0.00 (+0.00% of the trade, +0.00% of the account)  || resource=srv-daqp02flot8c73ffv6eg instance=srv-daqp02flot8c73ffv6eg-jg2j5
2026-09-30 23:04:51,224 INFO [v32] EXIT end-of-day XRPN 28 @ 17.2300 | entry 17.1800 peak 17.1800 stop 0.0000 | held 71s | P/L +1.40 (+0.29% of the trade, +0.01% of the account)  || resource=srv-daqp02flot8c73ffv6eg instance=srv-daqp02flot8c73ffv6eg-jg2j5
2026-09-30 23:04:59,525 INFO [v32] EXIT end-of-day PACB 151 @ 2.3199 | entry 2.3200 peak 2.3200 stop 0.0000 | held 50s | P/L -0.02 (-0.00% of the trade, -0.00% of the account)  || resource=srv-daqp02flot8c73ffv6eg instance=srv-daqp02flot8c73ffv6eg-jg2j5
2026-09-30 23:05:03,959 INFO [v32] EXIT end-of-day MNDR 267 @ 1.3200 | entry 1.3200 peak 1.3200 stop 1.2900 | held 141s | P/L +0.00 (+0.00% of the trade, +0.00% of the account)  || resource=srv-daqp02flot8c73ffv6eg instance=srv-daqp02flot8c73ffv6eg-jg2j5
2026-09-30 23:05:03,959 INFO [v33] end of day - flattening.  || resource=srv-daqp02flot8c73ffv6eg instance=srv-daqp02flot8c73ffv6eg-jg2j5
2026-09-30 23:05:06,540 INFO [v33] EXIT end-of-day TNON 142 @ 4.2200 | entry 4.2200 peak 4.2200 stop 4.1900 | held 68s | P/L +0.00 (+0.00% of the trade, +0.00% of the account)  || resource=srv-daqp02flot8c73ffv6eg instance=srv-daqp02flot8c73ffv6eg-jg2j5
2026-09-30 23:05:15,508 INFO [v33] RE-ENTER CMCT 440 @ 2.8800 = $1267 | stop 2.8499 (1.05% away) | back above the 2.8599 that threw us out  || resource=srv-daqp02flot8c73ffv6eg instance=srv-daqp02flot8c73ffv6eg-jg2j5
2026-09-30 23:05:26,546 INFO [v32] end of day - flattening.  || resource=srv-daqp02flot8c73ffv6eg instance=srv-daqp02flot8c73ffv6eg-jg2j5
2026-09-30 23:05:30,961 INFO [v32] EXIT end-of-day BEZ 9 @ 4.8250 | entry 4.8300 peak 4.8250 stop 4.8200 | held 106s | P/L -0.04 (-0.10% of the trade, -0.00% of the account)  || resource=srv-daqp02flot8c73ffv6eg instance=srv-daqp02flot8c73ffv6eg-jg2j5
2026-09-30 23:05:32,706 INFO [v32] RE-ENTER QSI 288 @ 1.2200 = $351 | stop 0.0000 (100.00% away) | day level 0.0000, re-entry at 0.0200  || resource=srv-daqp02flot8c73ffv6eg instance=srv-daqp02flot8c73ffv6eg-jg2j5
2026-09-30 23:05:39,399 INFO [v32] EXIT end-of-day GLUE 25 @ 13.8500 | entry 13.8500 peak 13.8500 stop 0.0000 | held 72s | P/L +0.00 (+0.00% of the trade, +0.00% of the account)  || resource=srv-daqp02flot8c73ffv6eg instance=srv-daqp02flot8c73ffv6eg-jg2j5
2026-09-30 23:05:39,651 INFO [v32] RE-ENTER LPA 107 @ 3.2803 = $351 | stop 0.0000 (100.00% away) | day level 0.0000, re-entry at 0.0200  || resource=srv-daqp02flot8c73ffv6eg instance=srv-daqp02flot8c73ffv6eg-jg2j5
2026-09-30 23:05:41,508 INFO [v33] RE-ENTER LPA 184 @ 3.3000 = $607 | stop 3.2700 (0.91% away) | back above the 3.2800 that threw us out  || resource=srv-daqp02flot8c73ffv6eg instance=srv-daqp02flot8c73ffv6eg-jg2j5
2026-09-30 23:05:43,538 INFO [v32] EXIT end-of-day MSGY 63 @ 5.5700 | entry 5.5800 peak 5.5800 stop 0.0000 | held 90s | P/L -0.63 (-0.18% of the trade, -0.00% of the account)  || resource=srv-daqp02flot8c73ffv6eg instance=srv-daqp02flot8c73ffv6eg-jg2j5
2026-09-30 23:05:43,539 INFO [v33] end of day - flattening.  || resource=srv-daqp02flot8c73ffv6eg instance=srv-daqp02flot8c73ffv6eg-jg2j5
2026-09-30 23:05:44,386 INFO [v32] RE-ENTER GLND 80 @ 5.1200 = $410 | stop 0.0000 (100.00% away) | day level 0.0000, re-entry at 0.0200  || resource=srv-daqp02flot8c73ffv6eg instance=srv-daqp02flot8c73ffv6eg-jg2j5
2026-09-30 23:05:44,957 INFO [v33] EXIT end-of-day CMCT 493 @ 2.8800 | entry 2.8800 peak 2.8800 stop 2.8499 | held 29s | P/L +0.00 (+0.00% of the trade, +0.00% of the account)  || resource=srv-daqp02flot8c73ffv6eg instance=srv-daqp02flot8c73ffv6eg-jg2j5
2026-09-30 23:05:46,294 CRITICAL [v33] LPA STILL HOLDING 3 share(s) after 8 chase attempts - the exit did not complete. This position is unprotected until the next pass.  || resource=srv-daqp02flot8c73ffv6eg instance=srv-daqp02flot8c73ffv6eg-jg2j5
2026-09-30 23:05:46,294 INFO [v33] EXIT end-of-day LPA 184 @ 3.3000 | entry 3.3000 peak 3.3000 stop 3.2700 | held 5s | P/L +0.00 (+0.00% of the trade, +0.00% of the account)  || resource=srv-daqp02flot8c73ffv6eg instance=srv-daqp02flot8c73ffv6eg-jg2j5
2026-09-30 23:05:48,219 INFO [v32] RE-ENTER PWCM 307 @ 1.1450 = $352 | stop 0.0000 (100.00% away) | day level 0.0000, re-entry at 0.0200  || resource=srv-daqp02flot8c73ffv6eg instance=srv-daqp02flot8c73ffv6eg-jg2j5
2026-09-30 23:05:48,958 INFO [v32] RE-ENTER GLUE 25 @ 13.8300 = $346 | stop 0.0000 (100.00% away) | day level 0.0000, re-entry at 0.0200  || resource=srv-daqp02flot8c73ffv6eg instance=srv-daqp02flot8c73ffv6eg-jg2j5
2026-09-30 23:05:53,632 INFO [v32] RE-ENTER TGE 232 @ 1.5400 = $357 | stop 0.0000 (100.00% away) | day level 0.0000, re-entry at 0.0200  || resource=srv-daqp02flot8c73ffv6eg instance=srv-daqp02flot8c73ffv6eg-jg2j5
2026-09-30 23:05:55,134 INFO [v32] RE-ENTER CMCT 201 @ 2.8605 = $575 | stop 0.0000 (100.00% away) | day level 0.0000, re-entry at 0.0200  || resource=srv-daqp02flot8c73ffv6eg instance=srv-daqp02flot8c73ffv6eg-jg2j5
2026-09-30 23:05:56,136 INFO [v32] RE-ENTER TNON 83 @ 4.2000 = $349 | stop 0.0000 (100.00% away) | day level 0.0000, re-entry at 0.0200  || resource=srv-daqp02flot8c73ffv6eg instance=srv-daqp02flot8c73ffv6eg-jg2j5
2026-09-30 23:06:00,832 INFO [v32] RE-ENTER MSTZ 153 @ 2.7200 = $416 | stop 0.0000 (100.00% away) | day level 0.0000, re-entry at 0.0200  || resource=srv-daqp02flot8c73ffv6eg instance=srv-daqp02flot8c73ffv6eg-jg2j5
2026-09-30 23:06:02,407 INFO [v32] RE-ENTER MSGY 108 @ 5.5800 = $603 | stop 0.0000 (100.00% away) | day level 0.0000, re-entry at 0.0200  || resource=srv-daqp02flot8c73ffv6eg instance=srv-daqp02flot8c73ffv6eg-jg2j5
2026-09-30 23:06:06,295 INFO [v32] end of day - flattening.  || resource=srv-daqp02flot8c73ffv6eg instance=srv-daqp02flot8c73ffv6eg-jg2j5
2026-09-30 23:06:06,559 INFO [v32] RE-ENTER XRPN 20 @ 17.2700 = $345 | stop 0.0000 (100.00% away) | day level 0.0000, re-entry at 0.0200  || resource=srv-daqp02flot8c73ffv6eg instance=srv-daqp02flot8c73ffv6eg-jg2j5
2026-09-30 23:06:10,359 INFO [v32] RE-ENTER CHGA 153 @ 2.3000 = $352 | stop 0.0000 (100.00% away) | day level 0.0000, re-entry at 0.0200  || resource=srv-daqp02flot8c73ffv6eg instance=srv-daqp02flot8c73ffv6eg-jg2j5
2026-09-30 23:06:10,683 INFO [v32] EXIT end-of-day CMCT 201 @ 2.8800 | entry 2.8605 peak 2.8605 stop 0.0000 | held 15s | P/L +3.92 (+0.68% of the trade, +0.02% of the account)  || resource=srv-daqp02flot8c73ffv6eg instance=srv-daqp02flot8c73ffv6eg-jg2j5
2026-09-30 23:06:10,721 INFO [v33] ENTER ANTA 359 @ 2.6200 = $941 | stop 2.6100 (0.38% away) | first entry, stop from the bid  || resource=srv-daqp02flot8c73ffv6eg instance=srv-daqp02flot8c73ffv6eg-jg2j5
2026-09-30 23:06:14,217 INFO [v32] RE-ENTER PACB 152 @ 2.3102 = $351 | stop 0.0000 (100.00% away) | day level 0.0000, re-entry at 0.0200  || resource=srv-daqp02flot8c73ffv6eg instance=srv-daqp02flot8c73ffv6eg-jg2j5
2026-09-30 23:06:18,729 INFO [v32] RE-ENTER GOW 200 @ 2.9300 = $586 | stop 0.0000 (100.00% away) | day level 0.0000, re-entry at 0.0200  || resource=srv-daqp02flot8c73ffv6eg instance=srv-daqp02flot8c73ffv6eg-jg2j5
2026-09-30 23:06:22,863 INFO [v32] ENTER ANTA 134 @ 2.6200 = $351 | stop 2.4900 (4.96% away) | day level 2.6200, re-entry at 2.6400  || resource=srv-daqp02flot8c73ffv6eg instance=srv-daqp02flot8c73ffv6eg-jg2j5
2026-09-30 23:06:23,331 CRITICAL [v32] GLND STILL HOLDING 47 share(s) after 8 chase attempts - the exit did not complete. This position is unprotected until the next pass.  || resource=srv-daqp02flot8c73ffv6eg instance=srv-daqp02flot8c73ffv6eg-jg2j5
2026-09-30 23:06:23,420 INFO [v32] EXIT end-of-day GLND 80 @ 5.1300 | entry 5.1200 peak 5.1200 stop 0.0000 | held 39s | P/L +0.80 (+0.20% of the trade, +0.00% of the account)  || resource=srv-daqp02flot8c73ffv6eg instance=srv-daqp02flot8c73ffv6eg-jg2j5
2026-09-30 23:06:27,732 INFO [v32] EXIT end-of-day GLUE 25 @ 13.8300 | entry 13.8300 peak 13.8300 stop 0.0000 | held 39s | P/L +0.00 (+0.00% of the trade, +0.00% of the account)  || resource=srv-daqp02flot8c73ffv6eg instance=srv-daqp02flot8c73ffv6eg-jg2j5
2026-09-30 23:06:30,125 INFO [v32] EXIT end-of-day LPA 107 @ 3.2803 | entry 3.2803 peak 3.2803 stop 0.0000 | held 50s | P/L +0.00 (+0.00% of the trade, +0.00% of the account)  || resource=srv-daqp02flot8c73ffv6eg instance=srv-daqp02flot8c73ffv6eg-jg2j5
2026-09-30 23:06:30,226 INFO [v33] EXIT half-back LPA 3 @ 3.2803 | entry 3.3000 peak 3.3000 stop 3.2900 | held 49s | P/L -0.06 (-0.60% of the trade, -0.00% of the account)  || resource=srv-daqp02flot8c73ffv6eg instance=srv-daqp02flot8c73ffv6eg-jg2j5
2026-09-30 23:06:39,778 INFO [v32] RE-ENTER CMCT 123 @ 2.8600 = $352 | stop 0.0000 (100.00% away) | day level 0.0000, re-entry at 0.0200  || resource=srv-daqp02flot8c73ffv6eg instance=srv-daqp02flot8c73ffv6eg-jg2j5
2026-09-30 23:06:39,951 INFO [v32] EXIT end-of-day MSGY 111 @ 5.5800 | entry 5.5800 peak 5.5800 stop 0.0000 | held 37s | P/L +0.00 (+0.00% of the trade, +0.00% of the account)  || resource=srv-daqp02flot8c73ffv6eg instance=srv-daqp02flot8c73ffv6eg-jg2j5
2026-09-30 23:06:44,018 INFO [v32] EXIT end-of-day MSTZ 160 @ 2.7200 | entry 2.7200 peak 2.7200 stop 0.0000 | held 43s | P/L +0.00 (+0.00% of the trade, +0.00% of the account)  || resource=srv-daqp02flot8c73ffv6eg instance=srv-daqp02flot8c73ffv6eg-jg2j5
2026-09-30 23:06:44,105 INFO [v32] RE-ENTER LPA 107 @ 3.2807 = $351 | stop 0.0000 (100.00% away) | day level 0.0000, re-entry at 0.0200  || resource=srv-daqp02flot8c73ffv6eg instance=srv-daqp02flot8c73ffv6eg-jg2j5
2026-09-30 23:06:44,406 INFO [v33] RE-ENTER SMST 49 @ 13.4000 = $657 | stop 13.3246 (0.56% away) | back above the 13.3379 that threw us out  || resource=srv-daqp02flot8c73ffv6eg instance=srv-daqp02flot8c73ffv6eg-jg2j5
2026-09-30 23:06:47,912 INFO [v32] RE-ENTER SMST 26 @ 13.4000 = $348 | stop 13.3067 (0.70% away) | day level 13.3379, re-entry at 13.3579  || resource=srv-daqp02flot8c73ffv6eg instance=srv-daqp02flot8c73ffv6eg-jg2j5
2026-09-30 23:06:48,146 INFO [v32] EXIT end-of-day PWCM 307 @ 1.1200 | entry 1.1450 peak 1.1450 stop 0.0000 | held 60s | P/L -7.67 (-2.18% of the trade, -0.05% of the account)  || resource=srv-daqp02flot8c73ffv6eg instance=srv-daqp02flot8c73ffv6eg-jg2j5
2026-09-30 23:06:52,295 INFO [v32] RE-ENTER PWCM 314 @ 1.1200 = $352 | stop 0.0000 (100.00% away) | day level 0.0000, re-entry at 0.0200  || resource=srv-daqp02flot8c73ffv6eg instance=srv-daqp02flot8c73ffv6eg-jg2j5
2026-09-30 23:06:55,217 INFO [v33] RE-ENTER MSTZ 378 @ 2.7301 = $1032 | stop 2.7000 (1.10% away) | back above the 2.7100 that threw us out  || resource=srv-daqp02flot8c73ffv6eg instance=srv-daqp02flot8c73ffv6eg-jg2j5
2026-09-30 23:06:55,688 INFO [v32] EXIT end-of-day QSI 288 @ 1.2200 | entry 1.2200 peak 1.2200 stop 0.0000 | held 83s | P/L +0.00 (+0.00% of the trade, +0.00% of the account)  || resource=srv-daqp02flot8c73ffv6eg instance=srv-daqp02flot8c73ffv6eg-jg2j5
2026-09-30 23:06:58,857 INFO [v32] RE-ENTER MSTZ 179 @ 2.7301 = $489 | stop 0.0000 (100.00% away) | day level 0.0000, re-entry at 0.0200  || resource=srv-daqp02flot8c73ffv6eg instance=srv-daqp02flot8c73ffv6eg-jg2j5
2026-09-30 23:07:03,154 INFO [v32] EXIT end-of-day TGE 232 @ 1.5200 | entry 1.5400 peak 1.5400 stop 0.0000 | held 69s | P/L -4.64 (-1.30% of the trade, -0.03% of the account)  || resource=srv-daqp02flot8c73ffv6eg instance=srv-daqp02flot8c73ffv6eg-jg2j5
2026-09-30 23:07:03,154 INFO [v32] RE-ENTER QSI 332 @ 1.2100 = $402 | stop 0.0000 (100.00% away) | day level 0.0000, re-entry at 0.0200  || resource=srv-daqp02flot8c73ffv6eg instance=srv-daqp02flot8c73ffv6eg-jg2j5
2026-09-30 23:07:07,187 INFO [v32] EXIT end-of-day TNON 83 @ 4.1400 | entry 4.2000 peak 4.2000 stop 0.0000 | held 71s | P/L -4.98 (-1.43% of the trade, -0.03% of the account)  || resource=srv-daqp02flot8c73ffv6eg instance=srv-daqp02flot8c73ffv6eg-jg2j5
2026-09-30 23:07:07,187 INFO [v33] end of day - flattening.  || resource=srv-daqp02flot8c73ffv6eg instance=srv-daqp02flot8c73ffv6eg-jg2j5
2026-09-30 23:07:08,137 CRITICAL [v33] MSTZ STILL HOLDING 2 share(s) after 8 chase attempts - the exit did not complete. This position is unprotected until the next pass.  || resource=srv-daqp02flot8c73ffv6eg instance=srv-daqp02flot8c73ffv6eg-jg2j5
2026-09-30 23:07:08,224 INFO [v33] EXIT end-of-day MSTZ 378 @ 2.7301 | entry 2.7301 peak 2.7301 stop 2.7000 | held 13s | P/L +0.00 (+0.00% of the trade, +0.00% of the account)  || resource=srv-daqp02flot8c73ffv6eg instance=srv-daqp02flot8c73ffv6eg-jg2j5
2026-09-30 23:07:08,596 INFO [v32] RE-ENTER TGE 318 @ 1.5200 = $483 | stop 0.0000 (100.00% away) | day level 0.0000, re-entry at 0.0200  || resource=srv-daqp02flot8c73ffv6eg instance=srv-daqp02flot8c73ffv6eg-jg2j5
2026-09-30 23:07:10,921 CRITICAL [v33] SMST STILL HOLDING 2 share(s) after 8 chase attempts - the exit did not complete. This position is unprotected until the next pass.  || resource=srv-daqp02flot8c73ffv6eg instance=srv-daqp02flot8c73ffv6eg-jg2j5
2026-09-30 23:07:10,921 INFO [v33] EXIT end-of-day SMST 49 @ 13.4000 | entry 13.4000 peak 13.4000 stop 13.3246 | held 27s | P/L +0.00 (+0.00% of the trade, +0.00% of the account)  || resource=srv-daqp02flot8c73ffv6eg instance=srv-daqp02flot8c73ffv6eg-jg2j5
2026-09-30 23:07:11,934 INFO [v33] EXIT end-of-day ANTA 413 @ 2.6200 | entry 2.6200 peak 2.6200 stop 2.6100 | held 61s | P/L +0.00 (+0.00% of the trade, +0.00% of the account)  || resource=srv-daqp02flot8c73ffv6eg instance=srv-daqp02flot8c73ffv6eg-jg2j5
2026-09-30 23:07:12,096 INFO [v32] RE-ENTER GLUE 37 @ 13.8500 = $512 | stop 0.0000 (100.00% away) | day level 0.0000, re-entry at 0.0200  || resource=srv-daqp02flot8c73ffv6eg instance=srv-daqp02flot8c73ffv6eg-jg2j5
2026-09-30 23:07:17,835 INFO [v32] RE-ENTER TNON 87 @ 4.1400 = $360 | stop 0.0000 (100.00% away) | day level 0.0000, re-entry at 0.0200  || resource=srv-daqp02flot8c73ffv6eg instance=srv-daqp02flot8c73ffv6eg-jg2j5
2026-09-30 23:07:31,944 INFO [v32] end of day - flattening.  || resource=srv-daqp02flot8c73ffv6eg instance=srv-daqp02flot8c73ffv6eg-jg2j5
2026-09-30 23:07:33,241 INFO [v32] EXIT end-of-day CHGA 153 @ 2.3000 | entry 2.3000 peak 2.3000 stop 0.0000 | held 83s | P/L +0.00 (+0.00% of the trade, +0.00% of the account)  || resource=srv-daqp02flot8c73ffv6eg instance=srv-daqp02flot8c73ffv6eg-jg2j5
2026-09-30 23:07:34,207 INFO [v32] EXIT end-of-day CMCT 123 @ 2.8600 | entry 2.8600 peak 2.8600 stop 0.0000 | held 54s | P/L +0.00 (+0.00% of the trade, +0.00% of the account)  || resource=srv-daqp02flot8c73ffv6eg instance=srv-daqp02flot8c73ffv6eg-jg2j5
2026-09-30 23:07:36,554 INFO [v32] EXIT end-of-day GLND 47 @ 5.1197 | entry 5.1200 peak 5.1200 stop 0.0000 | held 112s | P/L -0.01 (-0.01% of the trade, -0.00% of the account)  || resource=srv-daqp02flot8c73ffv6eg instance=srv-daqp02flot8c73ffv6eg-jg2j5
2026-09-30 23:07:37,683 INFO [v32] RE-ENTER BEZ 72 @ 4.8300 = $348 | stop 0.0000 (100.00% away) | day level 0.0000, re-entry at 0.0200  || resource=srv-daqp02flot8c73ffv6eg instance=srv-daqp02flot8c73ffv6eg-jg2j5
2026-09-30 23:07:39,255 INFO [v32] EXIT end-of-day GLUE 41 @ 13.7100 | entry 13.8500 peak 13.8500 stop 0.0000 | held 27s | P/L -5.74 (-1.01% of the trade, -0.03% of the account)  || resource=srv-daqp02flot8c73ffv6eg instance=srv-daqp02flot8c73ffv6eg-jg2j5
2026-09-30 23:07:40,621 INFO [v32] EXIT end-of-day GOW 200 @ 2.9100 | entry 2.9300 peak 2.9300 stop 0.0000 | held 82s | P/L -4.00 (-0.68% of the trade, -0.02% of the account)  || resource=srv-daqp02flot8c73ffv6eg instance=srv-daqp02flot8c73ffv6eg-jg2j5
2026-09-30 23:07:41,840 INFO [v32] EXIT end-of-day LPA 107 @ 3.2800 | entry 3.2807 peak 3.2807 stop 0.0000 | held 58s | P/L -0.07 (-0.02% of the trade, -0.00% of the account)  || resource=srv-daqp02flot8c73ffv6eg instance=srv-daqp02flot8c73ffv6eg-jg2j5
2026-09-30 23:07:46,081 INFO [v32] RE-ENTER GOW 127 @ 2.9200 = $371 | stop 0.0000 (100.00% away) | day level 0.0000, re-entry at 0.0200  || resource=srv-daqp02flot8c73ffv6eg instance=srv-daqp02flot8c73ffv6eg-jg2j5
2026-09-30 23:07:48,071 INFO [v33] RE-ENTER XRPN 49 @ 17.9200 = $878 | stop 17.4825 (2.44% away) | back above the 17.5000 that threw us out  || resource=srv-daqp02flot8c73ffv6eg instance=srv-daqp02flot8c73ffv6eg-jg2j5
2026-09-30 23:07:50,395 INFO [v32] EXIT end-of-day MSTZ 179 @ 2.7301 | entry 2.7301 peak 2.7301 stop 0.0000 | held 51s | P/L +0.00 (+0.00% of the trade, +0.00% of the account)  || resource=srv-daqp02flot8c73ffv6eg instance=srv-daqp02flot8c73ffv6eg-jg2j5
2026-09-30 23:07:50,728 INFO [v32] RE-ENTER MSGY 97 @ 5.5700 = $540 | stop 0.0000 (100.00% away) | day level 0.0000, re-entry at 0.0200  || resource=srv-daqp02flot8c73ffv6eg instance=srv-daqp02flot8c73ffv6eg-jg2j5
2026-09-30 23:07:54,554 INFO [v32] EXIT end-of-day PWCM 314 @ 1.1000 | entry 1.1200 peak 1.1200 stop 0.0000 | held 62s | P/L -6.28 (-1.79% of the trade, -0.04% of the account)  || resource=srv-daqp02flot8c73ffv6eg instance=srv-daqp02flot8c73ffv6eg-jg2j5
2026-09-30 23:07:54,626 INFO [v32] RE-ENTER CMCT 122 @ 2.8800 = $351 | stop 0.0000 (100.00% away) | day level 0.0000, re-entry at 0.0200  || resource=srv-daqp02flot8c73ffv6eg instance=srv-daqp02flot8c73ffv6eg-jg2j5
2026-09-30 23:07:58,702 INFO [v32] RE-ENTER PWCM 320 @ 1.0998 = $352 | stop 0.0000 (100.00% away) | day level 0.0000, re-entry at 0.0200  || resource=srv-daqp02flot8c73ffv6eg instance=srv-daqp02flot8c73ffv6eg-jg2j5
2026-09-30 23:08:02,771 INFO [v32] RE-ENTER GLND 69 @ 5.1000 = $352 | stop 0.0000 (100.00% away) | day level 0.0000, re-entry at 0.0200  || resource=srv-daqp02flot8c73ffv6eg instance=srv-daqp02flot8c73ffv6eg-jg2j5
2026-09-30 23:08:06,654 INFO [v32] RE-ENTER LPA 107 @ 3.2902 = $352 | stop 0.0000 (100.00% away) | day level 0.0000, re-entry at 0.0200  || resource=srv-daqp02flot8c73ffv6eg instance=srv-daqp02flot8c73ffv6eg-jg2j5
2026-09-30 23:08:07,339 INFO [v32] EXIT end-of-day QSI 332 @ 1.2103 | entry 1.2100 peak 1.2100 stop 0.0000 | held 64s | P/L +0.10 (+0.02% of the trade, +0.00% of the account)  || resource=srv-daqp02flot8c73ffv6eg instance=srv-daqp02flot8c73ffv6eg-jg2j5
2026-09-30 23:08:11,451 INFO [v32] EXIT end-of-day TGE 318 @ 1.5400 | entry 1.5200 peak 1.5200 stop 0.0000 | held 63s | P/L +6.36 (+1.32% of the trade, +0.04% of the account)  || resource=srv-daqp02flot8c73ffv6eg instance=srv-daqp02flot8c73ffv6eg-jg2j5
2026-09-30 23:08:15,438 INFO [v32] RE-ENTER TGE 227 @ 1.5500 = $352 | stop 0.0000 (100.00% away) | day level 0.0000, re-entry at 0.0200  || resource=srv-daqp02flot8c73ffv6eg instance=srv-daqp02flot8c73ffv6eg-jg2j5
2026-09-30 23:08:15,587 INFO [v32] EXIT end-of-day TNON 87 @ 4.1700 | entry 4.1400 peak 4.1400 stop 0.0000 | held 58s | P/L +2.61 (+0.72% of the trade, +0.02% of the account)  || resource=srv-daqp02flot8c73ffv6eg instance=srv-daqp02flot8c73ffv6eg-jg2j5
2026-09-30 23:08:20,098 INFO [v32] EXIT end-of-day XRPN 20 @ 17.9900 | entry 0.0000 peak 0.0000 stop 0.0000 | held 133s | P/L +0.00 (+0.00% of the trade, +0.00% of the account)  || resource=srv-daqp02flot8c73ffv6eg instance=srv-daqp02flot8c73ffv6eg-jg2j5
2026-09-30 23:08:24,244 INFO [v32] RE-ENTER QSI 291 @ 1.2100 = $352 | stop 0.0000 (100.00% away) | day level 0.0000, re-entry at 0.0200  || resource=srv-daqp02flot8c73ffv6eg instance=srv-daqp02flot8c73ffv6eg-jg2j5
2026-09-30 23:08:24,431 INFO [v32] EXIT end-of-day SMST 26 @ 13.4000 | entry 13.4000 peak 13.4000 stop 13.3067 | held 97s | P/L +0.00 (+0.00% of the trade, +0.00% of the account)  || resource=srv-daqp02flot8c73ffv6eg instance=srv-daqp02flot8c73ffv6eg-jg2j5
2026-09-30 23:08:28,178 INFO [v32] RE-ENTER TNON 85 @ 4.1400 = $352 | stop 0.0000 (100.00% away) | day level 0.0000, re-entry at 0.0200  || resource=srv-daqp02flot8c73ffv6eg instance=srv-daqp02flot8c73ffv6eg-jg2j5
2026-09-30 23:08:29,027 INFO [v32] EXIT end-of-day PACB 152 @ 2.3100 | entry 2.3102 peak 2.3102 stop 0.0000 | held 135s | P/L -0.03 (-0.01% of the trade, -0.00% of the account)  || resource=srv-daqp02flot8c73ffv6eg instance=srv-daqp02flot8c73ffv6eg-jg2j5
2026-09-30 23:08:30,737 INFO [v33] ENTER BRLS 561 @ 1.3800 = $774 | stop 1.0600 (23.19% away) | first entry, stop from the bid  || resource=srv-daqp02flot8c73ffv6eg instance=srv-daqp02flot8c73ffv6eg-jg2j5
2026-09-30 23:08:33,093 INFO [v32] EXIT end-of-day ANTA 134 @ 2.6200 | entry 2.6200 peak 2.6200 stop 2.4900 | held 130s | P/L +0.00 (+0.00% of the trade, +0.00% of the account)  || resource=srv-daqp02flot8c73ffv6eg instance=srv-daqp02flot8c73ffv6eg-jg2j5
2026-09-30 23:08:33,093 INFO [v33] end of day - flattening.  || resource=srv-daqp02flot8c73ffv6eg instance=srv-daqp02flot8c73ffv6eg-jg2j5
2026-09-30 23:08:33,265 INFO [v32] ENTER BRLS 255 @ 1.3800 = $352 | stop 1.0600 (23.19% away) | day level 1.3800, re-entry at 1.4000  || resource=srv-daqp02flot8c73ffv6eg instance=srv-daqp02flot8c73ffv6eg-jg2j5
2026-09-30 23:08:35,665 INFO [v33] EXIT end-of-day MSTZ 2 @ 2.7301 | entry 2.7400 peak 2.7400 stop 2.7300 | held 100s | P/L -0.02 (-0.36% of the trade, -0.00% of the account)  || resource=srv-daqp02flot8c73ffv6eg instance=srv-daqp02flot8c73ffv6eg-jg2j5
2026-09-30 23:08:36,486 INFO [v33] EXIT half-back XRPN 49 @ 17.9200 | entry 17.9200 peak 18.0000 stop 17.9600 | held 48s | P/L +0.00 (+0.00% of the trade, +0.00% of the account)  || resource=srv-daqp02flot8c73ffv6eg instance=srv-daqp02flot8c73ffv6eg-jg2j5
2026-09-30 23:08:36,487 INFO [v33] EXIT end-of-day XRPN 7 @ 17.9200 | entry 0.0000 peak 0.0000 stop 0.0000 | held 48s | P/L +0.00 (+0.00% of the trade, +0.00% of the account)  || resource=srv-daqp02flot8c73ffv6eg instance=srv-daqp02flot8c73ffv6eg-jg2j5
2026-09-30 23:08:37,172 INFO [v32] RE-ENTER XRPN 19 @ 17.9200 = $340 | stop 0.0000 (100.00% away) | day level 0.0000, re-entry at 0.0200  || resource=srv-daqp02flot8c73ffv6eg instance=srv-daqp02flot8c73ffv6eg-jg2j5
2026-09-30 23:08:39,255 INFO [v33] EXIT end-of-day SMST 2 @ 13.4000 | entry 13.4900 peak 13.4900 stop 13.4765 | held 115s | P/L -0.18 (-0.67% of the trade, -0.00% of the account)  || resource=srv-daqp02flot8c73ffv6eg instance=srv-daqp02flot8c73ffv6eg-jg2j5
2026-09-30 23:08:40,299 CRITICAL [v33] BRLS STILL HOLDING 45 share(s) after 8 chase attempts - the exit did not complete. This position is unprotected until the next pass.  || resource=srv-daqp02flot8c73ffv6eg instance=srv-daqp02flot8c73ffv6eg-jg2j5
2026-09-30 23:08:40,299 INFO [v33] EXIT end-of-day BRLS 561 @ 1.3800 | entry 1.3800 peak 1.3800 stop 1.0600 | held 10s | P/L +0.00 (+0.00% of the trade, +0.00% of the account)  || resource=srv-daqp02flot8c73ffv6eg instance=srv-daqp02flot8c73ffv6eg-jg2j5
2026-09-30 23:08:40,693 INFO [v32] RE-ENTER PACB 152 @ 2.3100 = $351 | stop 0.0000 (100.00% away) | day level 0.0000, re-entry at 0.0200  || resource=srv-daqp02flot8c73ffv6eg instance=srv-daqp02flot8c73ffv6eg-jg2j5
2026-09-30 23:09:00,300 INFO [v32] end of day - flattening.  || resource=srv-daqp02flot8c73ffv6eg instance=srv-daqp02flot8c73ffv6eg-jg2j5
2026-09-30 23:09:04,428 INFO [v32] EXIT end-of-day BEZ 72 @ 4.8300 | entry 4.8300 peak 4.8300 stop 0.0000 | held 87s | P/L +0.00 (+0.00% of the trade, +0.00% of the account)  || resource=srv-daqp02flot8c73ffv6eg instance=srv-daqp02flot8c73ffv6eg-jg2j5
2026-09-30 23:09:04,529 INFO [v32] RE-ENTER CHGA 159 @ 2.3046 = $366 | stop 0.0000 (100.00% away) | day level 0.0000, re-entry at 0.0200  || resource=srv-daqp02flot8c73ffv6eg instance=srv-daqp02flot8c73ffv6eg-jg2j5
2026-09-30 23:09:08,165 INFO [v32] EXIT end-of-day CMCT 122 @ 2.8800 | entry 2.8800 peak 2.8800 stop 0.0000 | held 74s | P/L +0.00 (+0.00% of the trade, +0.00% of the account)  || resource=srv-daqp02flot8c73ffv6eg instance=srv-daqp02flot8c73ffv6eg-jg2j5
2026-09-30 23:09:10,653 INFO [v32] EXIT end-of-day GLND 69 @ 5.1000 | entry 5.1000 peak 5.1000 stop 0.0000 | held 68s | P/L +0.00 (+0.00% of the trade, +0.00% of the account)  || resource=srv-daqp02flot8c73ffv6eg instance=srv-daqp02flot8c73ffv6eg-jg2j5
2026-09-30 23:09:13,168 INFO [v32] EXIT end-of-day GOW 127 @ 2.8850 | entry 2.9200 peak 2.9200 stop 0.0000 | held 87s | P/L -4.45 (-1.20% of the trade, -0.03% of the account)  || resource=srv-daqp02flot8c73ffv6eg instance=srv-daqp02flot8c73ffv6eg-jg2j5
2026-09-30 23:09:15,859 INFO [v32] EXIT end-of-day LPA 107 @ 3.2900 | entry 3.2902 peak 3.2902 stop 0.0000 | held 69s | P/L -0.02 (-0.01% of the trade, -0.00% of the account)  || resource=srv-daqp02flot8c73ffv6eg instance=srv-daqp02flot8c73ffv6eg-jg2j5
2026-09-30 23:09:16,889 INFO [v32] EXIT end-of-day MSGY 97 @ 5.5700 | entry 5.5700 peak 5.5700 stop 0.0000 | held 86s | P/L +0.00 (+0.00% of the trade, +0.00% of the account)  || resource=srv-daqp02flot8c73ffv6eg instance=srv-daqp02flot8c73ffv6eg-jg2j5
2026-09-30 23:09:19,545 INFO [v32] EXIT end-of-day PWCM 320 @ 1.1097 | entry 1.0998 peak 1.0998 stop 0.0000 | held 81s | P/L +3.17 (+0.90% of the trade, +0.02% of the account)  || resource=srv-daqp02flot8c73ffv6eg instance=srv-daqp02flot8c73ffv6eg-jg2j5
2026-09-30 23:09:20,034 INFO [v32] RE-ENTER GOW 122 @ 2.8800 = $351 | stop 0.0000 (100.00% away) | day level 0.0000, re-entry at 0.0200  || resource=srv-daqp02flot8c73ffv6eg instance=srv-daqp02flot8c73ffv6eg-jg2j5
2026-09-30 23:09:23,854 INFO [v32] EXIT end-of-day QSI 291 @ 1.2101 | entry 1.2100 peak 1.2100 stop 0.0000 | held 60s | P/L +0.03 (+0.01% of the trade, +0.00% of the account)  || resource=srv-daqp02flot8c73ffv6eg instance=srv-daqp02flot8c73ffv6eg-jg2j5
2026-09-30 23:09:24,442 INFO [v32] RE-ENTER PWCM 320 @ 1.1000 = $352 | stop 0.0000 (100.00% away) | day level 0.0000, re-entry at 0.0200  || resource=srv-daqp02flot8c73ffv6eg instance=srv-daqp02flot8c73ffv6eg-jg2j5
2026-09-30 23:09:27,771 INFO [v32] EXIT end-of-day TGE 227 @ 1.5400 | entry 1.5500 peak 1.5500 stop 0.0000 | held 72s | P/L -2.27 (-0.65% of the trade, -0.01% of the account)  || resource=srv-daqp02flot8c73ffv6eg instance=srv-daqp02flot8c73ffv6eg-jg2j5
2026-09-30 23:09:28,676 INFO [v32] EXIT end-of-day TNON 85 @ 4.1500 | entry 4.1400 peak 4.1400 stop 0.0000 | held 60s | P/L +0.85 (+0.24% of the trade, +0.01% of the account)  || resource=srv-daqp02flot8c73ffv6eg instance=srv-daqp02flot8c73ffv6eg-jg2j5
2026-09-30 23:09:31,237 INFO [v32] RE-ENTER QSI 288 @ 1.2200 = $351 | stop 0.0000 (100.00% away) | day level 0.0000, re-entry at 0.0200  || resource=srv-daqp02flot8c73ffv6eg instance=srv-daqp02flot8c73ffv6eg-jg2j5
2026-09-30 23:09:35,757 INFO [v32] EXIT end-of-day XRPN 19 @ 17.8186 | entry 17.9200 peak 17.9200 stop 0.0000 | held 59s | P/L -1.93 (-0.57% of the trade, -0.01% of the account)  || resource=srv-daqp02flot8c73ffv6eg instance=srv-daqp02flot8c73ffv6eg-jg2j5
2026-09-30 23:09:37,154 INFO [v33] RE-ENTER XRPN 33 @ 17.9700 = $593 | stop 17.9021 (0.38% away) | back above the 17.9200 that threw us out  || resource=srv-daqp02flot8c73ffv6eg instance=srv-daqp02flot8c73ffv6eg-jg2j5
2026-09-30 23:09:39,735 INFO [v32] EXIT end-of-day PACB 152 @ 2.3100 | entry 2.3100 peak 2.3100 stop 0.0000 | held 59s | P/L +0.00 (+0.00% of the trade, +0.00% of the account)  || resource=srv-daqp02flot8c73ffv6eg instance=srv-daqp02flot8c73ffv6eg-jg2j5
2026-09-30 23:09:39,854 INFO [v32] RE-ENTER XRPN 19 @ 17.9700 = $341 | stop 0.0000 (100.00% away) | day level 0.0000, re-entry at 0.0200  || resource=srv-daqp02flot8c73ffv6eg instance=srv-daqp02flot8c73ffv6eg-jg2j5
2026-09-30 23:09:44,365 INFO [v32] RE-ENTER BEZ 98 @ 4.8350 = $474 | stop 0.0000 (100.00% away) | day level 0.0000, re-entry at 0.0200  || resource=srv-daqp02flot8c73ffv6eg instance=srv-daqp02flot8c73ffv6eg-jg2j5
2026-09-30 23:09:47,916 INFO [v32] EXIT end-of-day BRLS 255 @ 1.3800 | entry 1.3800 peak 1.3800 stop 1.0600 | held 75s | P/L +0.00 (+0.00% of the trade, +0.00% of the account)  || resource=srv-daqp02flot8c73ffv6eg instance=srv-daqp02flot8c73ffv6eg-jg2j5
2026-09-30 23:09:47,916 INFO [v33] end of day - flattening.  || resource=srv-daqp02flot8c73ffv6eg instance=srv-daqp02flot8c73ffv6eg-jg2j5
2026-09-30 23:09:48,900 INFO [v32] RE-ENTER TGE 268 @ 1.5399 = $413 | stop 0.0000 (100.00% away) | day level 0.0000, re-entry at 0.0200  || resource=srv-daqp02flot8c73ffv6eg instance=srv-daqp02flot8c73ffv6eg-jg2j5
2026-09-30 23:09:52,462 INFO [v33] EXIT end-of-day XRPN 33 @ 18.0000 | entry 17.9700 peak 18.0000 stop 17.9850 | held 15s | P/L +0.99 (+0.17% of the trade, +0.00% of the account)  || resource=srv-daqp02flot8c73ffv6eg instance=srv-daqp02flot8c73ffv6eg-jg2j5
2026-09-30 23:09:53,736 INFO [v33] EXIT end-of-day BRLS 45 @ 1.3800 | entry 1.3800 peak 1.3800 stop 1.3700 | held 83s | P/L +0.00 (+0.00% of the trade, +0.00% of the account)  || resource=srv-daqp02flot8c73ffv6eg instance=srv-daqp02flot8c73ffv6eg-jg2j5
2026-09-30 23:09:53,771 INFO [v32] RE-ENTER TNON 154 @ 4.1400 = $638 | stop 0.0000 (100.00% away) | day level 0.0000, re-entry at 0.0200  || resource=srv-daqp02flot8c73ffv6eg instance=srv-daqp02flot8c73ffv6eg-jg2j5
2026-09-30 23:10:00,728 INFO [v32] RE-ENTER LPA 107 @ 3.2800 = $351 | stop 0.0000 (100.00% away) | day level 0.0000, re-entry at 0.0200  || resource=srv-daqp02flot8c73ffv6eg instance=srv-daqp02flot8c73ffv6eg-jg2j5
2026-09-30 23:10:10,029 INFO [v32] RE-ENTER GLND 76 @ 5.1100 = $388 | stop 0.0000 (100.00% away) | day level 0.0000, re-entry at 0.0200  || resource=srv-daqp02flot8c73ffv6eg instance=srv-daqp02flot8c73ffv6eg-jg2j5
2026-09-30 23:10:13,738 INFO [v32] end of day - flattening.  || resource=srv-daqp02flot8c73ffv6eg instance=srv-daqp02flot8c73ffv6eg-jg2j5
2026-09-30 23:10:16,177 CRITICAL [v32] BEZ STILL HOLDING 4 share(s) after 8 chase attempts - the exit did not complete. This position is unprotected until the next pass.  || resource=srv-daqp02flot8c73ffv6eg instance=srv-daqp02flot8c73ffv6eg-jg2j5
2026-09-30 23:10:16,177 INFO [v32] EXIT end-of-day BEZ 98 @ 4.8350 | entry 4.8350 peak 4.8350 stop 0.0000 | held 32s | P/L +0.00 (+0.00% of the trade, +0.00% of the account)  || resource=srv-daqp02flot8c73ffv6eg instance=srv-daqp02flot8c73ffv6eg-jg2j5
2026-09-30 23:10:17,655 INFO [v32] EXIT end-of-day CHGA 203 @ 2.3000 | entry 2.3046 peak 2.3046 stop 0.0000 | held 73s | P/L -0.93 (-0.20% of the trade, -0.01% of the account)  || resource=srv-daqp02flot8c73ffv6eg instance=srv-daqp02flot8c73ffv6eg-jg2j5
2026-09-30 23:10:18,880 CRITICAL [v32] GLND STILL HOLDING 48 share(s) after 8 chase attempts - the exit did not complete. This position is unprotected until the next pass.  || resource=srv-daqp02flot8c73ffv6eg instance=srv-daqp02flot8c73ffv6eg-jg2j5
2026-09-30 23:10:18,880 INFO [v32] EXIT end-of-day GLND 76 @ 5.1100 | entry 5.1100 peak 5.1100 stop 0.0000 | held 9s | P/L +0.00 (+0.00% of the trade, +0.00% of the account)  || resource=srv-daqp02flot8c73ffv6eg instance=srv-daqp02flot8c73ffv6eg-jg2j5
2026-09-30 23:10:21,327 INFO [v32] EXIT end-of-day GOW 122 @ 2.8300 | entry 2.8800 peak 2.8800 stop 0.0000 | held 61s | P/L -6.10 (-1.74% of the trade, -0.04% of the account)  || resource=srv-daqp02flot8c73ffv6eg instance=srv-daqp02flot8c73ffv6eg-jg2j5
2026-09-30 23:10:21,360 INFO [v32] RE-ENTER PACB 152 @ 2.3100 = $351 | stop 0.0000 (100.00% away) | day level 0.0000, re-entry at 0.0200  || resource=srv-daqp02flot8c73ffv6eg instance=srv-daqp02flot8c73ffv6eg-jg2j5
2026-09-30 23:10:25,610 INFO [v32] RE-ENTER CHGA 177 @ 2.3000 = $407 | stop 0.0000 (100.00% away) | day level 0.0000, re-entry at 0.0200  || resource=srv-daqp02flot8c73ffv6eg instance=srv-daqp02flot8c73ffv6eg-jg2j5
2026-09-30 23:10:25,958 INFO [v32] EXIT end-of-day LPA 107 @ 3.2600 | entry 3.2800 peak 3.2800 stop 0.0000 | held 25s | P/L -2.14 (-0.61% of the trade, -0.01% of the account)  || resource=srv-daqp02flot8c73ffv6eg instance=srv-daqp02flot8c73ffv6eg-jg2j5
2026-09-30 23:10:35,170 INFO [v32] RE-ENTER LPA 108 @ 3.2500 = $351 | stop 0.0000 (100.00% away) | day level 0.0000, re-entry at 0.0200  || resource=srv-daqp02flot8c73ffv6eg instance=srv-daqp02flot8c73ffv6eg-jg2j5
2026-09-30 23:10:35,221 INFO [v32] EXIT end-of-day PWCM 320 @ 1.1000 | entry 1.1000 peak 1.1000 stop 0.0000 | held 71s | P/L +0.00 (+0.00% of the trade, +0.00% of the account)  || resource=srv-daqp02flot8c73ffv6eg instance=srv-daqp02flot8c73ffv6eg-jg2j5
2026-09-30 23:10:39,183 INFO [v32] EXIT end-of-day QSI 288 @ 1.2185 | entry 1.2200 peak 1.2200 stop 0.0000 | held 68s | P/L -0.43 (-0.12% of the trade, -0.00% of the account)  || resource=srv-daqp02flot8c73ffv6eg instance=srv-daqp02flot8c73ffv6eg-jg2j5
2026-09-30 23:10:40,645 INFO [v32] RE-ENTER PWCM 320 @ 1.1000 = $352 | stop 0.0000 (100.00% away) | day level 0.0000, re-entry at 0.0200  || resource=srv-daqp02flot8c73ffv6eg instance=srv-daqp02flot8c73ffv6eg-jg2j5
2026-09-30 23:10:43,473 INFO [v32] EXIT end-of-day TGE 451 @ 1.5300 | entry 1.5399 peak 1.5399 stop 0.0000 | held 55s | P/L -4.46 (-0.64% of the trade, -0.03% of the account)  || resource=srv-daqp02flot8c73ffv6eg instance=srv-daqp02flot8c73ffv6eg-jg2j5
2026-09-30 23:10:47,394 INFO [v32] EXIT end-of-day TNON 154 @ 4.1400 | entry 4.1400 peak 4.1400 stop 0.0000 | held 54s | P/L +0.00 (+0.00% of the trade, +0.00% of the account)  || resource=srv-daqp02flot8c73ffv6eg instance=srv-daqp02flot8c73ffv6eg-jg2j5
2026-09-30 23:10:47,667 INFO [v32] RE-ENTER CMCT 124 @ 2.8346 = $351 | stop 0.0000 (100.00% away) | day level 0.0000, re-entry at 0.0200  || resource=srv-daqp02flot8c73ffv6eg instance=srv-daqp02flot8c73ffv6eg-jg2j5
2026-09-30 23:10:51,408 INFO [v32] RE-ENTER QSI 288 @ 1.2200 = $351 | stop 0.0000 (100.00% away) | day level 0.0000, re-entry at 0.0200  || resource=srv-daqp02flot8c73ffv6eg instance=srv-daqp02flot8c73ffv6eg-jg2j5
2026-09-30 23:10:51,410 INFO [v32] EXIT end-of-day XRPN 19 @ 18.0000 | entry 17.9700 peak 17.9700 stop 0.0000 | held 71s | P/L +0.57 (+0.17% of the trade, +0.00% of the account)  || resource=srv-daqp02flot8c73ffv6eg instance=srv-daqp02flot8c73ffv6eg-jg2j5
2026-09-30 23:10:54,276 INFO [v32] RE-ENTER TGE 364 @ 1.5300 = $557 | stop 0.0000 (100.00% away) | day level 0.0000, re-entry at 0.0200  || resource=srv-daqp02flot8c73ffv6eg instance=srv-daqp02flot8c73ffv6eg-jg2j5
2026-09-30 23:10:57,087 INFO [v32] RE-ENTER XRPN 19 @ 17.9458 = $341 | stop 0.0000 (100.00% away) | day level 0.0000, re-entry at 0.0200  || resource=srv-daqp02flot8c73ffv6eg instance=srv-daqp02flot8c73ffv6eg-jg2j5
2026-09-30 23:11:03,655 INFO [v32] RE-ENTER TNON 88 @ 4.1100 = $362 | stop 0.0000 (100.00% away) | day level 0.0000, re-entry at 0.0200  || resource=srv-daqp02flot8c73ffv6eg instance=srv-daqp02flot8c73ffv6eg-jg2j5
2026-09-30 23:11:11,412 INFO [v32] end of day - flattening.  || resource=srv-daqp02flot8c73ffv6eg instance=srv-daqp02flot8c73ffv6eg-jg2j5
2026-09-30 23:11:14,601 INFO [v32] EXIT end-of-day BEZ 4 @ 4.8350 | entry 4.8400 peak 4.8350 stop 4.8300 | held 90s | P/L -0.02 (-0.10% of the trade, -0.00% of the account)  || resource=srv-daqp02flot8c73ffv6eg instance=srv-daqp02flot8c73ffv6eg-jg2j5
2026-09-30 23:11:17,891 CRITICAL [v32] CHGA STILL HOLDING 101 share(s) after 8 chase attempts - the exit did not complete. This position is unprotected until the next pass.  || resource=srv-daqp02flot8c73ffv6eg instance=srv-daqp02flot8c73ffv6eg-jg2j5
2026-09-30 23:11:17,891 INFO [v32] EXIT end-of-day CHGA 177 @ 2.3002 | entry 2.3000 peak 2.3000 stop 0.0000 | held 52s | P/L +0.04 (+0.01% of the trade, +0.00% of the account)  || resource=srv-daqp02flot8c73ffv6eg instance=srv-daqp02flot8c73ffv6eg-jg2j5
2026-09-30 23:11:21,257 INFO [v32] EXIT end-of-day CMCT 124 @ 2.8300 | entry 2.8346 peak 2.8346 stop 0.0000 | held 34s | P/L -0.57 (-0.16% of the trade, -0.00% of the account)  || resource=srv-daqp02flot8c73ffv6eg instance=srv-daqp02flot8c73ffv6eg-jg2j5
2026-09-30 23:11:29,059 INFO [v32] EXIT end-of-day GLND 48 @ 5.1099 | entry 5.1100 peak 5.1100 stop 0.0000 | held 79s | P/L -0.00 (-0.00% of the trade, -0.00% of the account)  || resource=srv-daqp02flot8c73ffv6eg instance=srv-daqp02flot8c73ffv6eg-jg2j5
2026-09-30 23:11:33,109 INFO [v32] EXIT end-of-day LPA 108 @ 3.2800 | entry 3.2500 peak 3.2500 stop 0.0000 | held 58s | P/L +3.24 (+0.92% of the trade, +0.02% of the account)  || resource=srv-daqp02flot8c73ffv6eg instance=srv-daqp02flot8c73ffv6eg-jg2j5
2026-09-30 23:11:36,491 INFO [v32] EXIT stop CHGA 101 @ 2.3000 | entry 2.3300 peak 2.3002 stop 2.3200 | held 71s | P/L -3.03 (-1.29% of the trade, -0.02% of the account)  || resource=srv-daqp02flot8c73ffv6eg instance=srv-daqp02flot8c73ffv6eg-jg2j5
2026-09-30 23:11:40,190 INFO [v32] EXIT end-of-day PWCM 320 @ 1.0999 | entry 1.1000 peak 1.1000 stop 0.0000 | held 60s | P/L -0.03 (-0.01% of the trade, -0.00% of the account)  || resource=srv-daqp02flot8c73ffv6eg instance=srv-daqp02flot8c73ffv6eg-jg2j5
2026-09-30 23:11:40,297 INFO [v32] RE-ENTER CHGA 153 @ 2.3000 = $352 | stop 0.0000 (100.00% away) | day level 0.0000, re-entry at 0.0200  || resource=srv-daqp02flot8c73ffv6eg instance=srv-daqp02flot8c73ffv6eg-jg2j5
2026-09-30 23:11:44,186 INFO [v32] RE-ENTER PWCM 323 @ 1.0902 = $352 | stop 0.0000 (100.00% away) | day level 0.0000, re-entry at 0.0200  || resource=srv-daqp02flot8c73ffv6eg instance=srv-daqp02flot8c73ffv6eg-jg2j5
2026-09-30 23:11:47,983 INFO [v32] EXIT end-of-day QSI 288 @ 1.2197 | entry 1.2200 peak 1.2200 stop 0.0000 | held 53s | P/L -0.09 (-0.02% of the trade, -0.00% of the account)  || resource=srv-daqp02flot8c73ffv6eg instance=srv-daqp02flot8c73ffv6eg-jg2j5
2026-09-30 23:11:48,412 INFO [v33] RE-ENTER XRPN 33 @ 18.0600 = $596 | stop 17.9820 (0.43% away) | back above the 18.0000 that threw us out  || resource=srv-daqp02flot8c73ffv6eg instance=srv-daqp02flot8c73ffv6eg-jg2j5
2026-09-30 23:11:48,714 INFO [v32] RE-ENTER LPA 119 @ 3.2679 = $389 | stop 0.0000 (100.00% away) | day level 0.0000, re-entry at 0.0200  || resource=srv-daqp02flot8c73ffv6eg instance=srv-daqp02flot8c73ffv6eg-jg2j5
2026-09-30 23:11:52,368 INFO [v32] EXIT end-of-day TGE 364 @ 1.5200 | entry 1.5300 peak 1.5300 stop 0.0000 | held 58s | P/L -3.64 (-0.65% of the trade, -0.02% of the account)  || resource=srv-daqp02flot8c73ffv6eg instance=srv-daqp02flot8c73ffv6eg-jg2j5
2026-09-30 23:11:52,554 INFO [v32] RE-ENTER MSGY 64 @ 5.5000 = $352 | stop 0.0000 (100.00% away) | day level 0.0000, re-entry at 0.0200  || resource=srv-daqp02flot8c73ffv6eg instance=srv-daqp02flot8c73ffv6eg-jg2j5
2026-09-30 23:11:59,751 INFO [v32] EXIT end-of-day TNON 163 @ 4.1100 | entry 4.1100 peak 4.1100 stop 0.0000 | held 56s | P/L +0.00 (+0.00% of the trade, +0.00% of the account)  || resource=srv-daqp02flot8c73ffv6eg instance=srv-daqp02flot8c73ffv6eg-jg2j5
2026-09-30 23:12:00,460 INFO [v32] RE-ENTER MNKD 91 @ 3.9400 = $359 | stop 0.0000 (100.00% away) | day level 0.0000, re-entry at 0.0200  || resource=srv-daqp02flot8c73ffv6eg instance=srv-daqp02flot8c73ffv6eg-jg2j5
2026-09-30 23:12:03,921 INFO [v32] EXIT end-of-day XRPN 19 @ 18.0077 | entry 17.9458 peak 17.9458 stop 0.0000 | held 67s | P/L +1.18 (+0.34% of the trade, +0.01% of the account)  || resource=srv-daqp02flot8c73ffv6eg instance=srv-daqp02flot8c73ffv6eg-jg2j5
2026-09-30 23:12:08,058 INFO [v32] EXIT end-of-day PACB 152 @ 2.3100 | entry 2.3100 peak 2.3100 stop 0.0000 | held 107s | P/L +0.00 (+0.00% of the trade, +0.00% of the account)  || resource=srv-daqp02flot8c73ffv6eg instance=srv-daqp02flot8c73ffv6eg-jg2j5
2026-09-30 23:12:08,058 INFO [v33] end of day - flattening.  || resource=srv-daqp02flot8c73ffv6eg instance=srv-daqp02flot8c73ffv6eg-jg2j5
2026-09-30 23:12:08,434 INFO [v32] RE-ENTER TNON 127 @ 4.1100 = $522 | stop 0.0000 (100.00% away) | day level 0.0000, re-entry at 0.0200  || resource=srv-daqp02flot8c73ffv6eg instance=srv-daqp02flot8c73ffv6eg-jg2j5
2026-09-30 23:12:09,150 INFO [v32] RE-ENTER XRPN 19 @ 18.0600 = $343 | stop 0.0000 (100.00% away) | day level 0.0000, re-entry at 0.0200  || resource=srv-daqp02flot8c73ffv6eg instance=srv-daqp02flot8c73ffv6eg-jg2j5
2026-09-30 23:12:09,543 INFO [v33] EXIT end-of-day XRPN 33 @ 18.1100 | entry 18.0600 peak 18.1100 stop 18.0850 | held 21s | P/L +1.65 (+0.28% of the trade, +0.00% of the account)  || resource=srv-daqp02flot8c73ffv6eg instance=srv-daqp02flot8c73ffv6eg-jg2j5
2026-09-30 23:12:13,712 INFO [v32] RE-ENTER GOW 197 @ 2.8500 = $561 | stop 0.0000 (100.00% away) | day level 0.0000, re-entry at 0.0200  || resource=srv-daqp02flot8c73ffv6eg instance=srv-daqp02flot8c73ffv6eg-jg2j5
2026-09-30 23:12:14,461 INFO [v32] RE-ENTER QSI 288 @ 1.2200 = $351 | stop 0.0000 (100.00% away) | day level 0.0000, re-entry at 0.0200  || resource=srv-daqp02flot8c73ffv6eg instance=srv-daqp02flot8c73ffv6eg-jg2j5
2026-09-30 23:12:18,808 INFO [v32] RE-ENTER TGE 228 @ 1.5400 = $351 | stop 0.0000 (100.00% away) | day level 0.0000, re-entry at 0.0200  || resource=srv-daqp02flot8c73ffv6eg instance=srv-daqp02flot8c73ffv6eg-jg2j5
2026-09-30 23:12:20,331 INFO [v32] RE-ENTER PACB 237 @ 2.3100 = $547 | stop 0.0000 (100.00% away) | day level 0.0000, re-entry at 0.0200  || resource=srv-daqp02flot8c73ffv6eg instance=srv-daqp02flot8c73ffv6eg-jg2j5
2026-09-30 23:12:26,330 INFO [v33] RE-ENTER XOS 267 @ 3.1700 = $846 | stop 3.1400 (0.95% away) | back above the 3.1500 that threw us out  || resource=srv-daqp02flot8c73ffv6eg instance=srv-daqp02flot8c73ffv6eg-jg2j5
2026-09-30 23:12:26,342 INFO [v32] RE-ENTER XOS 168 @ 3.1700 = $533 | stop 3.1000 (2.21% away) | day level 3.1500, re-entry at 3.1700  || resource=srv-daqp02flot8c73ffv6eg instance=srv-daqp02flot8c73ffv6eg-jg2j5
2026-09-30 23:12:28,793 INFO [v32] RE-ENTER SMST 26 @ 13.4652 = $350 | stop 13.3067 (1.18% away) | day level 13.3379, re-entry at 13.3579  || resource=srv-daqp02flot8c73ffv6eg instance=srv-daqp02flot8c73ffv6eg-jg2j5
2026-09-30 23:12:28,864 INFO [v33] RE-ENTER LPA 240 @ 3.3300 = $799 | stop 3.2703 (1.79% away) | back above the 3.2803 that threw us out  || resource=srv-daqp02flot8c73ffv6eg instance=srv-daqp02flot8c73ffv6eg-jg2j5
2026-09-30 23:12:29,551 INFO [v32] end of day - flattening.  || resource=srv-daqp02flot8c73ffv6eg instance=srv-daqp02flot8c73ffv6eg-jg2j5
2026-09-30 23:12:29,688 INFO [v33] RE-ENTER SMST 44 @ 13.4652 = $592 | stop 13.3866 (0.58% away) | back above the 13.4000 that threw us out  || resource=srv-daqp02flot8c73ffv6eg instance=srv-daqp02flot8c73ffv6eg-jg2j5
2026-09-30 23:12:33,027 INFO [v32] EXIT end-of-day CHGA 153 @ 2.3000 | entry 2.3000 peak 2.3000 stop 0.0000 | held 53s | P/L +0.00 (+0.00% of the trade, +0.00% of the account)  || resource=srv-daqp02flot8c73ffv6eg instance=srv-daqp02flot8c73ffv6eg-jg2j5
2026-09-30 23:12:37,283 INFO [v32] EXIT end-of-day GOW 224 @ 2.8500 | entry 2.8500 peak 2.8500 stop 0.0000 | held 24s | P/L +0.00 (+0.00% of the trade, +0.00% of the account)  || resource=srv-daqp02flot8c73ffv6eg instance=srv-daqp02flot8c73ffv6eg-jg2j5
2026-09-30 23:12:37,319 INFO [v32] RE-ENTER GLND 69 @ 5.1000 = $352 | stop 0.0000 (100.00% away) | day level 0.0000, re-entry at 0.0200  || resource=srv-daqp02flot8c73ffv6eg instance=srv-daqp02flot8c73ffv6eg-jg2j5
2026-09-30 23:12:41,631 INFO [v32] EXIT end-of-day LPA 158 @ 3.3300 | entry 3.2679 peak 3.2679 stop 0.0000 | held 53s | P/L +9.81 (+1.90% of the trade, +0.06% of the account)  || resource=srv-daqp02flot8c73ffv6eg instance=srv-daqp02flot8c73ffv6eg-jg2j5
2026-09-30 23:12:44,058 INFO [v32] EXIT end-of-day MNKD 91 @ 3.9400 | entry 3.9400 peak 3.9400 stop 0.0000 | held 44s | P/L +0.00 (+0.00% of the trade, +0.00% of the account)  || resource=srv-daqp02flot8c73ffv6eg instance=srv-daqp02flot8c73ffv6eg-jg2j5
2026-09-30 23:12:51,829 INFO [v32] RE-ENTER MNKD 112 @ 3.9415 = $441 | stop 0.0000 (100.00% away) | day level 0.0000, re-entry at 0.0200  || resource=srv-daqp02flot8c73ffv6eg instance=srv-daqp02flot8c73ffv6eg-jg2j5
2026-09-30 23:12:52,302 INFO [v32] EXIT end-of-day MSGY 64 @ 5.5300 | entry 5.5000 peak 5.5000 stop 0.0000 | held 60s | P/L +1.92 (+0.55% of the trade, +0.01% of the account)  || resource=srv-daqp02flot8c73ffv6eg instance=srv-daqp02flot8c73ffv6eg-jg2j5
2026-09-30 23:12:56,484 INFO [v32] EXIT end-of-day PWCM 323 @ 1.1100 | entry 1.0902 peak 1.0902 stop 0.0000 | held 72s | P/L +6.40 (+1.82% of the trade, +0.04% of the account)  || resource=srv-daqp02flot8c73ffv6eg instance=srv-daqp02flot8c73ffv6eg-jg2j5
2026-09-30 23:12:57,701 INFO [v32] EXIT end-of-day QSI 288 @ 1.2103 | entry 1.2200 peak 1.2200 stop 0.0000 | held 43s | P/L -2.79 (-0.80% of the trade, -0.02% of the account)  || resource=srv-daqp02flot8c73ffv6eg instance=srv-daqp02flot8c73ffv6eg-jg2j5
2026-09-30 23:13:02,048 INFO [v32] EXIT end-of-day TGE 228 @ 1.5300 | entry 1.5400 peak 1.5400 stop 0.0000 | held 43s | P/L -2.28 (-0.65% of the trade, -0.01% of the account)  || resource=srv-daqp02flot8c73ffv6eg instance=srv-daqp02flot8c73ffv6eg-jg2j5
2026-09-30 23:13:03,520 INFO [v33] EXIT half-back LPA 240 @ 3.2700 | entry 3.3300 peak 3.3300 stop 3.2703 | held 35s | P/L -14.40 (-1.80% of the trade, -0.03% of the account)  || resource=srv-daqp02flot8c73ffv6eg instance=srv-daqp02flot8c73ffv6eg-jg2j5
2026-09-30 23:13:06,123 INFO [v32] EXIT end-of-day TNON 127 @ 4.1100 | entry 4.1100 peak 4.1100 stop 0.0000 | held 58s | P/L +0.00 (+0.00% of the trade, +0.00% of the account)  || resource=srv-daqp02flot8c73ffv6eg instance=srv-daqp02flot8c73ffv6eg-jg2j5
2026-09-30 23:13:10,136 INFO [v32] RE-ENTER LPA 109 @ 3.2700 = $356 | stop 0.0000 (100.00% away) | day level 0.0000, re-entry at 0.0200  || resource=srv-daqp02flot8c73ffv6eg instance=srv-daqp02flot8c73ffv6eg-jg2j5
2026-09-30 23:13:14,670 INFO [v32] RE-ENTER TNON 168 @ 4.1000 = $689 | stop 0.0000 (100.00% away) | day level 0.0000, re-entry at 0.0200  || resource=srv-daqp02flot8c73ffv6eg instance=srv-daqp02flot8c73ffv6eg-jg2j5
2026-09-30 23:13:18,442 INFO [v32] RE-ENTER PWCM 314 @ 1.1200 = $352 | stop 0.0000 (100.00% away) | day level 0.0000, re-entry at 0.0200  || resource=srv-daqp02flot8c73ffv6eg instance=srv-daqp02flot8c73ffv6eg-jg2j5
2026-09-30 23:13:22,185 INFO [v32] EXIT end-of-day XRPN 19 @ 18.1100 | entry 0.0000 peak 0.0000 stop 0.0000 | held 73s | P/L +0.00 (+0.00% of the trade, +0.00% of the account)  || resource=srv-daqp02flot8c73ffv6eg instance=srv-daqp02flot8c73ffv6eg-jg2j5
2026-09-30 23:13:22,273 INFO [v32] RE-ENTER TGE 230 @ 1.5301 = $352 | stop 0.0000 (100.00% away) | day level 0.0000, re-entry at 0.0200  || resource=srv-daqp02flot8c73ffv6eg instance=srv-daqp02flot8c73ffv6eg-jg2j5
2026-09-30 23:13:23,181 INFO [v32] EXIT end-of-day SMST 26 @ 13.4652 | entry 13.4652 peak 13.4652 stop 13.3067 | held 54s | P/L +0.00 (+0.00% of the trade, +0.00% of the account)  || resource=srv-daqp02flot8c73ffv6eg instance=srv-daqp02flot8c73ffv6eg-jg2j5
2026-09-30 23:13:30,185 INFO [v32] EXIT end-of-day PACB 237 @ 2.3101 | entry 2.3100 peak 2.3100 stop 0.0000 | held 70s | P/L +0.02 (+0.00% of the trade, +0.00% of the account)  || resource=srv-daqp02flot8c73ffv6eg instance=srv-daqp02flot8c73ffv6eg-jg2j5
2026-09-30 23:13:34,499 INFO [v32] EXIT end-of-day XOS 168 @ 3.1700 | entry 3.1700 peak 3.1700 stop 3.1000 | held 68s | P/L +0.00 (+0.00% of the trade, +0.00% of the account)  || resource=srv-daqp02flot8c73ffv6eg instance=srv-daqp02flot8c73ffv6eg-jg2j5
2026-09-30 23:13:34,499 INFO [v33] end of day - flattening.  || resource=srv-daqp02flot8c73ffv6eg instance=srv-daqp02flot8c73ffv6eg-jg2j5
2026-09-30 23:13:36,687 INFO [v33] EXIT end-of-day SMST 44 @ 13.4652 | entry 13.4652 peak 13.4652 stop 13.3866 | held 67s | P/L +0.00 (+0.00% of the trade, +0.00% of the account)  || resource=srv-daqp02flot8c73ffv6eg instance=srv-daqp02flot8c73ffv6eg-jg2j5
2026-09-30 23:13:37,738 INFO [v32] RE-ENTER QSI 530 @ 1.2100 = $641 | stop 0.0000 (100.00% away) | day level 0.0000, re-entry at 0.0200  || resource=srv-daqp02flot8c73ffv6eg instance=srv-daqp02flot8c73ffv6eg-jg2j5
2026-09-30 23:13:38,988 INFO [v33] EXIT end-of-day XOS 267 @ 3.1700 | entry 3.1700 peak 3.1700 stop 3.1400 | held 73s | P/L +0.00 (+0.00% of the trade, +0.00% of the account)  || resource=srv-daqp02flot8c73ffv6eg instance=srv-daqp02flot8c73ffv6eg-jg2j5
2026-09-30 23:13:39,111 INFO [v32] RE-ENTER BEZ 95 @ 4.8400 = $460 | stop 0.0000 (100.00% away) | day level 0.0000, re-entry at 0.0200  || resource=srv-daqp02flot8c73ffv6eg instance=srv-daqp02flot8c73ffv6eg-jg2j5
2026-09-30 23:13:56,236 INFO [v33] RE-ENTER LPA 333 @ 3.3000 = $1099 | stop 3.2600 (1.21% away) | back above the 3.2700 that threw us out  || resource=srv-daqp02flot8c73ffv6eg instance=srv-daqp02flot8c73ffv6eg-jg2j5
2026-09-30 23:13:58,989 INFO [v32] end of day - flattening.  || resource=srv-daqp02flot8c73ffv6eg instance=srv-daqp02flot8c73ffv6eg-jg2j5
2026-09-30 23:14:00,083 CRITICAL [v32] BEZ STILL HOLDING 4 share(s) after 8 chase attempts - the exit did not complete. This position is unprotected until the next pass.  || resource=srv-daqp02flot8c73ffv6eg instance=srv-daqp02flot8c73ffv6eg-jg2j5
2026-09-30 23:14:00,144 INFO [v32] EXIT end-of-day BEZ 95 @ 4.8400 | entry 4.8400 peak 4.8400 stop 0.0000 | held 21s | P/L +0.00 (+0.00% of the trade, +0.00% of the account)  || resource=srv-daqp02flot8c73ffv6eg instance=srv-daqp02flot8c73ffv6eg-jg2j5
2026-09-30 23:14:01,319 INFO [v32] EXIT end-of-day GLND 69 @ 5.1000 | entry 5.1000 peak 5.1000 stop 0.0000 | held 84s | P/L +0.00 (+0.00% of the trade, +0.00% of the account)  || resource=srv-daqp02flot8c73ffv6eg instance=srv-daqp02flot8c73ffv6eg-jg2j5
2026-09-30 23:14:02,446 INFO [v32] EXIT end-of-day LPA 112 @ 3.3099 | entry 3.2700 peak 3.2700 stop 0.0000 | held 52s | P/L +4.47 (+1.22% of the trade, +0.03% of the account)  || resource=srv-daqp02flot8c73ffv6eg instance=srv-daqp02flot8c73ffv6eg-jg2j5
2026-09-30 23:14:04,683 INFO [v32] EXIT end-of-day MNKD 112 @ 3.9415 | entry 3.9415 peak 3.9415 stop 0.0000 | held 73s | P/L +0.00 (+0.00% of the trade, +0.00% of the account)  || resource=srv-daqp02flot8c73ffv6eg instance=srv-daqp02flot8c73ffv6eg-jg2j5
2026-09-30 23:14:09,191 INFO [v32] EXIT end-of-day PWCM 314 @ 1.1200 | entry 1.1200 peak 1.1200 stop 0.0000 | held 51s | P/L +0.00 (+0.00% of the trade, +0.00% of the account)  || resource=srv-daqp02flot8c73ffv6eg instance=srv-daqp02flot8c73ffv6eg-jg2j5
2026-09-30 23:14:10,401 INFO [v32] EXIT end-of-day QSI 530 @ 1.2100 | entry 1.2100 peak 1.2100 stop 0.0000 | held 33s | P/L +0.00 (+0.00% of the trade, +0.00% of the account)  || resource=srv-daqp02flot8c73ffv6eg instance=srv-daqp02flot8c73ffv6eg-jg2j5
2026-09-30 23:14:12,738 INFO [v32] EXIT end-of-day TGE 230 @ 1.5300 | entry 1.5301 peak 1.5301 stop 0.0000 | held 50s | P/L -0.02 (-0.01% of the trade, -0.00% of the account)  || resource=srv-daqp02flot8c73ffv6eg instance=srv-daqp02flot8c73ffv6eg-jg2j5
2026-09-30 23:14:13,644 INFO [v32] EXIT end-of-day TNON 168 @ 4.1100 | entry 4.1000 peak 4.1000 stop 0.0000 | held 59s | P/L +1.68 (+0.24% of the trade, +0.01% of the account)  || resource=srv-daqp02flot8c73ffv6eg instance=srv-daqp02flot8c73ffv6eg-jg2j5
2026-09-30 23:14:13,644 INFO [v33] end of day - flattening.  || resource=srv-daqp02flot8c73ffv6eg instance=srv-daqp02flot8c73ffv6eg-jg2j5
2026-09-30 23:14:15,286 INFO [v32] RE-ENTER MNKD 89 @ 3.9498 = $352 | stop 0.0000 (100.00% away) | day level 0.0000, re-entry at 0.0200  || resource=srv-daqp02flot8c73ffv6eg instance=srv-daqp02flot8c73ffv6eg-jg2j5
2026-09-30 23:14:15,986 CRITICAL [v33] LPA STILL HOLDING 26 share(s) after 8 chase attempts - the exit did not complete. This position is unprotected until the next pass.  || resource=srv-daqp02flot8c73ffv6eg instance=srv-daqp02flot8c73ffv6eg-jg2j5
2026-09-30 23:14:15,986 INFO [v33] EXIT end-of-day LPA 333 @ 3.3099 | entry 3.3000 peak 3.3100 stop 3.3050 | held 20s | P/L +3.30 (+0.30% of the trade, +0.01% of the account)  || resource=srv-daqp02flot8c73ffv6eg instance=srv-daqp02flot8c73ffv6eg-jg2j5
2026-09-30 23:14:15,990 INFO [v32] RE-ENTER PWCM 314 @ 1.1200 = $352 | stop 0.0000 (100.00% away) | day level 0.0000, re-entry at 0.0200  || resource=srv-daqp02flot8c73ffv6eg instance=srv-daqp02flot8c73ffv6eg-jg2j5
2026-09-30 23:14:20,072 INFO [v32] RE-ENTER TGE 227 @ 1.5469 = $351 | stop 0.0000 (100.00% away) | day level 0.0000, re-entry at 0.0200  || resource=srv-daqp02flot8c73ffv6eg instance=srv-daqp02flot8c73ffv6eg-jg2j5
2026-09-30 23:14:21,727 INFO [v32] RE-ENTER PACB 260 @ 2.3100 = $601 | stop 0.0000 (100.00% away) | day level 0.0000, re-entry at 0.0200  || resource=srv-daqp02flot8c73ffv6eg instance=srv-daqp02flot8c73ffv6eg-jg2j5
2026-09-30 23:14:27,498 INFO [v32] RE-ENTER QSI 328 @ 1.2200 = $400 | stop 0.0000 (100.00% away) | day level 0.0000, re-entry at 0.0200  || resource=srv-daqp02flot8c73ffv6eg instance=srv-daqp02flot8c73ffv6eg-jg2j5
2026-09-30 23:14:29,739 INFO [v32] RE-ENTER GOW 164 @ 2.8400 = $466 | stop 0.0000 (100.00% away) | day level 0.0000, re-entry at 0.0200  || resource=srv-daqp02flot8c73ffv6eg instance=srv-daqp02flot8c73ffv6eg-jg2j5
2026-09-30 23:14:35,987 INFO [v32] end of day - flattening.  || resource=srv-daqp02flot8c73ffv6eg instance=srv-daqp02flot8c73ffv6eg-jg2j5
2026-09-30 23:14:39,454 INFO [v32] EXIT end-of-day BEZ 4 @ 4.8400 | entry 4.8400 peak 4.8400 stop 4.8300 | held 60s | P/L +0.00 (+0.00% of the trade, +0.00% of the account)  || resource=srv-daqp02flot8c73ffv6eg instance=srv-daqp02flot8c73ffv6eg-jg2j5
2026-09-30 23:14:41,291 INFO [v32] RE-ENTER MSGY 91 @ 5.5006 = $501 | stop 0.0000 (100.00% away) | day level 0.0000, re-entry at 0.0200  || resource=srv-daqp02flot8c73ffv6eg instance=srv-daqp02flot8c73ffv6eg-jg2j5
2026-09-30 23:14:41,757 CRITICAL [v32] GOW STILL HOLDING 1 share(s) after 8 chase attempts - the exit did not complete. This position is unprotected until the next pass.  || resource=srv-daqp02flot8c73ffv6eg instance=srv-daqp02flot8c73ffv6eg-jg2j5
2026-09-30 23:14:41,757 INFO [v32] EXIT end-of-day GOW 164 @ 2.8300 | entry 2.8400 peak 2.8400 stop 0.0000 | held 12s | P/L -1.64 (-0.35% of the trade, -0.01% of the account)  || resource=srv-daqp02flot8c73ffv6eg instance=srv-daqp02flot8c73ffv6eg-jg2j5
2026-09-30 23:14:44,395 INFO [v33] EXIT half-back LPA 26 @ 3.2800 | entry 3.3100 peak 3.3100 stop 3.3000 | held 48s | P/L -0.78 (-0.91% of the trade, -0.00% of the account)  || resource=srv-daqp02flot8c73ffv6eg instance=srv-daqp02flot8c73ffv6eg-jg2j5
2026-09-30 23:14:45,126 INFO [v32] RE-ENTER LPA 107 @ 3.2800 = $351 | stop 0.0000 (100.00% away) | day level 0.0000, re-entry at 0.0200  || resource=srv-daqp02flot8c73ffv6eg instance=srv-daqp02flot8c73ffv6eg-jg2j5
2026-09-30 23:14:49,219 INFO [v32] EXIT end-of-day MNKD 89 @ 3.9498 | entry 3.9498 peak 3.9498 stop 0.0000 | held 34s | P/L +0.00 (+0.00% of the trade, +0.00% of the account)  || resource=srv-daqp02flot8c73ffv6eg instance=srv-daqp02flot8c73ffv6eg-jg2j5
2026-09-30 23:14:49,254 INFO [v32] RE-ENTER TNON 85 @ 4.1400 = $352 | stop 0.0000 (100.00% away) | day level 0.0000, re-entry at 0.0200  || resource=srv-daqp02flot8c73ffv6eg instance=srv-daqp02flot8c73ffv6eg-jg2j5
2026-09-30 23:14:52,989 INFO [v32] RE-ENTER CMCT 123 @ 2.8500 = $351 | stop 0.0000 (100.00% away) | day level 0.0000, re-entry at 0.0200  || resource=srv-daqp02flot8c73ffv6eg instance=srv-daqp02flot8c73ffv6eg-jg2j5
2026-09-30 23:14:53,513 INFO [v32] EXIT end-of-day PWCM 314 @ 1.1200 | entry 1.1200 peak 1.1200 stop 0.0000 | held 38s | P/L +0.00 (+0.00% of the trade, +0.00% of the account)  || resource=srv-daqp02flot8c73ffv6eg instance=srv-daqp02flot8c73ffv6eg-jg2j5
2026-09-30 23:14:57,967 CRITICAL [v32] QSI STILL HOLDING 2 share(s) after 8 chase attempts - the exit did not complete. This position is unprotected until the next pass.  || resource=srv-daqp02flot8c73ffv6eg instance=srv-daqp02flot8c73ffv6eg-jg2j5
2026-09-30 23:14:58,044 INFO [v32] EXIT end-of-day QSI 328 @ 1.2180 | entry 1.2200 peak 1.2200 stop 0.0000 | held 30s | P/L -0.66 (-0.16% of the trade, -0.00% of the account)  || resource=srv-daqp02flot8c73ffv6eg instance=srv-daqp02flot8c73ffv6eg-jg2j5
2026-09-30 23:15:06,739 INFO [v32] RE-ENTER QSI 375 @ 1.2100 = $454 | stop 0.0000 (100.00% away) | day level 0.0000, re-entry at 0.0200  || resource=srv-daqp02flot8c73ffv6eg instance=srv-daqp02flot8c73ffv6eg-jg2j5
2026-09-30 23:15:06,790 INFO [v32] EXIT end-of-day TGE 227 @ 1.5400 | entry 1.5469 peak 1.5469 stop 0.0000 | held 47s | P/L -1.57 (-0.45% of the trade, -0.01% of the account)  || resource=srv-daqp02flot8c73ffv6eg instance=srv-daqp02flot8c73ffv6eg-jg2j5
2026-09-30 23:15:11,059 INFO [v32] EXIT end-of-day PACB 260 @ 2.3100 | entry 2.3100 peak 2.3100 stop 0.0000 | held 49s | P/L +0.00 (+0.00% of the trade, +0.00% of the account)  || resource=srv-daqp02flot8c73ffv6eg instance=srv-daqp02flot8c73ffv6eg-jg2j5
2026-09-30 23:15:11,191 INFO [v32] RE-ENTER GOW 245 @ 2.8300 = $693 | stop 0.0000 (100.00% away) | day level 0.0000, re-entry at 0.0200  || resource=srv-daqp02flot8c73ffv6eg instance=srv-daqp02flot8c73ffv6eg-jg2j5
2026-09-30 23:15:21,645 INFO [v32] RE-ENTER TGE 233 @ 1.5400 = $359 | stop 0.0000 (100.00% away) | day level 0.0000, re-entry at 0.0200  || resource=srv-daqp02flot8c73ffv6eg instance=srv-daqp02flot8c73ffv6eg-jg2j5
2026-09-30 23:15:24,802 INFO [v32] RE-ENTER GLUE 28 @ 13.8103 = $387 | stop 0.0000 (100.00% away) | day level 0.0000, re-entry at 0.0200  || resource=srv-daqp02flot8c73ffv6eg instance=srv-daqp02flot8c73ffv6eg-jg2j5
2026-09-30 23:15:25,443 INFO [v32] RE-ENTER PWCM 314 @ 1.1200 = $352 | stop 0.0000 (100.00% away) | day level 0.0000, re-entry at 0.0200  || resource=srv-daqp02flot8c73ffv6eg instance=srv-daqp02flot8c73ffv6eg-jg2j5
2026-09-30 23:15:28,443 INFO [v32] RE-ENTER BEZ 129 @ 4.8300 = $623 | stop 0.0000 (100.00% away) | day level 0.0000, re-entry at 0.0200  || resource=srv-daqp02flot8c73ffv6eg instance=srv-daqp02flot8c73ffv6eg-jg2j5
2026-09-30 23:15:30,953 INFO [v32] RE-ENTER MSTZ 170 @ 2.7400 = $466 | stop 0.0000 (100.00% away) | day level 0.0000, re-entry at 0.0200  || resource=srv-daqp02flot8c73ffv6eg instance=srv-daqp02flot8c73ffv6eg-jg2j5
2026-09-30 23:15:31,060 INFO [v32] end of day - flattening.  || resource=srv-daqp02flot8c73ffv6eg instance=srv-daqp02flot8c73ffv6eg-jg2j5
2026-09-30 23:15:33,941 INFO [v32] EXIT end-of-day BEZ 129 @ 4.8300 | entry 4.8300 peak 4.8300 stop 0.0000 | held 5s | P/L +0.00 (+0.00% of the trade, +0.00% of the account)  || resource=srv-daqp02flot8c73ffv6eg instance=srv-daqp02flot8c73ffv6eg-jg2j5
2026-09-30 23:15:42,349 INFO [v32] EXIT end-of-day CMCT 123 @ 2.8500 | entry 2.8500 peak 2.8500 stop 0.0000 | held 49s | P/L +0.00 (+0.00% of the trade, +0.00% of the account)  || resource=srv-daqp02flot8c73ffv6eg instance=srv-daqp02flot8c73ffv6eg-jg2j5
2026-09-30 23:15:43,269 CRITICAL [v32] GLUE STILL HOLDING 3 share(s) after 8 chase attempts - the exit did not complete. This position is unprotected until the next pass.  || resource=srv-daqp02flot8c73ffv6eg instance=srv-daqp02flot8c73ffv6eg-jg2j5
2026-09-30 23:15:43,269 INFO [v32] EXIT end-of-day GLUE 28 @ 13.8103 | entry 13.8103 peak 13.8103 stop 0.0000 | held 18s | P/L +0.00 (+0.00% of the trade, +0.00% of the account)  || resource=srv-daqp02flot8c73ffv6eg instance=srv-daqp02flot8c73ffv6eg-jg2j5
2026-09-30 23:15:52,836 INFO [v32] RE-ENTER XRPN 24 @ 17.9400 = $431 | stop 0.0000 (100.00% away) | day level 0.0000, re-entry at 0.0200  || resource=srv-daqp02flot8c73ffv6eg instance=srv-daqp02flot8c73ffv6eg-jg2j5
2026-09-30 23:15:53,244 INFO [v32] EXIT end-of-day GOW 246 @ 2.8700 | entry 2.8300 peak 2.8300 stop 0.0000 | held 42s | P/L +9.84 (+1.41% of the trade, +0.06% of the account)  || resource=srv-daqp02flot8c73ffv6eg instance=srv-daqp02flot8c73ffv6eg-jg2j5
2026-09-30 23:15:57,472 INFO [v32] EXIT end-of-day LPA 107 @ 3.2800 | entry 3.2800 peak 3.2800 stop 0.0000 | held 72s | P/L +0.00 (+0.00% of the trade, +0.00% of the account)  || resource=srv-daqp02flot8c73ffv6eg instance=srv-daqp02flot8c73ffv6eg-jg2j5
2026-09-30 23:15:58,611 INFO [v32] EXIT end-of-day MSGY 92 @ 5.5006 | entry 5.5006 peak 5.5006 stop 0.0000 | held 77s | P/L +0.00 (+0.00% of the trade, +0.00% of the account)  || resource=srv-daqp02flot8c73ffv6eg instance=srv-daqp02flot8c73ffv6eg-jg2j5
2026-09-30 23:16:02,853 INFO [v32] EXIT end-of-day MSTZ 170 @ 2.7300 | entry 2.7400 peak 2.7400 stop 0.0000 | held 32s | P/L -1.70 (-0.36% of the trade, -0.01% of the account)  || resource=srv-daqp02flot8c73ffv6eg instance=srv-daqp02flot8c73ffv6eg-jg2j5
2026-09-30 23:16:06,830 INFO [v32] EXIT end-of-day PWCM 314 @ 1.1231 | entry 1.1200 peak 1.1200 stop 0.0000 | held 41s | P/L +0.97 (+0.28% of the trade, +0.01% of the account)  || resource=srv-daqp02flot8c73ffv6eg instance=srv-daqp02flot8c73ffv6eg-jg2j5
2026-09-30 23:16:10,488 INFO [v32] RE-ENTER LPA 107 @ 3.2700 = $350 | stop 0.0000 (100.00% away) | day level 0.0000, re-entry at 0.0200  || resource=srv-daqp02flot8c73ffv6eg instance=srv-daqp02flot8c73ffv6eg-jg2j5
2026-09-30 23:16:10,843 INFO [v32] EXIT end-of-day QSI 377 @ 1.2100 | entry 1.2100 peak 1.2100 stop 0.0000 | held 64s | P/L +0.00 (+0.00% of the trade, +0.00% of the account)  || resource=srv-daqp02flot8c73ffv6eg instance=srv-daqp02flot8c73ffv6eg-jg2j5
2026-09-30 23:16:14,355 INFO [v32] RE-ENTER GOW 122 @ 2.8700 = $350 | stop 0.0000 (100.00% away) | day level 0.0000, re-entry at 0.0200  || resource=srv-daqp02flot8c73ffv6eg instance=srv-daqp02flot8c73ffv6eg-jg2j5
2026-09-30 23:16:23,543 CRITICAL [v32] TGE STILL HOLDING 7 share(s) after 8 chase attempts - the exit did not complete. This position is unprotected until the next pass.  || resource=srv-daqp02flot8c73ffv6eg instance=srv-daqp02flot8c73ffv6eg-jg2j5
2026-09-30 23:16:23,628 INFO [v32] EXIT end-of-day TGE 233 @ 1.5400 | entry 1.5400 peak 1.5400 stop 0.0000 | held 62s | P/L +0.00 (+0.00% of the trade, +0.00% of the account)  || resource=srv-daqp02flot8c73ffv6eg instance=srv-daqp02flot8c73ffv6eg-jg2j5
2026-09-30 23:16:27,612 INFO [v32] EXIT end-of-day TNON 85 @ 4.1200 | entry 4.1400 peak 4.1400 stop 0.0000 | held 98s | P/L -1.70 (-0.48% of the trade, -0.01% of the account)  || resource=srv-daqp02flot8c73ffv6eg instance=srv-daqp02flot8c73ffv6eg-jg2j5
2026-09-30 23:16:47,788 INFO [v32] end of day - flattening.  || resource=srv-daqp02flot8c73ffv6eg instance=srv-daqp02flot8c73ffv6eg-jg2j5
2026-09-30 23:16:52,213 INFO [v32] EXIT end-of-day GLUE 3 @ 13.8103 | entry 13.8400 peak 13.8103 stop 13.8262 | held 87s | P/L -0.09 (-0.21% of the trade, -0.00% of the account)  || resource=srv-daqp02flot8c73ffv6eg instance=srv-daqp02flot8c73ffv6eg-jg2j5
2026-09-30 23:16:56,479 INFO [v32] EXIT end-of-day GOW 122 @ 2.8700 | entry 2.8700 peak 2.8700 stop 0.0000 | held 42s | P/L +0.00 (+0.00% of the trade, +0.00% of the account)  || resource=srv-daqp02flot8c73ffv6eg instance=srv-daqp02flot8c73ffv6eg-jg2j5
2026-09-30 23:17:00,906 INFO [v32] EXIT end-of-day LPA 107 @ 3.2700 | entry 3.2700 peak 3.2700 stop 0.0000 | held 50s | P/L +0.00 (+0.00% of the trade, +0.00% of the account)  || resource=srv-daqp02flot8c73ffv6eg instance=srv-daqp02flot8c73ffv6eg-jg2j5
2026-09-30 23:17:09,612 INFO [v32] EXIT end-of-day XRPN 24 @ 17.9600 | entry 17.9400 peak 17.9400 stop 0.0000 | held 77s | P/L +0.48 (+0.11% of the trade, +0.00% of the account)  || resource=srv-daqp02flot8c73ffv6eg instance=srv-daqp02flot8c73ffv6eg-jg2j5
2026-09-30 23:17:10,978 INFO [v32] RE-ENTER QSI 498 @ 1.2100 = $603 | stop 0.0000 (100.00% away) | day level 0.0000, re-entry at 0.0200  || resource=srv-daqp02flot8c73ffv6eg instance=srv-daqp02flot8c73ffv6eg-jg2j5
2026-09-30 23:17:15,959 INFO [v32] RE-ENTER PWCM 332 @ 1.1300 = $375 | stop 0.0000 (100.00% away) | day level 0.0000, re-entry at 0.0200  || resource=srv-daqp02flot8c73ffv6eg instance=srv-daqp02flot8c73ffv6eg-jg2j5
2026-09-30 23:17:16,826 INFO [v32] RE-ENTER TGE 227 @ 1.5500 = $352 | stop 0.0000 (100.00% away) | day level 0.0000, re-entry at 0.0200  || resource=srv-daqp02flot8c73ffv6eg instance=srv-daqp02flot8c73ffv6eg-jg2j5
2026-09-30 23:17:21,434 INFO [v32] RE-ENTER GOW 194 @ 2.8500 = $553 | stop 0.0000 (100.00% away) | day level 0.0000, re-entry at 0.0200  || resource=srv-daqp02flot8c73ffv6eg instance=srv-daqp02flot8c73ffv6eg-jg2j5
2026-09-30 23:17:23,709 INFO [v32] RE-ENTER XRPN 29 @ 17.7400 = $514 | stop 0.0000 (100.00% away) | day level 0.0000, re-entry at 0.0200  || resource=srv-daqp02flot8c73ffv6eg instance=srv-daqp02flot8c73ffv6eg-jg2j5
2026-09-30 23:17:28,406 INFO [v32] RE-ENTER TNON 89 @ 4.1200 = $367 | stop 0.0000 (100.00% away) | day level 0.0000, re-entry at 0.0200  || resource=srv-daqp02flot8c73ffv6eg instance=srv-daqp02flot8c73ffv6eg-jg2j5
2026-09-30 23:17:29,615 INFO [v32] end of day - flattening.  || resource=srv-daqp02flot8c73ffv6eg instance=srv-daqp02flot8c73ffv6eg-jg2j5
2026-09-30 23:17:33,083 INFO [v32] RE-ENTER CMCT 161 @ 2.8400 = $457 | stop 0.0000 (100.00% away) | day level 0.0000, re-entry at 0.0200  || resource=srv-daqp02flot8c73ffv6eg instance=srv-daqp02flot8c73ffv6eg-jg2j5
2026-09-30 23:17:37,144 INFO [v32] EXIT end-of-day GOW 194 @ 2.8700 | entry 2.8500 peak 2.8500 stop 0.0000 | held 16s | P/L +3.88 (+0.70% of the trade, +0.02% of the account)  || resource=srv-daqp02flot8c73ffv6eg instance=srv-daqp02flot8c73ffv6eg-jg2j5
2026-09-30 23:17:37,157 INFO [v32] RE-ENTER LPA 107 @ 3.2705 = $350 | stop 0.0000 (100.00% away) | day level 0.0000, re-entry at 0.0200  || resource=srv-daqp02flot8c73ffv6eg instance=srv-daqp02flot8c73ffv6eg-jg2j5
2026-09-30 23:17:41,171 INFO [v32] RE-ENTER GLND 69 @ 5.1009 = $352 | stop 0.0000 (100.00% away) | day level 0.0000, re-entry at 0.0200  || resource=srv-daqp02flot8c73ffv6eg instance=srv-daqp02flot8c73ffv6eg-jg2j5
2026-09-30 23:17:41,458 INFO [v32] EXIT end-of-day PWCM 345 @ 1.1200 | entry 1.1300 peak 1.1300 stop 0.0000 | held 25s | P/L -3.45 (-0.88% of the trade, -0.02% of the account)  || resource=srv-daqp02flot8c73ffv6eg instance=srv-daqp02flot8c73ffv6eg-jg2j5
2026-09-30 23:17:44,966 INFO [v32] RE-ENTER CHGA 152 @ 2.3100 = $351 | stop 0.0000 (100.00% away) | day level 0.0000, re-entry at 0.0200  || resource=srv-daqp02flot8c73ffv6eg instance=srv-daqp02flot8c73ffv6eg-jg2j5
2026-09-30 23:17:45,558 INFO [v32] EXIT end-of-day QSI 540 @ 1.2150 | entry 1.2100 peak 1.2100 stop 0.0000 | held 35s | P/L +2.70 (+0.41% of the trade, +0.02% of the account)  || resource=srv-daqp02flot8c73ffv6eg instance=srv-daqp02flot8c73ffv6eg-jg2j5
2026-09-30 23:17:48,766 INFO [v32] RE-ENTER PWCM 309 @ 1.1400 = $352 | stop 0.0000 (100.00% away) | day level 0.0000, re-entry at 0.0200  || resource=srv-daqp02flot8c73ffv6eg instance=srv-daqp02flot8c73ffv6eg-jg2j5
2026-09-30 23:17:52,577 INFO [v32] RE-ENTER PACB 151 @ 2.3200 = $350 | stop 0.0000 (100.00% away) | day level 0.0000, re-entry at 0.0200  || resource=srv-daqp02flot8c73ffv6eg instance=srv-daqp02flot8c73ffv6eg-jg2j5
2026-09-30 23:17:53,115 INFO [v32] EXIT end-of-day TGE 234 @ 1.5600 | entry 1.5500 peak 1.5500 stop 0.0000 | held 36s | P/L +2.34 (+0.65% of the trade, +0.01% of the account)  || resource=srv-daqp02flot8c73ffv6eg instance=srv-daqp02flot8c73ffv6eg-jg2j5
2026-09-30 23:17:56,727 INFO [v32] RE-ENTER GOW 122 @ 2.8700 = $350 | stop 0.0000 (100.00% away) | day level 0.0000, re-entry at 0.0200  || resource=srv-daqp02flot8c73ffv6eg instance=srv-daqp02flot8c73ffv6eg-jg2j5
2026-09-30 23:17:57,188 CRITICAL [v32] TNON STILL HOLDING 3 share(s) after 8 chase attempts - the exit did not complete. This position is unprotected until the next pass.  || resource=srv-daqp02flot8c73ffv6eg instance=srv-daqp02flot8c73ffv6eg-jg2j5
2026-09-30 23:17:57,188 INFO [v32] EXIT end-of-day TNON 89 @ 4.1000 | entry 4.1200 peak 4.1200 stop 0.0000 | held 29s | P/L -1.78 (-0.49% of the trade, -0.01% of the account)  || resource=srv-daqp02flot8c73ffv6eg instance=srv-daqp02flot8c73ffv6eg-jg2j5
2026-09-30 23:18:01,335 INFO [v32] EXIT end-of-day XRPN 29 @ 17.6900 | entry 17.7400 peak 17.7400 stop 0.0000 | held 38s | P/L -1.45 (-0.28% of the trade, -0.01% of the account)  || resource=srv-daqp02flot8c73ffv6eg instance=srv-daqp02flot8c73ffv6eg-jg2j5
2026-09-30 23:18:03,229 INFO [v32] RE-ENTER TGE 434 @ 1.5700 = $681 | stop 0.0000 (100.00% away) | day level 0.0000, re-entry at 0.0200  || resource=srv-daqp02flot8c73ffv6eg instance=srv-daqp02flot8c73ffv6eg-jg2j5
2026-09-30 23:18:21,336 INFO [v32] end of day - flattening.  || resource=srv-daqp02flot8c73ffv6eg instance=srv-daqp02flot8c73ffv6eg-jg2j5
2026-09-30 23:18:22,448 INFO [v32] EXIT end-of-day CHGA 152 @ 2.3100 | entry 2.3100 peak 2.3100 stop 0.0000 | held 37s | P/L +0.00 (+0.00% of the trade, +0.00% of the account)  || resource=srv-daqp02flot8c73ffv6eg instance=srv-daqp02flot8c73ffv6eg-jg2j5
2026-09-30 23:18:23,723 INFO [v32] EXIT end-of-day CMCT 161 @ 2.8300 | entry 2.8400 peak 2.8400 stop 0.0000 | held 51s | P/L -1.61 (-0.35% of the trade, -0.01% of the account)  || resource=srv-daqp02flot8c73ffv6eg instance=srv-daqp02flot8c73ffv6eg-jg2j5
2026-09-30 23:18:26,336 INFO [v32] EXIT end-of-day GLND 69 @ 5.1000 | entry 5.1009 peak 5.1009 stop 0.0000 | held 45s | P/L -0.06 (-0.02% of the trade, -0.00% of the account)  || resource=srv-daqp02flot8c73ffv6eg instance=srv-daqp02flot8c73ffv6eg-jg2j5
2026-09-30 23:18:27,846 INFO [v32] EXIT end-of-day GOW 122 @ 2.8700 | entry 2.8700 peak 2.8700 stop 0.0000 | held 31s | P/L +0.00 (+0.00% of the trade, +0.00% of the account)  || resource=srv-daqp02flot8c73ffv6eg instance=srv-daqp02flot8c73ffv6eg-jg2j5
2026-09-30 23:18:28,981 INFO [v32] EXIT end-of-day LPA 107 @ 3.2700 | entry 3.2705 peak 3.2705 stop 0.0000 | held 52s | P/L -0.05 (-0.02% of the trade, -0.00% of the account)  || resource=srv-daqp02flot8c73ffv6eg instance=srv-daqp02flot8c73ffv6eg-jg2j5
2026-09-30 23:18:30,357 INFO [v32] EXIT end-of-day PWCM 309 @ 1.1200 | entry 1.1400 peak 1.1400 stop 0.0000 | held 42s | P/L -6.18 (-1.75% of the trade, -0.04% of the account)  || resource=srv-daqp02flot8c73ffv6eg instance=srv-daqp02flot8c73ffv6eg-jg2j5
2026-09-30 23:18:30,670 INFO [v32] RE-ENTER CMCT 123 @ 2.8600 = $352 | stop 0.0000 (100.00% away) | day level 0.0000, re-entry at 0.0200  || resource=srv-daqp02flot8c73ffv6eg instance=srv-daqp02flot8c73ffv6eg-jg2j5
2026-09-30 23:18:32,426 INFO [v32] RE-ENTER QSI 291 @ 1.2100 = $352 | stop 0.0000 (100.00% away) | day level 0.0000, re-entry at 0.0200  || resource=srv-daqp02flot8c73ffv6eg instance=srv-daqp02flot8c73ffv6eg-jg2j5
2026-09-30 23:18:36,758 INFO [v32] RE-ENTER PWCM 314 @ 1.1200 = $352 | stop 0.0000 (100.00% away) | day level 0.0000, re-entry at 0.0200  || resource=srv-daqp02flot8c73ffv6eg instance=srv-daqp02flot8c73ffv6eg-jg2j5
2026-09-30 23:18:42,811 INFO [v32] EXIT end-of-day TGE 434 @ 1.5700 | entry 1.5700 peak 1.5700 stop 0.0000 | held 39s | P/L +0.00 (+0.00% of the trade, +0.00% of the account)  || resource=srv-daqp02flot8c73ffv6eg instance=srv-daqp02flot8c73ffv6eg-jg2j5
2026-09-30 23:18:44,167 INFO [v32] RE-ENTER MSGY 88 @ 5.6300 = $495 | stop 0.0000 (100.00% away) | day level 0.0000, re-entry at 0.0200  || resource=srv-daqp02flot8c73ffv6eg instance=srv-daqp02flot8c73ffv6eg-jg2j5
2026-09-30 23:18:50,361 INFO [v32] EXIT end-of-day TNON 3 @ 4.1000 | entry 4.1700 peak 4.1000 stop 4.1600 | held 82s | P/L -0.21 (-1.68% of the trade, -0.00% of the account)  || resource=srv-daqp02flot8c73ffv6eg instance=srv-daqp02flot8c73ffv6eg-jg2j5
2026-09-30 23:18:54,463 INFO [v32] EXIT end-of-day PACB 151 @ 2.3200 | entry 2.3200 peak 2.3200 stop 0.0000 | held 62s | P/L +0.00 (+0.00% of the trade, +0.00% of the account)  || resource=srv-daqp02flot8c73ffv6eg instance=srv-daqp02flot8c73ffv6eg-jg2j5
2026-09-30 23:19:14,464 INFO [v32] end of day - flattening.  || resource=srv-daqp02flot8c73ffv6eg instance=srv-daqp02flot8c73ffv6eg-jg2j5
2026-09-30 23:19:20,156 INFO [v32] EXIT end-of-day CMCT 123 @ 2.8600 | entry 2.8600 peak 2.8600 stop 0.0000 | held 49s | P/L +0.00 (+0.00% of the trade, +0.00% of the account)  || resource=srv-daqp02flot8c73ffv6eg instance=srv-daqp02flot8c73ffv6eg-jg2j5
2026-09-30 23:19:24,677 INFO [v32] EXIT end-of-day MSGY 88 @ 5.6300 | entry 5.6300 peak 5.6300 stop 0.0000 | held 40s | P/L +0.00 (+0.00% of the trade, +0.00% of the account)  || resource=srv-daqp02flot8c73ffv6eg instance=srv-daqp02flot8c73ffv6eg-jg2j5
2026-09-30 23:19:33,185 INFO [v32] EXIT end-of-day PWCM 314 @ 1.1100 | entry 1.1200 peak 1.1200 stop 0.0000 | held 56s | P/L -3.14 (-0.89% of the trade, -0.02% of the account)  || resource=srv-daqp02flot8c73ffv6eg instance=srv-daqp02flot8c73ffv6eg-jg2j5
2026-09-30 23:19:37,514 INFO [v32] EXIT end-of-day QSI 291 @ 1.2100 | entry 1.2100 peak 1.2100 stop 0.0000 | held 65s | P/L +0.00 (+0.00% of the trade, +0.00% of the account)  || resource=srv-daqp02flot8c73ffv6eg instance=srv-daqp02flot8c73ffv6eg-jg2j5
2026-09-30 23:19:40,219 INFO [v32] RE-ENTER TGE 273 @ 1.5700 = $429 | stop 0.0000 (100.00% away) | day level 0.0000, re-entry at 0.0200  || resource=srv-daqp02flot8c73ffv6eg instance=srv-daqp02flot8c73ffv6eg-jg2j5
2026-09-30 23:19:44,410 INFO [v32] RE-ENTER TNON 85 @ 4.1100 = $349 | stop 0.0000 (100.00% away) | day level 0.0000, re-entry at 0.0200  || resource=srv-daqp02flot8c73ffv6eg instance=srv-daqp02flot8c73ffv6eg-jg2j5
2026-09-30 23:19:45,950 INFO [v32] RE-ENTER GOW 157 @ 2.9000 = $455 | stop 0.0000 (100.00% away) | day level 0.0000, re-entry at 0.0200  || resource=srv-daqp02flot8c73ffv6eg instance=srv-daqp02flot8c73ffv6eg-jg2j5
2026-09-30 23:19:49,828 INFO [v32] RE-ENTER PWCM 314 @ 1.1200 = $352 | stop 0.0000 (100.00% away) | day level 0.0000, re-entry at 0.0200  || resource=srv-daqp02flot8c73ffv6eg instance=srv-daqp02flot8c73ffv6eg-jg2j5
2026-09-30 23:19:51,092 INFO [v32] RE-ENTER CHGA 211 @ 2.3100 = $487 | stop 0.0000 (100.00% away) | day level 0.0000, re-entry at 0.0200  || resource=srv-daqp02flot8c73ffv6eg instance=srv-daqp02flot8c73ffv6eg-jg2j5
2026-09-30 23:19:57,517 INFO [v32] end of day - flattening.  || resource=srv-daqp02flot8c73ffv6eg instance=srv-daqp02flot8c73ffv6eg-jg2j5
2026-09-30 23:20:01,631 CRITICAL [v32] CHGA STILL HOLDING 72 share(s) after 8 chase attempts - the exit did not complete. This position is unprotected until the next pass.  || resource=srv-daqp02flot8c73ffv6eg instance=srv-daqp02flot8c73ffv6eg-jg2j5
2026-09-30 23:20:01,718 INFO [v32] EXIT end-of-day CHGA 211 @ 2.3000 | entry 2.3100 peak 2.3100 stop 0.0000 | held 11s | P/L -2.11 (-0.43% of the trade, -0.01% of the account)  || resource=srv-daqp02flot8c73ffv6eg instance=srv-daqp02flot8c73ffv6eg-jg2j5
2026-09-30 23:20:10,652 INFO [v32] EXIT end-of-day GOW 157 @ 2.8200 | entry 2.9000 peak 2.9000 stop 0.0000 | held 25s | P/L -12.56 (-2.76% of the trade, -0.08% of the account)  || resource=srv-daqp02flot8c73ffv6eg instance=srv-daqp02flot8c73ffv6eg-jg2j5
2026-09-30 23:20:20,434 INFO [v32] EXIT end-of-day PWCM 314 @ 1.0900 | entry 1.1200 peak 1.1200 stop 0.0000 | held 31s | P/L -9.42 (-2.68% of the trade, -0.06% of the account)  || resource=srv-daqp02flot8c73ffv6eg instance=srv-daqp02flot8c73ffv6eg-jg2j5
2026-09-30 23:20:24,524 CRITICAL [v32] TGE STILL HOLDING 15 share(s) after 8 chase attempts - the exit did not complete. This position is unprotected until the next pass.  || resource=srv-daqp02flot8c73ffv6eg instance=srv-daqp02flot8c73ffv6eg-jg2j5
2026-09-30 23:20:27,665 INFO [v32] EXIT end-of-day TGE 273 @ 1.5900 | entry 1.5700 peak 1.5700 stop 0.0000 | held 44s | P/L +5.46 (+1.27% of the trade, +0.03% of the account)  || resource=srv-daqp02flot8c73ffv6eg instance=srv-daqp02flot8c73ffv6eg-jg2j5
2026-09-30 23:20:29,095 INFO [v32] EXIT end-of-day TNON 85 @ 4.1100 | entry 4.1100 peak 4.1100 stop 0.0000 | held 45s | P/L +0.00 (+0.00% of the trade, +0.00% of the account)  || resource=srv-daqp02flot8c73ffv6eg instance=srv-daqp02flot8c73ffv6eg-jg2j5
2026-09-30 23:20:45,725 INFO [v32] RE-ENTER PWCM 381 @ 1.0900 = $415 | stop 0.0000 (100.00% away) | day level 0.0000, re-entry at 0.0200  || resource=srv-daqp02flot8c73ffv6eg instance=srv-daqp02flot8c73ffv6eg-jg2j5
2026-09-30 23:20:49,097 INFO [v32] end of day - flattening.  || resource=srv-daqp02flot8c73ffv6eg instance=srv-daqp02flot8c73ffv6eg-jg2j5
2026-09-30 23:20:53,222 INFO [v32] EXIT end-of-day CHGA 72 @ 2.3000 | entry 2.3100 peak 2.3000 stop 2.3000 | held 62s | P/L -0.72 (-0.43% of the trade, -0.00% of the account)  || resource=srv-daqp02flot8c73ffv6eg instance=srv-daqp02flot8c73ffv6eg-jg2j5
2026-09-30 23:20:53,470 INFO [v32] RE-ENTER GOW 192 @ 2.8200 = $541 | stop 0.0000 (100.00% away) | day level 0.0000, re-entry at 0.0200  || resource=srv-daqp02flot8c73ffv6eg instance=srv-daqp02flot8c73ffv6eg-jg2j5
2026-09-30 23:20:57,290 INFO [v32] RE-ENTER PACB 151 @ 2.3198 = $350 | stop 0.0000 (100.00% away) | day level 0.0000, re-entry at 0.0200  || resource=srv-daqp02flot8c73ffv6eg instance=srv-daqp02flot8c73ffv6eg-jg2j5
2026-09-30 23:21:01,403 INFO [v32] RE-ENTER CMCT 124 @ 2.8300 = $351 | stop 0.0000 (100.00% away) | day level 0.0000, re-entry at 0.0200  || resource=srv-daqp02flot8c73ffv6eg instance=srv-daqp02flot8c73ffv6eg-jg2j5
2026-09-30 23:21:01,763 INFO [v32] EXIT end-of-day PWCM 381 @ 1.1000 | entry 1.0900 peak 1.0900 stop 0.0000 | held 16s | P/L +3.81 (+0.92% of the trade, +0.02% of the account)  || resource=srv-daqp02flot8c73ffv6eg instance=srv-daqp02flot8c73ffv6eg-jg2j5
2026-09-30 23:21:05,191 INFO [v32] RE-ENTER MSTZ 129 @ 2.7303 = $352 | stop 0.0000 (100.00% away) | day level 0.0000, re-entry at 0.0200  || resource=srv-daqp02flot8c73ffv6eg instance=srv-daqp02flot8c73ffv6eg-jg2j5
2026-09-30 23:21:09,062 INFO [v32] EXIT end-of-day TGE 15 @ 1.5800 | entry 1.5700 peak 1.5700 stop 0.0000 | held 89s | P/L +0.15 (+0.64% of the trade, +0.00% of the account)  || resource=srv-daqp02flot8c73ffv6eg instance=srv-daqp02flot8c73ffv6eg-jg2j5
2026-09-30 23:21:09,518 INFO [v32] RE-ENTER QSI 407 @ 1.2100 = $492 | stop 0.0000 (100.00% away) | day level 0.0000, re-entry at 0.0200  || resource=srv-daqp02flot8c73ffv6eg instance=srv-daqp02flot8c73ffv6eg-jg2j5
2026-09-30 23:21:10,863 INFO [v32] RE-ENTER TGE 257 @ 1.5900 = $409 | stop 0.0000 (100.00% away) | day level 0.0000, re-entry at 0.0200  || resource=srv-daqp02flot8c73ffv6eg instance=srv-daqp02flot8c73ffv6eg-jg2j5
2026-09-30 23:21:15,204 INFO [v32] RE-ENTER PWCM 362 @ 1.1000 = $398 | stop 0.0000 (100.00% away) | day level 0.0000, re-entry at 0.0200  || resource=srv-daqp02flot8c73ffv6eg instance=srv-daqp02flot8c73ffv6eg-jg2j5
2026-09-30 23:21:16,264 INFO [v32] RE-ENTER TNON 85 @ 4.1400 = $352 | stop 0.0000 (100.00% away) | day level 0.0000, re-entry at 0.0200  || resource=srv-daqp02flot8c73ffv6eg instance=srv-daqp02flot8c73ffv6eg-jg2j5
2026-09-30 23:21:21,128 INFO [v32] RE-ENTER XRPN 20 @ 17.6000 = $352 | stop 0.0000 (100.00% away) | day level 0.0000, re-entry at 0.0200  || resource=srv-daqp02flot8c73ffv6eg instance=srv-daqp02flot8c73ffv6eg-jg2j5
2026-09-30 23:21:21,888 INFO [v32] RE-ENTER CHGA 153 @ 2.3000 = $352 | stop 0.0000 (100.00% away) | day level 0.0000, re-entry at 0.0200  || resource=srv-daqp02flot8c73ffv6eg instance=srv-daqp02flot8c73ffv6eg-jg2j5
2026-09-30 23:21:23,456 INFO [v32] RE-ENTER LPA 143 @ 3.2700 = $468 | stop 0.0000 (100.00% away) | day level 0.0000, re-entry at 0.0200  || resource=srv-daqp02flot8c73ffv6eg instance=srv-daqp02flot8c73ffv6eg-jg2j5
2026-09-30 23:21:29,067 INFO [v32] end of day - flattening.  || resource=srv-daqp02flot8c73ffv6eg instance=srv-daqp02flot8c73ffv6eg-jg2j5
2026-09-30 23:21:36,442 INFO [v32] EXIT end-of-day CHGA 153 @ 2.3000 | entry 2.3000 peak 2.3000 stop 0.0000 | held 14s | P/L +0.00 (+0.00% of the trade, +0.00% of the account)  || resource=srv-daqp02flot8c73ffv6eg instance=srv-daqp02flot8c73ffv6eg-jg2j5
2026-09-30 23:21:40,533 INFO [v32] EXIT end-of-day CMCT 124 @ 2.8500 | entry 2.8300 peak 2.8300 stop 0.0000 | held 39s | P/L +2.48 (+0.71% of the trade, +0.02% of the account)  || resource=srv-daqp02flot8c73ffv6eg instance=srv-daqp02flot8c73ffv6eg-jg2j5
2026-09-30 23:21:44,725 INFO [v32] EXIT end-of-day GOW 192 @ 2.8100 | entry 2.8200 peak 2.8200 stop 0.0000 | held 51s | P/L -1.92 (-0.35% of the trade, -0.01% of the account)  || resource=srv-daqp02flot8c73ffv6eg instance=srv-daqp02flot8c73ffv6eg-jg2j5
2026-09-30 23:21:48,896 CRITICAL [v32] LPA STILL HOLDING 4 share(s) after 8 chase attempts - the exit did not complete. This position is unprotected until the next pass.  || resource=srv-daqp02flot8c73ffv6eg instance=srv-daqp02flot8c73ffv6eg-jg2j5
2026-09-30 23:21:48,896 INFO [v32] EXIT end-of-day LPA 150 @ 3.2700 | entry 3.2700 peak 3.2700 stop 0.0000 | held 25s | P/L +0.00 (+0.00% of the trade, +0.00% of the account)  || resource=srv-daqp02flot8c73ffv6eg instance=srv-daqp02flot8c73ffv6eg-jg2j5
2026-09-30 23:21:53,091 INFO [v32] EXIT end-of-day MSTZ 129 @ 2.7303 | entry 2.7303 peak 2.7303 stop 0.0000 | held 48s | P/L +0.00 (+0.00% of the trade, +0.00% of the account)  || resource=srv-daqp02flot8c73ffv6eg instance=srv-daqp02flot8c73ffv6eg-jg2j5
2026-09-30 23:21:53,266 INFO engine up: VERSION v31-r21 | v31, v32, v33 | one data connection | orphan mode adopt | baseline last_equity | quote-confirm on | odd-lot filter on | stop-ref bid | book every 120s | exposure cap 95% | position cap 25% | min stop 1% | session 04:00-20:00 ET | flatten 19:00 ET | dead exit 10 min  || resource=srv-daqp02flot8c73ffv6eg instance=srv-daqp02flot8c73ffv6eg-t89xg
2026-09-30 23:21:55,457 CRITICAL [v31] DAILY HALT at equity 22669.51  || resource=srv-daqp02flot8c73ffv6eg instance=srv-daqp02flot8c73ffv6eg-t89xg
2026-09-30 23:21:59,900 INFO [v32] EXIT stop TGE 302 @ 1.5700 | entry 1.6000 peak 1.5700 stop 1.5900 | held 0s | P/L -9.06 (-1.88% of the trade, -0.06% of the account)  || resource=srv-daqp02flot8c73ffv6eg instance=srv-daqp02flot8c73ffv6eg-t89xg
2026-09-30 23:22:02,415 INFO [v33] ENTER TNON 249 @ 4.1600 = $1036 | stop 4.1300 (0.72% away) | first entry, stop from the bid  || resource=srv-daqp02flot8c73ffv6eg instance=srv-daqp02flot8c73ffv6eg-t89xg
2026-09-30 23:22:03,096 INFO [v33] ENTER TGE 379 @ 1.5800 = $599 | stop 1.5600 (1.27% away) | first entry, stop from the bid  || resource=srv-daqp02flot8c73ffv6eg instance=srv-daqp02flot8c73ffv6eg-t89xg
2026-09-30 23:22:04,422 INFO [v32] EXIT end-of-day PWCM 529 @ 1.0900 | entry 1.1000 peak 1.1000 stop 0.0000 | held 49s | P/L -5.29 (-0.91% of the trade, -0.03% of the account)  || resource=srv-daqp02flot8c73ffv6eg instance=srv-daqp02flot8c73ffv6eg-jg2j5
2026-09-30 23:22:06,452 INFO [v33] ENTER QSI 519 @ 1.2200 = $633 | stop 1.2000 (1.64% away) | first entry, stop from the bid  || resource=srv-daqp02flot8c73ffv6eg instance=srv-daqp02flot8c73ffv6eg-t89xg
2026-09-30 23:22:11,245 INFO [v32] EXIT stop TNON 85 @ 4.1600 | entry 4.1700 peak 4.1599 stop 4.1600 | held 0s | P/L -0.85 (-0.24% of the trade, -0.01% of the account)  || resource=srv-daqp02flot8c73ffv6eg instance=srv-daqp02flot8c73ffv6eg-t89xg
2026-09-30 23:22:12,727 INFO [v33] EXIT half-back TGE 379 @ 1.5600 | entry 1.5800 peak 1.5800 stop 1.5600 | held 10s | P/L -7.58 (-1.27% of the trade, -0.02% of the account)  || resource=srv-daqp02flot8c73ffv6eg instance=srv-daqp02flot8c73ffv6eg-t89xg
2026-09-30 23:22:13,267 INFO [v32] end of day - flattening.  || resource=srv-daqp02flot8c73ffv6eg instance=srv-daqp02flot8c73ffv6eg-t89xg
2026-09-30 23:22:13,676 INFO [v33] ENTER LPA 182 @ 3.2800 = $597 | stop 3.2600 (0.61% away) | first entry, stop from the bid  || resource=srv-daqp02flot8c73ffv6eg instance=srv-daqp02flot8c73ffv6eg-t89xg
2026-09-30 23:22:17,765 INFO [v32] EXIT end-of-day QSI 407 @ 1.2100 | entry 1.2100 peak 1.2100 stop 0.0000 | held 68s | P/L +0.00 (+0.00% of the trade, +0.00% of the account)  || resource=srv-daqp02flot8c73ffv6eg instance=srv-daqp02flot8c73ffv6eg-jg2j5
2026-09-30 23:22:21,327 INFO [v32] RE-ENTER TGE 205 @ 1.5800 = $324 | stop 0.0000 (100.00% away) | day level 0.0000, re-entry at 0.0200  || resource=srv-daqp02flot8c73ffv6eg instance=srv-daqp02flot8c73ffv6eg-t89xg
2026-09-30 23:22:24,618 INFO [v32] EXIT stop LPA 0 @ 3.2800 | entry 3.3000 peak 3.2700 stop 3.2900 | held 0s | P/L -0.00 (-0.61% of the trade, -0.00% of the account)  || resource=srv-daqp02flot8c73ffv6eg instance=srv-daqp02flot8c73ffv6eg-t89xg
2026-09-30 23:22:27,815 INFO [v32] EXIT end-of-day LPA 4 @ 3.2800 | entry 3.3000 peak 3.2700 stop 3.2900 | held 0s | P/L -0.08 (-0.61% of the trade, -0.00% of the account)  || resource=srv-daqp02flot8c73ffv6eg instance=srv-daqp02flot8c73ffv6eg-t89xg
2026-09-30 23:22:31,176 INFO [v32] EXIT end-of-day TGE 205 @ 1.5700 | entry 0.0000 peak 0.0000 stop 0.0000 | held 80s | P/L +0.00 (+0.00% of the trade, +0.00% of the account)  || resource=srv-daqp02flot8c73ffv6eg instance=srv-daqp02flot8c73ffv6eg-jg2j5
2026-09-30 23:22:32,266 INFO [v33] ENTER BURU 937 @ 1.0500 = $984 | stop 1.0300 (1.90% away) | first entry, stop from the bid  || resource=srv-daqp02flot8c73ffv6eg instance=srv-daqp02flot8c73ffv6eg-t89xg
2026-09-30 23:22:34,162 INFO [v33] EXIT half-back TNON 250 @ 4.1600 | entry 4.1800 peak 4.1800 stop 4.1700 | held 1116s | P/L -5.00 (-0.48% of the trade, -0.01% of the account)  || resource=srv-daqp02flot8c73ffv6eg instance=srv-daqp02flot8c73ffv6eg-jg2j5
2026-09-30 23:22:34,577 INFO [v32] RE-ENTER TNON 78 @ 4.1500 = $324 | stop 0.0000 (100.00% away) | day level 0.0000, re-entry at 0.0200  || resource=srv-daqp02flot8c73ffv6eg instance=srv-daqp02flot8c73ffv6eg-t89xg
2026-09-30 23:22:35,284 INFO [v33] ENTER GOW 222 @ 2.7600 = $613 | stop 2.7400 (0.72% away) | first entry, stop from the bid  || resource=srv-daqp02flot8c73ffv6eg instance=srv-daqp02flot8c73ffv6eg-t89xg
2026-09-30 23:22:35,983 INFO [v33] ENTER GLND 117 @ 5.1000 = $597 | stop 5.0900 (0.20% away) | first entry, stop from the bid  || resource=srv-daqp02flot8c73ffv6eg instance=srv-daqp02flot8c73ffv6eg-t89xg
2026-09-30 23:22:37,865 INFO [v32] EXIT stop PWCM 0 @ 1.0900 | entry 1.1000 peak 1.0900 stop 1.0900 | held 0s | P/L -0.00 (-0.91% of the trade, -0.00% of the account)  || resource=srv-daqp02flot8c73ffv6eg instance=srv-daqp02flot8c73ffv6eg-t89xg
2026-09-30 23:22:38,260 INFO [v32] EXIT end-of-day PACB 151 @ 2.3200 | entry 2.3200 peak 2.3200 stop 2.3100 | held 0s | P/L +0.00 (+0.00% of the trade, +0.00% of the account)  || resource=srv-daqp02flot8c73ffv6eg instance=srv-daqp02flot8c73ffv6eg-t89xg
2026-09-30 23:22:38,840 INFO [v33] ENTER MSTZ 327 @ 2.7300 = $893 | stop 2.7200 (0.37% away) | first entry, stop from the bid  || resource=srv-daqp02flot8c73ffv6eg instance=srv-daqp02flot8c73ffv6eg-t89xg
2026-09-30 23:22:41,594 INFO [v32] EXIT end-of-day PWCM 0 @ 1.0910 | entry 1.1000 peak 1.0900 stop 1.0900 | held 0s | P/L -0.00 (-0.82% of the trade, -0.00% of the account)  || resource=srv-daqp02flot8c73ffv6eg instance=srv-daqp02flot8c73ffv6eg-t89xg
2026-09-30 23:22:41,739 INFO [v32] ENTER BURU 309 @ 1.0500 = $324 | stop 1.0300 (1.90% away) | day level 1.0500, re-entry at 1.0700  || resource=srv-daqp02flot8c73ffv6eg instance=srv-daqp02flot8c73ffv6eg-t89xg
2026-09-30 23:22:41,741 INFO [v32] EXIT end-of-day QSI 0 @ 1.2200 | entry 1.2200 peak 1.2200 stop 1.2100 | held 0s | P/L +0.00 (+0.00% of the trade, +0.00% of the account)  || resource=srv-daqp02flot8c73ffv6eg instance=srv-daqp02flot8c73ffv6eg-t89xg
2026-09-30 23:22:41,894 INFO [v32] EXIT end-of-day XRPN 0 @ 17.5100 | entry 17.9500 peak 17.5100 stop 17.9321 | held 0s | P/L -0.00 (-2.45% of the trade, -0.00% of the account)  || resource=srv-daqp02flot8c73ffv6eg instance=srv-daqp02flot8c73ffv6eg-t89xg
2026-09-30 23:22:41,894 INFO [v33] end of day - flattening.  || resource=srv-daqp02flot8c73ffv6eg instance=srv-daqp02flot8c73ffv6eg-t89xg
2026-09-30 23:22:42,082 INFO [v33] EXIT end-of-day TNON 0 @ 4.1600 | entry 4.1600 peak 4.1600 stop 4.1300 | held 40s | P/L +0.00 (+0.00% of the trade, +0.00% of the account)  || resource=srv-daqp02flot8c73ffv6eg instance=srv-daqp02flot8c73ffv6eg-t89xg
2026-09-30 23:22:45,583 INFO [v32] ENTER GOW 117 @ 2.7600 = $323 | stop 2.7400 (0.72% away) | day level 2.7600, re-entry at 2.7800  || resource=srv-daqp02flot8c73ffv6eg instance=srv-daqp02flot8c73ffv6eg-t89xg
2026-09-30 23:22:47,105 INFO [v32] ENTER GLND 64 @ 5.1000 = $326 | stop 5.0900 (0.20% away) | day level 5.1000, re-entry at 5.1200  || resource=srv-daqp02flot8c73ffv6eg instance=srv-daqp02flot8c73ffv6eg-t89xg
2026-09-30 23:22:48,169 INFO [v33] EXIT end-of-day GLND 117 @ 5.1000 | entry 5.1000 peak 5.1000 stop 5.0900 | held 12s | P/L +0.00 (+0.00% of the trade, +0.00% of the account)  || resource=srv-daqp02flot8c73ffv6eg instance=srv-daqp02flot8c73ffv6eg-t89xg
2026-09-30 23:22:49,583 INFO [v33] ENTER CHGA 328 @ 2.3200 = $761 | stop 2.2900 (1.29% away) | first entry, stop from the bid  || resource=srv-daqp02flot8c73ffv6eg instance=srv-daqp02flot8c73ffv6eg-t89xg
2026-09-30 23:22:49,943 CRITICAL [v33] GOW STILL HOLDING 88 share(s) after 8 chase attempts - the exit did not complete. This position is unprotected until the next pass.  || resource=srv-daqp02flot8c73ffv6eg instance=srv-daqp02flot8c73ffv6eg-t89xg
2026-09-30 23:22:49,943 INFO [v33] EXIT end-of-day GOW 222 @ 2.7500 | entry 2.7600 peak 2.7600 stop 2.7400 | held 15s | P/L -2.22 (-0.36% of the trade, -0.00% of the account)  || resource=srv-daqp02flot8c73ffv6eg instance=srv-daqp02flot8c73ffv6eg-t89xg
2026-09-30 23:22:50,752 INFO [v33] EXIT end-of-day BURU 937 @ 1.0500 | entry 1.0500 peak 1.0500 stop 1.0300 | held 18s | P/L +0.00 (+0.00% of the trade, +0.00% of the account)  || resource=srv-daqp02flot8c73ffv6eg instance=srv-daqp02flot8c73ffv6eg-t89xg
2026-09-30 23:22:51,857 INFO [v32] ENTER MSTZ 202 @ 2.7300 = $551 | stop 2.7200 (0.37% away) | day level 2.7300, re-entry at 2.7500  || resource=srv-daqp02flot8c73ffv6eg instance=srv-daqp02flot8c73ffv6eg-t89xg
2026-09-30 23:22:51,918 INFO [v33] EXIT end-of-day LPA 182 @ 3.2800 | entry 3.2800 peak 3.2800 stop 3.2600 | held 38s | P/L +0.00 (+0.00% of the trade, +0.00% of the account)  || resource=srv-daqp02flot8c73ffv6eg instance=srv-daqp02flot8c73ffv6eg-t89xg
2026-09-30 23:22:52,653 INFO [v32] ENTER CHGA 139 @ 2.3200 = $322 | stop 2.2900 (1.29% away) | day level 2.3200, re-entry at 2.3400  || resource=srv-daqp02flot8c73ffv6eg instance=srv-daqp02flot8c73ffv6eg-t89xg
2026-09-30 23:22:53,034 CRITICAL [v33] QSI STILL HOLDING 19 share(s) after 8 chase attempts - the exit did not complete. This position is unprotected until the next pass.  || resource=srv-daqp02flot8c73ffv6eg instance=srv-daqp02flot8c73ffv6eg-t89xg
2026-09-30 23:22:53,034 INFO [v33] EXIT end-of-day QSI 519 @ 1.2200 | entry 1.2200 peak 1.2200 stop 1.2000 | held 47s | P/L +0.00 (+0.00% of the trade, +0.00% of the account)  || resource=srv-daqp02flot8c73ffv6eg instance=srv-daqp02flot8c73ffv6eg-t89xg
2026-09-30 23:22:54,097 CRITICAL [v33] MSTZ STILL HOLDING 49 share(s) after 8 chase attempts - the exit did not complete. This position is unprotected until the next pass.  || resource=srv-daqp02flot8c73ffv6eg instance=srv-daqp02flot8c73ffv6eg-t89xg
2026-09-30 23:22:54,097 INFO [v33] EXIT end-of-day MSTZ 327 @ 2.7300 | entry 2.7300 peak 2.7300 stop 2.7200 | held 15s | P/L +0.00 (+0.00% of the trade, +0.00% of the account)  || resource=srv-daqp02flot8c73ffv6eg instance=srv-daqp02flot8c73ffv6eg-t89xg
2026-09-30 23:22:55,214 INFO [v32] RE-ENTER QSI 266 @ 1.2200 = $325 | stop 0.0000 (100.00% away) | day level 0.0000, re-entry at 0.0200  || resource=srv-daqp02flot8c73ffv6eg instance=srv-daqp02flot8c73ffv6eg-t89xg
2026-09-30 23:22:57,559 INFO [v32] RE-ENTER TGE 224 @ 1.5500 = $347 | stop 0.0000 (100.00% away) | day level 0.0000, re-entry at 0.0200  || resource=srv-daqp02flot8c73ffv6eg instance=srv-daqp02flot8c73ffv6eg-t89xg
2026-09-30 23:23:00,213 INFO [v32] RE-ENTER PACB 140 @ 2.3100 = $323 | stop 0.0000 (100.00% away) | day level 0.0000, re-entry at 0.0200  || resource=srv-daqp02flot8c73ffv6eg instance=srv-daqp02flot8c73ffv6eg-t89xg
2026-09-30 23:23:00,904 INFO [v33] ENTER PACB 274 @ 2.3100 = $633 | stop 2.3000 (0.43% away) | first entry, stop from the bid  || resource=srv-daqp02flot8c73ffv6eg instance=srv-daqp02flot8c73ffv6eg-t89xg
2026-09-30 23:23:01,776 INFO [v32] ENTER CMCT 114 @ 2.8300 = $323 | stop 2.8200 (0.35% away) | day level 2.8300, re-entry at 2.8500  || resource=srv-daqp02flot8c73ffv6eg instance=srv-daqp02flot8c73ffv6eg-t89xg
2026-09-30 23:23:02,504 INFO [v33] ENTER CMCT 385 @ 2.8300 = $1090 | stop 2.8200 (0.35% away) | first entry, stop from the bid  || resource=srv-daqp02flot8c73ffv6eg instance=srv-daqp02flot8c73ffv6eg-t89xg
2026-09-30 23:23:09,580 INFO [v33] EXIT half-back GOW 88 @ 2.7500 | entry 2.7700 peak 2.7700 stop 2.7600 | held 34s | P/L -1.76 (-0.72% of the trade, -0.00% of the account)  || resource=srv-daqp02flot8c73ffv6eg instance=srv-daqp02flot8c73ffv6eg-t89xg
2026-09-30 23:23:14,099 INFO [v32] end of day - flattening.  || resource=srv-daqp02flot8c73ffv6eg instance=srv-daqp02flot8c73ffv6eg-t89xg
2026-09-30 23:23:15,478 INFO [v32] EXIT end-of-day PACB 140 @ 2.3100 | entry 2.3100 peak 2.3100 stop 0.0000 | held 15s | P/L +0.00 (+0.00% of the trade, +0.00% of the account)  || resource=srv-daqp02flot8c73ffv6eg instance=srv-daqp02flot8c73ffv6eg-t89xg
2026-09-30 23:23:17,709 INFO [v32] EXIT end-of-day QSI 266 @ 1.2200 | entry 1.2200 peak 1.2200 stop 0.0000 | held 22s | P/L +0.00 (+0.00% of the trade, +0.00% of the account)  || resource=srv-daqp02flot8c73ffv6eg instance=srv-daqp02flot8c73ffv6eg-t89xg
2026-09-30 23:23:20,276 CRITICAL [v32] TGE STILL HOLDING 129 share(s) after 8 chase attempts - the exit did not complete. This position is unprotected until the next pass.  || resource=srv-daqp02flot8c73ffv6eg instance=srv-daqp02flot8c73ffv6eg-t89xg
2026-09-30 23:23:20,276 INFO [v32] EXIT end-of-day TGE 224 @ 1.5600 | entry 1.5500 peak 1.5500 stop 0.0000 | held 23s | P/L +2.24 (+0.65% of the trade, +0.01% of the account)  || resource=srv-daqp02flot8c73ffv6eg instance=srv-daqp02flot8c73ffv6eg-t89xg
2026-09-30 23:23:22,297 INFO [v32] EXIT end-of-day TNON 78 @ 4.1600 | entry 4.1500 peak 4.1500 stop 0.0000 | held 48s | P/L +0.78 (+0.24% of the trade, +0.00% of the account)  || resource=srv-daqp02flot8c73ffv6eg instance=srv-daqp02flot8c73ffv6eg-t89xg
2026-09-30 23:23:24,014 INFO engine up: VERSION v31-r21 | v31, v32, v33 | one data connection | orphan mode adopt | baseline last_equity | quote-confirm on | odd-lot filter on | stop-ref bid | book every 120s | exposure cap 95% | position cap 25% | min stop 1% | session 04:00-20:00 ET | flatten 19:00 ET | dead exit 10 min  || resource=srv-daqp02flot8c73ffv6eg instance=srv-daqp02flot8c73ffv6eg-p9b2z
2026-09-30 23:23:25,381 CRITICAL [v31] DAILY HALT at equity 22669.51  || resource=srv-daqp02flot8c73ffv6eg instance=srv-daqp02flot8c73ffv6eg-p9b2z
2026-09-30 23:23:29,202 INFO [v32] RE-ENTER TGE 208 @ 1.5600 = $324 | stop 0.0000 (100.00% away) | day level 0.0000, re-entry at 0.0200  || resource=srv-daqp02flot8c73ffv6eg instance=srv-daqp02flot8c73ffv6eg-t89xg
2026-09-30 23:23:32,225 INFO [v33] ENTER TGE 540 @ 1.5800 = $853 | stop 1.5600 (1.27% away) | first entry, stop from the bid  || resource=srv-daqp02flot8c73ffv6eg instance=srv-daqp02flot8c73ffv6eg-p9b2z
2026-09-30 23:23:32,338 INFO [v33] RE-ENTER TGE 540 @ 1.5800 = $853 | stop 1.5500 (1.90% away) | back above the 1.5600 that threw us out  || resource=srv-daqp02flot8c73ffv6eg instance=srv-daqp02flot8c73ffv6eg-t89xg
2026-09-30 23:23:33,280 INFO [v33] ENTER BURU 576 @ 1.0400 = $599 | stop 1.0300 (0.96% away) | first entry, stop from the bid  || resource=srv-daqp02flot8c73ffv6eg instance=srv-daqp02flot8c73ffv6eg-p9b2z
2026-09-30 23:23:35,889 INFO [v32] EXIT stop BURU 309 @ 1.0400 | entry 1.0500 peak 1.0487 stop 1.0400 | held 0s | P/L -3.09 (-0.95% of the trade, -0.02% of the account)  || resource=srv-daqp02flot8c73ffv6eg instance=srv-daqp02flot8c73ffv6eg-p9b2z
2026-09-30 23:23:36,352 INFO [v32] EXIT end-of-day CMCT 114 @ 2.8300 | entry 2.8300 peak 2.8300 stop 2.8200 | held 35s | P/L +0.00 (+0.00% of the trade, +0.00% of the account)  || resource=srv-daqp02flot8c73ffv6eg instance=srv-daqp02flot8c73ffv6eg-t89xg
2026-09-30 23:23:39,595 INFO [v32] RE-ENTER QSI 283 @ 1.2199 = $345 | stop 0.0000 (100.00% away) | day level 0.0000, re-entry at 0.0200  || resource=srv-daqp02flot8c73ffv6eg instance=srv-daqp02flot8c73ffv6eg-t89xg
2026-09-30 23:23:39,914 INFO [v32] EXIT stop MSTZ 202 @ 2.7300 | entry 2.7400 peak 2.7300 stop 2.7300 | held 0s | P/L -2.02 (-0.36% of the trade, -0.01% of the account)  || resource=srv-daqp02flot8c73ffv6eg instance=srv-daqp02flot8c73ffv6eg-p9b2z
2026-09-30 23:23:39,952 INFO [v33] EXIT half-back MSTZ 49 @ 2.7300 | entry 2.7400 peak 2.7400 stop 2.7300 | held 0s | P/L -0.49 (-0.36% of the trade, -0.00% of the account)  || resource=srv-daqp02flot8c73ffv6eg instance=srv-daqp02flot8c73ffv6eg-p9b2z
2026-09-30 23:23:42,522 INFO [v33] ENTER XRPN 51 @ 17.5800 = $897 | stop 17.5624 (0.10% away) | first entry, stop from the bid  || resource=srv-daqp02flot8c73ffv6eg instance=srv-daqp02flot8c73ffv6eg-t89xg
2026-09-30 23:23:44,016 INFO [v32] end of day - flattening.  || resource=srv-daqp02flot8c73ffv6eg instance=srv-daqp02flot8c73ffv6eg-p9b2z
2026-09-30 23:23:47,925 INFO [v32] EXIT end-of-day GLND 64 @ 5.1000 | entry 5.1000 peak 5.1000 stop 5.0900 | held 61s | P/L +0.00 (+0.00% of the trade, +0.00% of the account)  || resource=srv-daqp02flot8c73ffv6eg instance=srv-daqp02flot8c73ffv6eg-t89xg
2026-09-30 23:23:49,452 INFO [v32] ENTER QSI 265 @ 1.2200 = $323 | stop 1.2000 (1.64% away) | day level 1.2200, re-entry at 1.2400  || resource=srv-daqp02flot8c73ffv6eg instance=srv-daqp02flot8c73ffv6eg-p9b2z
2026-09-30 23:23:51,180 INFO [v32] EXIT end-of-day CHGA 139 @ 2.3000 | entry 2.3200 peak 2.3000 stop 2.3100 | held 0s | P/L -2.78 (-0.86% of the trade, -0.02% of the account)  || resource=srv-daqp02flot8c73ffv6eg instance=srv-daqp02flot8c73ffv6eg-p9b2z
2026-09-30 23:23:51,799 CRITICAL [v33] TGE STILL HOLDING 218 share(s) after 8 chase attempts - the exit did not complete. This position is unprotected until the next pass.  || resource=srv-daqp02flot8c73ffv6eg instance=srv-daqp02flot8c73ffv6eg-p9b2z
2026-09-30 23:23:51,872 INFO [v33] EXIT half-back TGE 540 @ 1.5700 | entry 1.5800 peak 1.5873 stop 1.5837 | held 20s | P/L -5.40 (-0.63% of the trade, -0.01% of the account)  || resource=srv-daqp02flot8c73ffv6eg instance=srv-daqp02flot8c73ffv6eg-p9b2z
2026-09-30 23:23:51,956 CRITICAL [v33] TGE STILL HOLDING 218 share(s) after 8 chase attempts - the exit did not complete. This position is unprotected until the next pass.  || resource=srv-daqp02flot8c73ffv6eg instance=srv-daqp02flot8c73ffv6eg-t89xg
2026-09-30 23:23:52,016 INFO [v33] EXIT half-back TGE 540 @ 1.5700 | entry 1.5800 peak 1.5873 stop 1.5837 | held 20s | P/L -5.40 (-0.63% of the trade, -0.01% of the account)  || resource=srv-daqp02flot8c73ffv6eg instance=srv-daqp02flot8c73ffv6eg-t89xg
2026-09-30 23:23:53,865 INFO [v33] ENTER MSGY 133 @ 5.6200 = $747 | stop 5.6000 (0.36% away) | first entry, stop from the bid  || resource=srv-daqp02flot8c73ffv6eg instance=srv-daqp02flot8c73ffv6eg-t89xg
2026-09-30 23:23:54,339 INFO [v32] RE-ENTER XRPN 33 @ 17.5800 = $580 | stop 0.0000 (100.00% away) | day level 0.0000, re-entry at 0.0200  || resource=srv-daqp02flot8c73ffv6eg instance=srv-daqp02flot8c73ffv6eg-t89xg
2026-09-30 23:23:54,403 INFO [v32] EXIT end-of-day CMCT 0 @ 2.8300 | entry 2.8600 peak 2.8300 stop 2.8500 | held 0s | P/L -0.00 (-1.05% of the trade, -0.00% of the account)  || resource=srv-daqp02flot8c73ffv6eg instance=srv-daqp02flot8c73ffv6eg-p9b2z
2026-09-30 23:23:54,550 INFO [v32] EXIT end-of-day GLND 0 @ 5.1000 | entry 5.1200 peak 5.1000 stop 5.1100 | held 0s | P/L -0.00 (-0.39% of the trade, -0.00% of the account)  || resource=srv-daqp02flot8c73ffv6eg instance=srv-daqp02flot8c73ffv6eg-p9b2z
2026-09-30 23:23:56,362 INFO [v33] ENTER GOW 290 @ 2.7500 = $798 | stop 2.7400 (0.36% away) | first entry, stop from the bid  || resource=srv-daqp02flot8c73ffv6eg instance=srv-daqp02flot8c73ffv6eg-p9b2z
2026-09-30 23:23:57,847 INFO [v32] EXIT end-of-day GOW 0 @ 2.7500 | entry 2.7700 peak 2.7500 stop 2.7600 | held 0s | P/L -0.00 (-0.72% of the trade, -0.00% of the account)  || resource=srv-daqp02flot8c73ffv6eg instance=srv-daqp02flot8c73ffv6eg-p9b2z
2026-09-30 23:23:58,004 INFO [v32] EXIT stop GOW 0 @ 2.7500 | entry 2.7700 peak 2.7500 stop 2.7600 | held 0s | P/L -0.00 (-0.72% of the trade, -0.00% of the account)  || resource=srv-daqp02flot8c73ffv6eg instance=srv-daqp02flot8c73ffv6eg-p9b2z
2026-09-30 23:24:01,464 INFO [v32] RE-ENTER TNON 78 @ 4.1509 = $324 | stop 0.0000 (100.00% away) | day level 0.0000, re-entry at 0.0200  || resource=srv-daqp02flot8c73ffv6eg instance=srv-daqp02flot8c73ffv6eg-t89xg
2026-09-30 23:24:01,513 INFO [v32] EXIT end-of-day GOW 117 @ 2.7500 | entry 2.7600 peak 2.7600 stop 2.7400 | held 76s | P/L -1.17 (-0.36% of the trade, -0.01% of the account)  || resource=srv-daqp02flot8c73ffv6eg instance=srv-daqp02flot8c73ffv6eg-t89xg
2026-09-30 23:24:01,513 INFO [v33] end of day - flattening.  || resource=srv-daqp02flot8c73ffv6eg instance=srv-daqp02flot8c73ffv6eg-t89xg
2026-09-30 23:24:05,223 CRITICAL [v32] TGE STILL HOLDING 208 share(s) after 8 chase attempts - the exit did not complete. This position is unprotected until the next pass.  || resource=srv-daqp02flot8c73ffv6eg instance=srv-daqp02flot8c73ffv6eg-p9b2z
2026-09-30 23:24:05,345 INFO [v32] EXIT end-of-day TGE 129 @ 1.5740 | entry 1.5600 peak 1.5600 stop 1.5500 | held 0s | P/L +1.81 (+0.90% of the trade, +0.01% of the account)  || resource=srv-daqp02flot8c73ffv6eg instance=srv-daqp02flot8c73ffv6eg-p9b2z
2026-09-30 23:24:05,345 INFO [v33] end of day - flattening.  || resource=srv-daqp02flot8c73ffv6eg instance=srv-daqp02flot8c73ffv6eg-p9b2z
2026-09-30 23:24:06,675 CRITICAL [v33] TGE STILL HOLDING 108 share(s) after 8 chase attempts - the exit did not complete. This position is unprotected until the next pass.  || resource=srv-daqp02flot8c73ffv6eg instance=srv-daqp02flot8c73ffv6eg-t89xg
2026-09-30 23:24:06,734 INFO [v33] EXIT end-of-day TGE 390 @ 1.5800 | entry 1.5900 peak 1.5900 stop 1.5800 | held 34s | P/L -3.90 (-0.63% of the trade, -0.01% of the account)  || resource=srv-daqp02flot8c73ffv6eg instance=srv-daqp02flot8c73ffv6eg-t89xg
2026-09-30 23:24:06,783 INFO [v33] RE-ENTER TGE 153 @ 1.5900 = $243 | stop 1.5600 (1.89% away) | back above the 1.5700 that threw us out  || resource=srv-daqp02flot8c73ffv6eg instance=srv-daqp02flot8c73ffv6eg-p9b2z
2026-09-30 23:24:07,488 CRITICAL [v33] TGE STILL HOLDING 371 share(s) after 8 chase attempts - the exit did not complete. This position is unprotected until the next pass.  || resource=srv-daqp02flot8c73ffv6eg instance=srv-daqp02flot8c73ffv6eg-t89xg
2026-09-30 23:24:07,489 INFO [v33] EXIT half-back TGE 0 @ 1.5800 | entry 0.0000 peak 0.0000 stop 0.0000 | held 35s | P/L +0.00 (+0.00% of the trade, +0.00% of the account)  || resource=srv-daqp02flot8c73ffv6eg instance=srv-daqp02flot8c73ffv6eg-t89xg
2026-09-30 23:24:07,791 INFO [v33] EXIT end-of-day XRPN 59 @ 17.5800 | entry 17.5800 peak 17.5800 stop 17.5624 | held 25s | P/L +0.00 (+0.00% of the trade, +0.00% of the account)  || resource=srv-daqp02flot8c73ffv6eg instance=srv-daqp02flot8c73ffv6eg-t89xg
2026-09-30 23:24:08,663 INFO [v32] ENTER MSGY 57 @ 5.6200 = $320 | stop 5.6000 (0.36% away) | day level 5.6200, re-entry at 5.6400  || resource=srv-daqp02flot8c73ffv6eg instance=srv-daqp02flot8c73ffv6eg-t89xg
2026-09-30 23:24:08,715 INFO [v32] RE-ENTER MSTZ 213 @ 2.7300 = $581 | stop 0.0000 (100.00% away) | day level 0.0000, re-entry at 0.0200  || resource=srv-daqp02flot8c73ffv6eg instance=srv-daqp02flot8c73ffv6eg-p9b2z
2026-09-30 23:24:08,863 INFO [v32] EXIT stop GOW 0 @ 2.7500 | entry 2.7700 peak 2.7500 stop 2.7600 | held 0s | P/L -0.00 (-0.72% of the trade, -0.00% of the account)  || resource=srv-daqp02flot8c73ffv6eg instance=srv-daqp02flot8c73ffv6eg-p9b2z
2026-09-30 23:24:10,876 INFO [v33] EXIT end-of-day CMCT 385 @ 2.8300 | entry 2.8300 peak 2.8300 stop 2.8200 | held 68s | P/L +0.00 (+0.00% of the trade, +0.00% of the account)  || resource=srv-daqp02flot8c73ffv6eg instance=srv-daqp02flot8c73ffv6eg-t89xg
2026-09-30 23:24:12,166 INFO [v32] EXIT stop GOW 0 @ 2.7500 | entry 2.7700 peak 2.7500 stop 2.7600 | held 0s | P/L -0.00 (-0.72% of the trade, -0.00% of the account)  || resource=srv-daqp02flot8c73ffv6eg instance=srv-daqp02flot8c73ffv6eg-p9b2z
2026-09-30 23:24:12,740 INFO [v32] RE-ENTER LPA 99 @ 3.2703 = $324 | stop 0.0000 (100.00% away) | day level 0.0000, re-entry at 0.0200  || resource=srv-daqp02flot8c73ffv6eg instance=srv-daqp02flot8c73ffv6eg-t89xg
2026-09-30 23:24:14,805 INFO [v33] EXIT end-of-day PACB 278 @ 2.3100 | entry 2.3100 peak 2.3100 stop 2.3000 | held 74s | P/L +0.00 (+0.00% of the trade, +0.00% of the account)  || resource=srv-daqp02flot8c73ffv6eg instance=srv-daqp02flot8c73ffv6eg-t89xg
2026-09-30 23:24:16,283 INFO engine up: VERSION v31-r23 | v31, v32, v33 | one data connection | orphan mode adopt | baseline last_equity | quote-confirm on | odd-lot filter on | stop-ref bid | book every 120s | no entries after 19:00 | exposure cap 95% | position cap 25% | min stop 1% | session 04:00-20:00 ET | flatten 19:00 ET | dead exit 10 min  || resource=srv-daqp02flot8c73ffv6eg instance=srv-daqp02flot8c73ffv6eg-vhv85
2026-09-30 23:24:16,461 INFO [v32] RE-ENTER TGE 393 @ 1.5800 = $621 | stop 0.0000 (100.00% away) | day level 0.0000, re-entry at 0.0200  || resource=srv-daqp02flot8c73ffv6eg instance=srv-daqp02flot8c73ffv6eg-p9b2z
2026-09-30 23:24:18,220 INFO [v33] EXIT half-back CHGA 125 @ 2.3000 | entry 2.3200 peak 2.3200 stop 2.3100 | held 0s | P/L -2.50 (-0.86% of the trade, -0.01% of the account)  || resource=srv-daqp02flot8c73ffv6eg instance=srv-daqp02flot8c73ffv6eg-p9b2z
2026-09-30 23:24:18,241 CRITICAL [v31] DAILY HALT at equity 22669.51  || resource=srv-daqp02flot8c73ffv6eg instance=srv-daqp02flot8c73ffv6eg-vhv85
2026-09-30 23:24:18,366 INFO [v33] EXIT half-back CHGA 0 @ 2.3000 | entry 2.3200 peak 2.3200 stop 2.3100 | held 0s | P/L -0.00 (-0.86% of the trade, -0.00% of the account)  || resource=srv-daqp02flot8c73ffv6eg instance=srv-daqp02flot8c73ffv6eg-p9b2z
2026-09-30 23:24:21,343 INFO [v32] RE-ENTER CHGA 157 @ 2.3000 = $361 | stop 0.0000 (100.00% away) | day level 0.0000, re-entry at 0.0200  || resource=srv-daqp02flot8c73ffv6eg instance=srv-daqp02flot8c73ffv6eg-p9b2z
2026-09-30 23:24:21,437 INFO [v33] EXIT end-of-day CHGA 423 @ 2.3000 | entry 2.3200 peak 2.3200 stop 2.3100 | held 0s | P/L -8.46 (-0.86% of the trade, -0.02% of the account)  || resource=srv-daqp02flot8c73ffv6eg instance=srv-daqp02flot8c73ffv6eg-p9b2z
2026-09-30 23:24:21,582 INFO [v33] EXIT end-of-day CMCT 0 @ 2.8300 | entry 2.8600 peak 2.8600 stop 2.8500 | held 0s | P/L -0.00 (-1.05% of the trade, -0.00% of the account)  || resource=srv-daqp02flot8c73ffv6eg instance=srv-daqp02flot8c73ffv6eg-p9b2z
2026-09-30 23:24:21,728 INFO [v33] EXIT end-of-day PACB 0 @ 2.3100 | entry 2.3200 peak 2.3200 stop 2.3100 | held 0s | P/L -0.00 (-0.43% of the trade, -0.00% of the account)  || resource=srv-daqp02flot8c73ffv6eg instance=srv-daqp02flot8c73ffv6eg-p9b2z
2026-09-30 23:24:22,419 INFO [v32] ENTER MSGY 57 @ 5.6200 = $320 | stop 5.4900 (2.31% away) | day level 5.6200, re-entry at 5.6400  || resource=srv-daqp02flot8c73ffv6eg instance=srv-daqp02flot8c73ffv6eg-p9b2z
2026-09-30 23:24:23,112 INFO [v32] EXIT stop GOW 0 @ 2.7300 | entry 2.7700 peak 2.7500 stop 2.7600 | held 0s | P/L -0.00 (-1.44% of the trade, -0.00% of the account)  || resource=srv-daqp02flot8c73ffv6eg instance=srv-daqp02flot8c73ffv6eg-p9b2z
2026-09-30 23:24:23,260 INFO [v32] EXIT stop GOW 0 @ 2.7300 | entry 2.7700 peak 2.7500 stop 2.7600 | held 0s | P/L -0.00 (-1.44% of the trade, -0.00% of the account)  || resource=srv-daqp02flot8c73ffv6eg instance=srv-daqp02flot8c73ffv6eg-p9b2z
2026-09-30 23:24:23,407 INFO [v32] EXIT stop GOW 0 @ 2.7300 | entry 2.7700 peak 2.7500 stop 2.7600 | held 0s | P/L -0.00 (-1.44% of the trade, -0.00% of the account)  || resource=srv-daqp02flot8c73ffv6eg instance=srv-daqp02flot8c73ffv6eg-p9b2z
2026-09-30 23:24:26,665 INFO [v32] EXIT stop GOW 0 @ 2.7400 | entry 0.0000 peak 0.0000 stop 0.0000 | held 0s | P/L +0.00 (+0.00% of the trade, +0.00% of the account)  || resource=srv-daqp02flot8c73ffv6eg instance=srv-daqp02flot8c73ffv6eg-p9b2z
2026-09-30 23:24:28,370 INFO [v33] ENTER MSGY 106 @ 5.6200 = $596 | stop 5.4900 (2.31% away) | first entry, stop from the bid  || resource=srv-daqp02flot8c73ffv6eg instance=srv-daqp02flot8c73ffv6eg-p9b2z
2026-09-30 23:24:31,997 INFO [v32] RE-ENTER GOW 118 @ 2.7400 = $323 | stop 0.0000 (100.00% away) | day level 0.0000, re-entry at 0.0200  || resource=srv-daqp02flot8c73ffv6eg instance=srv-daqp02flot8c73ffv6eg-p9b2z
2026-09-30 23:24:32,063 INFO [v32] EXIT stop TGE 601 @ 1.5700 | entry 1.5860 peak 1.5800 stop 1.5760 | held 0s | P/L -9.63 (-1.01% of the trade, -0.06% of the account)  || resource=srv-daqp02flot8c73ffv6eg instance=srv-daqp02flot8c73ffv6eg-vhv85
2026-09-30 23:24:32,252 INFO [v33] EXIT end-of-day QSI 19 @ 1.2200 | entry 1.2200 peak 1.2200 stop 1.2100 | held 0s | P/L +0.00 (+0.00% of the trade, +0.00% of the account)  || resource=srv-daqp02flot8c73ffv6eg instance=srv-daqp02flot8c73ffv6eg-p9b2z
2026-09-30 23:24:32,398 INFO [v33] EXIT end-of-day GOW 0 @ 2.7300 | entry 2.7500 peak 2.7500 stop 2.7400 | held 36s | P/L -0.00 (-0.73% of the trade, -0.00% of the account)  || resource=srv-daqp02flot8c73ffv6eg instance=srv-daqp02flot8c73ffv6eg-p9b2z
2026-09-30 23:24:32,432 INFO [v33] EXIT half-back GOW 292 @ 2.7300 | entry 2.7500 peak 2.7500 stop 2.7400 | held 36s | P/L -5.84 (-0.73% of the trade, -0.01% of the account)  || resource=srv-daqp02flot8c73ffv6eg instance=srv-daqp02flot8c73ffv6eg-p9b2z
2026-09-30 23:24:35,627 INFO [v33] EXIT half-back TGE 371 @ 1.5700 | entry 1.5900 peak 1.5900 stop 1.5800 | held 0s | P/L -7.42 (-1.26% of the trade, -0.02% of the account)  || resource=srv-daqp02flot8c73ffv6eg instance=srv-daqp02flot8c73ffv6eg-vhv85
2026-09-30 23:24:35,772 INFO [v33] EXIT half-back GOW 0 @ 2.7200 | entry 2.7600 peak 2.7900 stop 2.7750 | held 0s | P/L -0.00 (-1.45% of the trade, -0.00% of the account)  || resource=srv-daqp02flot8c73ffv6eg instance=srv-daqp02flot8c73ffv6eg-vhv85
2026-09-30 23:24:36,284 INFO [v32] end of day - flattening.  || resource=srv-daqp02flot8c73ffv6eg instance=srv-daqp02flot8c73ffv6eg-vhv85
2026-09-30 23:24:39,322 INFO [v33] RE-ENTER GOW 218 @ 2.7500 = $600 | stop 2.7200 (1.09% away) | back above the 2.7300 that threw us out  || resource=srv-daqp02flot8c73ffv6eg instance=srv-daqp02flot8c73ffv6eg-p9b2z
2026-09-30 23:24:39,513 INFO [v32] EXIT stop TNON 78 @ 4.1500 | entry 4.1700 peak 4.1657 stop 4.1600 | held 0s | P/L -1.56 (-0.48% of the trade, -0.01% of the account)  || resource=srv-daqp02flot8c73ffv6eg instance=srv-daqp02flot8c73ffv6eg-p9b2z
2026-09-30 23:24:42,656 INFO [v33] EXIT end-of-day BURU 576 @ 1.0400 | entry 1.0400 peak 1.0400 stop 1.0300 | held 69s | P/L +0.00 (+0.00% of the trade, +0.00% of the account)  || resource=srv-daqp02flot8c73ffv6eg instance=srv-daqp02flot8c73ffv6eg-p9b2z
2026-09-30 23:24:43,305 INFO [v33] EXIT half-back GOW 218 @ 2.7200 | entry 2.7600 peak 2.7900 stop 2.7750 | held 0s | P/L -8.72 (-1.45% of the trade, -0.02% of the account)  || resource=srv-daqp02flot8c73ffv6eg instance=srv-daqp02flot8c73ffv6eg-vhv85
2026-09-30 23:24:43,344 INFO [v32] EXIT end-of-day LPA 99 @ 3.2701 | entry 3.2800 peak 3.2703 stop 3.2700 | held 0s | P/L -0.98 (-0.30% of the trade, -0.01% of the account)  || resource=srv-daqp02flot8c73ffv6eg instance=srv-daqp02flot8c73ffv6eg-vhv85
2026-09-30 23:24:46,529 INFO [v33] EXIT half-back GOW 0 @ 2.7200 | entry 2.7600 peak 2.7900 stop 2.7750 | held 0s | P/L -0.00 (-1.45% of the trade, -0.00% of the account)  || resource=srv-daqp02flot8c73ffv6eg instance=srv-daqp02flot8c73ffv6eg-vhv85
2026-09-30 23:24:46,539 INFO [v33] ENTER TNON 143 @ 4.1700 = $596 | stop 4.1200 (1.20% away) | first entry, stop from the bid  || resource=srv-daqp02flot8c73ffv6eg instance=srv-daqp02flot8c73ffv6eg-p9b2z
2026-09-30 23:24:46,673 INFO [v33] EXIT half-back GOW 0 @ 2.7200 | entry 2.7600 peak 2.7900 stop 2.7750 | held 0s | P/L -0.00 (-1.45% of the trade, -0.00% of the account)  || resource=srv-daqp02flot8c73ffv6eg instance=srv-daqp02flot8c73ffv6eg-vhv85
2026-09-30 23:24:46,685 INFO [v33] EXIT half-back GOW 0 @ 2.7400 | entry 2.7500 peak 2.7900 stop 2.7700 | held 7s | P/L -0.00 (-0.36% of the trade, -0.00% of the account)  || resource=srv-daqp02flot8c73ffv6eg instance=srv-daqp02flot8c73ffv6eg-p9b2z
2026-09-30 23:24:46,819 INFO [v33] EXIT half-back GOW 0 @ 2.7200 | entry 2.7600 peak 2.7900 stop 2.7750 | held 0s | P/L -0.00 (-1.45% of the trade, -0.00% of the account)  || resource=srv-daqp02flot8c73ffv6eg instance=srv-daqp02flot8c73ffv6eg-vhv85
2026-09-30 23:24:46,829 INFO [v33] EXIT half-back GOW 0 @ 2.7400 | entry 2.7500 peak 2.7900 stop 2.7700 | held 8s | P/L -0.00 (-0.36% of the trade, -0.00% of the account)  || resource=srv-daqp02flot8c73ffv6eg instance=srv-daqp02flot8c73ffv6eg-p9b2z
2026-09-30 23:24:46,924 INFO [v32] EXIT stop MSTZ 213 @ 2.7300 | entry 2.7400 peak 2.7303 stop 2.7300 | held 0s | P/L -2.13 (-0.36% of the trade, -0.01% of the account)  || resource=srv-daqp02flot8c73ffv6eg instance=srv-daqp02flot8c73ffv6eg-vhv85
2026-09-30 23:24:50,109 INFO [v33] EXIT half-back GOW 0 @ 2.7200 | entry 2.7600 peak 2.7900 stop 2.7750 | held 0s | P/L -0.00 (-1.45% of the trade, -0.00% of the account)  || resource=srv-daqp02flot8c73ffv6eg instance=srv-daqp02flot8c73ffv6eg-vhv85
2026-09-30 23:24:50,118 INFO [v33] EXIT half-back GOW 0 @ 2.7100 | entry 2.7500 peak 2.7900 stop 2.7700 | held 11s | P/L -0.00 (-1.45% of the trade, -0.00% of the account)  || resource=srv-daqp02flot8c73ffv6eg instance=srv-daqp02flot8c73ffv6eg-p9b2z
2026-09-30 23:24:50,255 INFO [v33] EXIT half-back GOW 0 @ 2.7200 | entry 2.7600 peak 2.7900 stop 2.7750 | held 0s | P/L -0.00 (-1.45% of the trade, -0.00% of the account)  || resource=srv-daqp02flot8c73ffv6eg instance=srv-daqp02flot8c73ffv6eg-vhv85
2026-09-30 23:24:50,396 INFO [v32] RE-ENTER BURU 571 @ 1.0400 = $594 | stop 0.0000 (100.00% away) | day level 0.0000, re-entry at 0.0200  || resource=srv-daqp02flot8c73ffv6eg instance=srv-daqp02flot8c73ffv6eg-p9b2z
2026-09-30 23:24:50,399 INFO [v33] EXIT half-back GOW 0 @ 2.7200 | entry 2.7600 peak 2.7900 stop 2.7750 | held 0s | P/L -0.00 (-1.45% of the trade, -0.00% of the account)  || resource=srv-daqp02flot8c73ffv6eg instance=srv-daqp02flot8c73ffv6eg-vhv85
2026-09-30 23:24:54,504 CRITICAL [v33] MSGY STILL HOLDING 106 share(s) after 8 chase attempts - the exit did not complete. This position is unprotected until the next pass.  || resource=srv-daqp02flot8c73ffv6eg instance=srv-daqp02flot8c73ffv6eg-vhv85
2026-09-30 23:24:54,504 INFO [v33] EXIT half-back MSGY 219 @ 5.5100 | entry 5.6500 peak 5.6500 stop 5.6400 | held 0s | P/L -30.66 (-2.48% of the trade, -0.07% of the account)  || resource=srv-daqp02flot8c73ffv6eg instance=srv-daqp02flot8c73ffv6eg-vhv85
2026-09-30 23:24:54,614 INFO [v32] ENTER XOS 102 @ 3.1700 = $323 | stop 3.1000 (2.21% away) | day level 3.1700, re-entry at 3.1900  || resource=srv-daqp02flot8c73ffv6eg instance=srv-daqp02flot8c73ffv6eg-p9b2z
2026-09-30 23:24:57,794 INFO [v33] EXIT half-back GOW 0 @ 2.7150 | entry 2.7600 peak 2.7900 stop 2.7750 | held 0s | P/L -0.00 (-1.63% of the trade, -0.00% of the account)  || resource=srv-daqp02flot8c73ffv6eg instance=srv-daqp02flot8c73ffv6eg-vhv85
2026-09-30 23:24:57,938 INFO [v33] EXIT half-back GOW 0 @ 2.7150 | entry 2.7600 peak 2.7900 stop 2.7750 | held 0s | P/L -0.00 (-1.63% of the trade, -0.00% of the account)  || resource=srv-daqp02flot8c73ffv6eg instance=srv-daqp02flot8c73ffv6eg-vhv85
2026-09-30 23:24:58,059 INFO [v33] ENTER XOS 192 @ 3.1700 = $609 | stop 3.1000 (2.21% away) | first entry, stop from the bid  || resource=srv-daqp02flot8c73ffv6eg instance=srv-daqp02flot8c73ffv6eg-p9b2z
2026-09-30 23:24:58,277 INFO [v33] EXIT half-back GOW 0 @ 2.7200 | entry 2.7500 peak 2.7900 stop 2.7700 | held 19s | P/L -0.00 (-1.09% of the trade, -0.00% of the account)  || resource=srv-daqp02flot8c73ffv6eg instance=srv-daqp02flot8c73ffv6eg-p9b2z
2026-09-30 23:24:58,429 INFO [v32] RE-ENTER TNON 77 @ 4.1700 = $321 | stop 0.0000 (100.00% away) | day level 0.0000, re-entry at 0.0200  || resource=srv-daqp02flot8c73ffv6eg instance=srv-daqp02flot8c73ffv6eg-p9b2z
2026-09-30 23:25:01,496 INFO [v33] EXIT half-back GOW 0 @ 2.7200 | entry 2.7500 peak 2.7900 stop 2.7700 | held 22s | P/L -0.00 (-1.09% of the trade, -0.00% of the account)  || resource=srv-daqp02flot8c73ffv6eg instance=srv-daqp02flot8c73ffv6eg-p9b2z
2026-09-30 23:25:01,644 INFO [v33] EXIT half-back GOW 0 @ 2.7200 | entry 2.7500 peak 2.7900 stop 2.7700 | held 22s | P/L -0.00 (-1.09% of the trade, -0.00% of the account)  || resource=srv-daqp02flot8c73ffv6eg instance=srv-daqp02flot8c73ffv6eg-p9b2z
2026-09-30 23:25:01,788 CRITICAL [v32] MSGY STILL HOLDING 2 share(s) after 8 chase attempts - the exit did not complete. This position is unprotected until the next pass.  || resource=srv-daqp02flot8c73ffv6eg instance=srv-daqp02flot8c73ffv6eg-vhv85
2026-09-30 23:25:01,796 INFO [v33] EXIT half-back GOW 0 @ 2.7200 | entry 2.7500 peak 2.7900 stop 2.7700 | held 22s | P/L -0.00 (-1.09% of the trade, -0.00% of the account)  || resource=srv-daqp02flot8c73ffv6eg instance=srv-daqp02flot8c73ffv6eg-p9b2z
2026-09-30 23:25:01,842 CRITICAL [v32] MSGY STILL HOLDING 2 share(s) after 8 chase attempts - the exit did not complete. This position is unprotected until the next pass.  || resource=srv-daqp02flot8c73ffv6eg instance=srv-daqp02flot8c73ffv6eg-vhv85
2026-09-30 23:25:01,847 INFO [v32] EXIT end-of-day MSGY 112 @ 5.5100 | entry 5.6200 peak 5.6200 stop 5.6100 | held 0s | P/L -12.32 (-1.96% of the trade, -0.08% of the account)  || resource=srv-daqp02flot8c73ffv6eg instance=srv-daqp02flot8c73ffv6eg-vhv85
2026-09-30 23:25:01,958 INFO [v33] EXIT half-back GOW 0 @ 2.7200 | entry 2.7500 peak 2.7900 stop 2.7700 | held 23s | P/L -0.00 (-1.09% of the trade, -0.00% of the account)  || resource=srv-daqp02flot8c73ffv6eg instance=srv-daqp02flot8c73ffv6eg-p9b2z
2026-09-30 23:25:02,110 INFO [v33] EXIT half-back GOW 0 @ 2.7200 | entry 2.7500 peak 2.7900 stop 2.7700 | held 23s | P/L -0.00 (-1.09% of the trade, -0.00% of the account)  || resource=srv-daqp02flot8c73ffv6eg instance=srv-daqp02flot8c73ffv6eg-p9b2z
2026-09-30 23:25:02,258 INFO [v33] EXIT half-back GOW 0 @ 2.7200 | entry 2.7500 peak 2.7900 stop 2.7700 | held 23s | P/L -0.00 (-1.09% of the trade, -0.00% of the account)  || resource=srv-daqp02flot8c73ffv6eg instance=srv-daqp02flot8c73ffv6eg-p9b2z
2026-09-30 23:25:02,499 INFO [v33] EXIT half-back GOW 0 @ 2.7200 | entry 2.7500 peak 2.7900 stop 2.7700 | held 23s | P/L -0.00 (-1.09% of the trade, -0.00% of the account)  || resource=srv-daqp02flot8c73ffv6eg instance=srv-daqp02flot8c73ffv6eg-p9b2z
2026-09-30 23:25:02,658 INFO [v32] end of day - flattening.  || resource=srv-daqp02flot8c73ffv6eg instance=srv-daqp02flot8c73ffv6eg-p9b2z
2026-09-30 23:25:04,988 INFO [v32] EXIT stop MSGY 112 @ 5.5100 | entry 0.0000 peak 0.0000 stop 0.0000 | held 0s | P/L -12.32 (+0.00% of the trade, -0.08% of the account)  || resource=srv-daqp02flot8c73ffv6eg instance=srv-daqp02flot8c73ffv6eg-vhv85
2026-09-30 23:25:07,479 INFO [v33] ENTER LPA 213 @ 3.2701 = $697 | stop 3.2600 (0.31% away) | first entry, stop from the bid  || resource=srv-daqp02flot8c73ffv6eg instance=srv-daqp02flot8c73ffv6eg-p9b2z
2026-09-30 23:25:08,263 INFO [v33] ENTER XRPN 33 @ 17.7600 = $586 | stop 17.6224 (0.78% away) | first entry, stop from the bid  || resource=srv-daqp02flot8c73ffv6eg instance=srv-daqp02flot8c73ffv6eg-p9b2z
2026-09-30 23:25:08,393 INFO [v32] RE-ENTER CMCT 113 @ 2.8479 = $322 | stop 0.0000 (100.00% away) | day level 0.0000, re-entry at 0.0200  || resource=srv-daqp02flot8c73ffv6eg instance=srv-daqp02flot8c73ffv6eg-p9b2z
2026-09-30 23:25:08,482 INFO [v33] EXIT half-back TGE 0 @ 1.5600 | entry 1.5900 peak 1.5900 stop 1.5600 | held 62s | P/L -0.00 (-1.89% of the trade, -0.00% of the account)  || resource=srv-daqp02flot8c73ffv6eg instance=srv-daqp02flot8c73ffv6eg-p9b2z
2026-09-30 23:25:08,615 INFO [v32] EXIT stop LPA 0 @ 3.2700 | entry 3.2800 peak 3.2703 stop 3.2700 | held 0s | P/L -0.00 (-0.30% of the trade, -0.00% of the account)  || resource=srv-daqp02flot8c73ffv6eg instance=srv-daqp02flot8c73ffv6eg-p9b2z
2026-09-30 23:25:11,913 INFO [v32] EXIT end-of-day QSI 548 @ 1.2300 | entry 1.2200 peak 1.2198 stop 1.2100 | held 0s | P/L +5.48 (+0.82% of the trade, +0.03% of the account)  || resource=srv-daqp02flot8c73ffv6eg instance=srv-daqp02flot8c73ffv6eg-vhv85
2026-09-30 23:25:11,968 INFO [v32] EXIT stop TNON 77 @ 4.1500 | entry 4.1700 peak 4.1500 stop 4.1600 | held 0s | P/L -1.54 (-0.48% of the trade, -0.01% of the account)  || resource=srv-daqp02flot8c73ffv6eg instance=srv-daqp02flot8c73ffv6eg-vhv85
2026-09-30 23:25:12,033 INFO [v32] EXIT end-of-day TNON 0 @ 4.1500 | entry 4.1700 peak 4.1500 stop 4.1600 | held 0s | P/L -0.00 (-0.48% of the trade, -0.00% of the account)  || resource=srv-daqp02flot8c73ffv6eg instance=srv-daqp02flot8c73ffv6eg-vhv85
2026-09-30 23:25:21,175 INFO [v32] EXIT end-of-day XRPN 33 @ 17.8600 | entry 17.7224 peak 17.5800 stop 17.7047 | held 0s | P/L +4.54 (+0.78% of the trade, +0.03% of the account)  || resource=srv-daqp02flot8c73ffv6eg instance=srv-daqp02flot8c73ffv6eg-vhv85
2026-09-30 23:25:21,175 INFO [v33] end of day - flattening.  || resource=srv-daqp02flot8c73ffv6eg instance=srv-daqp02flot8c73ffv6eg-vhv85
2026-09-30 23:25:22,439 INFO [v33] EXIT end-of-day MSGY 106 @ 5.5100 | entry 5.6402 peak 5.6402 stop 5.6302 | held 0s | P/L -13.80 (-2.31% of the trade, -0.03% of the account)  || resource=srv-daqp02flot8c73ffv6eg instance=srv-daqp02flot8c73ffv6eg-vhv85
2026-09-30 23:25:23,186 INFO [v32] EXIT stop GOW 118 @ 2.7100 | entry 2.7200 peak 2.7150 stop 2.7100 | held 0s | P/L -1.18 (-0.37% of the trade, -0.01% of the account)  || resource=srv-daqp02flot8c73ffv6eg instance=srv-daqp02flot8c73ffv6eg-vhv85
2026-09-30 23:25:23,706 INFO [v33] EXIT end-of-day XRPN 33 @ 17.8600 | entry 17.9900 peak 17.9900 stop 17.9720 | held 0s | P/L -4.29 (-0.72% of the trade, -0.01% of the account)  || resource=srv-daqp02flot8c73ffv6eg instance=srv-daqp02flot8c73ffv6eg-vhv85
2026-09-30 23:25:24,898 INFO [v33] EXIT end-of-day TNON 143 @ 4.1500 | entry 4.1700 peak 4.1700 stop 4.1600 | held 0s | P/L -2.86 (-0.48% of the trade, -0.01% of the account)  || resource=srv-daqp02flot8c73ffv6eg instance=srv-daqp02flot8c73ffv6eg-vhv85
2026-09-30 23:25:25,287 INFO [v32] EXIT stop MSGY 2 @ 5.5100 | entry 5.6200 peak 5.5100 stop 5.6100 | held 0s | P/L -0.22 (-1.96% of the trade, -0.00% of the account)  || resource=srv-daqp02flot8c73ffv6eg instance=srv-daqp02flot8c73ffv6eg-vhv85
2026-09-30 23:25:27,122 INFO [v33] EXIT end-of-day XOS 210 @ 3.1700 | entry 3.1700 peak 3.1700 stop 3.1600 | held 0s | P/L +0.00 (+0.00% of the trade, +0.00% of the account)  || resource=srv-daqp02flot8c73ffv6eg instance=srv-daqp02flot8c73ffv6eg-vhv85
2026-09-30 23:25:28,626 INFO [v33] EXIT end-of-day LPA 216 @ 3.2700 | entry 3.2996 peak 3.2996 stop 3.2896 | held 0s | P/L -6.39 (-0.90% of the trade, -0.01% of the account)  || resource=srv-daqp02flot8c73ffv6eg instance=srv-daqp02flot8c73ffv6eg-vhv85
2026-09-30 23:25:29,608 INFO [v32] EXIT stop CMCT 113 @ 2.8401 | entry 2.8600 peak 2.8479 stop 2.8500 | held 0s | P/L -2.25 (-0.70% of the trade, -0.01% of the account)  || resource=srv-daqp02flot8c73ffv6eg instance=srv-daqp02flot8c73ffv6eg-vhv85
2026-09-30 23:25:48,627 INFO [v32] end of day - flattening.  || resource=srv-daqp02flot8c73ffv6eg instance=srv-daqp02flot8c73ffv6eg-vhv85
2026-09-30 23:25:52,401 INFO [v32] EXIT end-of-day CHGA 207 @ 2.3000 | entry 2.3300 peak 2.3000 stop 2.3200 | held 0s | P/L -6.21 (-1.29% of the trade, -0.04% of the account)  || resource=srv-daqp02flot8c73ffv6eg instance=srv-daqp02flot8c73ffv6eg-vhv85
2026-09-30 23:25:56,396 INFO [v32] EXIT end-of-day XOS 102 @ 3.1700 | entry 3.1700 peak 3.1700 stop 3.1600 | held 0s | P/L +0.00 (+0.00% of the trade, +0.00% of the account)  || resource=srv-daqp02flot8c73ffv6eg instance=srv-daqp02flot8c73ffv6eg-vhv85
