symbol,float_shares,total_shares,price,as_of
AAC,49418750,49418750,10.12,2026-10-03
AACG,66105470,68464020,0.77,2026-10-03
AACI,25522000,34029834,10.0600,2026-10-03
AACO,23230000,31361667,10.00,2026-10-03
AACP,15000000,23470000,10.0700,2026-10-03
AADX,34150000,172393518,12.6300,2026-10-03
AAL,652183558,661969951,12.94,2026-10-03
AAME,4054408,20397228,1.2700,2026-10-03
AAPG,93388942,93388942,15.365,2026-10-03
AARD,18433485,21884846,4.99,2026-10-03
AAT,60295650,61404213,21.5500,2026-10-03
AAUC,117902000,139353268,20.10,2026-10-03
ABAT,131256568,142577758,2.19,2026-10-03
ABCL,253502260,323905529,13.7400,2026-10-03
ABEO,48584078,57184017,5.0300,2026-10-03
ABEV,15452393111,15452795000,2.99,2026-10-03
ABLV,23743413,55220826,2.40,2026-10-03
ABOS,66879432,72317285,2.0400,2026-10-03
ABR,181156227,186558043,3.5600,2026-10-03
ABSI,151071695,171614010,11.0700,2026-10-03
ABTC,23125668,72819713,8.5100,2026-10-03
ABTS,2356026,3214445,1.1822,2026-10-03
ABUS,157494875,198105743,4.4500,2026-10-03
ABVC,21866355,26694476,1.0100,2026-10-03
ABX,30597805,97792249,8.27,2026-10-03
ACAA,28586008,35682510,10.05,2026-10-03
ACAD,170156971,172305518,19.95,2026-10-03
ACB,63935328,64861819,3.9200,2026-10-03
ACCL,937400,13949900,2.6000,2026-10-03
ACCO,89774427,92307568,4.30,2026-10-03
ACCS,3018376,3827304,4.7100,2026-10-03
ACCV,30000000,223635165,17.7200,2026-10-03
ACDC,28725953,182122762,4.5800,2026-10-03
ACEL,50089917,81193475,10.84,2026-10-03
ACET,8415798,9361490,6.5000,2026-10-03
ACFN,1773853,2509618,19.0200,2026-10-03
ACGC,21511600,29100467,10.05,2026-10-03
ACH,70774010,76904704,0.5052,2026-10-03
ACHR,656520102,770026800,4.8900,2026-10-03
ACHV,81528099,102902490,7.2400,2026-10-03
ACI,327383258,485325683,11.7500,2026-10-03
ACIC,23332337,47269517,9.33,2026-10-03
ACIU,63004222,101773573,2.7250,2026-10-03
ACNT,8245030,9009453,13.7700,2026-10-03
ACOG,20659870,21777868,9.10,2026-10-03
ACON,2165425,2882371,2.38,2026-10-03
ACR,2033503,7131101,10.9000,2026-10-03
ACRE,51963542,55481113,3.8300,2026-10-03
ACRS,134833149,147198893,4.3900,2026-10-03
ACRV,36132930,42853362,1.9900,2026-10-03
ACTG,96009871,97586805,4.3400,2026-10-03
ACTU,20313367,24014202,0.8190,2026-10-03
ACVA,161813037,169824232,10.45,2026-10-03
ACXP,5430800,5559405,1.2700,2026-10-03
ADAC,23000000,28750000,10.15,2026-10-03
ADAG,59493649,67143344,2.85,2026-10-03
ADAM,83831152,89879786,7.8100,2026-10-03
ADCT,109259928,127667695,1.1300,2026-10-03
ADIG,75920308,75923198,17.83,2026-10-03
ADIL,2440070,2625890,4.1200,2026-10-03
ADMA,217338455,223984680,9.72,2026-10-03
ADNT,76016819,77096932,17.3100,2026-10-03
ADRX,64694548,106801325,18.2500,2026-10-03
ADSE,45526224,75185986,10.59,2026-10-03
ADT,661827432,730559248,6.2500,2026-10-03
ADTN,79648596,81481407,7.04,2026-10-03
ADUR,25280019,35704748,12.28,2026-10-03
ADVB,737533,1652133,6.7300,2026-10-03
ADXN,1752435,1752435,3.0700,2026-10-03
AEAQ,23645000,31311667,10.080000,2026-10-03
AEBI,36490735,77603247,10.91,2026-10-03
AEC,13337333,19949976,3.4400,2026-10-03
AEG,1471613295,1799678704,8.4500,2026-10-03
AEHL,16407800,18964856,10.0000,2026-10-03
AEI,3697421,38895830,0.7415,2026-10-03
AEMD,1594857,1604095,6.4500,2026-10-03
AENT,3020928,50979630,4.4900,2026-10-03
AEO,152560324,167573333,17.7100,2026-10-03
AERO,11727325,145903409,15.3900,2026-10-03
AERT,699396,5247853,7.41,2026-10-03
AES,709224006,713438630,14.9100,2026-10-03
AESI,81547376,125003451,12.0400,2026-10-03
AESP,21047559,21388840,9.9899,2026-10-03
AEVA,57517405,69705758,14.76,2026-10-03
AEXA,34500000,49460714,11.1200,2026-10-03
AEYE,8521977,12569674,6.92,2026-10-03
AFCG,12245674,22468755,3.5000,2026-10-03
AFJK,1109332,3166332,12.11,2026-10-03
AFRI,4964973,26963815,11.2400,2026-10-03
AFYA,10881030,88478216,12.2200,2026-10-03
AG,487124412,492909883,17.6700,2026-10-03
AGBK,49206778,159930070,5.46,2026-10-03
AGCC,44923500,62286500,15.0000,2026-10-03
AGEN,42344345,45161916,8.36,2026-10-03
AGIG,11877727,44150321,1.0000,2026-10-03
AGMB,38871228,49247975,8.5600,2026-10-03
AGMH,3824746,5166746,0.7001,2026-10-03
AGNC,1180926776,1185481447,8.79,2026-10-03
AGNT,97212908,164323924,3.6500,2026-10-03
AGPU,10899763,11591124,12.0800,2026-10-03
AGRO,37514790,144307966,10.1000,2026-10-03
AGRZ,1033793,1892674,3.2500,2026-10-03
AHCO,108754369,136344196,5.6000,2026-10-03
AHG,546540644,856704177,1.1500,2026-10-03
AHMA,4189000,29725000,1.3200,2026-10-03
AHRT,73716868,74592992,6.03,2026-10-03
AHT,6400893,6469814,2.28,2026-10-03
AI,144527759,160779856,11.01,2026-10-03
AIAI,53229940,70662761,3.50,2026-10-03
AIB,46312921,75979466,1.6400,2026-10-03
AIBZ,38403699,54069407,4.0000,2026-10-03
AIFA,3564326,6420316,4.47,2026-10-03
AIFC,136952498,139836511,0.5037,2026-10-03
AIFF,14219980,15690316,1.3600,2026-10-03
AIFU,731000,16175748,10.2200,2026-10-03
AIIA,14690000,19290000,10.31,2026-10-03
AIIO,111883260,119035576,1.1900,2026-10-03
AIIR,35561405,160386602,7.3900,2026-10-03
AIMD,2146259,7384073,1.353,2026-10-03
AIOS,2190087,3249337,11.3200,2026-10-03
AIOT,125822195,134225918,2.81,2026-10-03
AIP,39076069,49152102,24.6600,2026-10-03
AIRE,4338251,6006624,1.32,2026-10-03
AIRG,10366732,13100234,4.61,2026-10-03
AIRI,3095618,4850658,2.72,2026-10-03
AIRJ,37311168,73347394,3.92,2026-10-03
AIRO,21274358,31555917,6.59,2026-10-03
AIRS,10824870,72095209,1.77,2026-10-03
AISP,25087127,34439562,2.1200,2026-10-03
AIV,141115476,145236898,1.9300,2026-10-03
AIXI,131512,131512,1.8100,2026-10-03
AKA,909595,10991059,10.85,2026-10-03
AKAN,537667,540841,1.9800,2026-10-03
AKBA,271721393,277106245,0.8650,2026-10-03
AKTS,46193525,53746670,18.52,2026-10-03
AKTX,1644192,1946982,8.7200,2026-10-03
ALAR,7312513,7348826,1.7400,2026-10-03
ALDF,23267500,29868214,10.820100,2026-10-03
ALDX,58156498,60326421,1.17,2026-10-03
ALEC,100941460,111656919,1.8100,2026-10-03
ALGS,4865074,6244558,5.54,2026-10-03
ALH,185661062,198789096,21.3000,2026-10-03
ALHC,200948492,207435149,7.9400,2026-10-03
ALIS,5605679,8427500,10.3299,2026-10-03
ALIT,24854804,26939093,8.85,2026-10-03
ALKT,68650294,106941980,13.8900,2026-10-03
ALLO,276896569,345490881,1.5000,2026-10-03
ALLR,15860843,15910724,1.04,2026-10-03
ALLT,48563876,49303094,8.4300,2026-10-03
ALM,225800956,288109004,13.40,2026-10-03
ALMS,99282367,129435239,6.8500,2026-10-03
ALMU,15001658,19265671,13.1200,2026-10-03
ALOV,30015000,37518750,10.0201,2026-10-03
ALOY,54053557,69418931,8.1200,2026-10-03
ALP,1455820,1549848,4.6000,2026-10-03
ALPX,10741685,14792500,9.9600,2026-10-03
ALT,193690525,194517701,2.735,2026-10-03
ALTG,19502048,32666872,6.4800,2026-10-03
ALTI,53859382,155943432,2.9100,2026-10-03
ALTO,72571761,77568460,3.7700,2026-10-03
ALUB,28750000,35937500,10.1300,2026-10-03
ALVO,142556858,356816558,5.45,2026-10-03
ALXO,121292346,138276997,1.2200,2026-10-03
ALZN,4699163,4825723,1.3700,2026-10-03
AM,329196728,474674000,20.3600,2026-10-03
AMAC,36290833,36290833,9.800000,2026-10-03
AMAN,9375000,9675000,10.5000,2026-10-03
AMBO,2624901,2860322,1.8309,2026-10-03
AMBP,137592209,597706314,4.44,2026-10-03
AMBR,87028604,94275251,1.8100,2026-10-03
AMC,887197258,892604638,2.7700,2026-10-03
AMCI,4509513,23439661,3.0100,2026-10-03
AMCX,27835877,41249971,11.1600,2026-10-03
AMIX,1847650,1959938,3.7800,2026-10-03
AMOD,576808,4929766,3.49,2026-10-03
AMPG,26864533,30043887,3.0500,2026-10-03
AMPL,94850045,124916066,14.5200,2026-10-03
AMPX,143667651,146080618,9.67,2026-10-03
AMPY,37499999,41456450,4.3600,2026-10-03
AMRC,31919404,53066211,21.57,2026-10-03
AMRN,13267741,21122834,12.3500,2026-10-03
AMRO,7456500,31289680,7.06,2026-10-03
AMRX,125331802,319353919,20.3000,2026-10-03
AMS,4341060,6650000,1.4100,2026-10-03
AMSF,18154132,18536058,23.5900,2026-10-03
AMST,4392343,6549851,0.9400,2026-10-03
AMTD,95705554,95705554,0.7437,2026-10-03
AMTM,152713589,244506413,18.1400,2026-10-03
AMTX,67163126,72169594,1.72,2026-10-03
AMWL,14626704,17008758,12.3900,2026-10-03
AMX,2996130718,2996150000,21.29,2026-10-03
ANGH,2492877,9064808,3.7258,2026-10-03
ANGI,32030885,40556251,6.0500,2026-10-03
ANGO,36549841,42054450,15.1100,2026-10-03
ANGX,124588056,186756319,4.08,2026-10-03
ANIK,12526040,13382966,19.1000,2026-10-03
ANIX,32230835,34763802,2.9500,2026-10-03
ANL,56323827,64397937,15.09,2026-10-03
ANNA,34537803,66934400,2.67,2026-10-03
ANNX,178886975,189579134,4.1900,2026-10-03
ANPA,4391755,15101755,1.9700,2026-10-03
ANRO,35776780,39242104,24.8000,2026-10-03
ANTA,3814343,24014343,2.3200,2026-10-03
ANTX,31602608,37736237,5.7100,2026-10-03
ANVS,37648766,42679059,1.1800,2026-10-03
AOMR,22329378,23214877,7.3200,2026-10-03
AORT,44619356,48756221,22.3100,2026-10-03
AOUT,11752958,12621225,16.35,2026-10-03
AP,16116176,20658621,9.70,2026-10-03
APAC,6065000,8050417,10.2700,2026-10-03
APC,12515046,47570223,15.5000,2026-10-03
API,81817394,83775000,4.0800,2026-10-03
APLE,218803092,236082698,16.5100,2026-10-03
APLM,1269125,2914965,23.266000,2026-10-03
APMC,16691908,19958575,9.97,2026-10-03
APMD,20850633,41630779,21.51,2026-10-03
APPS,109631957,121016250,11.1700,2026-10-03
APRE,10520727,12591136,0.695,2026-10-03
APT,8475567,10206218,5.09,2026-10-03
APUR,10751000,14733603,10.0350,2026-10-03
APUS,623192,1509118,3.2200,2026-10-03
APVO,1734406,1810215,1.7600,2026-10-03
APWC,6262227,41232454,1.3200,2026-10-03
APXT,34470000,45960000,10.1500,2026-10-03
APYX,35564576,42124023,2.55,2026-10-03
AQB,5120371,5147204,0.9251,2026-10-03
AQMS,3103118,3563531,2.3300,2026-10-03
AQN,769520543,769922552,5.1000,2026-10-03
AQST,120682881,125511648,4.5500,2026-10-03
ARBB,1138712,1765256,4.600000,2026-10-03
ARBE,117658103,128139176,0.6126,2026-10-03
ARBK,14634549,14634896,2.25,2026-10-03
ARCC,711093795,718022845,18.86,2026-10-03
ARCI,28872000,35262000,10.0800,2026-10-03
ARCL,10500000,17933000,10.00,2026-10-03
ARCO,200069384,210540000,7.11,2026-10-03
ARCT,26153166,28423069,13.0300,2026-10-03
ARDT,107415323,141045907,10.3400,2026-10-03
ARDX,239224972,249187572,3.34,2026-10-03
AREC,86386107,106971272,1.7900,2026-10-03
ARHS,51436948,141751733,10.24,2026-10-03
ARI,127814268,128544353,6.20,2026-10-03
ARIS,201863967,206417693,17.50,2026-10-03
ARKO,72284989,112185721,4.1700,2026-10-03
ARKR,1732456,3606157,4.5000,2026-10-03
ARL,1308646,16152043,16.0400,2026-10-03
ARLO,104316529,107613304,12.78,2026-10-03
ARMP,12032332,37181979,3.5200,2026-10-03
ARQ,32271007,43668483,1.9400,2026-10-03
ARQQ,11165732,17402411,24.62,2026-10-03
ARR,141274098,141553046,13.59,2026-10-03
ARRY,151597486,154007692,4.08,2026-10-03
ARTC,25595000,34833333,10.02,2026-10-03
ARTL,547421,547774,3.6800,2026-10-03
ARTV,41102794,48890121,6.8300,2026-10-03
ARTW,2026779,5201386,3.1250,2026-10-03
ARVN,60280802,65386191,7.4100,2026-10-03
ARX,60771636,217188552,19.7300,2026-10-03
ASAN,88437100,228970117,8.62,2026-10-03
ASBH,64997983,64997983,17.5000,2026-10-03
ASBP,1120650,1402557,8.7800,2026-10-03
ASC,36954378,40851870,19.3000,2026-10-03
ASIX,26132090,27001186,16.22,2026-10-03
ASLE,35093210,47726763,5.04,2026-10-03
ASM,158208125,169855271,5.5500,2026-10-03
ASMB,14715649,20360596,22.5400,2026-10-03
ASPC,552481,2337581,10.8270,2026-10-03
ASPI,137258682,153309380,2.91,2026-10-03
ASPN,81809042,82988784,5.69,2026-10-03
ASPS,10081027,11420206,6.37,2026-10-03
ASRV,12819508,16979267,4.645,2026-10-03
ASTC,1719286,2009050,7.0600,2026-10-03
ASTI,9811053,9816431,2.3100,2026-10-03
ASTL,97364677,105661468,4.34,2026-10-03
ASUR,24742711,28879328,7.68,2026-10-03
ASYS,14961684,17508101,18.0100,2026-10-03
ATCX,2397812,5083336,2.9100,2026-10-03
ATEC,122223385,154451076,10.0300,2026-10-03
ATER,6590140,17966910,0.6547,2026-10-03
ATGL,2675000,16462500,5.20,2026-10-03
ATHE,18956646,19095904,3.4500,2026-10-03
ATHM,114861499,115170911,20.56,2026-10-03
ATHR,4210972,12238059,3.4500,2026-10-03
ATII,22161410,29590000,10.68,2026-10-03
ATLQ,27814017,28462143,9.9700,2026-10-03
ATLX,22175674,30099805,2.4100,2026-10-03
ATNM,28840359,31441436,1.17,2026-10-03
ATOM,37683391,39024042,4.71,2026-10-03
ATOS,9785048,9979298,2.3400,2026-10-03
ATPC,980166,1000626,2.0613,2026-10-03
ATRA,8351559,10037710,9.48,2026-10-03
ATTO,25501949,45651262,17.17,2026-10-03
ATTT,2898524,5874743,2.6900,2026-10-03
ATXG,752108,2105058,3.28,2026-10-03
AUC,22128378,22128378,8.6700,2026-10-03
AUDC,16746585,24152794,11.0900,2026-10-03
AUNA,29248047,74012965,5.0600,2026-10-03
AUPH,124014717,133051168,15.8300,2026-10-03
AUR,1508318566,2004155268,5.6700,2026-10-03
AURA,89170268,103704809,6.0900,2026-10-03
AURE,18081817,37600000,1.0300,2026-10-03
AUST,7272333,13693001,0.99,2026-10-03
AUTL,193090124,266162540,1.7800,2026-10-03
AUUD,5302744,5803050,1.2100,2026-10-03
AUXX,84143573,101110094,4.7200,2026-10-03
AVAH,95838544,218290683,12.5900,2026-10-03
AVAL,1187173788,1187173788,4.7800,2026-10-03
AVAT,22588321,43720444,1.8300,2026-10-03
AVBC,17432861,19970306,22.24,2026-10-03
AVD,27525175,29500632,1.7400,2026-10-03
AVEX,44943690,126768973,14.4800,2026-10-03
AVIR,69303678,80204699,5.1300,2026-10-03
AVNW,11483482,12801539,20.6800,2026-10-03
AVO,53979968,87678404,12.8100,2026-10-03
AVPT,171191910,211565426,14.0700,2026-10-03
AVR,77940330,97458474,7.7100,2026-10-03
AVTR,649941999,676358840,15.3400,2026-10-03
AVTX,52504597,53629989,14.99,2026-10-03
AVX,4457085,7397383,6.2000,2026-10-03
AVXL,91115863,92696842,1.8200,2026-10-03
AWRE,12117633,21812637,1.1000,2026-10-03
AWX,1916080,3899431,2.4800,2026-10-03
AXAC,4471659,8784159,10.43,2026-10-03
AXIL,4074313,6822681,6.17,2026-10-03
AXIN,20200000,27266667,10.35,2026-10-03
AXR,2858982,5324849,21.5400,2026-10-03
AYTU,9969459,10866708,2.0700,2026-10-03
AZ,37555843,44026467,6.1900,2026-10-03
AZI,56227442,66350064,1.13,2026-10-03
AZIO,16086176,16467848,1.18,2026-10-03
AZUL,183975713,184278962,7.3500,2026-10-03
BACC,20501250,27962163,10.49,2026-10-03
BAER,46911461,58826140,0.68,2026-10-03
BAFN,11621890,26962815,7.76,2026-10-03
BALY,44162904,50469522,14.0900,2026-10-03
BANC,156562700,158427850,17.7400,2026-10-03
BANL,406592,2115409,4.6300,2026-10-03
BANX,9669808,9688983,20.0000,2026-10-03
BARK,6191878,9033457,8.1200,2026-10-03
BATL,55497351,57282155,1.0300,2026-10-03
BAX,515055115,516995999,23.49,2026-10-03
BB,585137133,587032279,9.30,2026-10-03
BBAI,476142892,479494493,2.6500,2026-10-03
BBAR,204236693,204236693,12.3800,2026-10-03
BBCP,20606183,50393420,9.8500,2026-10-03
BBDC,99884747,104706884,8.6300,2026-10-03
BBDO,5293220781,5293220781,3.16,2026-10-03
BBGI,957635,1852751,11.0800,2026-10-03
BBNX,51334407,52641863,18.96,2026-10-03
BBOT,58425189,80174267,3.8900,2026-10-03
BBWI,200573998,201645313,16.0600,2026-10-03
BCAL,25507309,32150541,21.7800,2026-10-03
BCAX,56309479,66172934,17.6300,2026-10-03
BCBP,26778585,29101822,8.50,2026-10-03
BCCQ,34500000,46000000,9.935,2026-10-03
BCDA,12256115,15138782,1.0400,2026-10-03
BCE,932145292,932525817,19.7300,2026-10-03
BCG,3406571,17060131,1.01,2026-10-03
BCHT,20871742,26305966,1.5000,2026-10-03
BCIC,12210864,12383652,6.8900,2026-10-03
BCRX,236101033,255535105,8.1700,2026-10-03
BCS,3356806499,3357089665,23.7100,2026-10-03
BCSF,51904602,64868507,11.05,2026-10-03
BCSS,46850000,58400000,10.2800,2026-10-03
BCTX,8695979,8699787,4.04,2026-10-03
BCYC,48255785,69992871,3.38,2026-10-03
BDCI,25547500,34746667,10.1450,2026-10-03
BDMD,14809481,42208763,0.7511,2026-10-03
BDTX,56810611,57453747,1.8900,2026-10-03
BEAG,25499400,31318000,10.70,2026-10-03
BEAM,101662545,103287665,24.5000,2026-10-03
BEBE,15000000,20000000,10.04,2026-10-03
BEEM,21492213,22633315,1.1300,2026-10-03
BEEP,37017317,41300000,2.5700,2026-10-03
BEKE,1095027126,1145253757,16.4300,2026-10-03
BENF,1531346,15455722,1.43,2026-10-03
BESS,4416138,7097573,2.31,2026-10-03
BETA,119667698,233941060,22.1700,2026-10-03
BETR,13138214,17572965,11.7900,2026-10-03
BFLY,220089481,266285183,8.9500,2026-10-03
BFRG,16030816,18541651,0.6175,2026-10-03
BFRI,12370323,14852359,1.0150,2026-10-03
BGC,363228824,475466522,11.7800,2026-10-03
BGDE,2689359,5664339,5.4700,2026-10-03
BGIN,43350445,113135941,2.32,2026-10-03
BGLC,1557059,2933442,1.27,2026-10-03
BGM,7859386,13354111,9.3400,2026-10-03
BGMS,4844128,6622794,0.88,2026-10-03
BGS,77078305,81275671,2.6900,2026-10-03
BGSF,9936862,10679765,4.9200,2026-10-03
BHAV,10700000,14033333,10.0350,2026-10-03
BHC,326685174,374139613,5.80,2026-10-03
BHM,3163521,4108028,8.01,2026-10-03
BHR,57426769,68679318,1.6600,2026-10-03
BHST,19318793,22667842,1.4700,2026-10-03
BHVN,131118631,151043781,12.8700,2026-10-03
BIAF,1156838,1166625,6.0550,2026-10-03
BID,14610000,19276667,9.9001,2026-10-03
BIII,17250000,23000000,10.0500,2026-10-03
BILI,338834044,418688385,14.44,2026-10-03
BIOA,44047902,45896909,6.6100,2026-10-03
BIRD,8432686,11809193,3.365,2026-10-03
BIVI,8641125,8682710,1.46,2026-10-03
BIXI,22770000,30103333,10.1000,2026-10-03
BIYA,3229573,6829864,1.60,2026-10-03
BJDX,4377274,4468051,0.8366,2026-10-03
BKD,233945893,238817252,10.8600,2026-10-03
BKHA,1952078,4153577,12.38,2026-10-03
BKKT,27256140,45069458,7.7500,2026-10-03
BKSY,37588495,40924846,21.92,2026-10-03
BKV,37021097,109437830,21.5700,2026-10-03
BKYI,1311947,1436344,2.12,2026-10-03
BLCO,45198015,357352910,17.11,2026-10-03
BLDP,256399390,301506494,2.0500,2026-10-03
BLIN,9151724,12599879,0.8102,2026-10-03
BLIV,5270206,10864802,2.3000,2026-10-03
BLMN,84292565,85620917,8.4800,2026-10-03
BLND,209292755,236513319,1.0300,2026-10-03
BLNE,23482136,32928148,0.8634,2026-10-03
BLNK,139663164,144938716,0.5607,2026-10-03
BLRK,17250000,23000000,10.12,2026-10-03
BLRX,4807488,4978216,2.37,2026-10-03
BLSM,23225258,31784909,19.6900,2026-10-03
BLUW,25983000,32308000,10.3800,2026-10-03
BLZE,59089061,61900000,14.3600,2026-10-03
BLZR,27500000,34375000,10.2500,2026-10-03
BMBL,113242701,131968314,2.5400,2026-10-03
BMEA,67302625,72483852,1.2700,2026-10-03
BMGL,715044,1565480,3.2800,2026-10-03
BMHL,1078315,25520147,4.4980,2026-10-03
BMM,82582386,104863001,4.93,2026-10-03
BMR,10827573,15529854,1.2600,2026-10-03
BMRA,3772619,4598968,2.1420,2026-10-03
BNAI,6318266,7488046,6.0200,2026-10-03
BNC,28433972,41173850,5.8500,2026-10-03
BNED,28979069,34664980,11.7100,2026-10-03
BNGO,11451858,11777000,1.4800,2026-10-03
BNKK,7837426,8000940,1.7500,2026-10-03
BNL,189842177,191950604,18.5600,2026-10-03
BNR,8304332,10546342,16.2500,2026-10-03
BNTC,34007154,34882726,8.9800,2026-10-03
BOBS,30653713,130687076,14.1900,2026-10-03
BOC,27873879,29878794,13.2100,2026-10-03
BODI,4015222,7284736,4.92,2026-10-03
BOF,13937695,16136618,3.8900,2026-10-03
BOLD,19997254,22747985,2.6200,2026-10-03
BOLT,1866285,1926345,3.4500,2026-10-03
BON,6124726,8168810,1.14,2026-10-03
BOOM,19047212,20540949,5.80,2026-10-03
BORR,276166632,308512741,3.9100,2026-10-03
BOSC,6468691,7059810,4.6300,2026-10-03
BOXL,741790,844544,4.74,2026-10-03
BPAC,3851376,7384750,10.190000,2026-10-03
BQ,7875739,7879614,0.8017,2026-10-03
BRAG,23982698,31063404,1.20,2026-10-03
BRAI,29679657,206088228,4.63,2026-10-03
BRBI,50136500,50136500,11.237,2026-10-03
BRBR,114390840,116278194,7.4300,2026-10-03
BRBS,65349908,89687528,3.93,2026-10-03
BRCB,19146040,50072679,6.9600,2026-10-03
BRCC,9057851,25028747,9.05,2026-10-03
BREZ,5050676,17689392,10.06,2026-10-03
BRFH,7418407,16308172,0.854,2026-10-03
BRIA,3602459,30625000,1.3999,2026-10-03
BRID,1701208,9076832,5.590000,2026-10-03
BRKH,8332000,11760571,10.0100,2026-10-03
BRLS,11696476,21463306,1.21,2026-10-03
BRLT,15771185,101822795,1.3900,2026-10-03
BRN,7806472,14434310,0.9817,2026-10-03
BRNX,1942631,1946972,1.8200,2026-10-03
BRSL,94497098,184528609,9.8500,2026-10-03
BRSP,111807257,126524180,3.8100,2026-10-03
BRT,13691681,18793277,13.3000,2026-10-03
BRTM,36740000,48740000,9.80,2026-10-03
BRTX,1295270,1381128,2.1400,2026-10-03
BRUN,12524698,79487441,16.5100,2026-10-03
BRVE,25498611,90038969,21.2700,2026-10-03
BSAA,414213,2066213,11.30,2026-10-03
BSBK,3950276,12761313,9.0900,2026-10-03
BSBR,370081724,370081724,5.40,2026-10-03
BSEM,13264351,17935843,2.73,2026-10-03
BSET,7202384,8658269,20.7200,2026-10-03
BSIN,29342292,52493428,1.4200,2026-10-03
BTBD,4094167,6184724,1.8700,2026-10-03
BTBT,353858039,360633503,1.63,2026-10-03
BTCS,42054548,52471941,1.43,2026-10-03
BTCT,11368430,11800567,1.15,2026-10-03
BTDR,160681379,271782245,11.0200,2026-10-03
BTE,663303738,699200000,4.6300,2026-10-03
BTG,1245768463,1321386966,5.20,2026-10-03
BTGO,80549305,117545622,7.3800,2026-10-03
BTLN,1826421,2712351,5.2000,2026-10-03
BTMD,22994757,35927468,1.1500,2026-10-03
BTQ,95266436,147175677,3.1700,2026-10-03
BTTC,4808075,10774621,0.6498,2026-10-03
BTU,120689020,121900000,24.81,2026-10-03
BUDA,3264541,12566666,7.71,2026-10-03
BULL,372047098,540555695,7.34,2026-10-03
BUR,199301181,219584503,3.6500,2026-10-03
BURU,7113483,9262346,1.0400,2026-10-03
BV,67676606,92600000,10.2800,2026-10-03
BVC,8400000,8400000,11.4800,2026-10-03
BVFL,6291861,8470604,21.2300,2026-10-03
BVS,60289358,84091880,13.1300,2026-10-03
BW,143728525,148965066,5.7000,2026-10-03
BWAY,33790965,40129409,12.50,2026-10-03
BWB,22359712,27883823,20.71,2026-10-03
BWEN,19476099,23657373,4.2500,2026-10-03
BWIV,17483334,17758334,9.9700,2026-10-03
BWMX,14521734,39485053,16.5000,2026-10-03
BXBL,6134513,241555234,3.23,2026-10-03
BXDC,91163105,100649905,17.2700,2026-10-03
BXMT,157042408,168543591,10.9000,2026-10-03
BXSL,208721746,232970063,23.61,2026-10-03
BYAH,3320979,4718902,2.3500,2026-10-03
BYFC,7472391,9278545,11.4200,2026-10-03
BYND,16612607,17193794,8.2500,2026-10-03
BYRN,17903933,23404754,3.4800,2026-10-03
BYSI,33963268,41119820,0.7873,2026-10-03
BZ,414757741,470295768,14.8300,2026-10-03
BZFD,24112858,83334733,1.11,2026-10-03
BZUN,53692840,58143688,3.1550,2026-10-03
CAAP,33768313,165219146,24.30,2026-10-03
CAAS,10630795,30170702,4.6200,2026-10-03
CABA,167899745,169545445,2.0000,2026-10-03
CABO,5081635,5673925,12.2100,2026-10-03
CABR,8418226,10368226,1.1600,2026-10-03
CADL,65308394,76518565,10.18,2026-10-03
CAE,321592838,321849081,24.0050,2026-10-03
CAES,25000000,31850000,10.05,2026-10-03
CAG,474036259,477411517,13.3600,2026-10-03
CAII,25489750,33923083,10.0100,2026-10-03
CAL,32868113,34504977,12.2200,2026-10-03
CALC,5560438,6828292,1.6000,2026-10-03
CALY,154623055,178510521,14.4500,2026-10-03
CAMP,55424879,62753200,4.00,2026-10-03
CANF,3031547,3031547,2.1820,2026-10-03
CANG,32562291,41021967,2.6700,2026-10-03
CAPN,2788620,5288092,11.250000,2026-10-03
CAPR,52652618,58138989,8.9500,2026-10-03
CAQ,23495500,31162167,10.0000,2026-10-03
CARL,15151786,27302743,14.2700,2026-10-03
CARS,40384858,53532714,10.0300,2026-10-03
CARV,3797264,5830551,1.560000,2026-10-03
CAST,27793661,50787414,1.18,2026-10-03
CATL,21420000,27170000,9.80,2026-10-03
CATO,15626494,19911949,2.40,2026-10-03
CATX,104759185,114151663,2.7600,2026-10-03
CBAN,20356067,21220965,20.4500,2026-10-03
CBAT,73224985,88645836,1.39,2026-10-03
CBIO,36838553,37143940,14.3200,2026-10-03
CBLL,30076484,38378101,23.6900,2026-10-03
CBUS,56480877,76428964,1.71,2026-10-03
CC,149972184,150498995,13.7100,2026-10-03
CCAP,34333445,36845952,9.0200,2026-10-03
CCAQ,14482813,20232813,10.690000,2026-10-03
CCC,553275542,588994704,6.5600,2026-10-03
CCCC,119564453,123025136,2.9500,2026-10-03
CCCT,16998333,31331667,9.840000,2026-10-03
CCEC,7812505,60212098,20.9900,2026-10-03
CCEL,5273912,8062650,3.9900,2026-10-03
CCG,1023567,2505426,5.3500,2026-10-03
CCHH,16843740,19815727,1.0200,2026-10-03
CCII,25575000,34693333,10.3100,2026-10-03
CCLD,36013406,42493859,2.02,2026-10-03
CCM,2093362,4341723,3.1700,2026-10-03
CCO,383841519,509093845,2.39,2026-10-03
CCOI,49079971,51215736,8.4600,2026-10-03
CCU,184751436,184751436,10.5900,2026-10-03
CCXI,39249823,55700000,11.9900,2026-10-03
CD,95494739,110003800,6.7400,2026-10-03
CDE,1020874426,1027934998,17.66,2026-10-03
CDIO,2713626,2959469,1.9600,2026-10-03
CDLR,96471183,96471183,22.1800,2026-10-03
CDLX,5592406,5888716,2.5300,2026-10-03
CDRE,30943828,42820734,25.0000,2026-10-03
CDRO,14830986,45469915,9.50,2026-10-03
CDTG,2838045,3021027,1.0700,2026-10-03
CDXS,101713005,109505765,1.36,2026-10-03
CDZI,55792538,84677075,3.8300,2026-10-03
CELU,21659907,32449767,1.6000,2026-10-03
CELZ,6557285,6592557,0.9464,2026-10-03
CENN,1198383,2456452,3.7777,2026-10-03
CEPF,45900000,57150000,10.27,2026-10-03
CEPL,27640005,32944709,4.4950,2026-10-03
CEPO,17500000,25500000,10.75,2026-10-03
CEPS,11400000,14675000,10.28,2026-10-03
CEPU,144616353,151402225,11.68,2026-10-03
CEPV,25000000,31790000,10.29,2026-10-03
CERS,194473015,201524898,2.2800,2026-10-03
CERT,112030726,152538780,9.3600,2026-10-03
CETX,1721133,1721141,2.0400,2026-10-03
CETY,10408662,12166106,0.9750,2026-10-03
CFFN,115305429,125698283,8.58,2026-10-03
CGAU,194528860,195607541,21.4300,2026-10-03
CGBD,68041300,68804581,10.6500,2026-10-03
CGC,422416702,423171316,0.8754,2026-10-03
CGCF,27500000,34687500,9.815000,2026-10-03
CGEM,63114273,64354694,15.5100,2026-10-03
CGEN,94574457,94727926,2.3100,2026-10-03
CGNT,69004038,73845238,8.7400,2026-10-03
CGTL,1095921,1719255,3.7600,2026-10-03
CGTX,93867937,95093746,0.9251,2026-10-03
CHA,98570745,190763326,10.9800,2026-10-03
CHAR,8545000,10965000,10.9700,2026-10-03
CHCI,3732369,10281952,18.77,2026-10-03
CHCT,26814283,28653842,13.62,2026-10-03
CHEC,12776500,17274667,10.29,2026-10-03
CHGA,793863,1120216,2.51,2026-10-03
CHGG,106749151,111027482,0.7380,2026-10-03
CHMI,36414241,36947394,2.6400,2026-10-03
CHNR,557894,1256388,3.8600,2026-10-03
CHOW,11033750,35490000,0.5600,2026-10-03
CHPG,8921911,9987286,10.480000,2026-10-03
CHPT,24565741,26850324,9.29,2026-10-03
CHR,1627820,2345453,1.6500,2026-10-03
CHRN,175020,145637452,19.2100,2026-10-03
CHRS,121891303,154500966,1.1600,2026-10-03
CHSN,2096288,2322391,1.08,2026-10-03
CHWM,800000,10600609,5.4300,2026-10-03
CHWY,219407029,401927249,18.1700,2026-10-03
CIA,44697403,50643108,3.54,2026-10-03
CIFR,400214827,415030722,15.7100,2026-10-03
CIIT,605068,967391,2.48,2026-10-03
CIM,82003334,83711818,9.2600,2026-10-03
CING,10423868,14541826,4.76,2026-10-03
CINT,22391960,134579406,3.2100,2026-10-03
CION,48809317,49202704,7.00,2026-10-03
CIRC,56979400,114406923,0.5105,2026-10-03
CITR,13595428,22718180,2.95,2026-10-03
CJMB,2230222,5752368,2.44,2026-10-03
CKX,1277165,2053129,10.6300,2026-10-03
CLAR,29331331,38288155,3.45,2026-10-03
CLB,45218603,45884542,9.92,2026-10-03
CLBK,190295789,269545135,11.4100,2026-10-03
CLBR,30050000,40016667,10.1993,2026-10-03
CLBT,128720390,251341060,11.07,2026-10-03
CLDI,3653941,3676474,1.0800,2026-10-03
CLDT,43597144,46565614,13.6800,2026-10-03
CLF,564902625,570540047,11.3200,2026-10-03
CLGN,1256307,1890821,3.4600,2026-10-03
CLIK,6161201,8563033,1.0600,2026-10-03
CLIR,5145740,6807455,3.5100,2026-10-03
CLLS,72698158,72698158,1.43,2026-10-03
CLNE,168644045,220445015,1.5600,2026-10-03
CLNN,11847374,14213981,4.0800,2026-10-03
CLOV,416085911,531156263,4.38,2026-10-03
CLPR,13276989,16157566,3.14,2026-10-03
CLPS,13063954,29841828,1.0300,2026-10-03
CLPT,28766144,30504227,10.895,2026-10-03
CLRB,9286505,9452108,1.78,2026-10-03
CLRO,864441,2675412,4.0800,2026-10-03
CLSK,246284082,256817073,12.74,2026-10-03
CLST,3309956,4033791,16.3000,2026-10-03
CLVT,311099768,639664003,1.4800,2026-10-03
CLW,15527170,16127764,19.8100,2026-10-03
CLWT,3074423,7411464,1.34,2026-10-03
CLYM,57276730,57436255,10.9400,2026-10-03
CMBT,111418911,290169769,19.8500,2026-10-03
CMCL,16370601,19335079,24.0100,2026-10-03
CMCM,9341262,30690685,2.7000,2026-10-03
CMCO,27963598,28864244,16.7350,2026-10-03
CMCT,2891086,2947493,3.8000,2026-10-03
CMDB,8344361,24301490,22.3700,2026-10-03
CMMB,6434665,7327660,1.43,2026-10-03
CMND,3365694,3367069,0.7150,2026-10-03
CMP,31708691,41980874,22.2000,2026-10-03
CMPS,127918847,138476822,11.9000,2026-10-03
CMPX,142435755,180087915,0.8567,2026-10-03
CMRC,67970099,82858991,3.25,2026-10-03
CMRE,46481929,120892607,15.4400,2026-10-03
CMT,7551311,8849034,23.0200,2026-10-03
CMTG,115073677,141084206,1.2300,2026-10-03
CMTL,28793620,29961431,1.3200,2026-10-03
CNCK,9246153,191797973,1.4200,2026-10-03
CNDT,139838567,155520800,1.6500,2026-10-03
CNET,3026157,3668429,1.60,2026-10-03
CNEY,11620571,12255990,0.5406,2026-10-03
CNF,16800311,16858216,1.93,2026-10-03
CNH,867046062,1237725958,13.4700,2026-10-03
CNL,52613603,92742707,12.13,2026-10-03
CNNE,36466966,43374227,15.54,2026-10-03
CNSP,1447578,1461449,5.3248,2026-10-03
CNSY,7463351,7589625,1.60,2026-10-03
CNTB,43489203,62974309,0.9270,2026-10-03
CNTN,68584656,79681361,2.25,2026-10-03
CNTY,23571680,28137692,1.04,2026-10-03
CNVS,21258397,23771387,1.9050,2026-10-03
CNXC,50270224,60948000,24.9100,2026-10-03
CNXU,14272785,28206698,3.10,2026-10-03
COCH,46255563,77394595,0.678,2026-10-03
COCP,6604994,19263200,1.145,2026-10-03
CODA,5511452,11283101,11.1400,2026-10-03
CODI,66622912,75235966,10.9300,2026-10-03
CODX,6851718,6981319,1.0800,2026-10-03
COE,1588440,6007315,10.58,2026-10-03
COHN,2544044,3228970,9.7800,2026-10-03
COLD,285100869,285480551,13.9700,2026-10-03
COLL,32119300,32555613,22.0200,2026-10-03
COMP,724519181,757522197,9.22,2026-10-03
COPL,15875508,22181401,10.585,2026-10-03
COPR,7582096,18778604,3.20,2026-10-03
CORZ,316810233,321340441,16.4500,2026-10-03
COTY,398148360,880686464,2.6600,2026-10-03
COUR,225574984,264400000,5.0200,2026-10-03
COYA,19534019,23457849,4.8100,2026-10-03
CPAC,84773690,84773690,12.32,2026-10-03
CPB,186455688,298234693,19.62,2026-10-03
CPBI,3371960,4172236,20.0750,2026-10-03
CPHC,2577948,5183394,15.75,2026-10-03
CPHI,4460615,43022002,0.6570,2026-10-03
CPIX,8653210,14983107,7.3900,2026-10-03
CPNG,1339647651,1797511702,13.7800,2026-10-03
CPOP,1367955,1707953,3.20,2026-10-03
CPRI,110347667,113651618,14.44,2026-10-03
CPS,16786048,17769208,21.83,2026-10-03
CPSH,15982893,19387942,3.8400,2026-10-03
CPSS,6680955,21554714,9.0900,2026-10-03
CRAC,17422680,22368750,10.2500,2026-10-03
CRAN,35400000,46900000,10.1000,2026-10-03
CRAQ,23140000,31325900,10.41,2026-10-03
CRBP,17347099,19341293,6.1300,2026-10-03
CRBU,98395705,107207513,1.22,2026-10-03
CRCT,47848788,209444416,6.5200,2026-10-03
CRDF,72968479,77795249,1.1200,2026-10-03
CRDL,117123915,120660445,1.41,2026-10-03
CRE,1102735,2013985,2.7000,2026-10-03
CREX,11194732,13526506,2.50,2026-10-03
CRGO,35637928,52073485,0.9715,2026-10-03
CRGY,284816694,330403696,13.3900,2026-10-03
CRIS,2268550,2425078,0.8034,2026-10-03
CRK,78537243,293620548,12.7800,2026-10-03
CRMD,72013876,77944324,7.1900,2026-10-03
CRML,76925953,146993753,7.03,2026-10-03
CRMT,7728669,8338478,1.0500,2026-10-03
CRNC,43729727,45230257,8.09,2026-10-03
CRNT,78395999,91280512,2.18,2026-10-03
CRON,182466145,368412864,3.2250,2026-10-03
CRSR,47798738,108176959,13.79,2026-10-03
CRTO,47326485,48997559,14.7300,2026-10-03
CRVO,11122708,15119096,3.0200,2026-10-03
CRVS,66209564,84120944,10.90,2026-10-03
CRWS,9416069,10760287,2.48,2026-10-03
CSAI,867282,867472,2.6800,2026-10-03
CSBR,10253557,13918569,4.9400,2026-10-03
CSHR,58700124,131780209,4.95,2026-10-03
CSIQ,47673477,67896749,11.1850,2026-10-03
CSPI,7083210,10080645,7.5700,2026-10-03
CSQR,58752061,166633984,17.4100,2026-10-03
CSTE,19231116,34577075,2.87,2026-10-03
CSTM,131445511,135527728,24.4000,2026-10-03
CSWC,61768975,63733867,23.52,2026-10-03
CTAA,16686667,17001667,9.95,2026-10-03
CTAG,,,18.0900,2026-10-03
CTEV,9439087,16947463,23.7200,2026-10-03
CTGO,29214941,33440691,16.6800,2026-10-03
CTKB,118955981,129983253,5.8700,2026-10-03
CTM,83325950,94781286,0.6296,2026-10-03
CTMX,206126397,217899284,2.5600,2026-10-03
CTNM,31541528,37621132,13.12,2026-10-03
CTNT,1318659,1333397,2.6200,2026-10-03
CTO,34067011,37485454,20.54,2026-10-03
CTOR,26085361,92981204,0.9500,2026-10-03
CTOS,60071995,227505535,9.7800,2026-10-03
CTRI,100334178,100963053,20.91,2026-10-03
CTRM,9651114,9662354,2.0000,2026-10-03
CTSO,2638940,3151101,4.0500,2026-10-03
CTVA,666420632,667196000,11.9200,2026-10-03
CTW,2399869,62400000,2.03,2026-10-03
CTXR,26959684,27452570,0.5316,2026-10-03
CUB,21496164,26162831,10.91,2026-10-03
CULP,11257022,12735324,3.8900,2026-10-03
CUPR,5243133,7003758,2.42,2026-10-03
CURI,40581976,59338028,2.9100,2026-10-03
CURR,41144090,112281885,3.1000,2026-10-03
CURV,35354938,99719435,2.5000,2026-10-03
CURX,606072,1568241,4.72,2026-10-03
CUVL,50123630,50427898,6.0300,2026-10-03
CV,41168989,53210357,6.17,2026-10-03
CVBF,166884348,175997435,22.28,2026-10-03
CVGI,34230723,40632682,2.9600,2026-10-03
CVKD,3223017,3567592,0.9402,2026-10-03
CVM,16941487,17588987,2.3100,2026-10-03
CVR,745928,966132,11.2001,2026-10-03
CVRX,21353781,26641597,1.5500,2026-10-03
CVU,10038946,13249734,5.1700,2026-10-03
CVV,5431410,6951203,4.33,2026-10-03
CWD,10069426,10384653,0.5688,2026-10-03
CWH,60158597,103294916,5.0300,2026-10-03
CWK,232800478,234713708,11.9200,2026-10-03
CX,1448174130,1450832824,9.5300,2026-10-03
CXAI,2169638,2337407,2.3300,2026-10-03
CXDO,21776502,33253790,5.9200,2026-10-03
CXII,55550000,55550000,10.8000,2026-10-03
CXM,110168777,232171340,5.2000,2026-10-03
CYCU,3091208,3230041,3.8200,2026-10-03
CYH,119041014,141009357,2.72,2026-10-03
CYN,15348229,15348281,0.6766,2026-10-03
CYPH,99842641,107764382,3.0300,2026-10-03
CYRX,48877999,50649100,17.4300,2026-10-03
CZWI,8105763,9650231,21.3000,2026-10-03
DAAQ,17250000,23000000,10.4700,2026-10-03
DAIC,1848692,2337767,2.79,2026-10-03
DAIO,8979077,10395627,2.98,2026-10-03
DAKT,44860361,48092650,17.96,2026-10-03
DAO,28336355,120934631,15.15,2026-10-03
DARE,17217207,19669083,0.8428,2026-10-03
DAVA,40362807,54327603,1.9200,2026-10-03
DBCA,28950000,43271429,10.015,2026-10-03
DBGI,916298,933509,4.8700,2026-10-03
DBI,35768105,51123404,6.0600,2026-10-03
DBVT,57554374,59212299,10.55,2026-10-03
DC,115020612,134172991,5.9200,2026-10-03
DCBO,8769576,24947594,23.3300,2026-10-03
DCH,231298217,237604602,5.6000,2026-10-03
DCOY,586819,655185,1.7700,2026-10-03
DCTH,31853362,34698795,15.1300,2026-10-03
DCX,2235183,2346174,3.88,2026-10-03
DDD,156100967,166147027,3.7800,2026-10-03
DDI,47406111,49553440,13.31,2026-10-03
DDL,182508964,219138692,2.15,2026-10-03
DEA,44571772,47321617,23.4000,2026-10-03
DEC,67501859,70769563,13.4200,2026-10-03
DEFT,378791753,388262187,0.5298,2026-10-03
DEI,161629720,167485267,9.8200,2026-10-03
DERM,20538851,28224395,6.61,2026-10-03
DETX,5089028,5681983,2.1099,2026-10-03
DFDV,26255795,32620790,5.2500,2026-10-03
DFH,26171356,90535118,10.75,2026-10-03
DFLI,13331067,14978803,0.8512,2026-10-03
DFNS,2537909,2840296,7.3400,2026-10-03
DFSC,3456095,3471316,1.1100,2026-10-03
DGAC,16813500,22063500,10.0000,2026-10-03
DGNX,46872646,50130130,1.28,2026-10-03
DGXX,92692019,101393355,3.8400,2026-10-03
DH,38126065,106744713,0.9333,2026-10-03
DHT,145134137,161235573,23.6800,2026-10-03
DHX,35334835,43424190,4.8100,2026-10-03
DIBS,28424210,33615293,4.0200,2026-10-03
DJT,159030522,277941274,8.91,2026-10-03
DKI,1213201,2097587,1.3800,2026-10-03
DKNG,453680142,496454048,18.59,2026-10-03
DLHC,12564836,14493035,4.0500,2026-10-03
DLO,87130547,288416831,13.7450,2026-10-03
DLPN,9284772,13033831,1.0300,2026-10-03
DLTH,13171668,38005001,3.93,2026-10-03
DLX,44417252,45856290,22.6100,2026-10-03
DLXY,1000000,3270000,2.0100,2026-10-03
DMAA,18555358,24276913,10.890000,2026-10-03
DMAC,30536657,53925697,8.2300,2026-10-03
DMII,54008334,63700000,10.1900,2026-10-03
DMRA,55307814,61735519,20.65,2026-10-03
DMRC,18864937,22475329,6.3600,2026-10-03
DNA,64279228,67340277,12.3500,2026-10-03
DNLI,151088027,159847403,20.0000,2026-10-03
DNMX,20125000,26833333,10.0800,2026-10-03
DNN,899571184,905259126,2.5700,2026-10-03
DNOW,177716035,180785891,15.7600,2026-10-03
DNUT,93149065,173500000,2.8900,2026-10-03
DOC,686973899,689527260,19.49,2026-10-03
DOGZ,7476658,17620658,0.8900,2026-10-03
DOLE,74900816,94458807,12.7500,2026-10-03
DOMH,9671174,24243646,2.2400,2026-10-03
DOUG,74073658,90890473,1.5500,2026-10-03
DOYU,28979330,30178859,4.4500,2026-10-03
DPRO,36738685,37148523,5.2850,2026-10-03
DPU,2681914,3005878,1.5512,2026-10-03
DQ,53360593,67666137,11.00,2026-10-03
DRCT,751245,802727,0.9100,2026-10-03
DRD,86739770,86739770,24.30,2026-10-03
DRDB,23000000,30666667,10.73,2026-10-03
DRH,201530523,204605681,12.5700,2026-10-03
DRIO,7448385,9799481,6.4600,2026-10-03
DRK,7231780,10569496,2.6400,2026-10-03
DRMA,2920877,4022143,1.1050,2026-10-03
DRTS,64122837,92332873,14.7700,2026-10-03
DRVN,59488103,164979816,11.6800,2026-10-03
DSAC,25685000,34018333,10.14,2026-10-03
DSC,3000000,50072492,6.0200,2026-10-03
DSGN,40910008,62581651,12.3400,2026-10-03
DSP,20545356,66474838,12.2400,2026-10-03
DSS,4046126,10042518,0.6378,2026-10-03
DSWL,4565638,15885239,3.07,2026-10-03
DSX,74026469,124413717,2.8600,2026-10-03
DSY,1251873,4751873,3.56,2026-10-03
DTCX,29440144,40143626,1.8300,2026-10-03
DTI,19202073,35282224,2.29,2026-10-03
DTIL,25203289,27601554,6.3100,2026-10-03
DTSQ,1368959,3653409,11.58,2026-10-03
DTSS,10023863,16263177,0.8390,2026-10-03
DTST,1891526,2337738,3.3200,2026-10-03
DUKR,2107768,3425978,5.32,2026-10-03
DUO,38529284,38548413,0.6480,2026-10-03
DUOT,29396611,31472499,9.1100,2026-10-03
DV,135951791,156182436,13.4900,2026-10-03
DWSN,30688859,31055618,2.7600,2026-10-03
DWTX,9324424,33992553,1.4600,2026-10-03
DX,246507108,248166917,11.02,2026-10-03
DXC,156814034,159778689,11.10,2026-10-03
DXR,2911503,5838224,10.62,2026-10-03
DXST,1218008,1815128,2.4200,2026-10-03
DYN,177230046,186746431,15.2000,2026-10-03
DYNC,16460000,22133333,10.905,2026-10-03
DYOR,17250000,23000000,10.15,2026-10-03
EAF,15265837,26092164,9.44,2026-10-03
EBC,225559521,228511552,21.465,2026-10-03
EBF,24504078,25298272,22.5600,2026-10-03
EBMT,7375676,7965431,21.2500,2026-10-03
EBON,4982663,6543938,2.0850,2026-10-03
EBS,49093746,51273336,6.3300,2026-10-03
EC,2055754072,2055834735,16.6000,2026-10-03
ECBK,7207106,8737702,20.4300,2026-10-03
ECOR,5933595,9015885,10.1400,2026-10-03
ECVT,107379929,109468398,10.12,2026-10-03
ECX,128670437,392990869,0.8584,2026-10-03
EDBL,1912759,1951509,1.14,2026-10-03
EDHL,4834275,5959275,5.2300,2026-10-03
EDIT,153303462,153580035,2.6200,2026-10-03
EDN,43763422,43784116,19.9400,2026-10-03
EDSA,11117688,13503723,3.86,2026-10-03
EDTK,8254451,16199451,1.00,2026-10-03
EDUC,7513224,8524964,1.30,2026-10-03
EEIQ,987325,1646623,5.0850,2026-10-03
EFC,125556635,128887386,11.5900,2026-10-03
EFOI,3285814,6369222,2.9850,2026-10-03
EFTY,4823000,15110000,15.020000,2026-10-03
EFXT,121199884,122102883,24.59,2026-10-03
EGAN,15075089,26171467,5.8700,2026-10-03
EGG,8255200,28005200,5.3700,2026-10-03
EGHA,15150000,20500000,10.4300,2026-10-03
EGHT,140513925,144435501,2.28,2026-10-03
EGY,101775653,105191778,5.7300,2026-10-03
EH,51923453,75845362,4.1400,2026-10-03
EHGO,5486577,5902577,0.6396,2026-10-03
EHLD,1084066,2816615,11.84,2026-10-03
EHTH,29309099,32032654,0.67,2026-10-03
EIKN,41095028,54165030,7.3300,2026-10-03
ELA,6750688,25963476,12.1600,2026-10-03
ELAN,493048021,499621830,22.1400,2026-10-03
ELDN,80989097,81261152,2.4900,2026-10-03
ELE,34793411,64306108,18.1700,2026-10-03
ELLO,3433284,13783230,20.8100,2026-10-03
ELMT,10329390,30459498,22.1300,2026-10-03
ELOX,3265462,4036459,15.51,2026-10-03
ELPC,742475316,742529947,12.8600,2026-10-03
ELPW,805497,932089,2.9701,2026-10-03
ELTK,2493137,6720827,7.9688,2026-10-03
ELTX,19204990,26281882,1.9200,2026-10-03
ELUT,35744555,44289230,0.7787,2026-10-03
ELVA,34145241,49507480,6.63,2026-10-03
ELWT,2152134,6619796,6.350000,2026-10-03
EMAT,83087426,624965684,2.04,2026-10-03
EMBC,55523109,56659599,5.65,2026-10-03
EMIS,10350000,15775833,10.27,2026-10-03
EML,5524334,6017558,24.6100,2026-10-03
EMPD,19312646,28110111,3.1300,2026-10-03
ENGN,62119970,67016316,1.94,2026-10-03
ENGS,34876538,54176538,3.0500,2026-10-03
ENHA,61518508,395376062,1.4700,2026-10-03
ENIC,1383129316,1383331144,4.1700,2026-10-03
ENOV,56697678,57669494,17.7700,2026-10-03
ENR,59609473,68483637,22.1100,2026-10-03
ENRD,136250976,146689309,3.33,2026-10-03
ENTA,27713356,29125402,12.9600,2026-10-03
ENTX,164316638,173834271,2.8600,2026-10-03
ENVB,3944495,4475884,1.48,2026-10-03
ENVX,193738254,219448535,2.8000,2026-10-03
EOCN,1009912,1041565,3.61,2026-10-03
EOLS,53532510,66050440,7.1400,2026-10-03
EOSE,358589214,364167744,3.21,2026-10-03
EP,16479670,41602341,2.6100,2026-10-03
EPM,36198475,40172226,3.5800,2026-10-03
EPOW,2043012,2326834,4.2200,2026-10-03
EPRX,56788888,66318340,7.2400,2026-10-03
EPSM,2649644,13438034,1.2500,2026-10-03
EPSN,14945897,30283779,5.7400,2026-10-03
EQ,53263107,63408082,1.4100,2026-10-03
EQPT,145103803,253375963,18.5000,2026-10-03
EQX,1126873437,1167459822,11.11,2026-10-03
ERAS,303453585,349762035,14.74,2026-10-03
ERIC,3273636407,3273682419,9.29,2026-10-03
ERII,50006086,51044875,6.77,2026-10-03
ERNA,1150392,1632411,2.9600,2026-10-03
EROC,19001880,219400080,12.6500,2026-10-03
EROK,21355687,131519570,21.3700,2026-10-03
ESCA,8289274,13766074,19.26,2026-10-03
ESOA,14573391,18659181,11.0100,2026-10-03
ESRT,172008169,173132649,4.1700,2026-10-03
ESYN,1444456,29726400,2.1800,2026-10-03
ET,3083497655,3443299601,20.4700,2026-10-03
ETD,21887283,25202503,21.0600,2026-10-03
ETRA,23333334,62766955,10.3700,2026-10-03
ETS,12550005,48716672,1.6100,2026-10-03
ETSS,15000000,20000000,9.96,2026-10-03
EU,190349872,194283316,1.0200,2026-10-03
EUDA,1761668,2994325,17.2363,2026-10-03
EURK,515101,2170601,11.550000,2026-10-03
EVAC,46507857,58447857,10.3100,2026-10-03
EVAX,7564532,9021483,3.20,2026-10-03
EVC,64669831,92288305,7.38,2026-10-03
EVCM,100234421,176665246,8.9400,2026-10-03
EVER,27519909,35239751,19.5000,2026-10-03
EVEX,86556735,348486333,1.7400,2026-10-03
EVGO,133748210,314515720,1.3800,2026-10-03
EVH,109474598,113059335,3.4600,2026-10-03
EVI,4964873,12878532,19.2900,2026-10-03
EVLV,173320331,181126146,4.5700,2026-10-03
EVMN,28300288,36292113,6.9200,2026-10-03
EVO,355372743,355389118,1.6000,2026-10-03
EVOX,24000000,32000000,10.130000,2026-10-03
EVTL,163869861,168640928,0.5939,2026-10-03
EWAV,10000000,12847500,9.9400,2026-10-03
EXFY,58143747,91186664,2.2500,2026-10-03
EXK,295531912,296144479,8.6000,2026-10-03
EXOD,5373181,30203258,7.33,2026-10-03
EXOZ,3223714,9304701,5.7700,2026-10-03
EXTR,127950481,132170695,23.12,2026-10-03
EXYN,5228941,7953957,2.3400,2026-10-03
EYE,76881877,79069313,16.4000,2026-10-03
EYPT,81383914,86212138,3.25,2026-10-03
EZGO,2305852,2305899,0.8504,2026-10-03
EZRA,1376529,1679936,2.2000,2026-10-03
F,3899054272,3987595667,12.10,2026-10-03
FA,94333945,171753691,18.0900,2026-10-03
FABC,6156244,7003613,2.34,2026-10-03
FAC,59039494,107023245,6.0000,2026-10-03
FACT,18073125,24321458,10.72,2026-10-03
FATE,118544464,119820514,2.3200,2026-10-03
FATN,6267138,14128468,5.5800,2026-10-03
FBDT,28875587,55776201,1.05,2026-10-03
FBGL,658434,1350000,3.8100,2026-10-03
FBIO,25380057,33350993,2.03,2026-10-03
FBLA,13322804,15948178,16.9600,2026-10-03
FBLG,6001067,6658193,1.2400,2026-10-03
FBRT,81730990,83045416,6.27,2026-10-03
FBYD,30123222,121259248,8.5650,2026-10-03
FC,9196677,11293873,17.3300,2026-10-03
FCBM,25027640,31068852,12.6600,2026-10-03
FCEL,76111029,79954196,18.4700,2026-10-03
FCF,99158017,101055925,20.5600,2026-10-03
FCHL,1299391,1318742,0.9274,2026-10-03
FCPT,108314284,109756406,21.55,2026-10-03
FCRS,28450000,35937500,10.2500,2026-10-03
FCUV,880612,982012,4.3850,2026-10-03
FDMM,27500000,37491667,9.820000,2026-10-03
FDMT,53682044,55244211,13.67,2026-10-03
FDSB,4777292,5235658,17.4000,2026-10-03
FDUS,39447424,39770605,19.26,2026-10-03
FEAM,41483874,41647371,3.8800,2026-10-03
FEBO,3062500,11062500,0.6349,2026-10-03
FEDU,1607876,2261438,9.3500,2026-10-03
FEMY,8046482,8375027,2.0500,2026-10-03
FENC,28229519,35067159,10.2000,2026-10-03
FENG,12010776,12010776,1.40,2026-10-03
FERA,23220000,31266667,10.55,2026-10-03
FF,26011156,43863318,5.1600,2026-10-03
FFAI,6060935,6126999,1.2300,2026-10-03
FFR,7647818,21108884,1.2300,2026-10-03
FG,127361385,130935209,21.9200,2026-10-03
FGBI,7358498,16539094,8.3100,2026-10-03
FGC,3824472,5095688,6.94,2026-10-03
FGI,522484,1931271,7.76,2026-10-03
FGII,28665000,28940000,10.0200,2026-10-03
FGL,72664,75558,4.3600,2026-10-03
FHN,468707653,473777158,23.42,2026-10-03
FHTX,50991142,59385315,2.02,2026-10-03
FIEE,2620951,8528598,3.6700,2026-10-03
FIG,447691641,533009867,21.3600,2026-10-03
FIGS,150590151,166140242,13.52,2026-10-03
FIGX,15508470,19385588,10.320000,2026-10-03
FINV,105839820,236094002,2.9000,2026-10-03
FINW,9334649,13882680,11.17,2026-10-03
FIP,107196754,118181737,2.6850,2026-10-03
FIRY,6817289,16622257,12.47,2026-10-03
FISN,36719763,58905938,5.57,2026-10-03
FJDI,11060000,16235000,9.8700,2026-10-03
FJET,40344362,54996019,1.7200,2026-10-03
FKWL,9484137,11784280,2.39,2026-10-03
FLD,20354567,54869209,0.5410,2026-10-03
FLG,300110685,415092836,11.7000,2026-10-03
FLGT,17129177,27515293,21.4800,2026-10-03
FLL,33551160,36644480,1.3900,2026-10-03
FLNA,47317521,48307896,0.9309,2026-10-03
FLNC,122494647,184596369,7.6100,2026-10-03
FLNT,15925934,31607086,2.98,2026-10-03
FLO,194445185,212057418,5.57,2026-10-03
FLOC,42484064,90353228,18.4600,2026-10-03
FLUX,16984342,21621642,0.64,2026-10-03
FLWS,20358738,64185096,2.5600,2026-10-03
FLX,70375889,73129909,1.4100,2026-10-03
FLY,144343291,167404645,23.3200,2026-10-03
FLYE,1555386,1632386,1.3850,2026-10-03
FLYW,117889608,121667674,17.58,2026-10-03
FLYX,40545800,102081748,1.2500,2026-10-03
FMAC,11418207,15780276,10.1000,2026-10-03
FMC,123243286,155552366,8.44,2026-10-03
FMCC,650057364,650059553,3.970000,2026-10-03
FMNB,57829052,59247572,15.3400,2026-10-03
FMS,532202654,532219370,22.2500,2026-10-03
FMST,12558728,17352143,0.5855,2026-10-03
FNB,347508939,353000972,17.4500,2026-10-03
FNKO,41680801,56087042,5.8600,2026-10-03
FNMA,1158085092,1158087567,4.350000,2026-10-03
FNRN,14759114,16395303,17.7800,2026-10-03
FNUC,36104143,36131678,1.2800,2026-10-03
FNWB,8042313,9511615,9.95,2026-10-03
FOA,4606547,17306890,13.5000,2026-10-03
FOCL,44804386,47216700,4.2000,2026-10-03
FOFO,3571078,7871000,2.0900,2026-10-03
FOIL,3571429,78158437,16.21,2026-10-03
FORR,11315046,19039000,11.2200,2026-10-03
FOSL,56506636,59138052,6.8000,2026-10-03
FOXF,41618435,42031001,18.65,2026-10-03
FOXX,1178931,7074907,2.6000,2026-10-03
FPH,135040400,147879664,4.54,2026-10-03
FPI,40181027,43630722,11.2400,2026-10-03
FRBA,21750482,25005834,17.79,2026-10-03
FRBT,14323691,50764380,17.79,2026-10-03
FRMI,339315925,641259703,4.0300,2026-10-03
FRMM,7560132,13198948,4.83,2026-10-03
FRNM,66247042,107446814,16.32,2026-10-03
FRPH,11453547,19198301,20.28,2026-10-03
FRSH,209579773,260920772,12.78,2026-10-03
FRST,21501287,24799072,15.6200,2026-10-03
FRSX,4126507,4126507,1.12,2026-10-03
FRTT,4419146,15042582,0.7960,2026-10-03
FRVO,223882951,294763199,14.45,2026-10-03
FSHP,1296671,3259671,11.29,2026-10-03
FSI,7325821,12772498,6.05,2026-10-03
FSK,274507102,276340280,10.9700,2026-10-03
FSM,292715173,295957387,11.25,2026-10-03
FTCI,11639809,16521396,2.1500,2026-10-03
FTEK,23936106,31216789,1.6600,2026-10-03
FTFT,5395377,8077492,3.4100,2026-10-03
FTHA,10370000,13703333,9.980000,2026-10-03
FTLF,7964943,9391072,9.2200,2026-10-03
FTRA,14250000,28750000,9.8650,2026-10-03
FTRE,93922045,95100000,20.00,2026-10-03
FTW,19684366,31325815,9.8400,2026-10-03
FUBO,29010891,109196795,8.6600,2026-10-03
FUFU,16938194,166696634,1.4000,2026-10-03
FULC,73338407,76297257,3.6900,2026-10-03
FULT,189051190,190914563,22.8100,2026-10-03
FURY,175933691,190132195,0.5133,2026-10-03
FUSB,4568269,5504709,16.5000,2026-10-03
FVAV,27573426,36137500,10.25,2026-10-03
FVCB,14997791,18034205,17.7900,2026-10-03
FVN,5612500,7544000,8.0050,2026-10-03
FVR,23905920,24455953,16.68,2026-10-03
FVRR,31448718,35950728,8.5400,2026-10-03
FWAC,3995672,12839375,9.9500,2026-10-03
FWDI,50409469,73846883,8.1600,2026-10-03
FWRD,27022546,33780862,15.91,2026-10-03
FWRG,60418371,61712435,10.5700,2026-10-03
FXAC,9457143,12631929,10.08,2026-10-03
FXHO,25276327,26276331,9.935,2026-10-03
GAIA,17145037,25425793,1.3900,2026-10-03
GAIN,38923242,39821967,15.66,2026-10-03
GALT,47317292,100849644,3.9000,2026-10-03
GAME,11002316,12783983,3.0800,2026-10-03
GANX,42668435,43643619,1.7100,2026-10-03
GAP,223615955,351270137,22.51,2026-10-03
GASS,24401820,37628686,9.3400,2026-10-03
GAU,255691137,262054430,1.99,2026-10-03
GAUZ,848388,1143135,5.145,2026-10-03
GBDC,252545027,259651589,12.54,2026-10-03
GBFH,9286029,14516457,17.93,2026-10-03
GBLI,7406396,14640614,24.35,2026-10-03
GBR,4731934,5131934,0.7657,2026-10-03
GCGR,41155000,46186250,10.1300,2026-10-03
GCL,36550075,128008703,0.758,2026-10-03
GCMG,59363317,202792100,13.05,2026-10-03
GCTK,939914,1018017,1.2100,2026-10-03
GCTS,80368230,91969726,2.2500,2026-10-03
GDC,4079106,4162500,1.4300,2026-10-03
GDEV,2467824,18176604,10.7600,2026-10-03
GDHG,41818480,59490900,1.17,2026-10-03
GDOT,54658891,56985179,12.50,2026-10-03
GDRX,90025277,341145388,3.2800,2026-10-03
GDTC,3596404,11832835,0.9200,2026-10-03
GDYN,62116702,81126881,8.0200,2026-10-03
GECC,7622166,13889750,5.0200,2026-10-03
GEG,20881089,31094890,2.1600,2026-10-03
GELS,5620430,10711059,0.5213,2026-10-03
GEMI,52657996,129652202,4.6700,2026-10-03
GEN,540324462,598587032,21.9900,2026-10-03
GENB,108597561,128352436,13.6900,2026-10-03
GENC,8801673,14657702,17.5900,2026-10-03
GENI,244190042,277626957,6.02,2026-10-03
GENK,4818274,32964618,1.6100,2026-10-03
GEOS,12530656,12935603,4.8000,2026-10-03
GERN,636640296,642473409,1.20,2026-10-03
GEVO,235428127,247237104,1.3100,2026-10-03
GFR,175956683,240413692,5.8000,2026-10-03
GFUZ,43063475,63548721,7.58,2026-10-03
GGR,8439549,20073579,3.2000,2026-10-03
GHG,9545116,100897325,0.9400,2026-10-03
GHRS,50912214,68642287,22.94,2026-10-03
GHXI,35880000,45075000,10.0100,2026-10-03
GIFT,26146995,35425176,0.5499,2026-10-03
GIGM,6017090,11052235,1.4300,2026-10-03
GILT,71831688,77029657,10.03,2026-10-03
GITS,2781408,4203104,1.8100,2026-10-03
GIW,25612425,36472057,10.185,2026-10-03
GIX,25651454,36546811,10.0100,2026-10-03
GIXI,1757048,2492351,4.3600,2026-10-03
GLAD,22559811,22593069,19.1500,2026-10-03
GLAS,81083327,93799987,5.4900,2026-10-03
GLBS,13659582,21582301,3.5000,2026-10-03
GLDG,205158261,215484089,0.9400,2026-10-03
GLED,15859369,15982500,10.0400,2026-10-03
GLND,30499134,43730194,3.73,2026-10-03
GLOO,28937951,91531041,4.1200,2026-10-03
GLRE,24447890,32641344,14.75,2026-10-03
GLSI,7645757,14678208,16.9800,2026-10-03
GLUE,83744630,85313401,10.5000,2026-10-03
GLXG,5601515,5961515,0.99,2026-10-03
GLXY,189208304,390889090,23.06,2026-10-03
GME,462279126,504500990,24.70,2026-10-03
GMEX,751949,752528,2.45,2026-10-03
GMHS,18031328,56801150,0.6102,2026-10-03
GMM,9532680,9751007,1.81,2026-10-03
GMRS,36660657,54021711,9.8900,2026-10-03
GNE,20279085,26319623,16.4300,2026-10-03
GNL,190046494,210930100,8.2500,2026-10-03
GNLN,660877,694544,2.6600,2026-10-03
GNLX,39421678,45245335,2.56,2026-10-03
GNPX,817950,819709,2.6300,2026-10-03
GNSS,42328287,45542009,1.45,2026-10-03
GNTA,13571731,23591020,0.7450,2026-10-03
GNTX,209688761,210683331,22.0800,2026-10-03
GNW,368737887,377851037,9.55,2026-10-03
GO,90567569,99084492,11.62,2026-10-03
GOAI,12612780,39994140,1.8100,2026-10-03
GOGO,78520030,135507862,2.1100,2026-10-03
GOOD,47790657,48407501,12.9400,2026-10-03
GOOS,89894620,97660609,7.66,2026-10-03
GORO,107850292,135702994,3.2600,2026-10-03
GOSS,6028670,6116391,10.71,2026-10-03
GOTU,113287873,235055819,2.5500,2026-10-03
GOW,65461626,68605376,3.8700,2026-10-03
GP,5865859,9884038,0.5610,2026-10-03
GPAC,23660000,29410000,10.1000,2026-10-03
GPAT,16161228,16161228,11.0300,2026-10-03
GPGI,179815523,289890082,12.9000,2026-10-03
GPK,291485474,296071573,8.7800,2026-10-03
GPMT,44880939,48198166,0.7607,2026-10-03
GPRE,67645352,70095328,15.2300,2026-10-03
GPRK,28594768,64895753,10.85,2026-10-03
GPRO,185385106,206356364,1.35,2026-10-03
GRAB,3130827333,4078738000,3.0800,2026-10-03
GRAN,9712250,24906250,0.94,2026-10-03
GRCE,17107438,21035930,2.0700,2026-10-03
GRDX,6263501,7131123,3.81,2026-10-03
GRFS,687554908,687554908,7.3100,2026-10-03
GRI,2177913,2186115,1.9600,2026-10-03
GRML,11569182,12027132,7.8800,2026-10-03
GRND,27550929,173820627,13.43,2026-10-03
GRNQ,675518,1812758,8.4800,2026-10-03
GRNT,110791240,131900242,4.47,2026-10-03
GRO,49993564,61946215,2.1500,2026-10-03
GROV,26207563,42701046,1.04,2026-10-03
GROW,9548468,12298196,2.8600,2026-10-03
GROY,171873530,231680715,2.9700,2026-10-03
GRPN,22718855,40665296,19.3100,2026-10-03
GRRR,25117718,27509529,13.17,2026-10-03
GRSD,21456480,35597464,1.5100,2026-10-03
GRWG,53842044,58920449,1.5700,2026-10-03
GSBD,109135930,112569067,9.0700,2026-10-03
GSHR,14537500,20454108,10.58,2026-10-03
GSIT,34213670,38432590,5.6100,2026-10-03
GSIW,1462399,10712399,9.5100,2026-10-03
GSM,117657742,186860517,4.2600,2026-10-03
GSRF,23655500,29405500,10.2600,2026-10-03
GSRV,23121000,30421000,9.8900,2026-10-03
GT,276009206,287898737,4.8400,2026-10-03
GTBP,1521689,1804379,6.1000,2026-10-03
GTE,34049487,35380429,10.44,2026-10-03
GTEC,20335982,26544222,0.8101,2026-10-03
GTEN,33496937,45075000,10.47,2026-10-03
GTIM,7856767,10557896,1.5000,2026-10-03
GTM,252692641,291110046,3.7100,2026-10-03
GTN,88337097,102984383,4.5400,2026-10-03
GUAC,32857500,39387500,9.9150,2026-10-03
GURE,1393732,1813531,3.015,2026-10-03
GVH,2353514,2415472,1.1100,2026-10-03
GWAV,1218219,2982484,2.3050,2026-10-03
GWRS,12824690,28795352,8.1300,2026-10-03
GXAI,10846523,11052288,0.5159,2026-10-03
GYGY,4290937,14392000,0.5928,2026-10-03
GYRE,32625005,111509849,7.11,2026-10-03
GYRO,1613434,2199308,4.5599,2026-10-03
HACQ,37375000,37375000,10.040000,2026-10-03
HAFN,285650870,535331154,10.25,2026-10-03
HAIN,88341186,91002269,0.5191,2026-10-03
HAO,595064,611127,2.7000,2026-10-03
HAPN,111812365,115407464,15.3800,2026-10-03
HAVA,14839964,20693189,10.2400,2026-10-03
HAWK,87832220,97965552,14.8100,2026-10-03
HAYW,207307715,212119582,12.4000,2026-10-03
HBAN,2003604694,2020414826,15.3300,2026-10-03
HBIO,4124616,4552305,8.3400,2026-10-03
HBNB,11652394,234032386,4.7600,2026-10-03
HBNC,50196118,51344519,19.48,2026-10-03
HCAC,20934000,29197293,10.1301,2026-10-03
HCAI,10019940,10913276,0.507,2026-10-03
HCAT,68193244,75256381,1.7500,2026-10-03
HCHL,11772000,29772000,3.96,2026-10-03
HCIC,24150000,35513515,9.980000,2026-10-03
HCKT,21737213,24877873,10.7800,2026-10-03
HCM,174451024,174467024,14.2000,2026-10-03
HCMA,25200000,33733333,10.30,2026-10-03
HCSG,67643899,68632202,20.8700,2026-10-03
HCTI,14974317,14974322,0.725,2026-10-03
HCWB,1649105,1836324,1.6800,2026-10-03
HDB,5129650645,5131122776,22.3400,2026-10-03
HDL,64721980,65029900,11.3100,2026-10-03
HDRN,45194554,71498842,1.2400,2026-10-03
HDSN,36320602,42088547,5.2300,2026-10-03
HE,172398447,173021908,8.9000,2026-10-03
HELP,59344859,73060172,11.7000,2026-10-03
HEPS,26778262,428653700,2.4400,2026-10-03
HERE,36030051,54384615,1.7000,2026-10-03
HFFG,39435358,53900945,1.6300,2026-10-03
HGBL,30127276,34639445,1.2900,2026-10-03
HGTY,97811594,343622679,13.6100,2026-10-03
HHS,3944055,7454240,4.56,2026-10-03
HIHO,2959609,4626676,0.9001,2026-10-03
HIMX,120217284,174400000,15.24,2026-10-03
HIND,3307061,7018528,1.9100,2026-10-03
HIT,28908111,65300790,0.7834,2026-10-03
HITI,77735976,89142614,2.6300,2026-10-03
HIVE,270593470,273874576,2.9750,2026-10-03
HKD,197023250,314279350,1.71,2026-10-03
HKIT,795344,8991860,2.48,2026-10-03
HL,668039107,671768431,17.2000,2026-10-03
HLF,99507490,104803380,12.5600,2026-10-03
HLIT,107066554,109066445,11.1700,2026-10-03
HLLY,77067028,121234143,2.34,2026-10-03
HLMN,192331331,194544999,7.04,2026-10-03
HLN,4397520416,4398274392,8.80,2026-10-03
HLP,40301233,74738750,2.55,2026-10-03
HLXC,17747500,22060000,10.5700,2026-10-03
HMH,11455633,44093153,18.3100,2026-10-03
HMR,6319610,58991997,1.6700,2026-10-03
HMY,624958495,624977428,17.3800,2026-10-03
HNNA,4995285,7904410,10.3100,2026-10-03
HNRG,37449729,47143357,13.4900,2026-10-03
HNST,89956083,107284379,5.1600,2026-10-03
HOFT,10339022,10692197,13.17,2026-10-03
HOG,102793579,104072507,24.5500,2026-10-03
HOLO,22304797,22912360,1.5600,2026-10-03
HOPE,121658273,127741836,13.6800,2026-10-03
HOS,176848015,222166587,7.5900,2026-10-03
HOST,5536418,28200321,3.6000,2026-10-03
HOUR,1749167,35199820,1.8600,2026-10-03
HOVR,52985630,67123941,1.6800,2026-10-03
HOWL,45379655,48599066,0.9281,2026-10-03
HPK,22359088,126452804,7.8500,2026-10-03
HPP,52284364,54268741,11.4800,2026-10-03
HQ,17330981,53972080,15.79,2026-10-03
HQI,5367268,13900000,18.8100,2026-10-03
HR,340697213,342719760,17.47,2026-10-03
HRL,291288765,550350800,20.2500,2026-10-03
HRZN,66697242,67033909,4.6200,2026-10-03
HSAI,124485771,157142211,15.38,2026-10-03
HSCS,4092684,4843910,4.3000,2026-10-03
HSDT,54564498,60458703,2.6300,2026-10-03
HSHP,27359336,47170000,18.17,2026-10-03
HSLV,135057761,203573418,5.2500,2026-10-03
HST,674994257,685124399,22.56,2026-10-03
HTCO,5841175,9063024,2.33,2026-10-03
HTCR,602225,1515328,1.98,2026-10-03
HTGC,182611728,187164000,16.7400,2026-10-03
HTLD,37603831,77332611,11.9000,2026-10-03
HTLM,4674375,89687500,1.9000,2026-10-03
HTOO,6932882,7516259,2.1500,2026-10-03
HTT,76286132,155283504,2.3100,2026-10-03
HTZ,349257944,356451393,1.7600,2026-10-03
HUCK,40449077,47036161,3.20,2026-10-03
HUDI,4217182,14299182,0.6848,2026-10-03
HUHU,8245848,26785848,4.7600,2026-10-03
HUIZ,7243037,10106076,1.33,2026-10-03
HUMA,262017993,277798105,0.5215,2026-10-03
HUN,164853508,175378616,8.5300,2026-10-03
HURA,41662014,63726617,1.91,2026-10-03
HURC,5781737,6476322,22.2900,2026-10-03
HUYA,77888744,228366093,2.3000,2026-10-03
HVMC,23660000,29410000,10.270000,2026-10-03
HYFM,3738879,4819323,1.0300,2026-10-03
HYFT,42716630,47111668,1.3400,2026-10-03
HYLN,127336806,178597218,4.5300,2026-10-03
HYMC,61964804,93181681,18.7100,2026-10-03
HYNE,7191645,8096938,16.6000,2026-10-03
HYPD,13226811,15539434,3.7300,2026-10-03
HYPR,86953704,106048669,0.8938,2026-10-03
IA,15474656,17899173,18.9900,2026-10-03
IACO,35000000,43750000,10.000000,2026-10-03
IACQ,25958252,32271549,9.950000,2026-10-03
IAG,569672612,571000000,18.52,2026-10-03
IART,66518604,77772506,12.6800,2026-10-03
IAUX,838235576,866032683,1.62,2026-10-03
IBAC,666753,5008229,10.9000,2026-10-03
IBG,4099821,4220522,0.85,2026-10-03
IBIO,61502323,64307256,1.1250,2026-10-03
IBO,938401,8543679,5.3201,2026-10-03
IBRX,401035812,1059836273,10.2850,2026-10-03
ICCC,6167539,9082197,9.7500,2026-10-03
ICCM,1662451,3426715,1.57,2026-10-03
ICG,29194674,61190794,0.94,2026-10-03
ICL,723380045,1290718361,5.0400,2026-10-03
ICMB,10650999,14432472,0.7900,2026-10-03
ICON,3295833,3621833,0.97,2026-10-03
ICU,3894626,4406841,4.69,2026-10-03
IDAC,15900000,21200000,9.990000,2026-10-03
IDAI,4510313,5639291,3.25,2026-10-03
IDN,19284387,20266743,2.2700,2026-10-03
IE,127464465,159626671,10.4400,2026-10-03
IEAG,34500000,43520000,10.1800,2026-10-03
IFBD,8186759,8188574,0.8632,2026-10-03
IFRX,143023602,147368221,1.72,2026-10-03
IGIC,25084163,42466701,24.6200,2026-10-03
IH,22310406,51118406,1.14,2026-10-03
IHRT,124615592,154789168,1.9400,2026-10-03
IHS,147374637,338340734,8.3200,2026-10-03
III,35112797,48413462,5.7000,2026-10-03
IIIV,17439019,26322009,14.28,2026-10-03
IKT,131036519,139535900,2.0000,2026-10-03
ILAG,976948,2076948,2.90,2026-10-03
ILLU,31291667,31291667,9.9800,2026-10-03
IMA,8604178,11351456,4.6000,2026-10-03
IMC,10100000,105700000,9.1100,2026-10-03
IMCC,1574574,1647494,2.0400,2026-10-03
IMDX,25852455,32724284,3.4400,2026-10-03
IMMP,7367752,7368607,4.35,2026-10-03
IMMR,27566347,33206041,7.39,2026-10-03
IMMX,70824011,83079249,9.6800,2026-10-03
IMNM,106004565,113577629,20.9000,2026-10-03
IMNN,5271379,5611403,1.2800,2026-10-03
IMPP,30301478,44475268,5.3800,2026-10-03
IMRN,8071202,8071202,1.09,2026-10-03
IMRX,55694149,64697402,4.07,2026-10-03
IMSR,86249469,105935254,3.78,2026-10-03
IMTX,116950471,152225077,7.5900,2026-10-03
IMUX,12755063,13644467,7.96,2026-10-03
IMXI,27719824,30211627,11.5100,2026-10-03
INAB,9111450,9858383,1.4000,2026-10-03
INAC,11620000,14755000,10.3900,2026-10-03
INBS,3226334,3316803,1.6600,2026-10-03
INCR,7319529,11845711,5.4200,2026-10-03
INDI,214439547,231808883,2.9700,2026-10-03
INDO,9922438,15386840,2.67,2026-10-03
INDP,23406833,133242324,2.3800,2026-10-03
INEO,1966000,16170624,0.5858,2026-10-03
INFQ,214707052,225357052,13.15,2026-10-03
INFU,18420974,19917181,13.16,2026-10-03
INFY,4050117169,4050343559,11.0400,2026-10-03
INGN,23113830,26538337,5.9700,2026-10-03
INHD,2488297,2520581,3.1800,2026-10-03
INIO,75000000,750000000,19.99,2026-10-03
INKT,2074745,5103002,12.4400,2026-10-03
INLF,988851,1090298,3.5500,2026-10-03
INLX,2788149,4494994,5.0500,2026-10-03
INM,5490343,5493735,1.3300,2026-10-03
INMB,24702505,27753789,1.9300,2026-10-03
INMD,49970346,57544172,14.09,2026-10-03
INN,101053555,107853463,6.0200,2026-10-03
INNV,32410819,136451425,8.9600,2026-10-03
INO,103007384,103397518,1.16,2026-10-03
INR,15250325,63422258,12.91,2026-10-03
INSE,24288293,26358372,3.4650,2026-10-03
INSG,16005797,16420592,4.6100,2026-10-03
INTJ,1087273,1537498,2.8600,2026-10-03
INTR,364251666,441513472,5.4800,2026-10-03
INTS,3136989,3264879,3.4400,2026-10-03
INTT,11581006,12825786,12.3000,2026-10-03
INTZ,17435321,24506953,0.7190,2026-10-03
INUV,14148291,16483079,0.5699,2026-10-03
INV,57425428,84612657,0.5039,2026-10-03
INVA,71518095,72245485,20.50,2026-10-03
INVE,20119949,24235753,2.35,2026-10-03
IONR,75427841,75827841,2.93,2026-10-03
IOR,334982,4066178,17.0000,2026-10-03
IOTR,644062,4863874,1.9500,2026-10-03
IOVA,422406775,452971432,14.215,2026-10-03
IPDN,509925,665811,3.22,2026-10-03
IPFX,22000000,33733333,10.0509,2026-10-03
IPHA,110135346,111700347,1.5600,2026-10-03
IPM,5723514,9035729,1.7800,2026-10-03
IPSC,166309014,181075321,1.5300,2026-10-03
IPST,700160,721578,3.0800,2026-10-03
IPVV,12468750,25696250,9.8400,2026-10-03
IPW,947017,956733,1.1200,2026-10-03
IPWR,14943286,16434655,4.05,2026-10-03
IPX,36224016,36224016,16.97,2026-10-03
IPXG,23400000,31331667,10.0550,2026-10-03
IQ,529157027,965024735,0.9921,2026-10-03
IQMX,262462360,262462360,10.3500,2026-10-03
IQST,10600488,10915859,1.03,2026-10-03
IRAB,17037000,22904667,10.150000,2026-10-03
IRD,72830942,83195823,4.5800,2026-10-03
IRHO,23570000,29320000,10.065,2026-10-03
IRIX,11097053,17564912,0.6432,2026-10-03
IRS,82029499,84599499,13.3600,2026-10-03
IRT,233896246,235744567,14.51,2026-10-03
IRWD,159576717,165239947,3.6400,2026-10-03
ISNR,22600000,28250000,9.8400,2026-10-03
ISPC,2518590,2518590,1.0800,2026-10-03
ISPR,19763733,57754471,1.38,2026-10-03
ITG,48428333,124157219,6.88,2026-10-03
ITHA,23000000,30666667,10.0700,2026-10-03
ITRG,185490783,202875770,2.6400,2026-10-03
IVA,230679850,236280202,3.56,2026-10-03
IVF,2484302,2506969,0.8550,2026-10-03
IVR,107355836,107640417,5.7100,2026-10-03
IVVD,254976090,294758746,0.8221,2026-10-03
IXHL,11068386,12544627,3.21,2026-10-03
IZEA,13001415,17416286,2.45,2026-10-03
IZM,1554268,2403622,1.20,2026-10-03
JACK,17397952,19179330,12.45,2026-10-03
JACS,23840000,29590000,10.79,2026-10-03
JAGU,9268371,20193777,1.1900,2026-10-03
JAGX,1905919,1945542,3.6600,2026-10-03
JANX,59834320,61136773,16.93,2026-10-03
JATT,5950000,7800000,10.7600,2026-10-03
JBDI,3484476,9514544,0.98,2026-10-03
JBGS,74322075,74618448,10.5600,2026-10-03
JBI,125988640,136435790,4.2100,2026-10-03
JBIO,62205591,63597387,14.1200,2026-10-03
JBLU,337513273,377312181,4.15,2026-10-03
JBS,327871439,1070929187,11.6700,2026-10-03
JCAP,19631336,57425536,19.2500,2026-10-03
JCSE,1396717,5251619,1.42,2026-10-03
JCTC,2504979,3520113,2.9500,2026-10-03
JDZG,5132411,5431512,4.8400,2026-10-03
JELD,83840063,86763382,1.89,2026-10-03
JEM,597433,695341,3.6200,2026-10-03
JENA,23000000,28975000,10.4000,2026-10-03
JF,17850509,18340153,0.9200,2026-10-03
JFIN,18634770,52329546,1.3100,2026-10-03
JFU,4622590,11773333,2.6604,2026-10-03
JG,4093626,5918897,6.4800,2026-10-03
JHX,578058681,580522488,24.99,2026-10-03
JILL,6821697,14862977,24.8400,2026-10-03
JKS,28968879,52370188,9.1500,2026-10-03
JL,1456201,3565201,4.5850,2026-10-03
JLHL,1448632,21448632,3.99,2026-10-03
JMIA,119746225,133625841,6.92,2026-10-03
JMKE,43478261,317638900,16.57,2026-10-03
JMSB,12359764,14112134,23.0100,2026-10-03
JOBY,673132360,993874445,5.9500,2026-10-03
JONE,20395500,28707167,9.82,2026-10-03
JRSH,6358971,12699940,6.1500,2026-10-03
JRVR,36639931,46249038,3.49,2026-10-03
JSPR,32324170,33274561,0.5652,2026-10-03
JTAI,3355091,3557521,1.55,2026-10-03
JTTT,234000,8859000,10.65,2026-10-03
JUNS,925859,1318521,2.55,2026-10-03
JVA,4994040,5708599,3.9800,2026-10-03
JWEL,2034821,2376131,2.45,2026-10-03
JXG,8637929,12059877,7.7000,2026-10-03
JYD,7798708,8298900,0.841,2026-10-03
JYNT,11847858,14143154,7.2800,2026-10-03
JZXN,51512728,51512759,1.1300,2026-10-03
KAPA,2247517,3385383,1.5600,2026-10-03
KARD,54060868,93503699,14.7900,2026-10-03
KAZR,1365654,15947094,2.55,2026-10-03
KBDC,48601062,66037810,12.6700,2026-10-03
KBON,34500000,44015000,10.0900,2026-10-03
KBSX,27162379,44766003,1.45,2026-10-03
KC,302118987,302118987,9.0000,2026-10-03
KCHV,25300000,34257383,10.4700,2026-10-03
KD,213059532,217818263,11.56,2026-10-03
KDK,116156776,200618170,1.64,2026-10-03
KEEL,589286462,617573212,3.6200,2026-10-03
KEP,1283775620,1283928154,11.0800,2026-10-03
KEY,1063444224,1067128554,20.08,2026-10-03
KEYY,33333333,38333333,9.9500,2026-10-03
KFFB,3035712,8086715,5.64,2026-10-03
KFII,29672727,39256060,10.6805,2026-10-03
KG,4053106,7824030,5.2400,2026-10-03
KGC,1181336685,1186240789,24.0600,2026-10-03
KGEI,34627761,35951495,6.1600,2026-10-03
KHC,855944705,1185823758,22.1900,2026-10-03
KIDS,17987254,26109788,22.16,2026-10-03
KIDZ,858705,860677,2.2900,2026-10-03
KIM,655891630,670789373,22.24,2026-10-03
KINS,11779828,14476133,18.5000,2026-10-03
KITT,980549,1245327,1.52,2026-10-03
KLAR,266108020,594875617,12.5100,2026-10-03
KLC,30069194,118517033,1.8600,2026-10-03
KLRA,88283385,129643676,10.3900,2026-10-03
KLRS,21668042,23804981,2.7000,2026-10-03
KLTR,99395181,152551223,1.31,2026-10-03
KLXE,19020099,21428722,1.38,2026-10-03
KMDA,31586225,57710305,8.3100,2026-10-03
KMRK,4600000,21100000,1.1500,2026-10-03
KNDI,85620874,100415365,0.8202,2026-10-03
KODK,63071199,97900000,9.81,2026-10-03
KOPN,174612194,185872614,4.9100,2026-10-03
KOS,581204575,595487651,2.51,2026-10-03
KOSS,5291340,9466438,3.8600,2026-10-03
KOYN,23316250,31557917,10.26,2026-10-03
KPET,8240000,28985000,10.02,2026-10-03
KPLT,31885445,84849055,4.52,2026-10-03
KPRX,3587858,4424387,2.56,2026-10-03
KPTI,21489770,22681460,0.8022,2026-10-03
KRAQ,34500000,43125000,10.0100,2026-10-03
KREF,43843735,58577948,6.1600,2026-10-03
KRG,198697373,200346933,24.39,2026-10-03
KRKR,1830812,1973810,3.000000,2026-10-03
KRMD,42399613,46171902,2.9600,2026-10-03
KRNT,42571691,42966569,17.49,2026-10-03
KRNY,57241809,64929382,9.3200,2026-10-03
KRO,21495439,115097516,7.7800,2026-10-03
KROS,18260719,19827188,11.3600,2026-10-03
KRRO,14612086,14725646,9.6400,2026-10-03
KRSP,34500000,46002600,10.6025,2026-10-03
KSCP,21602147,23618357,0.7515,2026-10-03
KSS,108657815,113376445,18.8100,2026-10-03
KT,477237380,477263616,18.9400,2026-10-03
KTCC,10071372,11065887,2.2600,2026-10-03
KTWO,13800000,20041161,10.10,2026-10-03
KULR,42465319,46280322,2.65,2026-10-03
KURA,87634135,88960619,10.65,2026-10-03
KVHI,13003535,18140962,7.0100,2026-10-03
KVUE,1919240428,1920773467,17.20,2026-10-03
KVYO,124363208,284727437,15.71,2026-10-03
KWY,21087270,28931000,9.43,2026-10-03
KXIN,42133879,45278552,1.38,2026-10-03
KYIV,37758674,231863624,12.5100,2026-10-03
KYNB,3967468,4049124,6.3100,2026-10-03
KYTX,55588789,61843444,6.2200,2026-10-03
KZIA,12882073,15245678,9.2700,2026-10-03
LAB,384634643,392578808,0.7447,2026-10-03
LABT,1489903,2369688,0.9326,2026-10-03
LAC,337643185,362949524,2.5500,2026-10-03
LADR,110750584,126865303,8.62,2026-10-03
LAES,217429564,223430764,2.3700,2026-10-03
LAFA,12271728,15713333,10.1800,2026-10-03
LAKE,8615784,9931346,10.2700,2026-10-03
LAND,40604012,43136573,9.5600,2026-10-03
LANV,26188540,125595914,0.99,2026-10-03
LAR,137570876,164164129,5.49,2026-10-03
LASE,48366071,60670338,0.8329,2026-10-03
LATA,17250000,23000000,10.21,2026-10-03
LAW,41818140,64919765,4.1800,2026-10-03
LAWR,15108000,45960000,3.750000,2026-10-03
LBGJ,620646,710426,2.0300,2026-10-03
LBRT,157127194,163191416,19.3100,2026-10-03
LCCC,1435651,3822787,10.540000,2026-10-03
LCFY,1860281,2244817,2.3450,2026-10-03
LCID,333187762,394070176,4.1300,2026-10-03
LCLN,33296072,102191562,23.58,2026-10-03
LCNB,13447210,14254988,18.94,2026-10-03
LCTX,240616121,252907464,0.9303,2026-10-03
LCUT,12052663,22988836,9.12,2026-10-03
LDI,109841112,338155268,0.6353,2026-10-03
LE,8288822,29544154,10.2900,2026-10-03
LEDS,3434026,8273403,2.3200,2026-10-03
LEE,6039875,22292044,6.71,2026-10-03
LEGN,190782703,194488413,18.57,2026-10-03
LEGO,31266667,31266667,10.0800,2026-10-03
LENZ,30588288,31420343,3.5800,2026-10-03
LEVI,98397520,384850562,19.8700,2026-10-03
LEXX,1597588,1652505,2.8800,2026-10-03
LFAC,14847500,19639167,10.070000,2026-10-03
LFCR,36726258,37905846,6.5400,2026-10-03
LFMD,39246218,48200837,2.7400,2026-10-03
LFS,12472634,26160619,2.14,2026-10-03
LFST,280109866,382154147,11.83,2026-10-03
LFT,4477865,5256400,5.0200,2026-10-03
LFTO,40083835,169331527,15.1500,2026-10-03
LFVN,10861301,12589444,6.07,2026-10-03
LFWD,1497967,2832016,5.8500,2026-10-03
LGCL,972768,1304654,2.5200,2026-10-03
LGCY,10573436,12813238,9.58,2026-10-03
LGHL,45870,46144,4.0100,2026-10-03
LGL,6729950,12613149,7.23,2026-10-03
LGPS,6355962,23610870,0.75,2026-10-03
LGVN,2582568,3188199,2.5800,2026-10-03
LHAI,13530000,16530000,1.04,2026-10-03
LI,858860356,859096529,10.6900,2026-10-03
LICN,16215300,16436825,1.0001,2026-10-03
LIDR,42590800,46672169,1.12,2026-10-03
LIEN,22593499,22820590,9.5000,2026-10-03
LILA,157052071,195900000,8.53,2026-10-03
LIMN,978052,1343208,3.90,2026-10-03
LINC,29481028,31721479,21.9100,2026-10-03
LINK,3540275,15753409,5.9500,2026-10-03
LION,202733949,297559680,11.1600,2026-10-03
LIQT,25530949,32947841,0.5219,2026-10-03
LITB,12506560,19726582,2.8100,2026-10-03
LITS,29987996,30407268,1.3800,2026-10-03
LIVE,867790,3071656,7.5991,2026-10-03
LKQ,251585406,253002086,22.80,2026-10-03
LKSP,11663875,15693333,10.2600,2026-10-03
LMNR,16374382,18132007,11.9900,2026-10-03
LMRI,18464070,96074976,10.3200,2026-10-03
LNAI,2687938,4533890,1.3000,2026-10-03
LND,99615457,99615457,3.5100,2026-10-03
LNKS,1333295,1606613,1.005,2026-10-03
LNSR,9894446,12285865,6.7500,2026-10-03
LNZA,8472396,13089163,6.0400,2026-10-03
LOAN,8604849,11425509,3.775,2026-10-03
LOCL,218564,23381516,1.0950,2026-10-03
LOCO,29688197,30432937,14.22,2026-10-03
LODE,73610595,75993047,2.2800,2026-10-03
LOMA,116696630,116696630,9.1600,2026-10-03
LONA,7157180,9421663,4.8200,2026-10-03
LOT,8189480,646893910,0.8528,2026-10-03
LOVE,13618554,14423433,14.7000,2026-10-03
LPA,5252823,31698635,2.9900,2026-10-03
LPAA,7523610,7523611,10.85,2026-10-03
LPBB,23000000,28750000,10.8100,2026-10-03
LPCN,7860126,8244253,2.0500,2026-10-03
LPCV,23000000,28750000,10.080000,2026-10-03
LPL,997197389,1000000000,3.1200,2026-10-03
LPTH,69282886,70036252,11.0400,2026-10-03
LRE,1348334,13641900,1.1000,2026-10-03
LRHC,554571,569639,1.5600,2026-10-03
LRMR,102623904,103882937,2.96,2026-10-03
LSAK,71211249,85824094,4.3300,2026-10-03
LSBK,6607520,7853788,18.38,2026-10-03
LSE,1525000,17025000,4.5000,2026-10-03
LSF,8633578,11192884,3.4600,2026-10-03
LSPD,109374712,129299592,9.8200,2026-10-03
LSTA,6646747,9010937,1.47,2026-10-03
LTBR,35105179,37458091,6.3900,2026-10-03
LTGO,53818389,66299347,15.9000,2026-10-03
LTGR,15000000,23000000,9.96,2026-10-03
LTRN,12342409,12784146,0.8601,2026-10-03
LTRX,41720621,46879400,7.19,2026-10-03
LU,834352587,866688892,1.0200,2026-10-03
LUCD,152634144,203243970,0.6273,2026-10-03
LUCK,74535344,136328020,5.2900,2026-10-03
LUCY,8015643,8609196,0.8920,2026-10-03
LUD,2690000,22690000,3.8200,2026-10-03
LUMN,948016882,1031445404,5.7500,2026-10-03
LUNG,40654693,42948269,1.83,2026-10-03
LUNR,152588522,228924068,14.7100,2026-10-03
LUXE,18051695,139699831,9.7400,2026-10-03
LVLU,1592887,2871576,13.6400,2026-10-03
LVO,10327146,13711789,2.6300,2026-10-03
LVWR,12255581,205412457,1.5700,2026-10-03
LWAC,22168750,30075000,10.350000,2026-10-03
LWAY,9177307,15106747,21.2100,2026-10-03
LWLG,152584148,154167255,5.7000,2026-10-03
LX,122413572,164788274,0.685,2026-10-03
LXEH,1749041,1916667,1.5700,2026-10-03
LXEO,72712400,82046255,3.53,2026-10-03
LXFR,26461660,26993204,17.27,2026-10-03
LXRX,439979138,444955934,1.8200,2026-10-03
LXU,58595513,71997504,9.86,2026-10-03
LYEL,14536480,24505141,9.2600,2026-10-03
LYFT,373567791,378540249,15.46,2026-10-03
LYG,14498318828,14498675847,5.5000,2026-10-03
LYNX,24000000,115113147,12.74,2026-10-03
LYTS,33346639,37261336,21.25,2026-10-03
LZ,132902143,171264812,5.6000,2026-10-03
LZM,37784222,89914557,3.8500,2026-10-03
LZMH,1966184,8978500,1.2000,2026-10-03
M,252820809,261176646,22.7300,2026-10-03
MAAS,172494711,442175578,13.7000,2026-10-03
MAC,282561603,283559375,23.0500,2026-10-03
MACI,9545544,9545545,11.0400,2026-10-03
MAGH,13138800,35000000,6.76,2026-10-03
MAGN,33821112,35800000,11.6700,2026-10-03
MAIA,52736572,61741946,1.1900,2026-10-03
MAKO,85216778,87605909,9.2600,2026-10-03
MAMA,46415367,47147469,12.93,2026-10-03
MAMK,9200000,16625000,13.000000,2026-10-03
MAMO,8870617,41640950,0.9690,2026-10-03
MANU,38229569,172491393,20.0800,2026-10-03
MARA,383109914,386299297,11.2300,2026-10-03
MASK,3376777,3707977,0.8453,2026-10-03
MASS,38280666,41333705,12.69,2026-10-03
MAT,282752350,285700000,15.27,2026-10-03
MATH,30263136,47113236,1.1100,2026-10-03
MATV,53911983,55190098,11.90,2026-10-03
MATW,29468073,31213173,19.2900,2026-10-03
MAX,30688359,61263978,9.6200,2026-10-03
MB,4690000,17155000,3.9100,2026-10-03
MBAI,7977479,15293584,3.29,2026-10-03
MBBC,2444969,3009903,15.03,2026-10-03
MBC,195709704,203490490,7.0200,2026-10-03
MBGL,294507519,294821320,17.2100,2026-10-03
MBI,41865119,51016444,4.4000,2026-10-03
MBLY,171051507,850187598,7.42,2026-10-03
MBOT,67164801,67164801,1.1600,2026-10-03
MBUU,19117899,19677264,23.01,2026-10-03
MBVI,32419499,43125000,10.2500,2026-10-03
MCAH,5489899,8661429,10.046100,2026-10-03
MCFT,18378838,24339371,20.1000,2026-10-03
MCGA,17739480,23581250,10.350000,2026-10-03
MCHB,39156096,221426509,14.90,2026-10-03
MCHX,36244860,44337890,1.2900,2026-10-03
MCRB,8902913,10044781,2.94,2026-10-03
MCRP,9171770,35653447,0.6801,2026-10-03
MDAI,26966533,32184928,1.6600,2026-10-03
MDBH,4824757,10438632,2.4000,2026-10-03
MDIA,78288689,84019858,1.0700,2026-10-03
MDRR,558863,1628500,10.4104,2026-10-03
MDU,209369960,210349456,18.6100,2026-10-03
MDWD,9880713,12910278,13.5200,2026-10-03
MDXG,142829131,145934300,4.59,2026-10-03
MDXH,74292223,95417382,0.5710,2026-10-03
MEC,19542546,25500331,16.4400,2026-10-03
MED,10675515,11180703,11.7300,2026-10-03
MEDS,1343318,3061919,3.68,2026-10-03
MEGL,65806987,67742622,0.9160,2026-10-03
MEI,33713701,35645053,15.7400,2026-10-03
MENS,28735809,76027667,2.18,2026-10-03
MESH,34500000,43125000,10.0900,2026-10-03
MESO,55342056,129854878,14.0800,2026-10-03
METC,47066501,63388239,8.1050,2026-10-03
MEVO,29497509,40000000,10.0100,2026-10-03
MF,1202450,1818032,14.1700,2026-10-03
MFA,99061089,101087938,7.6500,2026-10-03
MFG,12166606165,12167685315,10.8900,2026-10-03
MFI,49045623,50176485,9.47,2026-10-03
MFIC,81600869,82372628,8.6200,2026-10-03
MFIN,15391171,22960249,11.91,2026-10-03
MG,14543228,31860352,20.6500,2026-10-03
MGIH,1250000,11250000,1.4900,2026-10-03
MGLD,10337420,42712250,2.0300,2026-10-03
MGN,871823,1233322,3.7100,2026-10-03
MGNI,141205833,143424157,24.7300,2026-10-03
MGNX,61413147,63700187,3.5800,2026-10-03
MGPI,14442417,21414076,12.7900,2026-10-03
MGTX,69486841,96042996,10.79,2026-10-03
MGX,30484472,37777105,1.02,2026-10-03
MGY,231928197,268006322,24.0700,2026-10-03
MGYR,5397512,6455383,19.3150,2026-10-03
MH,25309983,191308814,12.85,2026-10-03
MHH,3621330,12012581,7.15,2026-10-03
MI,401699,510729,0.8940,2026-10-03
MIAC,25156250,25156250,9.820000,2026-10-03
MICC,445443521,612259739,17.48,2026-10-03
MIMI,11990812,13392621,0.8847,2026-10-03
MIND,8920384,9089055,4.5100,2026-10-03
MINE,53883370,67138496,2.65,2026-10-03
MIR,234947442,249037647,14.6000,2026-10-03
MIRA,29171029,42022087,0.7301,2026-10-03
MIST,123351656,124497980,0.8097,2026-10-03
MITK,43685174,45122374,17.75,2026-10-03
MITQ,6659315,9952223,0.5780,2026-10-03
MITT,30646397,31803475,5.7600,2026-10-03
MKDW,31560120,34198442,1.5100,2026-10-03
MKLY,17801250,24344353,10.27,2026-10-03
MKTW,2017492,15774485,20.1100,2026-10-03
MKZR,2521902,2774688,1.3388,2026-10-03
MLAA,36470000,48980000,10.0110,2026-10-03
MLCI,10243858,11188768,3.40,2026-10-03
MLCO,372800517,380244063,4.1900,2026-10-03
MLEC,573194,726118,4.7500,2026-10-03
MLGO,5807368,12437461,3.1700,2026-10-03
MLKN,65407600,68799795,20.2400,2026-10-03
MLP,6154697,19859155,15.71,2026-10-03
MLTX,78206417,85106685,11.4100,2026-10-03
MLYS,83401047,88406885,23.6300,2026-10-03
MMED,28357770,281349931,19.7000,2026-10-03
MMTX,7138100,8828100,10.205,2026-10-03
MNDO,15688639,20185166,1.01,2026-10-03
MNDR,496235,1194537,1.32,2026-10-03
MNKD,310043478,321544484,3.80,2026-10-03
MNOV,47806317,49221246,1.78,2026-10-03
MNR,128663645,166948094,10.2900,2026-10-03
MNRO,29518787,31264060,14.1800,2026-10-03
MNSB,5958931,7121076,24.9350,2026-10-03
MNSO,303491162,303510362,8.8300,2026-10-03
MNTK,41976409,142341139,2.8700,2026-10-03
MNTN,49489854,74803163,9.8900,2026-10-03
MNTS,21867467,21963401,3.7100,2026-10-03
MNY,10713648,44433218,0.6711,2026-10-03
MOB,11069364,12867653,4.2100,2026-10-03
MOBI,30926332,33291096,9.1800,2026-10-03
MOBX,15954528,17952045,0.8426,2026-10-03
MODD,8012712,8150823,2.0300,2026-10-03
MOGU,6013691,8183293,1.8600,2026-10-03
MOLN,38305237,38305237,3.910000,2026-10-03
MOMO,102910020,143635684,4.7200,2026-10-03
MOS,316623528,317895646,21.0700,2026-10-03
MOVE,19482498,31552275,11.6500,2026-10-03
MPAA,14370880,18933207,10.5300,2026-10-03
MPLT,25519421,55575719,9.8200,2026-10-03
MPT,544569765,597200000,3.2700,2026-10-03
MPU,2974345,3421293,2.70,2026-10-03
MQ,90812563,104098834,16.55,2026-10-03
MRAM,22959029,24350009,18.8300,2026-10-03
MRBK,9481569,11929048,18.9700,2026-10-03
MRCO,17250000,23000000,9.8600,2026-10-03
MRDN,2794765,12669479,11.95,2026-10-03
MRKR,15757330,16673127,1.05,2026-10-03
MRLN,91833827,100592160,1.71,2026-10-03
MRM,6028055,7901950,0.5721,2026-10-03
MRP,152486816,166047927,24.6100,2026-10-03
MRT,34349589,86076316,1.9400,2026-10-03
MRTN,57741043,81661669,13.34,2026-10-03
MRVI,118086880,259673625,7.9000,2026-10-03
MSAI,2059638,2205648,4.705,2026-10-03
MSC,146108917,210716115,1.0500,2026-10-03
MSDL,82813348,84105122,13.5300,2026-10-03
MSGM,2502348,4588802,4.8600,2026-10-03
MSGY,807125,2119625,4.3950,2026-10-03
MSLE,19847745,21216439,8.5000,2026-10-03
MSS,532491,855339,1.5550,2026-10-03
MTA,66074986,93495874,9.1900,2026-10-03
MTAK,21212500,28045833,9.8600,2026-10-03
MTAL,15333333,30666667,10.15,2026-10-03
MTC,99542486,99587811,5.0100,2026-10-03
MTEK,5698982,10559300,0.7414,2026-10-03
MTEN,6109365,7649865,1.01,2026-10-03
MTEX,785418,1929670,6.6400,2026-10-03
MTLS,55933619,59067186,8.5000,2026-10-03
MTNB,746863,979520,2.6400,2026-10-03
MTNE,22200000,29533334,9.9200,2026-10-03
MTRX,27148881,28291921,10.2800,2026-10-03
MTUS,35448338,41449284,19.89,2026-10-03
MTVA,4703265,6588101,1.5400,2026-10-03
MTW,34299494,36061969,23.22,2026-10-03
MUFG,11255184869,11255764758,22.8200,2026-10-03
MUX,49809669,61358566,17.7400,2026-10-03
MUZE,20611875,27320208,10.0100,2026-10-03
MVIS,27318130,30150027,1.4800,2026-10-03
MVST,208725471,384534486,0.6448,2026-10-03
MWA,153902194,156125679,21.6600,2026-10-03
MWC,23924441,59419414,1.69,2026-10-03
MWG,3992930,5142024,1.43,2026-10-03
MWYN,14201549,20194804,1.1000,2026-10-03
MX,30915499,36510111,3.6800,2026-10-03
MXC,844140,2046000,10.0600,2026-10-03
MXCT,96268894,103206206,1.07,2026-10-03
MYGN,91095342,95649645,4.5400,2026-10-03
MYO,35821296,39607854,1.63,2026-10-03
MYPS,8237023,12012138,4.9500,2026-10-03
MYSE,4901914,5196430,1.70,2026-10-03
MYSZ,792027,878355,1.6100,2026-10-03
MYX,10350000,14530541,10.03,2026-10-03
MZYX,30000000,37500000,9.99,2026-10-03
NA,8417898,22006641,2.2000,2026-10-03
NAAS,24454037,24562868,3.3000,2026-10-03
NABL,69464009,188906050,4.2300,2026-10-03
NAGE,55819168,79126002,2.79,2026-10-03
NAII,4924008,6264847,1.48,2026-10-03
NAK,551838892,562146662,1.3300,2026-10-03
NAKA,16626951,17400000,9.66,2026-10-03
NAMI,2452193,3162856,2.2800,2026-10-03
NAMM,6771114,55852406,1.2600,2026-10-03
NAMS,99474822,119537169,23.2000,2026-10-03
NAT,200005663,211750663,8.42,2026-10-03
NATR,16728529,17595520,12.4500,2026-10-03
NAUT,74679667,127255223,1.9600,2026-10-03
NAVI,91625397,93783828,9.1900,2026-10-03
NAVN,194962760,260410493,21.43,2026-10-03
NB,142638931,145849630,3.47,2026-10-03
NBBK,38269271,43818490,22.5700,2026-10-03
NBP,87668115,117713210,1.355,2026-10-03
NBRG,5499750,7546250,10.060000,2026-10-03
NCDL,48416140,49387065,11.0200,2026-10-03
NCEL,2245632,5776128,2.8500,2026-10-03
NCEW,393750,3200000,16.920000,2026-10-03
NCI,2289282,2364282,0.8619,2026-10-03
NCLH,454735454,459187846,15.1400,2026-10-03
NCMI,92783339,94070443,2.1100,2026-10-03
NCNA,4161907,4161971,1.0900,2026-10-03
NCNO,98556919,105736174,18.6800,2026-10-03
NCO,10000000,14729300,9.96,2026-10-03
NCPL,4387748,7847899,1.40,2026-10-03
NCRA,1932280,2376148,1.6300,2026-10-03
NCT,981580,1025774,1.6800,2026-10-03
NCTY,12439681,15273124,3.3000,2026-10-03
NDLS,3688438,5966660,13.4000,2026-10-03
NDRA,1197954,1499838,6.0600,2026-10-03
NEGG,1013693,20974000,11.4900,2026-10-03
NEO,125769633,128475440,18.4700,2026-10-03
NEOG,216490129,218106005,12.1500,2026-10-03
NEON,12457230,16782922,0.9209,2026-10-03
NEOV,49404138,59013247,3.0500,2026-10-03
NEPH,8825331,10860120,3.6700,2026-10-03
NERV,44203903,47747559,3.2800,2026-10-03
NESR,92787324,100851754,24.67,2026-10-03
NEUP,5139753,5411334,3.47,2026-10-03
NEWP,99527298,185539394,6.2800,2026-10-03
NEWT,24846168,28884731,11.18,2026-10-03
NEXA,46783483,132438611,12.2400,2026-10-03
NEXM,35110167,35648164,1.8600,2026-10-03
NEXN,51032657,56951431,8.8100,2026-10-03
NEXR,1635159,1635990,1.0050,2026-10-03
NEXT,144861454,266185433,6.4800,2026-10-03
NFE,3353986,5712693,6.57,2026-10-03
NFGC,272579219,384357549,1.6200,2026-10-03
NG,433055681,438815323,6.55,2026-10-03
NGEN,90616987,107522633,1.7800,2026-10-03
NHIV,20766250,27474583,10.05,2026-10-03
NHP,72904876,72904876,16.09,2026-10-03
NHTC,7471757,8577848,1.0000,2026-10-03
NICM,19127142,19127142,5.4500,2026-10-03
NIKI,530529,814376,4.6000,2026-10-03
NINE,13520545,13949990,7.5600,2026-10-03
NIO,2502615461,2505667022,3.37,2026-10-03
NIPG,6927763,8521586,11.0500,2026-10-03
NIQ,58440804,294955864,16.64,2026-10-03
NIU,67770295,78436088,1.8800,2026-10-03
NKLR,24225908,110500908,3.5100,2026-10-03
NKTX,68009867,71624791,2.5750,2026-10-03
NL,8310664,48898734,6.9800,2026-10-03
NLOP,14703586,14814075,9.76,2026-10-03
NLST,339641721,349583129,5.670000,2026-10-03
NLY,752918608,753714442,18.5000,2026-10-03
NMAD,14248166,16101068,4.1200,2026-10-03
NMAX,109400902,129138455,9.52,2026-10-03
NMFC,79690154,94452390,6.9400,2026-10-03
NMG,127766868,329156830,1.18,2026-10-03
NMP,11428355,15970833,10.37,2026-10-03
NMR,2922400530,2922592249,9.7300,2026-10-03
NMRK,156073623,181228627,12.65,2026-10-03
NMTC,6752210,9105763,1.1200,2026-10-03
NN,129480916,168809910,13.98,2026-10-03
NNBR,77859804,82580446,4.5100,2026-10-03
NNDM,202362244,210839011,1.63,2026-10-03
NNE,44344739,53698146,15.62,2026-10-03
NNNN,41791200,143891200,5.5500,2026-10-03
NNOX,72943380,78588638,0.6357,2026-10-03
NNVC,24890199,25525000,1.2800,2026-10-03
NOA,24526405,26913894,12.1800,2026-10-03
NOAH,68241241,68645763,7.79,2026-10-03
NODK,7426884,20404723,14.99,2026-10-03
NOEM,1151465,3716465,10.5100,2026-10-03
NOG,103465853,106549128,23.8300,2026-10-03
NOK,5431933354,5598644598,10.6000,2026-10-03
NOMA,5602759,15283529,1.945,2026-10-03
NOMD,112853569,139791169,10.65,2026-10-03
NOV,353860350,356478125,18.8000,2026-10-03
NPAC,30887075,38390825,10.5400,2026-10-03
NPB,19788938,34581842,15.3500,2026-10-03
NPCE,26851974,34324274,12.7000,2026-10-03
NPKI,81002780,84909894,11.79,2026-10-03
NPT,4326824,22185000,2.44,2026-10-03
NPWR,46313841,224858561,1.3900,2026-10-03
NRC,11068246,22119566,20.35,2026-10-03
NRDS,30356993,63923174,8.6300,2026-10-03
NRDY,4101213,12773992,7.6500,2026-10-03
NREF,17129003,18848029,15.8100,2026-10-03
NRGV,133565950,181839570,3.9400,2026-10-03
NRIM,21575354,22244766,24.76,2026-10-03
NRIX,93828950,103781683,22.9900,2026-10-03
NRSN,1300916,1896902,3.935,2026-10-03
NRXP,41513202,43295767,2.9050,2026-10-03
NRXS,8966445,12557765,7.1100,2026-10-03
NSAI,10231750,15061748,9.8700,2026-10-03
NSLR,24226351,26473222,7.4400,2026-10-03
NSPR,34069710,46489118,0.6225,2026-10-03
NSRX,5956171,11713808,3.9200,2026-10-03
NSTR,15643333,31326667,4.4500,2026-10-03
NSYS,1026478,2853766,11.58,2026-10-03
NTCL,2001988,2642886,1.9500,2026-10-03
NTGR,25885425,27179021,23.5600,2026-10-03
NTHI,14469668,28805380,2.9900,2026-10-03
NTIC,7676484,9496439,7.7000,2026-10-03
NTIP,14177255,22863181,1.6300,2026-10-03
NTLA,134657556,140126693,12.2600,2026-10-03
NTRB,4973373,12155683,7.28,2026-10-03
NTRP,8569017,15086101,1.9500,2026-10-03
NTSK,256994703,408587748,17.7500,2026-10-03
NTST,100879684,101527998,17.5200,2026-10-03
NTWK,8841004,11952568,5.9500,2026-10-03
NTWO,17513875,24116375,10.81,2026-10-03
NU,3711692651,4830688659,13.4300,2026-10-03
NUAI,80377233,106559339,6.2900,2026-10-03
NUCL,14148149,29579798,5.9300,2026-10-03
NUR,9064925,13194699,0.8766,2026-10-03
NUS,45135654,48676634,4.6100,2026-10-03
NUVB,290652844,351123233,5.1400,2026-10-03
NUWE,3466324,3647264,0.6938,2026-10-03
NVA,37862099,38181050,5.76,2026-10-03
NVAX,156619670,164945726,10.46,2026-10-03
NVCR,104856489,116445840,14.9400,2026-10-03
NVCT,20362735,32581533,21.92,2026-10-03
NVGS,34511567,61493127,23.8400,2026-10-03
NVNI,10014808,12220487,0.8813,2026-10-03
NVNO,638678,694826,8.1000,2026-10-03
NVRI,28190119,28190119,20.2100,2026-10-03
NVST,159028891,160617709,23.4600,2026-10-03
NVTS,242676544,261093488,12.40,2026-10-03
NVX,24946317,24946317,2.6300,2026-10-03
NWAX,37300000,49800000,10.07,2026-10-03
NWBI,144786354,146459122,15.1900,2026-10-03
NWCL,299907980,300704082,7.99,2026-10-03
NWG,3972279195,3972363069,17.6700,2026-10-03
NWGL,17236559,28853165,1.4400,2026-10-03
NWL,419623092,425900000,5.40,2026-10-03
NWTG,3840887,5422276,1.2200,2026-10-03
NX,45247744,45826208,19.0000,2026-10-03
NXAT,2604189,3236567,0.875,2026-10-03
NXB,9205711,25142895,1.9100,2026-10-03
NXDR,250706156,386848402,2.4400,2026-10-03
NXDT,38573146,53106027,5.3000,2026-10-03
NXE,625862824,670506101,9.0000,2026-10-03
NXH,86774619,95497683,2.76,2026-10-03
NXL,671706,829400,5.7300,2026-10-03
NXPL,1506717,2713222,8.5500,2026-10-03
NXRT,21333060,25549813,18.6700,2026-10-03
NXTC,4181651,4577359,5.0900,2026-10-03
NXTS,1145609,1453333,1.49,2026-10-03
NXTT,1451661,1472962,5.6100,2026-10-03
NXXT,7822306,16813344,0.7350,2026-10-03
NYC,765403,3163632,6.5100,2026-10-03
NYXH,56960812,100072815,1.3600,2026-10-03
OABI,107307941,145390398,4.8700,2026-10-03
OACC,19783010,24582768,10.7600,2026-10-03
OBA,25300000,31625000,10.350000,2026-10-03
OBDC,485246524,493142569,10.30,2026-10-03
OBE,60519633,66725570,10.4000,2026-10-03
OBIO,40356252,60105049,5.9500,2026-10-03
OBX,61226255,61772876,13.5900,2026-10-03
OCAC,10000000,15653333,10.000000,2026-10-03
OCC,5286219,8842024,18.2400,2026-10-03
OCCI,29075415,29372401,2.2300,2026-10-03
OCFC,84457922,96645219,16.7800,2026-10-03
OCG,1937456,1938312,1.73,2026-10-03
OCGN,333859212,339110401,1.02,2026-10-03
OCLT,14701250,16942500,9.91,2026-10-03
OCS,51795475,61732064,8.73,2026-10-03
OCSL,85480464,88085523,11.9050,2026-10-03
OCTV,268437788,268437788,19.0300,2026-10-03
OCUL,214766683,219615868,6.96,2026-10-03
ODD,28679554,46124554,18.90,2026-10-03
ODTX,41449192,48058527,20.725,2026-10-03
ODYS,12122054,20244405,2.8100,2026-10-03
OEC,54278932,56522699,5.7900,2026-10-03
OFED,1207039,6836863,18.100000,2026-10-03
OFIX,39847161,40732608,9.09,2026-10-03
OFRM,33253958,41990653,16.2200,2026-10-03
OFS,10369915,13398078,3.4800,2026-10-03
OGG,222633518,306137837,2.81,2026-10-03
OGI,97034270,141006497,0.9531,2026-10-03
OGN,261338561,262609433,13.7200,2026-10-03
OHAC,18930000,25063333,9.99,2026-10-03
OI,151651966,153659747,5.6000,2026-10-03
OIG,20000000,99032452,9.4400,2026-10-03
OIM,28950000,36137500,10.1300,2026-10-03
OIO,31909036,348022108,1.90,2026-10-03
OIS,55531498,60322619,8.2300,2026-10-03
OKUR,33717334,40496309,2.56,2026-10-03
OKYO,36158936,52479527,1.4700,2026-10-03
OLMA,85427745,87497607,8.2250,2026-10-03
OLN,113505938,113982490,15.9000,2026-10-03
OLOX,1324028,1659347,0.8415,2026-10-03
OLP,18265517,21900454,22.0300,2026-10-03
OM,16938436,18797164,3.9600,2026-10-03
OMDA,53659896,61216703,20.37,2026-10-03
OMER,69433581,72388316,18.61,2026-10-03
OMEX,52606178,58691389,0.6639,2026-10-03
OMH,1910073,1928690,2.65,2026-10-03
OMSE,15296810,42448704,4.3900,2026-10-03
ONB,379595074,382570000,24.96,2026-10-03
ONCH,17250000,21562500,10.3400,2026-10-03
ONCO,4373908,4380522,0.7337,2026-10-03
ONCY,124470428,127510505,0.6310,2026-10-03
ONDS,539335477,582302699,7.2400,2026-10-03
ONEG,7000000,16000000,1.0000,2026-10-03
ONEN,19190000,26023333,1.8700,2026-10-03
ONEW,11713609,16665619,9.8200,2026-10-03
ONFO,2420463,2452712,0.8599,2026-10-03
ONL,52446467,57044714,2.4100,2026-10-03
ONMD,1777039,5928645,5.39,2026-10-03
ONT,32238722,35117424,12.71,2026-10-03
OOMA,25305613,27600000,20.8000,2026-10-03
OPAD,4118699,4832749,3.255,2026-10-03
OPAL,19170219,174690000,1.7400,2026-10-03
OPBK,11862733,14932615,15.4800,2026-10-03
OPCH,147866022,149785243,22.6400,2026-10-03
OPEN,923190491,971091050,2.4400,2026-10-03
OPFI,33658963,85208247,5.9700,2026-10-03
OPHC,10352640,24080821,9.04,2026-10-03
OPK,369272908,746328225,1.5600,2026-10-03
OPNW,1135722,1316520,5.40,2026-10-03
OPRA,82183274,88917384,17.70,2026-10-03
OPRT,42016511,45987253,8.35,2026-10-03
OPRX,16017427,18835951,8.5700,2026-10-03
OPTH,5001147,5725867,4.4900,2026-10-03
OPTT,8809716,9094159,1.0200,2026-10-03
OPTU,237487569,272565547,0.9158,2026-10-03
OPTX,10264209,40279878,9.1400,2026-10-03
OPXS,5502051,6959873,10.4500,2026-10-03
ORBS,207756244,429777400,1.1600,2026-10-03
ORC,198377890,198807315,5.1100,2026-10-03
ORGO,71120476,128674548,1.33,2026-10-03
ORIC,99993115,103652656,12.2050,2026-10-03
ORIO,18836640,23781198,1.0500,2026-10-03
ORIQ,7125000,8625000,10.4100,2026-10-03
ORKT,1947022,5839770,1.0150,2026-10-03
ORMP,32699219,41597354,4.4900,2026-10-03
ORN,38147275,40495290,9.3000,2026-10-03
OSBC,48687560,50875716,24.9500,2026-10-03
OSG,40273741,45051486,4.60,2026-10-03
OSPN,36104093,36852173,18.1200,2026-10-03
OSPR,30762000,41016000,9.8200,2026-10-03
OSS,20806981,24945188,8.66,2026-10-03
OST,5022213,5991920,1.695,2026-10-03
OSTX,36946429,46805230,1.62,2026-10-03
OSUR,64313991,68968627,3.965,2026-10-03
OSW,97829710,101498712,23.62,2026-10-03
OTAI,11001250,13501250,10.0100,2026-10-03
OTEX,237124354,242126739,22.2200,2026-10-03
OTF,455680530,458185389,9.5800,2026-10-03
OTGA,23775000,29525000,10.2600,2026-10-03
OTLK,209538764,243447554,0.5930,2026-10-03
OTLY,26710603,31912258,10.5500,2026-10-03
OVID,181419470,195297857,2.3800,2026-10-03
OWL,681083639,1559092223,9.0800,2026-10-03
OWLS,17056246,88333411,5.46,2026-10-03
OWLT,25715271,29221677,5.06,2026-10-03
OXBR,6996655,8138577,1.1200,2026-10-03
OXLC,92815434,98030246,8.9100,2026-10-03
OXM,13946895,14978274,24.9300,2026-10-03
OXSQ,100882922,107707775,1.2800,2026-10-03
OYSE,25553000,33914250,10.405000,2026-10-03
PAAI,46995172,47610653,1.1600,2026-10-03
PACB,282833089,310830759,2.5400,2026-10-03
PACH,22114799,28439799,10.4000,2026-10-03
PACK,78162008,85758289,4.0900,2026-10-03
PAGS,285178195,290677709,9.0200,2026-10-03
PAII,20041150,27266871,10.3300,2026-10-03
PAL,24056206,28052923,3.56,2026-10-03
PALI,159583070,174270558,1.4400,2026-10-03
PALO,21077000,21091500,9.985,2026-10-03
PAMT,4752774,20942257,12.24,2026-10-03
PANL,31977075,65473772,8.43,2026-10-03
PAPL,7165210,25271197,0.9326,2026-10-03
PAR,40422898,41362708,14.2500,2026-10-03
PARA,4284094,4508967,0.5224,2026-10-03
PARK,3762098,4755282,19.84,2026-10-03
PASG,2969672,3217810,4.12,2026-10-03
PATH,406355135,521155409,13.12,2026-10-03
PAVM,4682762,7995918,2.8700,2026-10-03
PAVS,856897,869638,3.7500,2026-10-03
PAX,64332152,162286721,10.2100,2026-10-03
PAYO,314195915,338850836,7.1500,2026-10-03
PAYP,676873535,676873535,14.9200,2026-10-03
PAYS,44617981,56462156,14.23,2026-10-03
PBFS,10091922,24841663,17.7700,2026-10-03
PBHC,3352996,6278643,17.43,2026-10-03
PBI,134753650,137090212,16.76,2026-10-03
PBM,3701060,3814328,5.1600,2026-10-03
PBR,3720817458,3721115691,21.6500,2026-10-03
PBYI,43762438,51620066,9.5100,2026-10-03
PC,2060861,3244445,9.400000,2026-10-03
PCAP,25000000,31680000,10.41,2026-10-03
PCG,2190552084,2202366906,12.32,2026-10-03
PCLA,6364382,9613805,6.74,2026-10-03
PCSA,2379310,2793386,1.61,2026-10-03
PCT,195540325,200904810,4.3900,2026-10-03
PCYO,22896584,24097370,10.9000,2026-10-03
PD,71452622,78649873,15.3400,2026-10-03
PDC,7239913,8114138,3.46,2026-10-03
PDLB,19716906,24187901,20.3500,2026-10-03
PDM,123487770,125132825,9.00,2026-10-03
PDSB,68008279,81856307,0.7485,2026-10-03
PDYN,35827609,49338510,5.3300,2026-10-03
PEB,109938903,112842716,19.0700,2026-10-03
PECE,6235000,8437500,10.01,2026-10-03
PED,1472343,13292013,12.8100,2026-10-03
PENN,126177475,134066591,14.77,2026-10-03
PEPG,69097833,69259517,2.2800,2026-10-03
PERF,39476931,101848671,1.91,2026-10-03
PERI,39246917,39330319,8.5000,2026-10-03
PESI,19791016,21218351,15.56,2026-10-03
PETS,17404754,21678914,1.36,2026-10-03
PETZ,3867072,10323268,1.3000,2026-10-03
PEW,29400075,29513438,1.9300,2026-10-03
PFAI,3595100,11765100,2.5300,2026-10-03
PFLT,98330573,99217896,6.8400,2026-10-03
PFS,126556044,130422618,22.5800,2026-10-03
PFSA,353058,605647,1.69,2026-10-03
PGAC,2157730,5136406,10.7800,2026-10-03
PGEN,312789094,358035247,8.5400,2026-10-03
PGY,68160446,83425843,17.98,2026-10-03
PHAR,70778124,70778124,9.75,2026-10-03
PHAT,63605671,80900934,6.9200,2026-10-03
PHG,977343926,977427472,23.9200,2026-10-03
PHI,216042976,216055775,17.5600,2026-10-03
PHIO,10686348,11617250,0.9851,2026-10-03
PHOE,5500000,21600000,18.9000,2026-10-03
PHOS,18624603,18914453,14.9800,2026-10-03
PHR,48766643,62070944,10.07,2026-10-03
PHUN,19480758,20462675,2.0000,2026-10-03
PICS,21360611,129587543,9.0900,2026-10-03
PIII,2019364,7260982,6.36,2026-10-03
PINE,16275667,17620712,17.6800,2026-10-03
PINS,485479458,566313027,19.26,2026-10-03
PK,191340172,201338330,15.5300,2026-10-03
PL,336291912,363847989,17.5000,2026-10-03
PLAG,11683514,14232714,0.69,2026-10-03
PLAY,25706852,34830644,6.7500,2026-10-03
PLBL,6387470,366387470,5.6500,2026-10-03
PLBY,81226905,119807688,1.0400,2026-10-03
PLCE,21222024,22237067,1.9900,2026-10-03
PLCI,12120250,12120250,9.92,2026-10-03
PLG,99752927,127885112,1.2600,2026-10-03
PLGO,52797005,82728333,24.2500,2026-10-03
PLMK,4432491,10702490,10.6450,2026-10-03
PLRX,60521123,61921897,1.0350,2026-10-03
PLRZ,2411411,2428604,9.61,2026-10-03
PLSM,3680587,6502844,2.19,2026-10-03
PLTK,54377665,381418186,2.1800,2026-10-03
PLTS,7545734,18059109,17.50,2026-10-03
PLUG,1333815855,1397195278,1.90,2026-10-03
PLUN,10387037,14071337,10.0900,2026-10-03
PLUR,7095647,12344736,1.01,2026-10-03
PLUT,5030000,15350000,2.6500,2026-10-03
PLX,77447238,80571642,2.7100,2026-10-03
PLYX,14992812,49845993,2.0800,2026-10-03
PMA,4880135,12975000,1.2300,2026-10-03
PMAX,1816992,1961965,0.8500,2026-10-03
PMEC,5270312,38417987,0.5012,2026-10-03
PMGM,1921956,8821956,11.09,2026-10-03
PMI,1359560,2338634,5.7800,2026-10-03
PMN,7746227,8967693,9.4000,2026-10-03
PMT,86154418,87202362,7.8000,2026-10-03
PMTR,24788000,30825500,10.4200,2026-10-03
PMTS,10510610,11591982,24.86,2026-10-03
PMVP,73729814,75515432,1.7900,2026-10-03
PN,8480025,14754025,2.5900,2026-10-03
PNAQ,20000000,25975000,9.8200,2026-10-03
PNBK,86173738,123524808,0.9302,2026-10-03
PNNT,63155513,65296094,3.2500,2026-10-03
POCI,8795980,10972792,4.4600,2026-10-03
PODC,6254252,30252696,2.3500,2026-10-03
POET,172423576,173058088,7.7900,2026-10-03
POLA,1107843,4309319,1.16,2026-10-03
POLE,13283810,13733810,10.74,2026-10-03
POM,8586974,9267654,0.8600,2026-10-03
PONO,7062143,17347857,10.0300,2026-10-03
PONY,346862320,434413615,6.0700,2026-10-03
POWW,96783107,116060931,2.2900,2026-10-03
PPBT,1566367,1626867,1.5100,2026-10-03
PPCB,4882816,6331116,0.5075,2026-10-03
PPHC,18443112,30216533,10.5400,2026-10-03
PPSI,8603020,11099266,3.3100,2026-10-03
PPTA,116207063,125095803,20.3800,2026-10-03
PR,792059030,837557029,22.1200,2026-10-03
PRAA,36774240,37648006,18.8700,2026-10-03
PRCH,106287838,131832044,17.31,2026-10-03
PRCT,55280035,57273659,17.16,2026-10-03
PRE,14675497,16937720,20.1700,2026-10-03
PRFX,3299144,3499144,0.9200,2026-10-03
PRGO,138161814,138769245,14.26,2026-10-03
PRHI,3567700,3746092,6.8600,2026-10-03
PRLD,42395126,79803485,3.6700,2026-10-03
PRMB,358537075,361943705,19.5100,2026-10-03
PRME,144542589,181376856,2.98,2026-10-03
PROF,34903073,36532594,5.8400,2026-10-03
PROK,111872048,302322655,1.7200,2026-10-03
PROV,4913496,6233958,18.3100,2026-10-03
PRPL,4133748,4359632,2.1000,2026-10-03
PRPO,1564081,1790188,23.13,2026-10-03
PRQR,116608642,141121476,1.635,2026-10-03
PRTA,39759354,51336974,8.3600,2026-10-03
PRTH,29405972,82472221,7.7800,2026-10-03
PRTS,6767680,8065432,8.6300,2026-10-03
PRVA,119822671,127734207,20.3000,2026-10-03
PRZO,28983841,29162475,0.6098,2026-10-03
PSBD,26367158,30651221,9.77,2026-10-03
PSEC,395392349,533816849,2.0000,2026-10-03
PSFE,24300025,52215472,5.39,2026-10-03
PSHG,11397599,12432158,1.6900,2026-10-03
PSIG,6552238,15376572,4.5800,2026-10-03
PSKY,530880059,1121945779,9.50,2026-10-03
PSNL,77479217,106799872,16.2800,2026-10-03
PSNY,44539091,164280129,6.2300,2026-10-03
PSO,601321757,601719893,16.12,2026-10-03
PSQH,2437994,3365783,4.70,2026-10-03
PSQL,28750000,38333333,6.0500,2026-10-03
PSTL,28811493,30248873,22.6900,2026-10-03
PTAC,17500000,21875000,9.96,2026-10-03
PTEN,371906290,381384874,11.2100,2026-10-03
PTHS,1648875,3828469,20.6000,2026-10-03
PTLE,6140469,6281094,7.54,2026-10-03
PTLO,65708248,75943224,3.5100,2026-10-03
PTN,1636501,1780939,9.3300,2026-10-03
PTON,410670063,438871801,4.9200,2026-10-03
PTOR,25489750,33923083,9.96,2026-10-03
PTRN,79242068,177399089,17.33,2026-10-03
PUBM,36944267,45550061,18.4200,2026-10-03
PUK,1241686826,1241714356,24.57,2026-10-03
PULM,3623757,3652285,1.57,2026-10-03
PUMP,120316358,122823917,9.2700,2026-10-03
PURR,228054740,237919288,11.8900,2026-10-03
PUSA,20591590,27643582,3.1600,2026-10-03
PWCM,2361837,2421472,0.8972,2026-10-03
PWP,90625017,95312311,15.82,2026-10-03
PWRL,,43242931,11.4000,2026-10-03
PXLW,5202839,6049393,7.03,2026-10-03
PXS,4115013,10239194,7.73,2026-10-03
PYPD,16857082,20311766,5.19,2026-10-03
PYXS,72127398,83408050,2.14,2026-10-03
PZG,62757168,86215381,1.20,2026-10-03
PZZA,32326822,32921687,19.43,2026-10-03
QADR,20000000,25000000,10.0100,2026-10-03
QBTS,368118302,379626628,15.7700,2026-10-03
QCLS,7560532,8189838,0.7480,2026-10-03
QDEL,67668686,68575427,10.7700,2026-10-03
QETA,1511512,3485557,11.7900,2026-10-03
QFIN,117445584,121582842,6.46,2026-10-03
QH,2709881,2750893,3.6800,2026-10-03
QLEP,23654500,29979500,10.0500,2026-10-03
QMLS,19503924,33458515,6.5300,2026-10-03
QNC,212321018,219419670,1.5900,2026-10-03
QNME,23076359,34427559,0.5600,2026-10-03
QNRX,4577003,4804161,4.4700,2026-10-03
QNST,54830529,57223392,14.9700,2026-10-03
QNTM,5563020,6398647,3.44,2026-10-03
QRED,16040000,16040000,10.0515,2026-10-03
QRHC,13360136,21092856,1.3700,2026-10-03
QS,509171169,619113507,4.57,2026-10-03
QSEA,7679868,11409900,10.695,2026-10-03
QSI,177196488,218883912,1.55,2026-10-03
QTEX,60810873,67075045,1.10,2026-10-03
QTI,11325497,14636524,2.67,2026-10-03
QTRX,41784392,47293065,3.6400,2026-10-03
QTTB,24325874,29769466,8.2300,2026-10-03
QUAD,29120082,51461302,9.4200,2026-10-03
QUBT,198830048,226346861,8.1800,2026-10-03
QUCY,24784505,84068192,1.3300,2026-10-03
QUIK,16595049,18317741,11.87,2026-10-03
QUMS,8280000,11406650,10.35,2026-10-03
QURE,66515907,69366412,23.4600,2026-10-03
QVCG,8094102,8094102,14.4600,2026-10-03
QXL,14845887,21817826,4.3100,2026-10-03
QXO,1035182535,1037490709,12.0600,2026-10-03
RAC,23000000,29410000,10.5500,2026-10-03
RACC,7500000,9098529,10.7200,2026-10-03
RACD,7500000,9098529,11.50,2026-10-03
RADX,14458498,14458498,1.4200,2026-10-03
RAIL,28182347,32791280,6.9000,2026-10-03
RAIN,4485098,11704051,0.7722,2026-10-03
RAND,711587,2969814,10.1890,2026-10-03
RANG,2586513,6697971,10.86,2026-10-03
RANI,109768303,139395319,0.8108,2026-10-03
RARE,94810736,98588873,15.22,2026-10-03
RAVE,13354046,14211566,2.31,2026-10-03
RAYA,1005254,1054710,1.9700,2026-10-03
RBBN,144560781,178823352,1.77,2026-10-03
RBKB,8896057,15635966,13.1500,2026-10-03
RBNE,1324558,1332297,2.25,2026-10-03
RC,147708083,165190992,1.13,2026-10-03
RCAT,140265202,152714362,6.40,2026-10-03
RCEL,30457642,30926847,12.7200,2026-10-03
RCKT,106305628,109774597,2.56,2026-10-03
RCON,2171267,20963224,1.25,2026-10-03
RCUS,90127434,127333376,24.4400,2026-10-03
RDAC,1743482,3435357,5.4999,2026-10-03
RDAG,30000000,37500000,10.4400,2026-10-03
RDCM,14170001,16738377,10.2900,2026-10-03
RDGT,3614700,3629540,0.8739,2026-10-03
RDHL,6080920,6080920,0.5000,2026-10-03
RDI,17063817,22890127,1.9650,2026-10-03
RDIB,17063817,22890127,16.08,2026-10-03
RDNW,22810099,39011088,5.3800,2026-10-03
RDW,241476563,249992609,10.8800,2026-10-03
RDY,832739159,832988250,12.2500,2026-10-03
RDZN,49804829,85165063,1.2200,2026-10-03
REA,9732633,19953892,10.0300,2026-10-03
REAL,111458248,121671115,8.9000,2026-10-03
REAX,34135237,36563000,16.4100,2026-10-03
REBN,5294484,8620122,2.1800,2026-10-03
RECT,3278750,15482750,1.2800,2026-10-03
REED,5532027,11857086,0.696,2026-10-03
REF,19588794,59079320,12.8500,2026-10-03
REFI,22671694,25621146,10.0600,2026-10-03
REFR,29519518,34867786,0.7286,2026-10-03
REI,237559447,260539607,1.3100,2026-10-03
RELL,12240356,14864218,18.9900,2026-10-03
RELY,197716660,211684054,21.7700,2026-10-03
RENX,2191615,2646209,1.995,2026-10-03
REPL,92566842,94219634,13.0700,2026-10-03
RERE,215995137,219495137,3.6400,2026-10-03
RES,93948886,221657012,5.86,2026-10-03
REVB,3492027,3983416,0.7636,2026-10-03
REYN,54435665,210790982,22.3200,2026-10-03
REZI,134138674,151847378,18.3500,2026-10-03
RFAM,10350000,13933333,9.9900,2026-10-03
RFIL,8866203,10847761,8.4000,2026-10-03
RFL,31637368,51999996,1.5400,2026-10-03
RGC,57578014,495474130,6.8200,2026-10-03
RGCO,8306406,10419556,21.80,2026-10-03
RGNT,5775622,7023921,1.8500,2026-10-03
RGNX,61223700,66013192,7.43,2026-10-03
RGP,32294413,34701302,3.89,2026-10-03
RGTI,328138431,333768747,15.2500,2026-10-03
RIBB,3277153,5013446,7.9600,2026-10-03
RIG,1013498970,1116880085,5.1700,2026-10-03
RILY,28216321,40199755,4.86,2026-10-03
RIOT,348653743,375258935,19.7300,2026-10-03
RITM,555589719,558407031,8.71,2026-10-03
RIVN,944425365,1447860630,14.30,2026-10-03
RJET,41063851,46819500,17.6400,2026-10-03
RKT,1893087374,2831642421,11.7000,2026-10-03
RKTO,24343985,24897581,0.6977,2026-10-03
RLAY,177346144,219141631,18.96,2026-10-03
RLGT,35594118,46894270,9.36,2026-10-03
RLJ,131981922,152375872,11.22,2026-10-03
RLMD,99561805,106669846,3.6000,2026-10-03
RLX,48164151,1222254564,1.71,2026-10-03
RLYB,3658462,5312584,17.08,2026-10-03
RMBI,14286716,16759046,15.44,2026-10-03
RMCF,6072669,9439587,0.8843,2026-10-03
RMCO,8493121,15172708,2.5200,2026-10-03
RMIX,39073124,73485834,12.2200,2026-10-03
RML,,12362572,5.50,2026-10-03
RMNI,48931072,93356000,4.24,2026-10-03
RMR,15355977,32080226,17.7300,2026-10-03
RMTI,3406241,4030465,8.65,2026-10-03
RNA,16586642,17105643,7.8400,2026-10-03
RNAC,14458465,30255352,7.36,2026-10-03
RNAQ,9656250,9850625,10.05,2026-10-03
RNAZ,16629444,16930739,1.5700,2026-10-03
RNGR,19591692,23402023,15.66,2026-10-03
RNTX,81937025,86267032,0.8007,2026-10-03
RNW,205318057,364402690,6.8400,2026-10-03
RNXT,40465714,45129508,1.58,2026-10-03
ROC,3841054,19080127,4.09,2026-10-03
ROLR,5151814,11029313,4.8900,2026-10-03
ROMA,49894153,59564571,8.6000,2026-10-03
RPAY,70520509,89860747,3.82,2026-10-03
RPC,49015270,110238440,7.6200,2026-10-03
RPD,64353893,67400640,12.19,2026-10-03
RPID,40666108,50159556,0.9200,2026-10-03
RPT,7759875,7772564,11.1000,2026-10-03
RR,183097097,225101943,1.6800,2026-10-03
RREV,25000000,33333333,9.920000,2026-10-03
RRGB,17114990,18903752,7.9500,2026-10-03
RSI,112550718,231773358,20.01,2026-10-03
RSKD,75714562,132037734,7.8600,2026-10-03
RSSS,29111589,33762669,2.15,2026-10-03
RSVR,34413202,65930743,9.5200,2026-10-03
RTAC,24150000,31161288,10.4400,2026-10-03
RTB,5775994,14008209,9.26,2026-10-03
RTO,505139076,505207977,19.95,2026-10-03
RUBI,1791377,1791406,1.08,2026-10-03
RUM,133730231,495810194,7.5750,2026-10-03
RUN,234030626,240846982,7.7100,2026-10-03
RVII,7974427,9066384,21.55,2026-10-03
RVLV,40762663,71085420,20.75,2026-10-03
RVP,12205037,29937159,0.697,2026-10-03
RVSB,19142759,19953186,5.9900,2026-10-03
RVSN,2144190,2281329,3.405,2026-10-03
RWAY,39916083,41909904,6.55,2026-10-03
RWT,112124809,125612432,3.53,2026-10-03
RXO,163592074,164926128,23.3800,2026-10-03
RXRX,524405834,535342170,4.1200,2026-10-03
RXST,38582283,41593256,4.6800,2026-10-03
RXT,116392776,254872850,4.12,2026-10-03
RYAM,60753162,67644208,7.1200,2026-10-03
RYDE,103010496,180226306,0.7160,2026-10-03
RYET,16495718,37280004,0.8599,2026-10-03
RYM,1187067,2179128,19.60,2026-10-03
RYN,290522651,297567291,18.0600,2026-10-03
RYOJ,2544000,11550000,2.8500,2026-10-03
RZAI,55643389,55643389,19.90,2026-10-03
RZLT,87304668,96722333,4.01,2026-10-03
RZLV,250672808,416868894,2.0600,2026-10-03
SAAQ,23610524,31311667,10.051,2026-10-03
SABR,322627907,403583214,1.9700,2026-10-03
SABS,83716540,90986368,2.9800,2026-10-03
SAC,23700000,31366667,10.1000,2026-10-03
SACH,45351998,47954632,0.9169,2026-10-03
SAFE,54409806,70816280,12.0600,2026-10-03
SAGT,6219250,22750000,0.5732,2026-10-03
SAGU,15897695,16160321,10.05,2026-10-03
SAIH,1081213,1837292,24.7100,2026-10-03
SAIL,80692000,570911633,20.43,2026-10-03
SAIQ,2475149,4494439,1.8500,2026-10-03
SAMG,6355341,11847767,10.54,2026-10-03
SAMO,28750000,28750000,9.83,2026-10-03
SAN,14320468231,14321000000,13.3600,2026-10-03
SANA,281160769,299360637,2.8900,2026-10-03
SANG,24164525,33338932,4.8760,2026-10-03
SAR,13851054,16080916,16.4800,2026-10-03
SARO,245230016,330919431,21.0500,2026-10-03
SATL,122356823,153739911,5.7300,2026-10-03
SB,63817569,113833473,8.8100,2026-10-03
SBC,18992483,102846943,5.0900,2026-10-03
SBET,201140795,217223604,9.35,2026-10-03
SBFM,4241802,4310301,0.6665,2026-10-03
SBGI,41331368,72318060,12.43,2026-10-03
SBH,90962393,93622292,16.2400,2026-10-03
SBMT,27825671,29528500,8.2000,2026-10-03
SBRA,251799727,255462756,19.1600,2026-10-03
SBS,3524373370,3524534025,5.38,2026-10-03
SBSW,707383050,707592563,9.96,2026-10-03
SBXE,27600000,34695000,10.110000,2026-10-03
SCII,17505000,24897857,10.18,2026-10-03
SCKT,5741087,8291681,0.7073,2026-10-03
SCLX,7502289,8493000,4.06,2026-10-03
SCM,27240949,28479937,7.41,2026-10-03
SCNI,1272519,1353228,1.3300,2026-10-03
SCOR,6740295,15184326,4.24,2026-10-03
SCPQ,10350000,13683333,10.095000,2026-10-03
SCTX,15556339,18931680,16.7900,2026-10-03
SCWO,9942367,17718161,3.0800,2026-10-03
SCYX,9745352,9949609,5.1200,2026-10-03
SCZM,85933937,92990284,8.80,2026-10-03
SD,36451475,37075296,13.6200,2026-10-03
SDEV,5136209,51751359,7.48,2026-10-03
SDHC,7945422,50828381,10.0800,2026-10-03
SDHI,27600000,34838000,10.560000,2026-10-03
SDOT,1041244,1320015,10.7100,2026-10-03
SEAT,5783121,11241195,3.5200,2026-10-03
SECZ,142364590,163265685,12.9900,2026-10-03
SEED,5090186,12143526,0.7400,2026-10-03
SEER,47261404,55372015,2.2500,2026-10-03
SEG,12424750,12809536,22.38,2026-10-03
SEGG,3001480,3259483,2.3450,2026-10-03
SELF,10326088,11421420,4.85,2026-10-03
SENS,47660168,52874053,9.88,2026-10-03
SER,12506764,25400473,1.9600,2026-10-03
SERA,33565552,39449466,2.09,2026-10-03
SERV,82165043,86707507,4.615,2026-10-03
SES,275359750,371287400,0.8847,2026-10-03
SEV,22718860,40543125,1.655,2026-10-03
SEVN,21682599,22656606,6.75,2026-10-03
SFD,46182091,393767431,18.8600,2026-10-03
SFHG,2051856,4060000,2.10,2026-10-03
SFIX,112774294,133603687,2.6100,2026-10-03
SFL,124488335,150435424,13.4500,2026-10-03
SFNC,142540137,144513789,22.9000,2026-10-03
SFWL,902374,5499834,8.3500,2026-10-03
SG,103522861,119041315,9.1000,2026-10-03
SGA,4729199,6357988,8.4700,2026-10-03
SGC,10500448,15945201,12.9800,2026-10-03
SGHC,159145289,508076788,11.25,2026-10-03
SGHT,44038429,55087990,8.5300,2026-10-03
SGLD,17308209,17308209,3.85,2026-10-03
SGLY,5403788,5403788,0.7307,2026-10-03
SGML,108026066,112568313,9.09,2026-10-03
SGMT,59304814,62158653,9.1400,2026-10-03
SGP,32017949,33447979,24.92,2026-10-03
SGRX,1881935,1902978,1.2600,2026-10-03
SGRY,78587979,130918260,13.3200,2026-10-03
SHBI,30437570,33372276,23.0000,2026-10-03
SHC,278512140,285374795,18.2200,2026-10-03
SHEN,47099552,53364680,10.8600,2026-10-03
SHFS,930097,1027742,1.1800,2026-10-03
SHIM,10041449,41335823,3.1500,2026-10-03
SHIP,16069213,21668198,17.8200,2026-10-03
SHLS,166555486,168299950,8.3000,2026-10-03
SHMD,23499224,60958903,4.57,2026-10-03
SHO,174553864,185943941,11.3900,2026-10-03
SHOE,17972127,27183815,12.58,2026-10-03
SHOT,21650000,29076667,9.860000,2026-10-03
SHPH,4724588,4764696,4.1700,2026-10-03
SI,19245810,20818957,19.01,2026-10-03
SIBN,43354209,44818575,18.0800,2026-10-03
SID,1326093947,1326093947,1.1600,2026-10-03
SIDU,101073628,101125324,1.81,2026-10-03
SIEB,14008940,41100936,2.20,2026-10-03
SIF,4832349,6254128,23.6200,2026-10-03
SIFY,66713297,72434615,13.3100,2026-10-03
SIGA,41131326,71849716,3.38,2026-10-03
SILO,1598454,1753250,1.458,2026-10-03
SIMA,552768,8219435,10.9700,2026-10-03
SIND,158733738,158790885,13.92,2026-10-03
SINT,5189019,6664534,2.21,2026-10-03
SION,31781306,45212399,4.9100,2026-10-03
SITC,52256880,52475339,3.4200,2026-10-03
SJ,20221910,42462768,0.8259,2026-10-03
SKIL,7780553,9100444,5.7100,2026-10-03
SKIN,113184680,130140763,0.6300,2026-10-03
SKK,1790070,3960596,4.4000,2026-10-03
SKYA,35844984,43247506,1.8400,2026-10-03
SKYE,4229789,4427676,1.6800,2026-10-03
SKYH,27438829,81629508,9.2900,2026-10-03
SKYQ,8150542,8833390,2.46,2026-10-03
SKYX,94314183,135430994,1.1800,2026-10-03
SLBT,226857628,560759757,1.5700,2026-10-03
SLDB,94369282,107225238,6.8500,2026-10-03
SLDE,65598439,116811719,23.6100,2026-10-03
SLDP,201631748,228181212,2.3300,2026-10-03
SLE,2232571,2473171,5.30,2026-10-03
SLI,225440861,246411248,1.74,2026-10-03
SLM,185382522,187946958,22.7450,2026-10-03
SLMT,5654803,11009294,4.3300,2026-10-03
SLN,55412190,60209356,10.6400,2026-10-03
SLND,14349970,54435257,0.6700,2026-10-03
SLNG,3300591,18596301,4.8700,2026-10-03
SLNH,188987102,246702047,1.07,2026-10-03
SLP,16804341,20224838,18.5000,2026-10-03
SLRC,53061577,54554634,11.55,2026-10-03
SLS,200083278,201945709,11.7400,2026-10-03
SLSN,19007395,70647045,0.82,2026-10-03
SLSR,95985582,167111442,7.09,2026-10-03
SMHI,21431959,27132826,8.2700,2026-10-03
SMID,4563176,5304606,22.19,2026-10-03
SMJF,10937500,27705000,1.85,2026-10-03
SMMT,152444885,797749602,16.7550,2026-10-03
SMPL,80278336,88460545,9.8300,2026-10-03
SMR,403384524,429723272,7.7500,2026-10-03
SMRT,168726916,191611799,1.2000,2026-10-03
SMSI,4263819,5589880,2.65,2026-10-03
SMTK,462523,565274,1.65,2026-10-03
SMWB,70865248,88248704,7.96,2026-10-03
SMXT,3269023,4742215,2.1600,2026-10-03
SNAL,3048087,8955811,2.17,2026-10-03
SNAP,1106966007,1691197712,5.58,2026-10-03
SND,29325348,42399061,5.34,2026-10-03
SNDL,242981617,248300000,1.24,2026-10-03
SNDX,86122889,89297086,17.6000,2026-10-03
SNES,5194365,5423542,0.7790,2026-10-03
SNOA,4768527,4788425,1.2400,2026-10-03
SNSC,7100000,38100000,1.1900,2026-10-03
SNT,13477419,23331653,1.5400,2026-10-03
SNTG,1059325,2805325,1.7700,2026-10-03
SNWV,8487957,8602309,4.8200,2026-10-03
SOC,170433296,191869572,3.5100,2026-10-03
SOCA,17700000,23450000,10.340000,2026-10-03
SOFI,1271684146,1291570324,15.7700,2026-10-03
SOGP,2476174,4188862,10.8100,2026-10-03
SOHU,14552010,26069022,12.4500,2026-10-03
SONM,970808,1488268,4.0800,2026-10-03
SONO,116102204,118293979,17.7000,2026-10-03
SONY,5844826220,5845333109,23.82,2026-10-03
SOPH,76514187,85127825,8.0700,2026-10-03
SORA,10414000,24864000,2.23,2026-10-03
SORN,26300000,34733333,10.04,2026-10-03
SOTK,13240635,15716723,6.2000,2026-10-03
SOUL,25220000,33953333,10.4900,2026-10-03
SOUN,435433504,444112161,5.84,2026-10-03
SOWG,14683093,20099893,2.2800,2026-10-03
SPAI,11103734,20362862,4.42,2026-10-03
SPCB,5722981,6280452,9.41,2026-10-03
SPCE,151003262,151595903,3.0300,2026-10-03
SPEG,11500000,15333333,10.420000,2026-10-03
SPHL,1011980,12261980,2.3500,2026-10-03
SPIR,36699858,40622371,11.1100,2026-10-03
SPKL,2236713,8658791,11.58,2026-10-03
SPNT,102545178,116165016,24.4200,2026-10-03
SPOK,20444644,20918137,10.8900,2026-10-03
SPPL,9486809,9786184,2.0550,2026-10-03
SPRC,580973,580973,4.7200,2026-10-03
SPRO,45037647,58234827,1.19,2026-10-03
SPRU,16870313,19252186,1.5800,2026-10-03
SPRY,74981773,99447343,4.0700,2026-10-03
SPT,53306223,60592212,10.0900,2026-10-03
SPTX,28663463,53530550,18.4200,2026-10-03
SPWH,36688866,39141465,1.1300,2026-10-03
SQFT,1163490,1434432,1.1800,2026-10-03
SQNS,11131871,15250772,2.80,2026-10-03
SRAD,1121004427,1125060995,11.76,2026-10-03
SRBK,6465270,7931396,18.5000,2026-10-03
SRFM,111081927,132848730,0.9720,2026-10-03
SRG,42593542,56324607,1.81,2026-10-03
SRI,27426579,28522874,6.7200,2026-10-03
SRL,4385444,15226351,5.0000,2026-10-03
SRPT,100467368,105627021,17.5000,2026-10-03
SRTA,67876499,88466806,4.7300,2026-10-03
SRTS,13389288,16462059,2.9800,2026-10-03
SRXH,19304803,20265391,1.61,2026-10-03
SSAC,16124261,24047994,10.14,2026-10-03
SSBI,4593435,6766616,12.185,2026-10-03
SSEA,5201749,7635871,10.3700,2026-10-03
SSII,41854145,200385435,2.6700,2026-10-03
SSL,653943780,654093017,13.9400,2026-10-03
SSM,1052167,1708334,2.6350,2026-10-03
SSMR,57990228,143726603,15.3800,2026-10-03
SSP,55835058,92668991,2.7400,2026-10-03
SST,2743835,10488649,2.4400,2026-10-03
SSTI,9347003,13240512,8.3300,2026-10-03
SSTK,25397957,36947684,3.8100,2026-10-03
SSYS,63850563,87587000,8.70,2026-10-03
STAA,49715846,50143984,22.47,2026-10-03
STAK,10010349,19210349,1.1000,2026-10-03
STDN,105837323,156550755,12.52,2026-10-03
STEM,9153534,9626744,4.26,2026-10-03
STEX,90798996,116465417,0.6123,2026-10-03
STFS,13118776,15193776,3.6500,2026-10-03
STG,2311852,12772208,2.8500,2026-10-03
STGW,98498663,244475451,8.3600,2026-10-03
STI,3531387,8512771,5.31,2026-10-03
STIM,34127395,76197222,2.16,2026-10-03
STKE,30488646,39718700,1.71,2026-10-03
STKH,1017414,1113629,0.6500,2026-10-03
STKS,20883298,31689024,1.5600,2026-10-03
STLA,2168229014,2900941252,4.4000,2026-10-03
STLN,83790697,101916115,6.3500,2026-10-03
STNE,209441865,230595632,9.5500,2026-10-03
STRO,14140507,16581171,15.35,2026-10-03
STRR,2237005,3689403,9.7600,2026-10-03
STRW,8588472,14157336,13.5000,2026-10-03
STRZ,11946858,17124171,23.25,2026-10-03
STTK,86024259,100363253,6.7300,2026-10-03
STUB,334789559,382089966,5.4100,2026-10-03
STVN,272165121,272989384,20.20,2026-10-03
STWD,348419977,370168950,13.05,2026-10-03
STXS,82510622,100202178,1.1800,2026-10-03
SUIG,62176228,76802872,1.6400,2026-10-03
SUJA,21675248,38625012,9.70,2026-10-03
SUMA,23446250,23446250,9.95,2026-10-03
SUNE,5210074,6513108,2.3400,2026-10-03
SUNS,9549628,13515851,6.2000,2026-10-03
SUPV,59028596,87546233,6.86,2026-10-03
SUPX,21758844,43244701,6.6500,2026-10-03
SUZ,1208727452,1233136722,8.5000,2026-10-03
SVA,9119594,71860702,6.470000,2026-10-03
SVAQ,21730000,29320950,10.13,2026-10-03
SVCC,15190000,21614925,10.720000,2026-10-03
SVCO,13981864,33885758,9.1500,2026-10-03
SVIA,63025792,84310440,4.2800,2026-10-03
SVIV,16333333,30666667,10.09,2026-10-03
SVM,211913977,221214642,10.5800,2026-10-03
SVRA,186536070,205460015,4.8100,2026-10-03
SVRE,2499834,2499834,1.3900,2026-10-03
SVV,59338309,154256135,9.25,2026-10-03
SWAG,9634207,18639589,1.4700,2026-10-03
SWBI,43749719,44839680,14.6400,2026-10-03
SWIM,108673637,117646086,6.4100,2026-10-03
SWMR,4821370,15936981,15.36,2026-10-03
SWRD,95120226,225625627,2.4500,2026-10-03
SWVL,8052501,17795743,3.8700,2026-10-03
SXC,83929330,84874850,9.9000,2026-10-03
SXTC,880386,1321301,2.41,2026-10-03
SXTP,2834993,3516988,1.3900,2026-10-03
SY,66628963,100614272,2.7500,2026-10-03
SYNX,2699822,6634440,1.01,2026-10-03
SYPR,12293223,23026433,1.80,2026-10-03
SZZL,21970974,31266667,10.4800,2026-10-03
T,6844015489,6852385650,24.3000,2026-10-03
TAC,287629576,316025170,12.35,2026-10-03
TACH,27600000,34500000,10.54,2026-10-03
TACO,31934957,37518750,10.4600,2026-10-03
TACT,8602281,10324471,4.8100,2026-10-03
TAK,3180427099,3182547818,17.86,2026-10-03
TAL,554556365,554651330,12.0600,2026-10-03
TALO,126937806,166964795,16.7800,2026-10-03
TANH,666200,667647,14.7900,2026-10-03
TAOX,7310997,7483242,4.41,2026-10-03
TARA,55501822,59095488,2.7000,2026-10-03
TASK,18149200,91687021,8.0600,2026-10-03
TAVI,4671168,8753608,10.770000,2026-10-03
TBCH,14585600,17909711,13.9900,2026-10-03
TBI,27995888,30444344,9.1800,2026-10-03
TBLA,157223668,270155398,3.23,2026-10-03
TC,26400852,26412820,1.69,2026-10-03
TCBS,2133108,2872727,17.1300,2026-10-03
TCGX,8928750,11303750,12.7500,2026-10-03
TCMD,22142329,22652286,22.10,2026-10-03
TCPC,82539608,83902775,3.9800,2026-10-03
TCRT,2538534,2927135,0.82,2026-10-03
TCX,8920866,11182112,9.3900,2026-10-03
TDAC,19308802,19308803,10.8200,2026-10-03
TDIC,2035693,3485583,2.1400,2026-10-03
TDOC,178367223,181684021,5.52,2026-10-03
TDTH,58380044,59062827,0.9801,2026-10-03
TDUP,104353755,131333650,2.1700,2026-10-03
TDWD,17422500,23545000,10.14,2026-10-03
TE,253622850,294476525,3.9200,2026-10-03
TEAD,43225629,98065162,0.5590,2026-10-03
TECX,11878721,19549366,22.5400,2026-10-03
TELA,41851442,45143410,1.1400,2026-10-03
TELO,37137527,68774956,1.1800,2026-10-03
TENX,35603599,37423917,1.98,2026-10-03
TEO,430659332,430737602,11.7200,2026-10-03
TFSL,279147862,280442755,16.82,2026-10-03
TG,28037687,34944164,7.0300,2026-10-03
TGB,359682739,365830317,8.9500,2026-10-03
TGE,10704784,48461070,1.1100,2026-10-03
TGEN,18230034,30187822,2.6500,2026-10-03
TGHL,12722710,25299810,0.7859,2026-10-03
TGL,1821750,1954832,1.29,2026-10-03
TH,68873820,99623423,18.8400,2026-10-03
THCH,29127893,33243582,1.16,2026-10-03
THEO,14596500,20757214,9.90,2026-10-03
THH,2887358,5004625,1.5000,2026-10-03
THM,258995250,261946155,2.46,2026-10-03
THRY,41350073,44439111,1.52,2026-10-03
TIC,193309775,218220356,8.2600,2026-10-03
TIGR,150205035,179845356,4.1600,2026-10-03
TII,43713687,98980326,2.4400,2026-10-03
TIL,6336985,6781976,7.2200,2026-10-03
TIMB,477711227,477733664,17.8300,2026-10-03
TIPT,22649314,37239692,17.3500,2026-10-03
TK,55553236,87691370,14.8400,2026-10-03
TKC,854923275,878935104,5.04,2026-10-03
TKLF,1694355,4232781,1.50,2026-10-03
TKNO,10972856,53688246,8.9900,2026-10-03
TLAC,14433333,14433333,9.8450,2026-10-03
TLF,8053712,8192075,2.4500,2026-10-03
TLIH,578609,2940435,5.675,2026-10-03
TLK,981966151,985809408,12.5500,2026-10-03
TLNC,25149000,33979000,10.3000,2026-10-03
TLPH,37378560,51905796,1.13,2026-10-03
TLRY,145435391,147782141,3.61,2026-10-03
TLS,63207592,74736789,4.1900,2026-10-03
TLSA,66624276,127259131,1.1200,2026-10-03
TLSI,40642175,61574600,4.32,2026-10-03
TLX,339784294,339784294,10.5500,2026-10-03
TLYS,22346348,30587265,4.5800,2026-10-03
TMC,235622206,441135482,3.79,2026-10-03
TMCI,48469967,65034552,4.39,2026-10-03
TMCR,22526999,63048943,3.4200,2026-10-03
TMDE,4135972,23565000,0.6534,2026-10-03
TME,740240472,1573904500,7.74,2026-10-03
TMQ,146969215,172745639,3.09,2026-10-03
TMS,49346209,73660516,7.62,2026-10-03
TMTS,23000000,30666667,10.0300,2026-10-03
TNDM,68739951,69578707,16.5000,2026-10-03
TNGX,163225086,168610367,23.2400,2026-10-03
TNMG,678588,760573,4.7600,2026-10-03
TNON,972136,1032578,3.7000,2026-10-03
TNYA,222685002,224230012,0.5641,2026-10-03
TOMZ,5682980,8142577,1.3800,2026-10-03
TONT,8409632,14159633,10.91,2026-10-03
TONX,37731235,55071989,3.5700,2026-10-03
TOON,59327930,62204105,0.561,2026-10-03
TOP,100878349,123705513,15.37,2026-10-03
TOPS,4242059,7613488,0.5424,2026-10-03
TORO,8849845,34559330,5.3800,2026-10-03
TOUR,10259913,10863756,4.9679,2026-10-03
TOYO,10066160,42718948,4.3700,2026-10-03
TP,1875000,12064525,8.63,2026-10-03
TPCS,8860951,10133261,5.28,2026-10-03
TPET,5169075,5323907,1.6100,2026-10-03
TPST,11811377,16889767,0.8112,2026-10-03
TPVG,37059831,40709723,4.90,2026-10-03
TRAD,13980404,14637000,10.0500,2026-10-03
TRAK,11999276,18201204,8.0900,2026-10-03
TRAW,13315947,15368277,0.5685,2026-10-03
TRBG,16259765,25455990,4.0400,2026-10-03
TRC,24755794,27021444,16.3800,2026-10-03
TRDA,33411664,38936669,5.38,2026-10-03
TREE,11355935,14039561,24.64,2026-10-03
TREO,,13612034,2.98,2026-10-03
TRGS,20857000,26015000,9.96,2026-10-03
TRIB,700867,813132,5.69,2026-10-03
TRIN,90405396,94693574,17.59,2026-10-03
TRIP,114917979,117199342,8.5100,2026-10-03
TRLV,164670667,192565302,10.7200,2026-10-03
TRNR,1130983,1619702,2.21,2026-10-03
TRON,51079140,474382064,1.4100,2026-10-03
TROO,48905917,122160166,1.72,2026-10-03
TROX,116764117,159700029,3.9300,2026-10-03
TRSG,2489335,16353485,1.1400,2026-10-03
TRT,6794608,10384698,6.16,2026-10-03
TRTX,71647868,76769009,6.1400,2026-10-03
TRUG,1204357,1208511,2.6400,2026-10-03
TRUP,36875047,43872611,23.58,2026-10-03
TRVG,10187285,70558454,4.6800,2026-10-03
TRVI,130192754,142475841,13.9100,2026-10-03
TRX,317972701,325931667,1.2000,2026-10-03
TSHA,293232564,325833545,4.6300,2026-10-03
TSLX,93427404,95343139,18.0100,2026-10-03
TSQ,15106711,18231639,4.55,2026-10-03
TSSI,26580252,28219070,10.2400,2026-10-03
TTAM,24557989,184362465,13.3700,2026-10-03
TTD,418508485,472795104,11.95,2026-10-03
TTEC,20393874,49295940,1.3800,2026-10-03
TTGT,29628109,72332660,3.57,2026-10-03
TTI,139556521,148072779,6.0000,2026-10-03
TTRX,13666796,29788040,13.3300,2026-10-03
TU,1573451605,1574575411,8.0400,2026-10-03
TULP,4029333,4830965,2.700000,2026-10-03
TURB,4225016,12575421,1.0800,2026-10-03
TUSK,40464925,48127585,2.8000,2026-10-03
TUYA,445194794,613369540,1.69,2026-10-03
TV,533675800,533940000,2.29,2026-10-03
TVA,22500000,30000000,10.5800,2026-10-03
TVAI,20487500,27195833,10.40,2026-10-03
TVGN,1837755,6511540,6.9800,2026-10-03
TVIV,17250000,23000000,9.950000,2026-10-03
TVRD,10089086,13338943,1.1500,2026-10-03
TWAV,3593178,3877219,1.5700,2026-10-03
TWFG,11002225,54051794,24.6100,2026-10-03
TWI,51780317,64542352,6.9900,2026-10-03
TWLV,17745000,23437500,10.0700,2026-10-03
TXMD,10528500,11574362,2.05,2026-10-03
TXO,38777673,55446407,13.86,2026-10-03
TYGO,38647301,76773711,0.8671,2026-10-03
TYRA,66946874,68755939,20.4300,2026-10-03
TZOO,6498128,10202337,5.21,2026-10-03
UA,303904845,429545541,4.5900,2026-10-03
UAA,303904845,429545541,4.71,2026-10-03
UAC,10459580,13853680,10.01,2026-10-03
UAMY,136877216,149669384,3.99,2026-10-03
UAVS,55419828,62905706,0.9570,2026-10-03
UBCP,4770684,5735518,14.79,2026-10-03
UCAR,1681467,1774937,4.15,2026-10-03
UCFI,1613634,52234983,5.510000,2026-10-03
UE,126124595,126244466,19.7000,2026-10-03
UEC,486585228,495584665,9.3000,2026-10-03
UEIC,11814112,12885062,5.6700,2026-10-03
UFI,14163947,18588837,6.5400,2026-10-03
UG,2947158,4594319,7.1300,2026-10-03
UGP,1069300044,1069387156,7.45,2026-10-03
UIS,64570351,72915955,2.2800,2026-10-03
UK,665449,677951,1.9500,2026-10-03
ULBI,16127003,16663269,6.5100,2026-10-03
ULCC,70145921,230215771,6.1900,2026-10-03
ULH,6983080,26367805,18.4600,2026-10-03
UMAC,47005655,49956505,22.3700,2026-10-03
UMH,76020516,85385600,15.4100,2026-10-03
UNB,3624253,4945868,23.0300,2026-10-03
UNCY,27225641,27855257,4.2200,2026-10-03
UNIT,238093077,242725135,8.0400,2026-10-03
UONE,1988839,4614964,3.98,2026-10-03
UP,31295855,36275841,3.5000,2026-10-03
UPB,41084875,54771041,5.0400,2026-10-03
UPBD,55908581,58299405,15.9100,2026-10-03
UPC,559871,5024390,4.5000,2026-10-03
UPLD,2032986,2957191,3.73,2026-10-03
UPST,84699527,97313046,22.8100,2026-10-03
UPWK,118320704,124903365,8.05,2026-10-03
UPXI,68955755,82102474,1.1700,2026-10-03
URG,370814474,397863720,1.05,2026-10-03
UROY,346749360,377210623,3.97,2026-10-03
USAR,248993857,375076567,13.5900,2026-10-03
USAS,276073301,337968787,4.4200,2026-10-03
USAU,13982744,16528663,14.4700,2026-10-03
USBC,18550334,388144429,0.5334,2026-10-03
USCB,12099135,18474470,22.55,2026-10-03
USDE,18582775,27187129,14.1500,2026-10-03
USEA,7173129,9538139,2.6650,2026-10-03
USGO,3092330,14035736,6.52,2026-10-03
USIO,18211535,28495414,2.93,2026-10-03
USNA,10914919,18476534,14.82,2026-10-03
UTI,53790872,55095231,19.38,2026-10-03
UTSI,3363156,9494110,2.2400,2026-10-03
UTZ,72193791,88613213,14.2700,2026-10-03
UUU,1382403,3028463,4.88,2026-10-03
UUUU,246558088,249965000,10.73,2026-10-03
UWMC,1582668424,1606515655,1.26,2026-10-03
UXIN,223341955,223341955,1.2750,2026-10-03
UYSC,2983381,5221060,11.00,2026-10-03
UZX,2638497,3336210,1.2600,2026-10-03
VAI,14557489,14557489,2.2400,2026-10-03
VALE,4255587329,4255762783,13.7600,2026-10-03
VALN,92531792,94823458,5.7400,2026-10-03
VANI,40238540,90203356,1.2300,2026-10-03
VATE,5119758,13641866,7.5000,2026-10-03
VBIO,1280073,1285625,2.5900,2026-10-03
VBNK,20391518,32419079,22.40,2026-10-03
VCIG,1115400,1266496,1.37,2026-10-03
VCRE,28152559,28152559,9.33,2026-10-03
VECA,9994812,12851250,10.05,2026-10-03
VEEA,1882414,3110708,3.3300,2026-10-03
VEEE,522117,574502,10.87,2026-10-03
VEL,24906396,39481457,14.5900,2026-10-03
VELO,18107502,32149118,11.20,2026-10-03
VENU,42201942,56210552,1.40,2026-10-03
VERI,90090989,101628127,0.7491,2026-10-03
VERU,15478492,17050320,2.5100,2026-10-03
VERX,74450317,162217980,12.01,2026-10-03
VET,151388984,152948362,11.6800,2026-10-03
VFC,389162848,393134570,14.33,2026-10-03
VFF,109232055,122286297,2.8400,2026-10-03
VFS,49649987,2339536010,3.0400,2026-10-03
VG,517074684,2500092851,13.1300,2026-10-03
VGAS,2739929,44549621,1.0900,2026-10-03
VGZ,140994003,145971346,2.6700,2026-10-03
VHC,3595740,4216633,10.4800,2026-10-03
VHCP,16333333,30666667,10.07,2026-10-03
VHI,2391432,28321193,14.8900,2026-10-03
VICI,1097432355,1101077562,22.6500,2026-10-03
VIDA,4753542,14582932,1.5900,2026-10-03
VII,20000000,31276667,9.8300,2026-10-03
VINP,27081747,65650983,9.4500,2026-10-03
VIOT,32371319,67321729,1.5600,2026-10-03
VIP,1158360,18429902,1.5200,2026-10-03
VIPS,473541748,475500000,12.3300,2026-10-03
VIR,147141262,169215958,11.17,2026-10-03
VIRC,13232952,15763815,6.5100,2026-10-03
VISN,221923029,230626412,6.2100,2026-10-03
VITL,35041743,42931522,9.0600,2026-10-03
VIV,1597690717,1597803176,11.54,2026-10-03
VIVO,21962530,31993555,3.3600,2026-10-03
VLN,102481286,108280056,1.9100,2026-10-03
VLOS,20573686,23481911,10.7500,2026-10-03
VLRS,93597724,114855290,6.4900,2026-10-03
VLY,546410794,552605226,12.8200,2026-10-03
VMD,32781497,38088228,9.13,2026-10-03
VMET,43034436,108829507,8.51,2026-10-03
VNCE,5457858,12944749,10.50,2026-10-03
VNDA,54821936,60462687,4.6300,2026-10-03
VNET,279698173,284828460,5.1300,2026-10-03
VNME,20000000,25000000,10.330000,2026-10-03
VNTG,10294510,30660890,0.638,2026-10-03
VOD,2314233948,2314296115,16.8200,2026-10-03
VOGX,6250000,14855087,18.23,2026-10-03
VOR,51184290,59162294,18.6900,2026-10-03
VOXR,61669551,69495284,5.0300,2026-10-03
VRA,20097059,28688664,5.11,2026-10-03
VRAX,1324085,1344988,2.20,2026-10-03
VRCA,8761760,17178786,4.38,2026-10-03
VRDN,112513033,113292269,19.4000,2026-10-03
VREX,41735640,42463446,18.4600,2026-10-03
VRM,4964011,5234356,9.0300,2026-10-03
VRRM,150365977,151982804,2.8100,2026-10-03
VRXA,40787935,141407813,1.1300,2026-10-03
VS,3067571,6212646,1.0850,2026-10-03
VSA,2792058,2792935,2.2100,2026-10-03
VSME,2741857,2750784,0.9300,2026-10-03
VSTM,85039153,90563441,7.70,2026-10-03
VSTS,110338536,132160105,14.03,2026-10-03
VTEX,40555285,165332133,3.6500,2026-10-03
VTIX,24409549,33971349,1.2000,2026-10-03
VTRS,1145132361,1148590864,17.6000,2026-10-03
VTS,31610705,42104317,16.87,2026-10-03
VTSI,10807766,11319624,2.79,2026-10-03
VUZI,66117710,84414230,2.9800,2026-10-03
VWAV,1599794,2375000,4.4800,2026-10-03
VYGR,52327473,61617948,2.4500,2026-10-03
VYX,136883118,138069898,6.7000,2026-10-03
VZLA,335016329,355056872,3.61,2026-10-03
WAFU,30531,4410559,1.4500,2026-10-03
WALD,51603928,127206117,0.8794,2026-10-03
WATR,26040000,34473333,1.90,2026-10-03
WATT,4981357,5527071,13.3400,2026-10-03
WAVE,6239664,6239664,5.84,2026-10-03
WAY,137664093,191748416,24.8100,2026-10-03
WB,144721016,245549858,6.3300,2026-10-03
WBTN,22938586,135711070,10.50,2026-10-03
WBUY,3674972,5481104,0.7837,2026-10-03
WBX,5900946,22069626,2.7500,2026-10-03
WCT,10181866,10581066,1.2900,2026-10-03
WDH,342543037,359301953,1.03,2026-10-03
WDS,1901013488,1901100143,21.7900,2026-10-03
WEAV,68143917,80450446,7.37,2026-10-03
WEN,173074711,190669930,6.1200,2026-10-03
WENC,13446250,16049583,10.0100,2026-10-03
WENN,30015000,37518750,10.42,2026-10-03
WEST,36916169,97627387,8.1400,2026-10-03
WETH,12575115,13381534,1.0000,2026-10-03
WETO,1061501,1077801,1.08,2026-10-03
WFCF,2327500,4979663,12.7300,2026-10-03
WFF,38479270,41919934,2.4050,2026-10-03
WHF,16662675,21476471,6.9800,2026-10-03
WHG,7319905,9543152,19.6100,2026-10-03
WHWK,45877909,57009010,3.7000,2026-10-03
WIMI,15296848,18385054,0.7689,2026-10-03
WIT,9892434061,9893417445,1.72,2026-10-03
WKEY,11968464,11992464,6.09,2026-10-03
WKHS,2603369,10928585,2.9700,2026-10-03
WLCO,28749998,28750000,9.90,2026-10-03
WLDS,2453363,2459741,1.39,2026-10-03
WLTH,134627151,156176440,10.0300,2026-10-03
WNC,38643053,40737173,14.04,2026-10-03
WNEB,17523410,20045872,13.93,2026-10-03
WNW,26195398,26330471,2.3850,2026-10-03
WOK,4416563,4467578,1.7100,2026-10-03
WOOF,93955723,324210138,2.1900,2026-10-03
WPAC,11833125,15666458,10.090000,2026-10-03
WPP,215760472,215760472,24.6700,2026-10-03
WPRT,17036918,18995734,1.8800,2026-10-03
WRAP,45640236,61776482,1.4700,2026-10-03
WRD,282112959,328956121,5.0250,2026-10-03
WRN,196810375,225838652,2.1800,2026-10-03
WSBF,14584426,17977028,19.94,2026-10-03
WSBK,3782947,9295376,12.91,2026-10-03
WSC,176437504,181190958,17.30,2026-10-03
WSE,792184902,1218581043,11.4350,2026-10-03
WSHP,2195802,24217133,4.9700,2026-10-03
WSTN,5778916,7908613,10.150000,2026-10-03
WT,137169303,151512111,24.3800,2026-10-03
WTF,6348268,48237472,2.50,2026-10-03
WTG,5647237,7303575,10.6400,2026-10-03
WTI,96228134,150942952,3.5600,2026-10-03
WTTR,119253747,138480833,19.95,2026-10-03
WU,308934079,311878981,6.0000,2026-10-03
WULF,383723287,498968677,15.4900,2026-10-03
WVE,166495308,197048175,3.78,2026-10-03
WVVI,4064451,4979529,1.97,2026-10-03
WW,9165820,9998760,14.74,2026-10-03
WWR,121655937,128564833,0.5089,2026-10-03
WWW,80888730,82066339,19.2000,2026-10-03
WXM,2587589,3137589,3.76,2026-10-03
WY,715306895,720736000,18.4700,2026-10-03
WYFI,11320182,38848118,17.93,2026-10-03
WYHG,12581166,12581166,3.6900,2026-10-03
WYY,8824389,9998255,7.56,2026-10-03
XAIR,873919,984407,2.82,2026-10-03
XBIO,1975362,2343181,2.2400,2026-10-03
XBIT,23070876,30487731,2.1900,2026-10-03
XBP,7732656,11881339,3.1650,2026-10-03
XCBE,16875000,28125000,10.02,2026-10-03
XCH,4164201,4426435,3.1800,2026-10-03
XCUR,3830858,6545995,1.1500,2026-10-03
XE,262942168,406366108,14.3800,2026-10-03
XELB,4302239,6560274,0.6570,2026-10-03
XERS,176293364,182320306,9.0800,2026-10-03
XFLH,13888303,13888303,10.08,2026-10-03
XFOR,90712678,99146743,2.8300,2026-10-03
XGN,14773985,24225339,8.1700,2026-10-03
XHG,46604621,51547926,1.8600,2026-10-03
XHR,91571956,92245835,18.20,2026-10-03
XIFR,91183518,94272795,10.39,2026-10-03
XIII,41750000,55550000,10.3100,2026-10-03
XLAB,27899905,41200000,1.4000,2026-10-03
XLO,3855213,6580153,9.0100,2026-10-03
XMAX,64091570,64523426,8.5900,2026-10-03
XNCR,73437137,74353397,24.8400,2026-10-03
XNDU,283382113,304393300,4.3000,2026-10-03
XNET,49224432,63740450,4.7100,2026-10-03
XOS,4773711,14217852,3.30,2026-10-03
XP,494954022,518567124,21.50,2026-10-03
XPER,46611500,48771822,5.4300,2026-10-03
XPEV,744452343,959339555,9.2500,2026-10-03
XPL,78059432,94684463,0.5730,2026-10-03
XPOF,34013944,49324000,4.7000,2026-10-03
XPON,635268,1012498,4.2000,2026-10-03
XPRO,110467972,112349149,16.3000,2026-10-03
XRAY,198065632,199353876,8.6700,2026-10-03
XRTX,1788731,1816565,1.7142,2026-10-03
XRX,109576377,131314511,3.02,2026-10-03
XSLL,20873579,27680041,10.01,2026-10-03
XTER,27316667,27316667,9.8000,2026-10-03
XTIA,33887337,38477789,0.7700,2026-10-03
XTLB,1455764,2365609,2.16,2026-10-03
XTND,11564049,20230403,3.3000,2026-10-03
XWEL,6260458,8589266,0.8379,2026-10-03
XXI,128033469,562372222,6.60,2026-10-03
XYF,33132008,36933378,4.9400,2026-10-03
XZO,11549035,90085918,14.4000,2026-10-03
YAAS,6722207,15714637,1.16,2026-10-03
YALA,83427170,151828987,5.3200,2026-10-03
YARW,8575313,9437693,22.2700,2026-10-03
YB,31176858,46080201,12.9400,2026-10-03
YCY,14735250,14735250,10.26,2026-10-03
YDDL,13079600,54300000,1.4300,2026-10-03
YDES,14050139,70842844,8.1100,2026-10-03
YDKG,5472161,5542262,0.93,2026-10-03
YELP,50663138,54263621,18.26,2026-10-03
YEXT,82579467,98978704,6.51,2026-10-03
YFOR,7679335,7836734,1.4600,2026-10-03
YHC,1271252,1303857,1.28,2026-10-03
YHGJ,669491,2609244,2.7850,2026-10-03
YHNA,2453661,4285821,11.210000,2026-10-03
YI,8362435,8796963,3.2200,2026-10-03
YIBO,15155221,59234221,1.0500,2026-10-03
YICC,23000000,38333333,9.925000,2026-10-03
YJ,1502184,4925540,1.62,2026-10-03
YMAT,1234530,4010104,1.4450,2026-10-03
YMM,917510645,1037544329,8.17,2026-10-03
YMT,23200,476572,1.1200,2026-10-03
YQ,6029087,10855688,3.52,2026-10-03
YRD,87488461,87488461,0.9571,2026-10-03
YSG,63771905,93800549,2.6400,2026-10-03
YSS,124819030,137357605,8.98,2026-10-03
YSWY,29954561,63194746,20.53,2026-10-03
YSXT,13412682,31882500,1.232,2026-10-03
YTRA,52505516,63990178,0.8820,2026-10-03
YXT,3061009,6610266,2.1400,2026-10-03
ZCMD,3083001,4436738,1.8500,2026-10-03
ZDAI,6880139,8388473,1.5784,2026-10-03
ZDGE,10030570,13068631,3.0000,2026-10-03
ZENA,54987130,88884193,1.3300,2026-10-03
ZEPP,12780767,14664981,3.82,2026-10-03
ZGN,79980290,268889388,12.5200,2026-10-03
ZH,78768144,86988978,3.39,2026-10-03
ZIP,65570669,82226163,3.5500,2026-10-03
ZJK,15448061,64322249,1.85,2026-10-03
ZJYL,64843977,78432485,1.9400,2026-10-03
ZKH,122962370,157770135,2.74,2026-10-03
ZKIN,59692897,60712308,1.8010,2026-10-03
ZKP,29075000,39093333,10.0400,2026-10-03
ZLAB,107942383,112266228,24.3300,2026-10-03
ZNB,4549151,4550126,1.54,2026-10-03
ZNTL,72458436,94671914,2.5200,2026-10-03
ZOOZ,6930605,8009608,7.60,2026-10-03
ZSQR,52134050,53000397,3.9700,2026-10-03
ZSTK,10699568,21820527,4.8600,2026-10-03
ZTG,15293207,24087179,0.9722,2026-10-03
ZTO,493566680,763430906,19.5000,2026-10-03
ZUMZ,11403243,15330613,13.2900,2026-10-03
ZURA,77244810,95829137,4.1100,2026-10-03
ZVIA,66520300,77345401,1.21,2026-10-03
ZVRA,58551288,59383781,9.9900,2026-10-03
ZYBT,9192564,29725000,1.24,2026-10-03
